"","p_val","avg_log2FC","pct.1","pct.2","p_val_adj","gene","neg_log10_pval","Significance"
"NEAT1",0,-1.32081222529624,0.977,0.996,1e-300,"NEAT1",300,"Sig Down"
"MALAT1",1.16147805327247e-220,-0.533025582338288,0.999,1,2.90102373365864e-216,"MALAT1",215.537448718162,"Sig Down"
"PCDH9",6.80322054815262e-158,0.598410087859584,0.994,0.969,1.69924039631208e-153,"PCDH9",152.769745175924,"Sig Up"
"ARL17B",1.04391366669049e-140,3.31621468553083,0.328,0.042,2.60738316529283e-136,"ARL17B",135.583795142846,"Sig Up"
"IL1RAPL1",1.79104838485897e-122,2.2584036439746,0.46,0.167,4.47350155086224e-118,"IL1RAPL1",117.349352407761,"Sig Up"
"PLP1",1.3308096900177e-117,2.81148613658601,0.32,0.059,3.3239633627572e-113,"PLP1",112.478343771723,"Sig Up"
"ST18",3.30471574676802e-113,2.52515398021102,0.34,0.078,8.25418852070249e-109,"ST18",108.083325616321,"Sig Up"
"NKAIN2",9.55658906295478e-107,1.89088069793062,0.433,0.162,2.38694925025422e-102,"NKAIN2",101.622156814579,"Sig Up"
"CTNNA3",6.38537052559017e-98,2.05828549275117,0.397,0.144,1.59487399617666e-93,"CTNNA3",92.7972736229057,"Sig Up"
"SLC24A2",2.00332888419658e-88,2.61441228980728,0.28,0.065,5.00371455405779e-84,"SLC24A2",83.3007074733858,"Sig Up"
"PTPRD",2.68058876871772e-88,1.91391456642569,0.389,0.151,6.69530656762625e-84,"PTPRD",83.174229532531,"Sig Up"
"EGFL7",3.8621427093332e-88,-1.39806181151418,0.119,0.34,9.64647384510153e-84,"EGFL7",83.0156314088812,"Sig Down"
"ANK3",2.20719917887414e-85,2.62968373033801,0.257,0.052,5.51292138907394e-81,"ANK3",80.2586182002533,"Sig Up"
"HSPH1",2.41726515541722e-83,-2.30161572210784,0.092,0.278,6.03760317868558e-79,"HSPH1",78.2191354343686,"Sig Down"
"SLC1A2",4.86639597148103e-82,0.995920506177688,0.885,0.828,1.21547972179682e-77,"SLC1A2",76.9152522822219,"Sig Up"
"MBP",3.02642154460254e-77,2.12475088387608,0.29,0.085,7.55909309195375e-73,"MBP",72.1215303061901,"Sig Up"
"PEX5L",4.579466421475e-74,2.04950902420606,0.295,0.093,1.14381332809181e-69,"PEX5L",68.9416448472167,"Sig Up"
"NCKAP5",3.11198301404986e-68,0.905668133711083,0.639,0.454,7.77279997419233e-64,"NCKAP5",63.1094225083169,"Sig Up"
"MOBP",8.1849644947444e-68,2.89611575411899,0.193,0.032,2.04435858185231e-63,"MOBP",62.6894429263155,"Sig Up"
"AC026316.5",1.44867735206242e-65,2.48387103629449,0.214,0.047,3.61836142224629e-61,"AC026316.5",60.4414880555393,"Sig Up"
"SHTN1",8.81507950483071e-65,2.27351848106329,0.242,0.067,2.20174240792157e-60,"SHTN1",59.6572334925224,"Sig Up"
"SLC44A1",1.26738915235029e-63,1.40078804653642,0.448,0.248,3.16555788582532e-59,"SLC44A1",58.4995497405015,"Sig Up"
"DOCK10",1.81124844243961e-63,2.08331631044914,0.247,0.072,4.52395523468141e-59,"DOCK10",58.3444817011442,"Sig Up"
"TTLL7",4.73726767355812e-62,2.18093841797777,0.253,0.08,1.18322734682461e-57,"TTLL7",56.9269318014539,"Sig Up"
"SLC7A11",4.59839270961005e-61,-1.32177520388266,0.528,0.643,1.1485405470793e-56,"SLC7A11",55.9398536682426,"Sig Down"
"ADAMTS9-AS2",1.99740256567675e-60,-1.04948412556348,0.248,0.448,4.98891238829081e-56,"ADAMTS9-AS2",55.3019941227627,"Sig Down"
"NRXN3",2.00193136505192e-60,1.9941120672804,0.272,0.094,5.00022397049017e-56,"NRXN3",55.3010105422701,"Sig Up"
"FLT1",2.17910702654936e-60,-1.11377693520779,0.155,0.343,5.44275562021234e-56,"FLT1",55.2641811650722,"Sig Down"
"MAN2A1",2.26559974384746e-60,1.3970200859883,0.476,0.282,5.65878848020779e-56,"MAN2A1",55.2472765392499,"Sig Up"
"KIRREL3",6.15963822806603e-60,2.62890172473448,0.181,0.033,1.53849284022405e-55,"KIRREL3",54.812904520514,"Sig Up"
"HSPB1",1.05957129832816e-58,-1.12411949990248,0.232,0.43,2.64649123183424e-54,"HSPB1",53.5773295405438,"Sig Down"
"ADAMTS9",5.00098312100341e-57,-1.73059473262491,0.142,0.312,1.24909555413302e-52,"ADAMTS9",51.9034043374102,"Sig Down"
"ZNF536",1.54703404589236e-54,2.02910498763707,0.2,0.051,3.86402693642534e-50,"ZNF536",49.4129598547462,"Sig Up"
"PRUNE2",2.0103473015409e-54,1.81783640307727,0.256,0.091,5.02124445505871e-50,"PRUNE2",49.2991886348498,"Sig Up"
"EDIL3",7.81107499663584e-54,1.77822938892086,0.254,0.091,1.95097220190973e-49,"EDIL3",48.7097489185313,"Sig Up"
"PARD3",1.30674651421623e-53,-0.490549034629002,0.847,0.897,3.26386076855787e-49,"PARD3",48.4862683758792,"Sig Down"
"TMEFF2",3.26507875851398e-53,3.03840538267628,0.153,0.025,8.15518721514038e-49,"TMEFF2",48.0885660645968,"Sig Up"
"AC012593.1",1.45483119933646e-52,1.83316403644836,0.216,0.064,3.63373188658267e-48,"AC012593.1",47.4396471200861,"Sig Up"
"ATP8A1",1.54449588271001e-52,1.26430566366908,0.375,0.192,3.8576873662448e-48,"ATP8A1",47.4136729712531,"Sig Up"
"FRMD4B",1.74016156077481e-52,2.06924441954056,0.203,0.056,4.34640153034725e-48,"FRMD4B",47.3618701550613,"Sig Up"
"MAGI2",1.84645082117333e-52,0.388398166422558,0.937,0.873,4.61188021604461e-48,"MAGI2",47.3361219811229,"Sig Up"
"RFX3-AS1",6.87280219971927e-52,1.29672628147746,0.343,0.161,1.71661980542388e-47,"RFX3-AS1",46.7653258811291,"Sig Up"
"ANGPTL4",1.07127478726836e-51,-1.93548150327787,0.088,0.225,2.67572303616018e-47,"ANGPTL4",46.5725588423588,"Sig Down"
"KLHL32",1.51338870652425e-51,1.26658870481172,0.36,0.176,3.77999097228561e-47,"KLHL32",46.4225092373827,"Sig Up"
"SPOCK3",1.74252676563202e-51,1.73194542170804,0.246,0.087,4.35230910251911e-47,"SPOCK3",46.3612802684681,"Sig Up"
"MRPS6",3.7508193471722e-51,-1.34678335245557,0.173,0.333,9.36842148343199e-47,"MRPS6",46.0283335786732,"Sig Down"
"AC125613.1",1.90359327879515e-49,2.21383350620241,0.175,0.042,4.75460493244665e-45,"AC125613.1",44.3228855634345,"Sig Up"
"BAG3",2.84518268575422e-49,-1.74441882155144,0.088,0.223,7.10641279420831e-45,"BAG3",44.1483495690054,"Sig Down"
"CNTNAP4",3.47952577022117e-49,3.05246969465162,0.138,0.021,8.69081151628141e-45,"CNTNAP4",44.0609396688232,"Sig Up"
"AC091826.2",4.78425923777542e-48,1.49941452475778,0.266,0.107,1.19496442981917e-43,"AC091826.2",42.922645022049,"Sig Up"
"NPAS2",2.83169471028986e-47,-0.883805587474399,0.348,0.514,7.07272387789097e-43,"NPAS2",42.1504132966255,"Sig Down"
"MARCH1",5.42132784667555e-47,1.65672391020193,0.234,0.085,1.35408505626415e-42,"MARCH1",41.868354054775,"Sig Up"
"SH3GL3",8.26224267091182e-47,2.34113041814649,0.161,0.036,2.06366035191364e-42,"SH3GL3",41.6853617796358,"Sig Up"
"C1orf61",4.7173999148706e-46,0.993008786850869,0.423,0.244,1.17826497673723e-41,"C1orf61",40.9287570312857,"Sig Up"
"HSPA1B",6.76293089375386e-46,-1.83024252651897,0.06,0.176,1.6891772493329e-41,"HSPA1B",40.7723247764987,"Sig Down"
"DNAJB1",1.99526279279848e-45,-1.69388405042365,0.075,0.198,4.98356787757275e-41,"DNAJB1",40.3024596221518,"Sig Down"
"SORBS1",2.56367321602105e-45,-0.469210706491532,0.901,0.933,6.40328659165578e-41,"SORBS1",40.1935970600391,"Sig Down"
"CARNS1",4.24316613605696e-45,3.38932099166596,0.116,0.013,1.05981560580295e-40,"CARNS1",39.9747696897809,"Sig Up"
"BACE2",8.26089264853107e-45,-1.83659896353275,0.062,0.177,2.0633231568236e-40,"BACE2",39.6854327476767,"Sig Down"
"TF",1.247654819966e-44,1.81273373628317,0.182,0.051,3.11626744382908e-40,"TF",39.5063652774452,"Sig Up"
"PTGES3",3.23013603037436e-44,-1.23560080510103,0.181,0.328,8.06791076306603e-40,"PTGES3",39.0932389140441,"Sig Down"
"ACSS1",3.43641947434345e-44,1.00049820303339,0.496,0.33,8.58314492106763e-40,"ACSS1",39.0663535546208,"Sig Up"
"PLEKHH1",6.60999175361316e-44,2.14489573346238,0.162,0.04,1.65097764029996e-39,"PLEKHH1",38.7822588084817,"Sig Up"
"GLIS3",8.84499035692112e-44,-0.585831465259232,0.807,0.871,2.20921324144819e-39,"GLIS3",38.6557623623927,"Sig Down"
"ENPP2",1.93294875574157e-43,1.87775822461017,0.161,0.04,4.82792610721571e-39,"ENPP2",38.3162393855246,"Sig Up"
"HDAC2-AS2",7.25887033687496e-43,1.80794132840474,0.202,0.069,1.81304804404126e-38,"HDAC2-AS2",37.7415906873631,"Sig Up"
"QDPR",3.19104895523044e-42,2.021284394587,0.173,0.05,7.97028297547908e-38,"QDPR",37.0985262592178,"Sig Up"
"NTM",6.54585741826648e-42,0.361870590661019,0.939,0.901,1.63495880736042e-37,"NTM",36.7864931848761,"Sig Up"
"ELMO1",6.96474115083591e-42,1.4277308825732,0.314,0.164,1.73958339724428e-37,"ELMO1",36.7595547459363,"Sig Up"
"C10orf90",7.50570380595246e-42,1.69653305225307,0.213,0.078,1.87469963961275e-37,"C10orf90",36.7270683041005,"Sig Up"
"SAMD4A",1.10278334518709e-41,-0.616571699702021,0.525,0.677,2.75442196127381e-37,"SAMD4A",36.5599695276175,"Sig Down"
"DNAJC6",2.20981056814523e-41,1.31714629546531,0.269,0.119,5.51944385605633e-37,"DNAJC6",36.2581046799545,"Sig Up"
"LINC00609",9.60961966049734e-41,1.10517435301883,0.4,0.231,2.40019470260242e-36,"LINC00609",35.6197535271067,"Sig Up"
"RNF220",2.32577466994284e-40,1.15918657105201,0.417,0.263,5.80908739311624e-36,"RNF220",35.2358920898583,"Sig Up"
"SLCO4A1",6.77620847571498e-40,-1.3669147980508,0.05,0.154,1.69249359097933e-35,"SLCO4A1",34.7714729671968,"Sig Down"
"KCNH8",6.96288337646224e-40,2.14201978250722,0.138,0.03,1.73911938093897e-35,"KCNH8",34.7596706050568,"Sig Up"
"LINC00499",1.1578613467963e-39,0.931665022989334,0.443,0.282,2.89199028589312e-35,"LINC00499",34.5388031701569,"Sig Up"
"TMEM144",1.03691601585574e-38,1.28732574174083,0.271,0.128,2.58990513280289e-34,"TMEM144",33.5867161436619,"Sig Up"
"HSPA1A",1.18879170088818e-38,-1.4601966983381,0.092,0.211,2.96924503130842e-34,"HSPA1A",33.5273539615976,"Sig Down"
"SRCIN1",1.6766221819129e-38,2.11703198658648,0.129,0.027,4.18769922376385e-34,"SRCIN1",33.3780245185287,"Sig Up"
"LPAR1",4.08223755424504e-38,1.9297067762697,0.148,0.039,1.01962047392378e-33,"LPAR1",32.9915614525056,"Sig Up"
"BCAS1",7.03552921665e-38,2.42866062461171,0.112,0.018,1.75726413244267e-33,"BCAS1",32.7551629552714,"Sig Up"
"UGT8",1.62792931715101e-37,2.4440337279587,0.118,0.022,4.06607905544809e-33,"UGT8",32.39082418177,"Sig Up"
"AC025159.1",1.64268103844692e-37,1.78354071021727,0.166,0.051,4.10292442972888e-33,"AC025159.1",32.3869064820713,"Sig Up"
"AK5",2.03519172582627e-37,2.30297984861265,0.123,0.025,5.08329837359628e-33,"AK5",32.2938543978316,"Sig Up"
"RNF152",2.34629261276622e-37,-1.72139613700731,0.07,0.177,5.86033505890619e-33,"RNF152",32.2320775529112,"Sig Down"
"ALDH1A1",3.69794321952987e-37,1.44710218864988,0.23,0.097,9.23635277941976e-33,"ALDH1A1",32.0344994877049,"Sig Up"
"DGKB",4.34028036291641e-37,-1.04089815340446,0.125,0.255,1.08407182624563e-32,"DGKB",31.9649419422361,"Sig Down"
"AC104596.1",7.52377390859626e-37,1.076306245615,0.289,0.143,1.87921300915009e-32,"AC104596.1",31.7260239897476,"Sig Up"
"MMD2",2.26974473042508e-36,0.767655233822106,0.473,0.307,5.66914141318271e-32,"MMD2",31.24648270967,"Sig Up"
"NRXN1",2.75098683874418e-36,0.418373495952943,0.887,0.823,6.87113982713133e-32,"NRXN1",31.1629712135121,"Sig Up"
"AC016831.7",5.57321485966062e-36,-0.403584090860272,0.781,0.838,1.39202187549743e-31,"AC016831.7",30.8563539397735,"Sig Down"
"CNTN2",1.33147583648574e-35,1.9487125173846,0.135,0.034,3.32562719679043e-31,"CNTN2",30.4781264368517,"Sig Up"
"CLDN5",1.41072003963077e-35,-1.03134127796416,0.109,0.232,3.52355544298578e-31,"CLDN5",30.4530188905089,"Sig Down"
"DLG2",1.50751715120578e-35,0.495907804597931,0.776,0.696,3.76532558856669e-31,"DLG2",30.4241974642962,"Sig Up"
"MYOF",1.67678259628145e-35,-2.01193614365242,0.035,0.118,4.18809989073218e-31,"MYOF",30.3779829684745,"Sig Down"
"PLD1",2.09461553834507e-35,2.04166407025266,0.127,0.029,5.23172123012448e-31,"PLD1",30.2813554052503,"Sig Up"
"AC138627.1",3.47909540542962e-35,1.44246354840041,0.22,0.093,8.68973659414155e-31,"AC138627.1",30.0609933878142,"Sig Up"
"PARD6G-AS1",4.69738780441626e-35,-1.86428804824244,0.032,0.113,1.17326655190905e-30,"PARD6G-AS1",29.9306033102439,"Sig Down"
"PALM2",1.69253842487546e-34,2.11102135038648,0.122,0.027,4.22745322381142e-30,"PALM2",29.3739211891124,"Sig Up"
"HIF1A-AS2",1.75541717249646e-34,-2.12126831231759,0.042,0.127,4.3845054717444e-30,"HIF1A-AS2",29.3580793835988,"Sig Down"
"PLXDC2",1.80579578458537e-34,0.798743633139839,0.427,0.269,4.51033613115887e-30,"PLXDC2",29.3457910912777,"Sig Up"
"SLC7A5",1.8440490950939e-34,-1.18984389371114,0.099,0.214,4.60588142481602e-30,"SLC7A5",29.3366872468344,"Sig Down"
"ISYNA1",1.85351841842715e-34,-1.28116213999702,0.074,0.179,4.62953295370549e-30,"ISYNA1",29.3344628201828,"Sig Down"
"SLC5A11",2.89437258281378e-34,1.97400736171601,0.134,0.035,7.22927440009399e-30,"SLC5A11",29.1409052905131,"Sig Up"
"NTRK2",1.5153164752865e-33,0.45594986614497,0.829,0.749,3.78480596032309e-29,"NTRK2",28.4219563810308,"Sig Up"
"NXN",1.57984918584172e-33,-1.04083098526274,0.159,0.29,3.94598931147686e-29,"NXN",28.4038440954581,"Sig Down"
"SLC39A14",4.86315439711211e-33,-1.94639443340724,0.04,0.123,1.21467007376669e-28,"SLC39A14",27.9155416682387,"Sig Down"
"TRIO",7.14677026032213e-33,-0.62471280317923,0.533,0.637,1.78504880792066e-28,"TRIO",27.7483499046382,"Sig Down"
"PFKP",7.59723263496737e-33,-1.15404517955929,0.181,0.307,1.8975607952358e-28,"PFKP",27.7218043010122,"Sig Down"
"PTH1R",1.05030090816894e-32,-0.779614419768368,0.162,0.299,2.62333657833356e-28,"PTH1R",27.5811459851491,"Sig Down"
"HHIP",1.97388254280686e-32,2.33273291542696,0.101,0.018,4.93016642716869e-28,"HHIP",27.307138420037,"Sig Up"
"LINC02340",4.12827798485423e-32,1.68237620333033,0.145,0.045,1.03111999227704e-27,"LINC02340",26.9866907925715,"Sig Up"
"CNTNAP2",6.25185490643334e-32,1.70458122899112,0.179,0.069,1.56152579997985e-27,"CNTNAP2",26.8064508358358,"Sig Up"
"CERCAM",6.46261726886003e-32,1.6520029224006,0.149,0.048,1.61416791524317e-27,"CERCAM",26.7920512893969,"Sig Up"
"ANO4",1.46917229190737e-31,1.80390335986817,0.121,0.03,3.66955163349704e-27,"ANO4",26.4353869970541,"Sig Up"
"AC092691.1",1.93066679915062e-31,-0.532469647207416,0.843,0.864,4.82222646423849e-27,"AC092691.1",26.3167523978865,"Sig Down"
"NAALADL2",2.18332850507603e-31,0.735428495676459,0.463,0.316,5.4532996071284e-27,"NAALADL2",26.2633406412921,"Sig Up"
"PIEZO2",2.23204959222394e-31,2.16258414687549,0.113,0.026,5.57499026649774e-27,"PIEZO2",26.2537558865237,"Sig Up"
"AC087564.1",2.25610702876283e-31,0.800159306990541,0.387,0.236,5.63507852574091e-27,"AC087564.1",26.2491000276111,"Sig Up"
"SLAIN1",2.53699256972484e-31,1.37586448434981,0.222,0.103,6.33664634140173e-27,"SLAIN1",26.1981405308839,"Sig Up"
"FA2H",3.43687286717797e-31,2.05562497407865,0.102,0.02,8.58427736035042e-27,"FA2H",26.0662962586419,"Sig Up"
"SLCO1A2",3.80676533434002e-31,1.95041890057905,0.131,0.037,9.50815777558106e-27,"SLCO1A2",26.0219036203288,"Sig Up"
"AL589740.1",5.46206066116014e-31,0.375723801666153,0.736,0.589,1.36425889133797e-26,"AL589740.1",25.8651032070911,"Sig Up"
"HSPA4L",7.18311469338405e-31,-1.71057371311369,0.067,0.159,1.79412655696653e-26,"HSPA4L",25.7461469252531,"Sig Down"
"AC108866.1",8.96050475224636e-31,0.944834353981053,0.306,0.169,2.23806527196857e-26,"AC108866.1",25.6501272516582,"Sig Up"
"NAMPT",3.9263407826108e-30,-1.92937036056799,0.062,0.15,9.80682137272701e-26,"NAMPT",25.0084717351257,"Sig Down"
"ENOX1",6.47071368576581e-30,0.872633330742686,0.359,0.219,1.61619015729373e-25,"ENOX1",24.7915075424446,"Sig Up"
"GRK5",6.4813359668414e-30,-1.31976061927571,0.092,0.193,1.61884328443798e-25,"GRK5",24.7907951920114,"Sig Down"
"FAM107B",6.59339525878588e-30,1.65991921504369,0.144,0.048,1.64683233378695e-25,"FAM107B",24.7833506146844,"Sig Up"
"NLGN1",9.77677561727947e-30,1.30051176615822,0.221,0.103,2.44194524592789e-25,"NLGN1",24.6122640781708,"Sig Up"
"FLI1",1.14757140993828e-29,-1.26135400135217,0.071,0.165,2.86628911060284e-25,"FLI1",24.54268000626,"Sig Down"
"FRMD5",1.19501955399005e-29,0.705689133109855,0.528,0.399,2.98480034000095e-25,"FRMD5",24.5250847144964,"Sig Up"
"UNC5C",1.38832132538179e-29,0.914520374841261,0.415,0.283,3.4676101744061e-25,"UNC5C",24.4599697314439,"Sig Up"
"LRRC7",1.69875782165483e-29,1.87343599768972,0.115,0.03,4.24298741114726e-25,"LRRC7",24.3723282567739,"Sig Up"
"AL022068.1",2.04544531430114e-29,1.25349338909579,0.224,0.107,5.10890876152996e-25,"AL022068.1",24.2916718531834,"Sig Up"
"TMTC1",2.62403490735725e-29,-0.869784415339365,0.245,0.371,6.55405198810619e-25,"TMTC1",24.1834901180256,"Sig Down"
"DOCK5",2.8609341196672e-29,0.912802132981233,0.366,0.235,7.14575515069277e-25,"DOCK5",24.1459518689795,"Sig Up"
"LRP2",3.063562064097e-29,2.03137512363642,0.106,0.025,7.65185896749508e-25,"LRP2",24.1162330431146,"Sig Up"
"AEBP1",3.74095350009535e-29,-1.06017198311207,0.167,0.284,9.34377955718816e-25,"AEBP1",24.0294774161891,"Sig Down"
"PCBP3",4.21007945002165e-29,-1.52521668884438,0.083,0.178,1.05155154423191e-24,"PCBP3",23.978169434507,"Sig Down"
"CALN1",8.38345422000215e-29,1.45504840067928,0.173,0.069,2.09393536052994e-24,"CALN1",23.6790367290557,"Sig Up"
"PDE1A",1.21853314097953e-28,1.79649788863753,0.123,0.036,3.04353022622456e-24,"PDE1A",23.5166223807789,"Sig Up"
"RBPMS",1.2519648453528e-28,-0.91971853883496,0.175,0.296,3.12703259423768e-24,"RBPMS",23.5048675919186,"Sig Down"
"AC092957.1",1.26271291941838e-28,-1.46632637039254,0.046,0.125,3.15387805883129e-24,"AC092957.1",23.5011551021931,"Sig Down"
"MECOM",1.36138413000017e-28,-0.771066844472459,0.108,0.218,3.40032914150142e-24,"MECOM",23.4684790425403,"Sig Down"
"CNN3",2.18977176676758e-28,-0.74925766527618,0.266,0.396,5.46939294185537e-24,"CNN3",23.2620608741479,"Sig Down"
"LRRC37A3",2.19649791464523e-28,0.826235519937551,0.321,0.186,5.48619284140938e-24,"LRRC37A3",23.2607289308751,"Sig Up"
"SEPT9",2.56208581860022e-28,-1.16136925835841,0.108,0.211,6.39932174911778e-24,"SEPT9",23.1938660535513,"Sig Down"
"ATP10B",3.7945633416108e-28,1.29521026902337,0.186,0.08,9.47768085834129e-24,"ATP10B",23.0232979193753,"Sig Up"
"COL4A1",4.31425479103285e-28,-1.72730032067206,0.042,0.118,1.07757141915628e-23,"COL4A1",22.9675539360929,"Sig Down"
"NEBL",4.40868927236499e-28,-0.335418727762542,0.887,0.912,1.1011583195586e-23,"NEBL",22.9581502356444,"Sig Down"
"LINC02062",6.51690744229837e-28,1.15796450307608,0.227,0.111,1.62772797186286e-23,"LINC02062",22.7884181732737,"Sig Up"
"DNAJB6",1.26696253592571e-27,-1.01987549719736,0.161,0.273,3.16449232598164e-23,"DNAJB6",22.4996959531694,"Sig Down"
"ZNF516",1.80682728155009e-27,-0.857649127157279,0.265,0.383,4.51291250112765e-23,"ZNF516",22.3455430867426,"Sig Down"
"AATK",2.07634853251655e-27,1.42356591481302,0.146,0.052,5.18609572966659e-23,"AATK",22.2851594708906,"Sig Up"
"ATP10A",2.43934867325559e-27,-0.951413333340138,0.1,0.203,6.09276118119049e-23,"ATP10A",22.2151858446433,"Sig Down"
"CD22",2.64753390338371e-27,2.02423675286713,0.103,0.026,6.6127454304815e-23,"CD22",22.1796181959207,"Sig Up"
"STIP1",8.73910448808145e-27,-1.34309799079361,0.072,0.16,2.1827661279881e-22,"STIP1",21.660992794188,"Sig Down"
"FGFR3",1.1068567545931e-26,0.721174500486961,0.43,0.296,2.76459611594718e-22,"FGFR3",21.5583683064668,"Sig Up"
"KIF6",1.32023836036505e-26,1.32548491831724,0.148,0.055,3.29755935268378e-22,"KIF6",21.4818073788563,"Sig Up"
"TMEM165",1.62795594695635e-26,0.998823122198356,0.312,0.19,4.06614556871287e-22,"TMEM165",21.3908170776023,"Sig Up"
"KANSL1",1.86265281361424e-26,0.586335428610181,0.545,0.421,4.65234793256429e-22,"KANSL1",21.3323278133885,"Sig Up"
"EBF1",2.40204982931292e-26,-0.757478566482539,0.144,0.257,5.99959985867487e-22,"EBF1",21.2218777137771,"Sig Down"
"TAPT1-AS1",2.52308439611269e-26,0.674931823935287,0.438,0.296,6.30190789617066e-22,"TAPT1-AS1",21.2005279484291,"Sig Up"
"AC053527.1",2.92648547020786e-26,0.95386230702964,0.243,0.125,7.30948275893817e-22,"AC053527.1",21.1361133539432,"Sig Up"
"KCNE4",3.31337010743517e-26,-1.41655310128115,0.058,0.139,8.27580451734083e-22,"KCNE4",21.0821897763488,"Sig Down"
"NALCN",4.07662843008779e-26,0.870948797946661,0.295,0.169,1.01821948298303e-21,"NALCN",20.9921585972701,"Sig Up"
"CHKA",4.66393991237753e-26,0.737463801476571,0.401,0.268,1.16491227191454e-21,"CHKA",20.9337067795805,"Sig Up"
"CIRBP",4.77276397671478e-26,0.862528869915954,0.316,0.189,1.19209325846405e-21,"CIRBP",20.923689768042,"Sig Up"
"PRICKLE2",5.05926823257476e-26,-0.643357009453543,0.294,0.417,1.2636534264502e-21,"PRICKLE2",20.8983720206887,"Sig Down"
"TRIM2",6.29880269741803e-26,0.736852288948003,0.457,0.333,1.5732519497341e-21,"TRIM2",20.8032017213582,"Sig Up"
"HSP90AA1",7.31409866617012e-26,-1.01416964810731,0.337,0.46,1.82684242384931e-21,"HSP90AA1",20.7382989115441,"Sig Down"
"ABHD3",8.60840719698118e-26,-1.06688438755708,0.138,0.241,2.15012186558999e-21,"ABHD3",20.6675369242456,"Sig Down"
"ABCA2",1.13467827560287e-25,1.27617491581581,0.158,0.063,2.83408592897329e-21,"ABCA2",20.5475869861587,"Sig Up"
"SYNE2",1.16299040245668e-25,-1.15741988878341,0.094,0.188,2.90480112821605e-21,"SYNE2",20.5368835954165,"Sig Down"
"STAT3",2.41030837547113e-25,-0.726118203392603,0.263,0.383,6.02022722941424e-21,"STAT3",20.2203871162807,"Sig Down"
"LRRC4C",2.49504288497677e-25,0.648068666596619,0.473,0.341,6.23186861380648e-21,"LRRC4C",20.2053817114492,"Sig Up"
"LANCL1",3.01908833606253e-25,1.37541800442062,0.151,0.06,7.54077693698337e-21,"LANCL1",20.1225839058462,"Sig Up"
"ANO2",3.84573195153467e-25,-1.18720660436951,0.077,0.164,9.60548469534813e-21,"ANO2",20.0174807156327,"Sig Down"
"BSG",4.03436401505815e-25,-0.896510337561943,0.234,0.349,1.00766310004107e-20,"BSG",19.9966846447253,"Sig Down"
"TPST1",5.05159752925031e-25,-1.00695605805133,0.241,0.35,1.26173751488085e-20,"TPST1",19.8990309839949,"Sig Down"
"CREB5",5.2107488661862e-25,1.18784741617324,0.214,0.109,1.30148874430733e-20,"CREB5",19.8855595834567,"Sig Up"
"ZFYVE28",5.69106112664111e-25,-1.16953336447765,0.169,0.274,1.42145633760115e-20,"ZFYVE28",19.847266475847,"Sig Down"
"MKL2",7.39515205060332e-25,-0.897515075555655,0.212,0.324,1.84708712767919e-20,"MKL2",19.7335126182696,"Sig Down"
"SGK1",7.49046210903366e-25,1.18511315044553,0.207,0.102,1.87089272097334e-20,"SGK1",19.7279511147047,"Sig Up"
"ZNF280D",7.9265746579179e-25,0.895701648011371,0.28,0.162,1.97982055230815e-20,"ZNF280D",19.7033741716951,"Sig Up"
"FYN",1.37104761562751e-24,-0.450656156150546,0.71,0.771,3.42446562955282e-20,"FYN",19.46540718833,"Sig Down"
"DPH6",3.57321530451641e-24,0.927979678463489,0.247,0.135,8.92481986609065e-20,"DPH6",19.0494005407006,"Sig Up"
"FAM20C",4.68487589017389e-24,-1.16621010045839,0.074,0.158,1.17014145108873e-19,"FAM20C",18.9317616359341,"Sig Down"
"AC006059.1",4.85130812406367e-24,1.26037563724095,0.171,0.077,1.21171123014738e-19,"AC006059.1",18.9166008670477,"Sig Up"
"ZNF98",5.08102739819318e-24,0.731204044902389,0.495,0.39,1.26908821324671e-19,"ZNF98",18.8965081894145,"Sig Up"
"PRKCA",6.57730073895352e-24,-0.406071529728121,0.824,0.856,1.64281240556842e-19,"PRKCA",18.7844120262654,"Sig Down"
"AL359710.1",6.60058979736548e-24,1.21305102583439,0.168,0.074,1.64862931368798e-19,"AL359710.1",18.7828769823889,"Sig Up"
"FRMD3",7.07143441991358e-24,-1.29381883499145,0.081,0.165,1.76623217506182e-19,"FRMD3",18.7529522080514,"Sig Down"
"JDP2",7.23409747697354e-24,-0.99368280572626,0.129,0.227,1.80686052682368e-19,"JDP2",18.7430753697239,"Sig Down"
"ZNF365",8.1074847690707e-24,1.52150477587991,0.126,0.045,2.02500647077079e-19,"ZNF365",18.6935735846885,"Sig Up"
"PIP4K2A",8.90989145590322e-24,0.777537217240305,0.45,0.331,2.22542358894095e-19,"PIP4K2A",18.652587312849,"Sig Up"
"PCSK6",1.13974568313422e-23,1.42586793711072,0.132,0.049,2.84674279276433e-19,"PCSK6",18.5456517702009,"Sig Up"
"LINC00299",1.3303920582315e-23,0.615211458830329,0.479,0.351,3.32292024384482e-19,"LINC00299",18.478480082457,"Sig Up"
"MUC20-OT1",1.34231508189191e-23,0.607734288432948,0.457,0.324,3.35270038004142e-19,"MUC20-OT1",18.4746052563263,"Sig Up"
"LINC01748",1.37767067400463e-23,0.741786928267079,0.356,0.233,3.44100804246136e-19,"LINC01748",18.4633143123275,"Sig Up"
"CDK18",1.65339183646771e-23,1.34102908579054,0.163,0.072,4.1296767899454e-19,"CDK18",18.3840839371659,"Sig Up"
"COL16A1",2.30821120925085e-23,0.880398451940791,0.217,0.11,5.76521913734586e-19,"COL16A1",18.2391841804194,"Sig Up"
"CLASP2",3.27127690247545e-23,0.546809676220558,0.533,0.422,8.17066831931293e-19,"CLASP2",18.0877424189243,"Sig Up"
"PLCL1",3.76682624977147e-23,0.987818701518093,0.343,0.231,9.40840192405421e-19,"PLCL1",18.0264841379441,"Sig Up"
"SVIL",4.66372682319744e-23,-1.34671421563909,0.051,0.123,1.16485904863003e-18,"SVIL",17.9337266223681,"Sig Down"
"PXK",4.96446640291273e-23,1.01915836140114,0.246,0.14,1.23997477345551e-18,"PXK",17.9065871502091,"Sig Up"
"PHLPP1",8.29905646073949e-23,0.455434819097624,0.663,0.572,2.0728553321989e-18,"PHLPP1",17.6834310069366,"Sig Up"
"ADAMTSL3",9.24213938614146e-23,1.01272802235072,0.19,0.093,2.30840915447655e-18,"ADAMTSL3",17.6366872120749,"Sig Up"
"ZBTB16",1.06472188190216e-22,-0.485093163103015,0.443,0.557,2.65935584442702e-18,"ZBTB16",17.5752235464852,"Sig Down"
"FAM66D",1.17203605101813e-22,1.06169058379648,0.183,0.087,2.92739444462799e-18,"FAM66D",17.5335187556722,"Sig Up"
"HECW2",1.28142554581006e-22,1.64669790084989,0.102,0.031,3.20061658576978e-18,"HECW2",17.4947663485543,"Sig Up"
"SLC13A3",2.15991407432037e-22,1.01295831294292,0.189,0.092,5.39481738342999e-18,"SLC13A3",17.2680232517616,"Sig Up"
"PLD5",2.2071651856606e-22,1.63210472747217,0.109,0.036,5.51283648422449e-18,"PLD5",17.2586248889015,"Sig Up"
"ZEB2",2.25954747804287e-22,0.71881828187159,0.419,0.301,5.64367173590767e-18,"ZEB2",17.2484382549159,"Sig Up"
"TMTC2",2.68033258246074e-22,0.561042833938552,0.594,0.493,6.69466669121219e-18,"TMTC2",17.174271040425,"Sig Up"
"GPM6B",2.78704775687637e-22,0.415313455797408,0.697,0.594,6.9612091823501e-18,"GPM6B",17.1573153156178,"Sig Up"
"CACNA1C",3.31628357286974e-22,-0.734407705160397,0.325,0.429,8.28308147995676e-18,"CACNA1C",17.0818080665028,"Sig Down"
"AZIN1-AS1",4.10565514541801e-22,1.01215672018948,0.196,0.099,1.02546948567106e-17,"AZIN1-AS1",16.9890772581643,"Sig Up"
"CARMN",4.58676947480038e-22,-1.24571982608217,0.045,0.111,1.14563741172089e-17,"CARMN",16.9409528125653,"Sig Down"
"MKRN3",5.82477482137269e-22,1.2223797156216,0.139,0.057,1.45485400713426e-17,"MKRN3",16.8371805854252,"Sig Up"
"NEGR1",6.17293028564591e-22,0.974376716894073,0.2,0.102,1.54181279744578e-17,"NEGR1",16.8119683538932,"Sig Up"
"MIB1",1.42663925909304e-21,-0.77490043257596,0.281,0.379,3.56331687743669e-17,"MIB1",16.448145555139,"Sig Down"
"BCL6",1.63429856603489e-21,-0.630782176341807,0.378,0.485,4.08198752838535e-17,"BCL6",16.3891283265091,"Sig Down"
"COBLL1",1.69284345651996e-21,-0.65301205165588,0.147,0.249,4.2282151013499e-17,"COBLL1",16.3738429270049,"Sig Down"
"UPP2",2.44930043019755e-21,1.1936980179269,0.162,0.075,6.11761768450442e-17,"UPP2",16.2134176673805,"Sig Up"
"GALNT18",2.45047274524217e-21,-0.581535087401277,0.363,0.472,6.12054577579138e-17,"GALNT18",16.2132098496116,"Sig Down"
"ZFAND3",3.76162567721971e-21,-0.397801689178143,0.593,0.678,9.39541245399167e-17,"ZFAND3",16.0270841498305,"Sig Down"
"CLIC4",4.3002351783956e-21,-0.756245426932092,0.207,0.308,1.07406974050787e-16,"CLIC4",15.9689675185113,"Sig Down"
"FP671120.1",4.50310471163127e-21,-0.423323370925223,0.666,0.741,1.12474046382414e-16,"FP671120.1",15.9489476803372,"Sig Down"
"SLC4A4",4.67912006410549e-21,0.563932582754914,0.63,0.541,1.16870381841163e-16,"SLC4A4",15.9322955370223,"Sig Up"
"SLC22A15",6.84055892952477e-21,0.943224530183085,0.18,0.088,1.7085664038274e-16,"SLC22A15",15.767368137582,"Sig Up"
"MYRF",7.94265321251447e-21,1.35342392683544,0.109,0.038,1.98383649288974e-16,"MYRF",15.7024941251062,"Sig Up"
"NCAM2",1.0425376551159e-20,0.287270787433257,0.826,0.746,2.60394630118299e-16,"NCAM2",15.5843679760717,"Sig Up"
"ALCAM",1.07749872609661e-20,0.610688009640372,0.403,0.283,2.69126856817149e-16,"ALCAM",15.5700429607814,"Sig Up"
"AC078881.1",1.08745613377259e-20,1.2286757385273,0.126,0.05,2.7161391853238e-16,"AC078881.1",15.5660479789168,"Sig Up"
"CACNA2D3",1.19625309562617e-20,0.611936158801291,0.404,0.29,2.98788135694548e-16,"CACNA2D3",15.5246366515176,"Sig Up"
"DMD",1.29085187102898e-20,0.638161402926145,0.355,0.239,3.22416071826908e-16,"DMD",15.4915833175749,"Sig Up"
"CRB1",1.3392716056831e-20,0.487218181576998,0.527,0.412,3.34509868951467e-16,"CRB1",15.475591064838,"Sig Up"
"ARMH1",1.72362147197762e-20,0.903211849340633,0.216,0.118,4.30508935055851e-16,"ARMH1",15.3660178304933,"Sig Up"
"SH3BGR",1.74557370667162e-20,-1.4795561380301,0.062,0.131,4.35991944715371e-16,"SH3BGR",15.36052153458,"Sig Down"
"MAN1C1",1.86905226635916e-20,-1.36026817678864,0.102,0.183,4.66833184568527e-16,"MAN1C1",15.3308382799558,"Sig Down"
"AL356599.1",2.0338468841512e-20,1.50031861907129,0.117,0.045,5.07993936254444e-16,"AL356599.1",15.2941414717061,"Sig Up"
"AC090517.4",2.1024478444719e-20,1.15016850718753,0.152,0.07,5.25128398113747e-16,"AC090517.4",15.2797344951187,"Sig Up"
"RFX2",2.31531400459967e-20,-0.61053541012149,0.338,0.439,5.78295978928859e-16,"RFX2",15.23784982747,"Sig Down"
"DAAM2",2.50299273764404e-20,0.613345070140619,0.397,0.279,6.25172496081353e-16,"DAAM2",15.2040001366395,"Sig Up"
"HES4",2.86782501908824e-20,-1.09301809997097,0.062,0.133,7.1629665501767e-16,"HES4",15.1449070769173,"Sig Down"
"EPAS1",3.06318191895181e-20,-0.633396835819605,0.152,0.249,7.65090947896593e-16,"EPAS1",15.116286936321,"Sig Down"
"ARL15",3.33755215389116e-20,-0.843345823111149,0.184,0.28,8.33620401477396e-16,"ARL15",15.079031665277,"Sig Down"
"UBA6-AS1",3.74580386068382e-20,0.685649438187405,0.325,0.212,9.35589430282999e-16,"UBA6-AS1",15.0289146932285,"Sig Up"
"ZMAT1",5.49718192055568e-20,0.97208301342893,0.229,0.132,1.37303112829719e-15,"ZMAT1",14.8623196166639,"Sig Up"
"AMER2",5.74267167694707e-20,0.861292527926622,0.259,0.156,1.43434710475107e-15,"AMER2",14.8433457388797,"Sig Up"
"FOSL2",6.50880859266057e-20,-1.33626713363918,0.047,0.11,1.62570512218883e-15,"FOSL2",14.7889582259129,"Sig Down"
"BBS2",6.83405862349109e-20,0.711419321043385,0.339,0.228,1.70694282238937e-15,"BBS2",14.7677810262413,"Sig Up"
"FGF14",6.91465287931445e-20,0.976355917569615,0.203,0.11,1.72707284966637e-15,"FGF14",14.762689343069,"Sig Up"
"FAM171A1",7.73866964722413e-20,0.504700798509057,0.525,0.408,1.93288751778717e-15,"FAM171A1",14.7137934185145,"Sig Up"
"PRKN",9.89789114164416e-20,0.379171176497054,0.662,0.564,2.47219627044846e-15,"PRKN",14.606917053086,"Sig Up"
"IRS2",1.07406330542017e-19,-0.729404644473066,0.246,0.346,2.68268791794797e-15,"IRS2",14.5714298466707,"Sig Down"
"AC021231.1",1.45237369309631e-19,1.26988335728755,0.125,0.051,3.62759377324666e-15,"AC021231.1",14.440381352239,"Sig Up"
"STK33",1.90601262992522e-19,0.652524996393592,0.365,0.254,4.76064774576421e-15,"STK33",14.3223339520543,"Sig Up"
"PAMR1",2.72095942574737e-19,0.735461384265152,0.342,0.237,6.79614035768921e-15,"PAMR1",14.167737660418,"Sig Up"
"TENM2",3.98211077863766e-19,0.508027298085676,0.567,0.464,9.94611809180329e-15,"TENM2",14.0023463886274,"Sig Up"
"EPM2A",4.56422889215191e-19,0.963200993119917,0.189,0.101,1.14000745039278e-14,"EPM2A",13.9430923103706,"Sig Up"
"AC097103.2",6.47919535824866e-19,0.748844042817769,0.261,0.16,1.61830862462977e-14,"AC097103.2",13.7909386513318,"Sig Up"
"ITIH5",9.59226572247535e-19,-0.94453095590831,0.092,0.169,2.39586020950267e-14,"ITIH5",13.6205385251862,"Sig Down"
"WWOX",1.12953153017589e-18,0.227646484314916,0.92,0.892,2.82123090292033e-14,"WWOX",13.5495613676694,"Not sig"
"IGF1R",1.15284562577356e-18,-0.480370380671836,0.47,0.569,2.87946251949463e-14,"IGF1R",13.5406885700886,"Sig Down"
"LHFPL6",1.34338803713815e-18,-0.44414080475527,0.496,0.59,3.35538030035996e-14,"LHFPL6",13.4742582495672,"Sig Down"
"PITPNM2",1.78876923876014e-18,-0.747429911712091,0.175,0.269,4.46780892765121e-14,"PITPNM2",13.3499054083946,"Sig Down"
"DPYSL5",2.17709942700781e-18,1.48584604866795,0.122,0.052,5.43774123883742e-14,"DPYSL5",13.2645814626586,"Sig Up"
"AGBL4",2.75428495363939e-18,0.653021527339247,0.285,0.18,6.87937752870511e-14,"AGBL4",13.1624508565434,"Sig Up"
"SHC2",2.78940406939614e-18,-0.764656040279175,0.144,0.235,6.96709454413075e-14,"SHC2",13.1569482960083,"Sig Down"
"ZBTB46",2.8202509244277e-18,-0.965939550945597,0.094,0.17,7.04414073394306e-14,"ZBTB46",13.1521719759069,"Sig Down"
"NT5DC1",2.94057871075505e-18,0.760459710842911,0.248,0.15,7.34468344585289e-14,"NT5DC1",13.1340269174615,"Sig Up"
"PARVB",2.98785744954512e-18,-1.19404491785133,0.056,0.119,7.46277155172885e-14,"PARVB",13.1270998526771,"Sig Down"
"ITGA1",3.21871421063598e-18,-0.941546515398538,0.059,0.124,8.03938248390549e-14,"ITGA1",13.0947773087306,"Sig Down"
"CHORDC1",3.24750635775567e-18,-1.16683642415028,0.074,0.143,8.11129662976633e-14,"CHORDC1",13.0909097161783,"Sig Down"
"TMEM232",4.29427426163517e-18,0.715163061077094,0.291,0.19,1.07258088232862e-13,"TMEM232",12.9695699481647,"Sig Up"
"PDE1C",4.30390047700046e-18,0.884156003611968,0.241,0.148,1.0749852221404e-13,"PDE1C",12.9685975059688,"Sig Up"
"IARS",4.85661057678393e-18,-1.15911891253131,0.089,0.161,1.21303562376332e-13,"IARS",12.9161264448246,"Sig Down"
"CCP110",5.94692020069771e-18,1.23243850347033,0.115,0.047,1.48536225852827e-13,"CCP110",12.8281676152401,"Sig Up"
"PAM",7.03031406243452e-18,-0.751581299053825,0.167,0.258,1.75596154337427e-13,"PAM",12.755484999639,"Sig Down"
"NHS",7.53161710412041e-18,-0.995679279699655,0.102,0.179,1.88117200409616e-13,"NHS",12.7255714931181,"Sig Down"
"MAP7",8.23639050287301e-18,0.58874082398874,0.47,0.372,2.05720325590259e-13,"MAP7",12.6867227969995,"Sig Up"
"RORA",8.77426733720206e-18,-0.240820752803897,0.959,0.958,2.19154875281296e-13,"RORA",12.6592488636629,"Not sig"
"PRKCH",8.80763428211654e-18,-0.991452357861469,0.073,0.142,2.19988281464425e-13,"PRKCH",12.6576004529545,"Sig Down"
"OSMR",9.88934826672276e-18,-0.995001161691671,0.096,0.171,2.47006251657934e-13,"OSMR",12.6072920547315,"Sig Down"
"MIR4435-2HG",1.01708932735437e-17,-1.24267844636387,0.044,0.101,2.54038401293302e-13,"MIR4435-2HG",12.5951006290131,"Sig Down"
"GMDS-DT",1.12627166288028e-17,0.540860431742447,0.372,0.262,2.81308873237607e-13,"GMDS-DT",12.550816568804,"Sig Up"
"P4HA1",1.18939401344035e-17,-0.775698302301316,0.204,0.297,2.97074942736997e-13,"P4HA1",12.5271339779169,"Sig Down"
"EPHB1",1.26195196840792e-17,0.53738521123781,0.422,0.313,3.15197743149247e-13,"EPHB1",12.5014169007679,"Sig Up"
"ATG4C",1.30378294790797e-17,0.837351765996947,0.188,0.103,3.25645866898974e-13,"ATG4C",12.4872544295254,"Sig Up"
"SCD",1.33444364250671e-17,0.987765495325655,0.108,0.042,3.33303988588901e-13,"SCD",12.4771594891844,"Sig Up"
"SYNJ2",1.44837634318353e-17,1.25009570740435,0.118,0.051,3.61760959236951e-13,"SYNJ2",12.441578303432,"Sig Up"
"MGAT4C",2.14739847065273e-17,0.502608420628552,0.527,0.424,5.36355716014933e-13,"MGAT4C",12.2705470866823,"Sig Up"
"FRYL",2.34963984142428e-17,0.728886883736955,0.394,0.303,5.86869543192541e-13,"FRYL",12.231458428511,"Sig Up"
"BDNF-AS",2.4286286534658e-17,0.836607308979578,0.152,0.075,6.06598578776152e-13,"BDNF-AS",12.2170986115499,"Sig Up"
"TDRD3",2.67434960977013e-17,0.565204122264048,0.346,0.238,6.67972302032285e-13,"TDRD3",12.1752415454944,"Sig Up"
"RAPGEF4",3.21562759025161e-17,-0.926120667664848,0.095,0.169,8.03167303217144e-13,"RAPGEF4",12.0951939798821,"Sig Down"
"LIPA",3.83864185122834e-17,1.00014864795519,0.152,0.076,9.58777575181301e-13,"LIPA",12.0182821322196,"Sig Up"
"LINC00461",4.0636046633653e-17,0.530790887538547,0.484,0.384,1.01496653676875e-12,"LINC00461",11.9935482761116,"Sig Up"
"HYDIN",4.56991309147648e-17,0.769916236366408,0.19,0.105,1.14142719285808e-12,"HYDIN",11.9425517852236,"Sig Up"
"ABCB1",4.69397790581707e-17,-0.694432501423062,0.112,0.192,1.17241486153593e-12,"ABCB1",11.93091868508,"Sig Down"
"ARHGAP29",4.74437152990358e-17,-0.816973302894738,0.169,0.255,1.18500167702402e-12,"ARHGAP29",11.9262810350364,"Sig Down"
"EPS8",5.7929488162871e-17,-0.519896012450308,0.305,0.401,1.44690482584403e-12,"EPS8",11.8395600348589,"Sig Down"
"PGK1",6.29829745743808e-17,-1.1064924399321,0.073,0.139,1.57312575594431e-12,"PGK1",11.8032365584132,"Sig Down"
"ANXA4",6.44184940740391e-17,0.863148346239432,0.179,0.097,1.60898072648728e-12,"ANXA4",11.7934491581573,"Sig Up"
"CACHD1",7.25651082345894e-17,-0.484871088723949,0.47,0.557,1.81245870837534e-12,"CACHD1",11.7417318787868,"Sig Down"
"ANKS1B",7.82972597451084e-17,0.564811946251459,0.467,0.365,1.95563065665357e-12,"ANKS1B",11.7087131633129,"Sig Up"
"VEGFA",8.5211182571503e-17,-1.16561995453152,0.073,0.139,2.12831970708843e-12,"VEGFA",11.671963133616,"Sig Down"
"BRINP2",9.83237446720252e-17,0.856010814108435,0.189,0.106,2.45583217067317e-12,"BRINP2",11.6098013158049,"Sig Up"
"SMTN",1.01954089848699e-16,-0.914510475750958,0.099,0.173,2.54650730215095e-12,"SMTN",11.5940550741396,"Sig Down"
"NKAIN3",1.06812710815983e-16,0.334928555291843,0.732,0.649,2.6678610780508e-12,"NKAIN3",11.5738367889259,"Sig Up"
"HS3ST5",1.08990359268321e-16,0.690621871868862,0.231,0.138,2.72225220344485e-12,"HS3ST5",11.5650716419944,"Sig Up"
"DSCAML1",1.14048229232137e-16,0.813436228880047,0.139,0.066,2.84858262153109e-12,"DSCAML1",11.5453711795583,"Sig Up"
"VWF",1.16236357119774e-16,-0.554987342203544,0.091,0.165,2.90323549178059e-12,"VWF",11.5371177355659,"Sig Down"
"ARHGAP24",1.19158460057256e-16,0.499417117771618,0.528,0.432,2.97622085685008e-12,"ARHGAP24",11.5263348441771,"Sig Up"
"ATP6AP1L",1.27023388407427e-16,0.801696484635774,0.201,0.116,3.1726631722523e-12,"ATP6AP1L",11.4985760325945,"Sig Up"
"ALK",1.55380532551244e-16,1.02404712082152,0.173,0.094,3.88093956153243e-12,"ALK",11.411063120542,"Sig Up"
"MIR29B2CHG",1.69030414621846e-16,-0.664785434555661,0.196,0.286,4.22187266600984e-12,"MIR29B2CHG",11.3744948693901,"Sig Down"
"GDAP1",1.78218460182954e-16,0.790917877754876,0.219,0.131,4.45136247998965e-12,"GDAP1",11.351507039137,"Sig Up"
"MIR181A1HG",1.85403963033614e-16,1.02085170609281,0.157,0.082,4.63083478469057e-12,"MIR181A1HG",11.3343407131493,"Sig Up"
"ARHGEF3",2.03339575924556e-16,-0.93146419870835,0.189,0.273,5.07881258786763e-12,"ARHGEF3",11.2942378126797,"Sig Down"
"DPP10",2.46730289249195e-16,0.288518911793651,0.77,0.623,6.16258243457713e-12,"DPP10",11.2102372582798,"Sig Up"
"ARHGAP10",3.16540804189991e-16,-0.861334457225342,0.077,0.144,7.9062396662534e-12,"ARHGAP10",11.1020300247826,"Sig Down"
"LINC02328",3.26424568535145e-16,1.19300118919433,0.106,0.044,8.15310644830231e-12,"LINC02328",11.0886768874186,"Sig Up"
"NAV2",3.4142236104932e-16,-0.396568820192584,0.751,0.797,8.52770631192887e-12,"NAV2",11.0691677648495,"Sig Down"
"AC099792.1",3.4193724260185e-16,0.653242661494527,0.292,0.194,8.54056650846642e-12,"AC099792.1",11.0685133209573,"Sig Up"
"ELOVL7",3.41956285673214e-16,-0.799335640272007,0.121,0.198,8.54104214725987e-12,"ELOVL7",11.0684891350263,"Sig Down"
"F11-AS1",3.64538638426601e-16,0.838945204665545,0.216,0.13,9.10508157198123e-12,"F11-AS1",11.0407161590286,"Sig Up"
"SLC1A1",3.69491444161355e-16,-1.15416527380483,0.046,0.101,9.22878780081816e-12,"SLC1A1",11.0348553397096,"Sig Down"
"DPYD",4.43548362735886e-16,0.824693791255539,0.271,0.183,1.10785074560542e-11,"DPYD",10.9555187456782,"Sig Up"
"GRIA2",4.93523628009364e-16,0.523209432593625,0.374,0.267,1.23267396567899e-11,"GRIA2",10.909151776308,"Sig Up"
"UNC79",5.09503872671006e-16,0.859064198192464,0.186,0.105,1.27258782277037e-11,"UNC79",10.8953122367881,"Sig Up"
"DDR2",5.11406215717909e-16,-0.900564361774522,0.187,0.27,1.27733930499862e-11,"DDR2",10.8936937239463,"Sig Down"
"AKAP6",5.51129201152165e-16,0.283791701228029,0.357,0.244,1.37655540571776e-11,"AKAP6",10.861206303767,"Sig Up"
"NUDT4",6.09940600663196e-16,-1.19270237199589,0.061,0.121,1.52344863827646e-11,"NUDT4",10.8171721830489,"Sig Down"
"TNXB",7.30531326004284e-16,-1.07073483143598,0.047,0.101,1.8246480929609e-11,"TNXB",10.7388208824525,"Sig Down"
"RBMS1",7.35037787958018e-16,-0.922287458782989,0.08,0.147,1.83590388298274e-11,"RBMS1",10.7361500596178,"Sig Down"
"DEAF1",7.78002728179842e-16,-0.787602461273353,0.112,0.187,1.94321741417479e-11,"DEAF1",10.7114786062484,"Sig Down"
"ITPKC",8.05375910153363e-16,-1.04224452353516,0.048,0.103,2.01158741079005e-11,"ITPKC",10.6964610910077,"Sig Down"
"GABRB1",8.28497519934826e-16,0.337603634864408,0.696,0.608,2.06933825554122e-11,"GABRB1",10.6841685134387,"Sig Up"
"CDK19",8.35820536185478e-16,0.659291271115656,0.32,0.223,2.08762895323047e-11,"CDK19",10.6803466885645,"Sig Up"
"AC010099.4",8.94630131317876e-16,1.00329292562634,0.121,0.055,2.23451767899266e-11,"AC010099.4",10.6508162049514,"Sig Up"
"AK3",1.09369465974866e-15,-0.546235690073178,0.247,0.341,2.73172115165422e-11,"AK3",10.5635636345947,"Sig Down"
"LRRTM4",1.32004600401248e-15,0.773393006176409,0.24,0.153,3.29707890422196e-11,"LRRTM4",10.4818706593906,"Sig Up"
"P2RX7",1.3231513577654e-15,0.798740598793966,0.116,0.051,3.30483514629065e-11,"P2RX7",10.480850199368,"Sig Up"
"TACC2",1.32628961183573e-15,-1.33685224879405,0.051,0.105,3.3126735634821e-11,"TACC2",10.4798213581305,"Sig Down"
"HSPD1",1.3424915722629e-15,-1.42512422301715,0.053,0.108,3.35314120004105e-11,"HSPD1",10.4745481581407,"Sig Down"
"CDYL2",1.39497005988089e-15,-0.92763463697418,0.088,0.154,3.48421671856449e-11,"CDYL2",10.457894839672,"Sig Down"
"GARNL3",1.88080677101606e-15,0.656996476481878,0.245,0.154,4.69769107196681e-11,"GARNL3",10.3281155465519,"Sig Up"
"CTBP2",1.90907435624551e-15,-0.511705624350858,0.307,0.401,4.76829501959441e-11,"CTBP2",10.321636882165,"Sig Down"
"ERG",2.04935058337055e-15,-1.02612756725952,0.058,0.116,5.11866295208461e-11,"ERG",10.290843466439,"Sig Down"
"NMD3",2.15330496361729e-15,0.960444380490795,0.165,0.091,5.3783098076269e-11,"NMD3",10.2693541846587,"Sig Up"
"SORBS2",2.27434059576239e-15,-0.860121501943493,0.08,0.146,5.68062050603572e-11,"SORBS2",10.2456042228051,"Sig Down"
"NDRG2",2.33339084613907e-15,0.53585460431356,0.437,0.333,5.82811031640156e-11,"NDRG2",10.2344722363545,"Sig Up"
"GGT5",2.37831445974351e-15,-1.02362902310947,0.05,0.105,5.94031602610135e-11,"GGT5",10.2261904498435,"Sig Down"
"CERS6",2.61359695207413e-15,-0.564200308649716,0.228,0.318,6.52798110719554e-11,"CERS6",10.1852211111556,"Sig Down"
"RGS6",3.05910886514207e-15,-0.913358769569703,0.123,0.198,7.64073621246535e-11,"RGS6",10.11686479357,"Sig Down"
"IFITM3",3.48117810528963e-15,-0.814757823883084,0.073,0.138,8.69493855358191e-11,"IFITM3",10.0607334827739,"Sig Down"
"AL592183.1",4.09694438592119e-15,1.12567077277929,0.123,0.058,1.02329379927153e-10,"AL592183.1",9.9899996575062,"Sig Up"
"FGFR1",4.34756568228817e-15,-0.726106857262039,0.18,0.263,1.08589148046512e-10,"FGFR1",9.96421357418553,"Sig Down"
"CTNND2",5.17310693680375e-15,0.180893914808018,0.961,0.924,1.29208691960547e-10,"CTNND2",9.88870827005974,"Not sig"
"FGFR2",5.22134613090708e-15,0.478012425545077,0.436,0.334,1.30413562311666e-10,"FGFR2",9.88467724195654,"Sig Up"
"MVB12B",5.32846746411242e-15,0.59108146711782,0.3,0.205,1.33089131851136e-10,"MVB12B",9.87585740785961,"Sig Up"
"CRIP2",5.51160655684125e-15,-0.935432668462274,0.079,0.143,1.37663396970224e-10,"CRIP2",9.86118151803653,"Sig Down"
"CLYBL",5.5300962584876e-15,0.754375758006283,0.199,0.118,1.38125214248245e-10,"CLYBL",9.85972703532913,"Sig Up"
"DNAJC27-AS1",5.88300845200858e-15,0.961976842710729,0.137,0.069,1.46939902105818e-10,"DNAJC27-AS1",9.83286025382686,"Sig Up"
"AC115622.1",8.44282928846252e-15,1.06414341436061,0.125,0.06,2.10876547137928e-10,"AC115622.1",9.67597171810288,"Sig Up"
"ARHGAP35",8.80213935873739e-15,-0.550486197158183,0.238,0.327,2.19851034763184e-10,"ARHGAP35",9.65787148596475,"Sig Down"
"AGTPBP1",1.13686612441145e-14,0.744172558224803,0.242,0.158,2.83955051894247e-10,"AGTPBP1",9.54675040030231,"Sig Up"
"UFL1-AS1",1.20197123594282e-14,1.03607107080065,0.118,0.056,3.00216355601439e-10,"UFL1-AS1",9.52256565135337,"Sig Up"
"KIAA1324L",1.24289023252775e-14,0.988766521204612,0.135,0.069,3.10436693378457e-10,"KIAA1324L",9.50802695110601,"Sig Up"
"MT-ATP6",1.26612117558869e-14,-0.54151247789292,0.287,0.379,3.16239086026786e-10,"MT-ATP6",9.49998445383235,"Sig Down"
"SUN2",1.44814808306621e-14,1.04430095419358,0.144,0.076,3.61703946707448e-10,"SUN2",9.4416467524385,"Sig Up"
"SMAD1",1.45719292928139e-14,-0.628818012981046,0.187,0.27,3.63963077946613e-10,"SMAD1",9.43894267090411,"Sig Down"
"LINC01266",1.59996063644444e-14,0.87605445420041,0.143,0.075,3.99622168164727e-10,"LINC01266",9.39835042824241,"Sig Up"
"GNAI1",1.6305912386852e-14,0.973190775083193,0.126,0.062,4.07272773686402e-10,"GNAI1",9.39011462166695,"Sig Up"
"DNAH7",1.67137764624147e-14,0.512664088927749,0.354,0.257,4.17459994701731e-10,"DNAH7",9.37938513673784,"Sig Up"
"ATP13A4",1.82394635403163e-14,0.359113309177512,0.527,0.424,4.5556708084648e-10,"ATP13A4",9.34144766546046,"Sig Up"
"FAM66C",1.86019165267432e-14,0.809628652354458,0.146,0.076,4.64620069088466e-10,"FAM66C",9.33290203494445,"Sig Up"
"SLC6A11",2.31593081798843e-14,0.94555328884386,0.18,0.106,5.7845004040897e-10,"SLC6A11",9.23773414425181,"Sig Up"
"AC002429.2",2.34816213240588e-14,0.446815781134788,0.447,0.347,5.86500455811016e-10,"AC002429.2",9.23173164602734,"Sig Up"
"SLC6A1",2.46918572207908e-14,0.603263610689024,0.347,0.252,6.16728517803692e-10,"SLC6A1",9.20990596913746,"Sig Up"
"LINC01376",2.64785031096452e-14,0.860408300548136,0.144,0.076,6.61353572169608e-10,"LINC01376",9.17956629635651,"Sig Up"
"CABLES1",2.75238272709589e-14,0.516806778077975,0.512,0.43,6.8746263374674e-10,"CABLES1",9.16275090244114,"Sig Up"
"MTSS1L",2.8587002985482e-14,0.48254307828807,0.508,0.415,7.14017573568383e-10,"MTSS1L",9.14629109913439,"Sig Up"
"RPS6KA2",3.02643958747505e-14,-0.284004921102622,0.768,0.811,7.55913815763644e-10,"RPS6KA2",9.12152771702778,"Sig Down"
"COLGALT2",3.17506580587994e-14,0.754431983582387,0.174,0.1,7.93036186334632e-10,"COLGALT2",9.10070699532187,"Sig Up"
"CASC2",3.92650721615047e-14,0.76271273631411,0.18,0.105,9.80723707377904e-10,"CASC2",9.00845332622035,"Sig Up"
"AC005162.3",4.06269604513478e-14,0.883197333450892,0.154,0.085,1.01473959119331e-09,"AC005162.3",8.99364539481284,"Sig Up"
"RFTN1",4.16549995018162e-14,-0.942646845656971,0.087,0.15,1.04041692255686e-09,"RFTN1",8.98279259254566,"Sig Down"
"KCND2",4.36027227918489e-14,1.07727574966813,0.137,0.072,1.08906520717201e-09,"KCND2",8.96294611632579,"Sig Up"
"FXR1",4.65256515192692e-14,-0.642190876917099,0.244,0.325,1.16207119799679e-09,"FXR1",8.93476726269451,"Sig Down"
"NR2F2-AS1",4.74809186121434e-14,-0.879628460171561,0.06,0.116,1.1859309041755e-09,"NR2F2-AS1",8.92594061350924,"Sig Down"
"POLR2F",5.40255878154394e-14,0.777779108626082,0.15,0.081,1.34939710686623e-09,"POLR2F",8.86986022531558,"Sig Up"
"PPP2R2B",6.30874475006313e-14,0.193512415267592,0.937,0.924,1.57573517622327e-09,"PPP2R2B",8.80251676982171,"Not sig"
"SPOCK1",6.47921837820963e-14,0.687189575453517,0.373,0.29,1.61831437432542e-09,"SPOCK1",8.7909371083278,"Sig Up"
"CCDC7",7.13642284392824e-14,0.558207189216777,0.23,0.146,1.78246433372796e-09,"CCDC7",8.74897915141725,"Sig Up"
"AC105383.1",7.42528437288037e-14,1.00811625276371,0.119,0.058,1.85461327781433e-09,"AC105383.1",8.73174663527835,"Sig Up"
"CD44",7.58990794035235e-14,-0.934447070087735,0.182,0.259,1.89573130626181e-09,"CD44",8.72222321788254,"Sig Down"
"PLOD2",9.21037944645977e-14,-0.821529796059658,0.228,0.304,2.30047647434226e-09,"PLOD2",8.63818220365786,"Sig Down"
"NPL",1.10235006769691e-13,0.556230570865439,0.392,0.303,2.75333976408656e-09,"NPL",8.56014019305156,"Sig Up"
"PTCHD1-AS",1.12906633459871e-13,0.384070149086072,0.483,0.387,2.8200689839272e-09,"PTCHD1-AS",8.54974026793153,"Sig Up"
"ITGAV",1.17415508077514e-13,-0.697493838101952,0.235,0.312,2.93268714525207e-09,"ITGAV",8.5327342644445,"Sig Down"
"ENTPD1-AS1",1.44235909507332e-13,0.561211407277762,0.324,0.23,3.60258031176463e-09,"ENTPD1-AS1",8.44338632874647,"Sig Up"
"SHISA6",1.53366645997133e-13,-0.877628308797929,0.083,0.144,3.83063871707039e-09,"SHISA6",8.41672880614315,"Sig Down"
"SLC1A3",1.77772596676741e-13,0.2673876606513,0.844,0.797,4.44022614719496e-09,"SLC1A3",8.35259491007058,"Sig Up"
"CYP7B1",1.78621026854521e-13,0.770299125980956,0.204,0.128,4.46141738774538e-09,"CYP7B1",8.35052714445284,"Sig Up"
"PGGHG",1.82340851900796e-13,-0.985889567960691,0.075,0.133,4.55432745792618e-09,"PGGHG",8.34157574665507,"Sig Down"
"RASAL2",1.90600802397038e-13,-0.474226588327264,0.221,0.306,4.76063624147081e-09,"RASAL2",8.32233500154531,"Sig Down"
"CTNNA2",1.99056059162364e-13,0.183000664698042,0.963,0.95,4.97182318969837e-09,"CTNNA2",8.30348432433926,"Not sig"
"GARS",2.07471632121249e-13,-1.11279425673046,0.058,0.11,5.18201895549243e-09,"GARS",8.28550100272597,"Sig Down"
"MT-ND1",2.20509791556744e-13,-0.566443614992486,0.212,0.295,5.50767306371279e-09,"MT-ND1",8.25903184743464,"Sig Down"
"EPHA6",2.34106719620022e-13,0.512828828863904,0.395,0.306,5.84728353594929e-09,"EPHA6",8.23304584662575,"Sig Up"
"FAM155A",2.4243427251475e-13,0.359967710531003,0.678,0.616,6.0552808246009e-09,"FAM155A",8.21786571086173,"Sig Up"
"SDC4",2.54100524498335e-13,0.679265072912108,0.24,0.159,6.34666880039491e-09,"SDC4",8.19745416466287,"Sig Up"
"ELL2",2.75493580195294e-13,-0.906528005519091,0.201,0.271,6.88100315253787e-09,"ELL2",8.16234824318115,"Sig Down"
"STOM",2.83536412715387e-13,-0.730292375794517,0.103,0.168,7.08188898039223e-09,"STOM",8.149850885765,"Sig Down"
"CGNL1",3.45706669465116e-13,-0.694152880602568,0.205,0.278,8.63471548323019e-09,"CGNL1",8.06375196800953,"Sig Down"
"TSHZ1",3.70408956656569e-13,-0.800951340859774,0.145,0.214,9.25170451041112e-09,"TSHZ1",8.03377824658313,"Sig Down"
"C3orf58",3.95796181023353e-13,0.730436756925523,0.148,0.081,9.8858012134203e-09,"C3orf58",8.0049881267078,"Sig Up"
"AL137145.2",4.02573741304638e-13,0.792899805124427,0.173,0.102,1.00550843365659e-08,"AL137145.2",7.9976142824266,"Sig Up"
"SUGCT",4.19790318926435e-13,0.660146831512876,0.206,0.128,1.04851027958256e-08,"SUGCT",7.97942730735973,"Sig Up"
"SLCO1C1",4.75290604343157e-13,0.557738975234805,0.29,0.203,1.1871333424679e-08,"SLCO1C1",7.92550049701375,"Sig Up"
"ANKRD12",4.96956229098315e-13,-0.448876611049196,0.425,0.5,1.24124757341886e-08,"ANKRD12",7.9061415875212,"Sig Down"
"MAT2A",5.42506116675929e-13,0.653384880148052,0.232,0.152,1.35501752762147e-08,"MAT2A",7.86805508700356,"Sig Up"
"CAP2",6.29274830794642e-13,-0.875735697853212,0.07,0.126,1.57173974487578e-08,"CAP2",7.80361936460805,"Sig Down"
"MEF2C-AS1",6.39038600414121e-13,0.380740019105199,0.512,0.417,1.59612671225435e-08,"MEF2C-AS1",7.79693263413289,"Sig Up"
"SEPT7",6.39547592056738e-13,0.474355507342595,0.485,0.405,1.59739802068012e-08,"SEPT7",7.79658685803316,"Sig Up"
"YBX3",6.51818235790927e-13,-0.879495263364693,0.086,0.145,1.628046407535e-08,"YBX3",7.78833321968692,"Sig Down"
"ARFGEF3",7.21819569263115e-13,0.689670331914494,0.187,0.114,1.80288873814848e-08,"ARFGEF3",7.74403107410906,"Sig Up"
"ECE1",7.30932974022531e-13,-0.62575235275393,0.225,0.301,1.82565128921607e-08,"ECE1",7.73858217183546,"Sig Down"
"PTPN12",7.5406391680167e-13,-0.667232813751231,0.141,0.212,1.88342544499553e-08,"PTPN12",7.72505156657719,"Sig Down"
"C2orf72",7.57437167073384e-13,0.73246518180822,0.211,0.135,1.89185081219919e-08,"C2orf72",7.72311311423087,"Sig Up"
"CADM2",7.90595242633405e-13,0.121297207115639,0.915,0.856,1.97466973752545e-08,"CADM2",7.70450552948765,"Not sig"
"ACTN1",8.07872046916527e-13,-0.939746711248877,0.063,0.116,2.01782201158341e-08,"ACTN1",7.69511714473751,"Sig Down"
"ICA1L",1.04978477455284e-12,0.687722596487896,0.193,0.12,2.62204743140063e-08,"ICA1L",7.58135945642578,"Sig Up"
"CHST11",1.06035359860168e-12,-0.432780487475702,0.415,0.493,2.64844518322741e-08,"CHST11",7.57700901154025,"Sig Down"
"CFLAR",1.11380263098808e-12,-0.607236774651085,0.183,0.256,2.78194483141892e-08,"CFLAR",7.5556514867264,"Sig Down"
"ARMCX4",1.14343935052787e-12,0.820607828973558,0.156,0.09,2.85596846581347e-08,"ARMCX4",7.54424659213354,"Sig Up"
"CTTNBP2",1.14571184233571e-12,0.968400454045615,0.1,0.046,2.8616444686019e-08,"CTTNBP2",7.54338432407576,"Sig Up"
"SLC6A12",1.19499062063173e-12,-0.832871697077433,0.074,0.13,2.98472807315187e-08,"SLC6A12",7.52509522959629,"Sig Down"
"HIPK3",1.20740347360479e-12,-0.673068213090587,0.194,0.267,3.01573165602268e-08,"HIPK3",7.52060730520724,"Sig Down"
"SGK3",1.23711913339256e-12,0.428905208954716,0.489,0.399,3.08995245947459e-08,"SGK3",7.51004820237021,"Sig Up"
"TSC22D1",1.5149744702646e-12,-0.618015887843109,0.228,0.304,3.78395173437988e-08,"TSC22D1",7.42205441181204,"Sig Down"
"CMIP",1.56035798299866e-12,-0.456800273531366,0.277,0.358,3.89730613413575e-08,"CMIP",7.40923547895352,"Sig Down"
"BACH1",1.63078125855195e-12,-0.644704315669211,0.152,0.223,4.07320234948521e-08,"BACH1",7.3900640143967,"Sig Down"
"HEPACAM",1.66342696830851e-12,0.40803649385983,0.376,0.281,4.15474153874417e-08,"HEPACAM",7.38145598795413,"Sig Up"
"SHROOM4",1.74097986084434e-12,0.764870656240302,0.132,0.071,4.34844539843092e-08,"SHROOM4",7.36166597880515,"Sig Up"
"MAML2",1.78725913506896e-12,-0.297506824141257,0.74,0.762,4.46403714166173e-08,"MAML2",7.35027220064045,"Sig Down"
"DISC1",2.03897082985404e-12,-0.949511583403021,0.074,0.129,5.09273744172644e-08,"DISC1",7.29304871348585,"Sig Down"
"TRIM66",2.11148558320928e-12,0.755489352886548,0.131,0.071,5.27385754118181e-08,"TRIM66",7.27787160566019,"Sig Up"
"C8orf37-AS1",2.14525555118403e-12,0.931305030861713,0.126,0.067,5.35820479019235e-08,"C8orf37-AS1",7.2709806917075,"Sig Up"
"TTC28",2.39986327072244e-12,-0.332867024237979,0.573,0.637,5.99413849128344e-08,"TTC28",7.22227322713856,"Sig Down"
"STK24",2.66032333337061e-12,-0.76124636572126,0.123,0.187,6.64468958975977e-08,"STK24",7.17752530254717,"Sig Down"
"SPIRE1",2.69221851902765e-12,-0.426233609127771,0.431,0.503,6.72435419497537e-08,"SPIRE1",7.17234941883875,"Sig Down"
"FAM157C",2.7185191237537e-12,0.908262689767089,0.11,0.055,6.79004521539961e-08,"FAM157C",7.16812733371167,"Sig Up"
"GYS1",2.81999415730786e-12,-0.9053681946588,0.102,0.162,7.04349940670784e-08,"GYS1",7.15221151764371,"Sig Down"
"APIP",3.40241863433273e-12,0.724841193932142,0.136,0.074,8.49822102297286e-08,"APIP",7.07067197790534,"Sig Up"
"TCF7L2",3.47426382441324e-12,-0.346255540782151,0.571,0.635,8.67766875423695e-08,"TCF7L2",7.06159693186902,"Sig Down"
"SLC38A1",3.63638107047921e-12,-0.993806962246299,0.098,0.157,9.08258899973592e-08,"SLC38A1",7.04179033781924,"Sig Down"
"FTCDNL1",3.90005153444188e-12,0.826574879736921,0.135,0.075,9.7411587175755e-08,"FTCDNL1",7.01138938041928,"Sig Up"
"STPG2",4.43760716883371e-12,0.573235625916239,0.208,0.135,1.1083811425596e-07,"STPG2",6.95531087169527,"Sig Up"
"STK40",4.79406878599644e-12,-1.10676246825953,0.053,0.101,1.19741456067833e-07,"STK40",6.92175546509479,"Sig Down"
"PHYHIPL",4.86952958786869e-12,0.429005775810568,0.344,0.254,1.21626240516196e-07,"PHYHIPL",6.91497271715244,"Sig Up"
"LMO3",6.45401197676316e-12,0.473603477657245,0.398,0.313,1.61201857143613e-07,"LMO3",6.79262995916506,"Sig Up"
"SCARB1",6.77915292389406e-12,-0.786047600902905,0.118,0.181,1.69322902580102e-07,"SCARB1",6.7712842953379,"Sig Down"
"ELOVL5",7.14525773388613e-12,-0.622865786132344,0.201,0.271,1.78467102419274e-07,"ELOVL5",6.74844182747621,"Sig Down"
"PDE4B",7.34613060962046e-12,0.281902301045026,0.728,0.662,1.8348430423649e-07,"PDE4B",6.73640108059461,"Sig Up"
"ZFHX3",8.24285040109125e-12,-0.396769494629108,0.444,0.52,2.05881674468056e-07,"ZFHX3",6.68638230822214,"Sig Down"
"NDUFAF6",8.35085472153164e-12,0.714917661357975,0.169,0.102,2.08579298379696e-07,"NDUFAF6",6.68072879775805,"Sig Up"
"ADK",8.72332959400843e-12,0.443798282423673,0.363,0.272,2.17882603269548e-07,"ADK",6.66177744440108,"Sig Up"
"GFPT2",8.84424517582324e-12,-1.23412034789943,0.054,0.101,2.20902711756537e-07,"GFPT2",6.65579895278555,"Sig Down"
"ASAP1",9.21047347883418e-12,-0.36862020366025,0.524,0.589,2.30049996080841e-07,"ASAP1",6.63817776979788,"Sig Down"
"SOX6",9.39202143384029e-12,0.311463284240364,0.617,0.547,2.34584519353029e-07,"SOX6",6.62970065113518,"Sig Up"
"AL355974.2",1.01713586989498e-11,-0.93210608942018,0.06,0.11,2.54050026223669e-07,"AL355974.2",6.59508075592474,"Sig Down"
"ZNRF1",1.10847785099389e-11,-0.663835000282475,0.114,0.176,2.76864512842744e-07,"ZNRF1",6.55773270645826,"Sig Down"
"CPNE8",1.12105668999819e-11,-0.567649267550344,0.216,0.288,2.80006329460848e-07,"CPNE8",6.5528321514476,"Sig Down"
"LDB2",1.12885986699947e-11,-0.835820192137666,0.082,0.138,2.81955328980459e-07,"LDB2",6.54981969279424,"Sig Down"
"AKAP13",1.15999575760888e-11,-0.51239613386406,0.265,0.341,2.8973214037797e-07,"AKAP13",6.53800332524995,"Sig Down"
"PRTFDC1",1.23880546668734e-11,0.471860096164672,0.238,0.161,3.09416441414498e-07,"PRTFDC1",6.50945661298352,"Sig Up"
"IFRD1",1.35181904670509e-11,-0.644691266185945,0.144,0.21,3.37643843295531e-07,"IFRD1",6.47154116493434,"Sig Down"
"ST6GAL1",1.36428051907973e-11,-0.744161793504138,0.12,0.182,3.40756345250544e-07,"ST6GAL1",6.46755604838649,"Sig Down"
"ARHGAP26",1.49942973670994e-11,-0.293566764446258,0.646,0.682,3.74512565338043e-07,"ARHGAP26",6.42653360662826,"Sig Down"
"SYNM",1.53248325096833e-11,-0.878961688770726,0.07,0.121,3.8276834159436e-07,"SYNM",6.41706398949354,"Sig Down"
"ETV6",1.58913542711846e-11,-0.424233741677959,0.252,0.33,3.96918355631378e-07,"ETV6",6.40129881652471,"Sig Down"
"ATP1B2",1.59199340400456e-11,0.570778977715877,0.278,0.197,3.97632192518218e-07,"ATP1B2",6.40051846213426,"Sig Up"
"SH3D19",1.63858189742218e-11,0.61276652353114,0.184,0.116,4.09268600519137e-07,"SH3D19",6.38799157356721,"Sig Up"
"CSRNP3",1.79609018690676e-11,0.609898995682643,0.178,0.111,4.48609445983702e-07,"CSRNP3",6.34813158609097,"Sig Up"
"ELOVL2",1.8039743853186e-11,0.638832977183209,0.193,0.124,4.50578682221026e-07,"ELOVL2",6.34622935946701,"Sig Up"
"RGS7",2.05194675796441e-11,0.449215407598708,0.345,0.261,5.12514741736771e-07,"RGS7",6.29029363824712,"Sig Up"
"PNPLA6",2.15078690659684e-11,-0.651375501594228,0.1,0.16,5.37202045660694e-07,"PNPLA6",6.26986234221058,"Sig Down"
"CRYL1",2.35514689661036e-11,0.639058968236914,0.155,0.092,5.88245040366371e-07,"CRYL1",6.23044172577642,"Sig Up"
"PPM1H",2.50156454344288e-11,0.860735759109709,0.144,0.084,6.24815776015727e-07,"PPM1H",6.20424801346161,"Sig Up"
"CRK",2.54199697026685e-11,-0.870240804754735,0.074,0.125,6.34914583263551e-07,"CRK",6.19728469756236,"Sig Down"
"NFAT5",2.5573252236117e-11,-0.30581949216105,0.576,0.639,6.38743121101495e-07,"NFAT5",6.19467376393551,"Sig Down"
"DGKH",2.64561046059691e-11,-0.908648317111426,0.069,0.119,6.60794124743289e-07,"DGKH",6.17993382707223,"Sig Down"
"RASSF4",2.65140429593428e-11,0.695877575676887,0.186,0.119,6.62241250995505e-07,"RASSF4",6.17898377054598,"Sig Up"
"TSGA10",2.65959996906407e-11,0.79190079856248,0.124,0.068,6.64288284273133e-07,"TSGA10",6.17764340692982,"Sig Up"
"CCDC88A",2.67309030932267e-11,0.463951451151635,0.414,0.334,6.67657766559524e-07,"CCDC88A",6.17544609468198,"Sig Up"
"ANO6",2.71393772423281e-11,-0.693621524145441,0.165,0.232,6.77860225381629e-07,"ANO6",6.16885984832106,"Sig Down"
"TIPARP",2.73281232676013e-11,-1.02197382934787,0.068,0.117,6.82574534854877e-07,"TIPARP",6.16584991819378,"Sig Down"
"LEF1",2.86717358857281e-11,-0.466663204118055,0.079,0.134,7.16133947217831e-07,"LEF1",6.14500573873003,"Sig Down"
"SNX3",2.96888754494295e-11,-0.790818412079628,0.079,0.132,7.41539042100401e-07,"SNX3",6.12986597838827,"Sig Down"
"PDE10A",3.04957136481021e-11,-0.833706646022001,0.074,0.125,7.61691439788646e-07,"PDE10A",6.11822092516472,"Sig Down"
"ATP2C1",3.08365162701762e-11,-0.659720170498741,0.279,0.342,7.7020366688019e-07,"ATP2C1",6.11339441806587,"Sig Down"
"AMZ2",3.12823400597828e-11,1.02438627006188,0.1,0.051,7.81339007673195e-07,"AMZ2",6.10716049337334,"Sig Up"
"RNF13",3.4205662006912e-11,0.505484065187833,0.248,0.17,8.54354819946641e-07,"RNF13",6.06836172610048,"Sig Up"
"IL17RB",4.06651085395292e-11,-0.865584201575503,0.091,0.145,1.01569241599182e-06,"IL17RB",5.99323779034135,"Sig Down"
"ZRANB3",4.35056929860771e-11,0.767482822956274,0.122,0.067,1.08664169371325e-06,"ZRANB3",5.96391363539451,"Sig Up"
"GPHN",4.90669104871094e-11,0.281557424555933,0.692,0.636,1.22554422323653e-06,"GPHN",5.91167101279944,"Sig Up"
"LPP",4.9161030205174e-11,-0.297730493252168,0.686,0.737,1.22789505143463e-06,"LPP",5.91083875089076,"Sig Down"
"CC2D2B",5.03379222254809e-11,0.970684909541027,0.103,0.053,1.25729028342584e-06,"CC2D2B",5.9005644407424,"Sig Up"
"UNC5D",5.10518319795118e-11,0.637395390082388,0.145,0.084,1.27512160735227e-06,"UNC5D",5.89444839492918,"Sig Up"
"UTRN",5.38444292803784e-11,-0.321676827246621,0.414,0.49,1.34487231013601e-06,"UTRN",5.87131894810458,"Sig Down"
"KIAA0825",5.40416004040860e-11,0.759080397369872,0.138,0.08,1.34979705329286e-06,"KIAA0825",5.86973152429068,"Sig Up"
"TTYH1",5.7631212742211e-11,0.45054744646915,0.388,0.304,1.4394548006622e-06,"TTYH1",5.84180196755643,"Sig Up"
"RNF19A",5.97616269046111e-11,-0.608880388555637,0.338,0.407,1.49266615519647e-06,"RNF19A",5.82603731429,"Sig Down"
"BAIAP2",6.10897396063142e-11,-0.981837934586383,0.08,0.132,1.52583842614691e-06,"BAIAP2",5.81649145219237,"Sig Down"
"ITPKB",6.3915964365723e-11,-0.289389871420354,0.62,0.68,1.59642904196266e-06,"ITPKB",5.7968503802056,"Sig Down"
"CHSY1",6.42920911870114e-11,-0.649264844566426,0.148,0.211,1.60582356157798e-06,"CHSY1",5.79430217415232,"Sig Down"
"ANAPC16",6.93335081017736e-11,-0.542116332471884,0.195,0.265,1.731743031858e-06,"ANAPC16",5.76151655119031,"Sig Down"
"COBL",7.2557093969067e-11,0.505892668517874,0.281,0.203,1.81225853606539e-06,"COBL",5.74177984596537,"Sig Up"
"AC138150.1",7.55762451387153e-11,0.767994882758723,0.119,0.065,1.88766787482969e-06,"AC138150.1",5.72407441513179,"Sig Up"
"FRMD4A",7.57154164991688e-11,0.564401597212539,0.274,0.196,1.89114395789974e-06,"FRMD4A",5.7232754104771,"Sig Up"
"DYRK1A",7.85718329567649e-11,-0.409339511815842,0.392,0.459,1.96248867176112e-06,"DYRK1A",5.70719284149014,"Sig Down"
"DOCK6",7.91037368710746e-11,-0.704098357023581,0.098,0.154,1.97577403582883e-06,"DOCK6",5.70426272604604,"Sig Down"
"MACF1",7.94157729891876e-11,-0.195513975152276,0.9,0.925,1.98356776195094e-06,"MACF1",5.7025529587196,"Not sig"
"CNIH3",8.2728501402656e-11,0.663900759987564,0.16,0.098,2.06630977953414e-06,"CNIH3",5.68480456884881,"Sig Up"
"IQCJ-SCHIP1",8.44376871097742e-11,0.60373591405449,0.203,0.135,2.10900011094083e-06,"IQCJ-SCHIP1",5.67592339741509,"Sig Up"
"B3GLCT",9.37582763555923e-11,0.706543127338859,0.152,0.091,2.34180046853363e-06,"B3GLCT",5.63045011144402,"Sig Up"
"PTPN9",9.40023112439128e-11,-0.434832552817801,0.314,0.385,2.34789572793921e-06,"PTPN9",5.62932119438617,"Sig Down"
"ANKDD1A",1.01402130952871e-10,0.365708842427336,0.356,0.267,2.53272102480987e-06,"ANKDD1A",5.59641264442108,"Sig Up"
"C1QTNF3-AMACR",1.0229275593734e-10,0.67997387663657,0.176,0.113,2.55496616504693e-06,"C1QTNF3-AMACR",5.59261484677416,"Sig Up"
"C15orf41",1.05071626317445e-10,0.759920434014409,0.124,0.07,2.62437401053083e-06,"C15orf41",5.58097427176024,"Sig Up"
"PDXK",1.18430173112192e-10,-0.626109981031735,0.157,0.221,2.95803043382322e-06,"PDXK",5.5289973620587,"Sig Down"
"EGLN3",1.21227273196379e-10,-0.512403275645022,0.26,0.33,3.02789360262596e-06,"EGLN3",5.51885938960931,"Sig Down"
"SDCCAG8",1.22165566967257e-10,0.382654174834127,0.418,0.334,3.05132936614117e-06,"SDCCAG8",5.51551091127688,"Sig Up"
"JAKMIP2",1.42618441195669e-10,0.394524023464308,0.344,0.259,3.56218080574423e-06,"JAKMIP2",5.44828404081208,"Sig Up"
"VRK2",1.42685585647912e-10,0.940426553981472,0.101,0.052,3.56385787272789e-06,"VRK2",5.44807962402932,"Sig Up"
"ANKRD17",1.46880697439909e-10,-0.361219685645634,0.419,0.488,3.6686391799566e-06,"ANKRD17",5.43549500011638,"Sig Down"
"SNTA1",1.57392670002429e-10,0.612172732618855,0.276,0.204,3.93119671865066e-06,"SNTA1",5.40547522336718,"Sig Up"
"DKK3",1.728325520345e-10,-0.531233150157981,0.214,0.281,4.3168386521657e-06,"DKK3",5.36483418339924,"Sig Down"
"MEGF10",1.93161242615796e-10,0.348576586192632,0.469,0.38,4.82458835681473e-06,"MEGF10",5.31653973558244,"Sig Up"
"GLUD1",2.16343580074651e-10,0.385608372400544,0.406,0.324,5.40361359952455e-06,"GLUD1",5.26731571397904,"Sig Up"
"BOC",2.46322383082864e-10,-0.571065168714973,0.175,0.239,6.15239416226069e-06,"BOC",5.21095584859493,"Sig Down"
"CARS",2.69244224199092e-10,-0.730166096042369,0.075,0.124,6.72491298782072e-06,"CARS",5.17231333053058,"Sig Down"
"LINC00271",2.78226806256177e-10,0.803934349756635,0.106,0.057,6.94927093986052e-06,"LINC00271",5.15806075561189,"Sig Up"
"DGKG",2.79750971791959e-10,0.396671780974561,0.542,0.458,6.98734002244776e-06,"DGKG",5.15568812231318,"Sig Up"
"KALRN",2.80471136802045e-10,-0.401060570938937,0.409,0.474,7.00532758390468e-06,"KALRN",5.15457155137667,"Sig Down"
"MT-CO1",2.95086486421664e-10,-0.594284393008101,0.203,0.269,7.37037517135391e-06,"MT-CO1",5.13251040485441,"Sig Down"
"COL18A1",3.08025408996532e-10,-1.04027550520929,0.06,0.104,7.69355064050637e-06,"COL18A1",5.11387318325504,"Sig Down"
"SLC7A1",3.23441868480189e-10,-0.686634719933342,0.085,0.137,8.07860754902969e-06,"SLC7A1",5.09266348896384,"Sig Down"
"FOXN2",3.36201115048102e-10,0.632182629337981,0.189,0.125,8.39729525055643e-06,"FOXN2",5.07586057666612,"Sig Up"
"KIF13B",3.99442604323592e-10,0.689028795313823,0.179,0.117,9.97687792819035e-06,"KIF13B",5.00100534154711,"Sig Up"
"RNF24",4.60496286500008e-10,-0.540089500821254,0.188,0.254,1.15018157479107e-05,"RNF24",4.9392335938159,"Sig Down"
"RGL3",4.60970038641693e-10,-0.650228842521578,0.138,0.198,1.15136486551536e-05,"RGL3",4.93878702739575,"Sig Down"
"AC006148.1",4.63079658541515e-10,0.564092951657609,0.201,0.135,1.15663406313914e-05,"AC006148.1",4.93680402177172,"Sig Up"
"FGF1",4.67093010711028e-10,0.538306175566235,0.166,0.104,1.16665821285293e-05,"FGF1",4.93305635733335,"Sig Up"
"RNF144A",4.81987672183734e-10,0.824386665733978,0.168,0.109,1.20386060881331e-05,"RNF144A",4.91942379574244,"Sig Up"
"BNIP3L",5.68629781981757e-10,-1.06644660676281,0.161,0.217,1.42026660645583e-05,"BNIP3L",4.84763012403629,"Sig Down"
"UBC",6.63382554041816e-10,-0.729473646690056,0.13,0.187,1.65693060523024e-05,"UBC",4.78069568011215,"Sig Down"
"GPR37L1",6.64950467902852e-10,0.762996554643785,0.157,0.099,1.66084678368095e-05,"GPR37L1",4.77967043020428,"Sig Up"
"C2CD2",7.32657310585212e-10,-0.521833745559217,0.162,0.226,1.82995816464868e-05,"C2CD2",4.73755883872307,"Sig Down"
"MROH7-TTC4",7.54087898871421e-10,0.748103298395117,0.136,0.081,1.88348534501115e-05,"MROH7-TTC4",4.72503775459825,"Sig Up"
"BAALC",7.81082121416425e-10,0.404813105569133,0.344,0.266,1.95090881466181e-05,"BAALC",4.70976302902407,"Sig Up"
"SSH2",7.85224863476073e-10,0.449553302105126,0.386,0.307,1.96125614150419e-05,"SSH2",4.70746568344722,"Sig Up"
"ZSWIM6",8.02967066932379e-10,0.246057616151196,0.738,0.688,2.005570843077e-05,"ZSWIM6",4.69776199276285,"Not sig"
"MEIS1",8.03909739411898e-10,0.657350914384654,0.145,0.089,2.0079253561291e-05,"MEIS1",4.69725243596117,"Sig Up"
"IFT88",8.08171449625082e-10,0.512104778059994,0.187,0.123,2.01856982972857e-05,"IFT88",4.69495622215596,"Sig Up"
"MYH9",8.20672764787859e-10,-0.652803302495675,0.12,0.176,2.04979436461064e-05,"MYH9",4.68828970518539,"Sig Down"
"AL357153.2",8.43785849173126e-10,0.492994296901425,0.189,0.125,2.10752391547972e-05,"AL357153.2",4.67622748844607,"Sig Up"
"LRCH1",8.46977802287504e-10,-0.485535999717757,0.125,0.183,2.1154964567735e-05,"LRCH1",4.6745876977281,"Sig Down"
"NIPSNAP2",8.97380625652816e-10,0.397098902170284,0.233,0.161,2.24138758869304e-05,"NIPSNAP2",4.64948303722849,"Sig Up"
"AFF3",8.98161208753803e-10,-0.881188050478987,0.101,0.153,2.24333725110437e-05,"AFF3",4.64910543204181,"Sig Down"
"ARHGAP42",9.11524858988484e-10,-0.470385121222809,0.31,0.376,2.27671564029554e-05,"ARHGAP42",4.6426912089819,"Sig Down"
"ROBO1",9.36717193503948e-10,0.551002465985977,0.263,0.195,2.33963853421481e-05,"ROBO1",4.63085123435136,"Sig Up"
"TTLL11",9.41590802607827e-10,0.657873340673843,0.119,0.068,2.35181134767357e-05,"TTLL11",4.62859751845914,"Sig Up"
"CDH23",9.70225018518724e-10,-0.512391353865938,0.096,0.149,2.42333102875422e-05,"CDH23",4.61558725687292,"Sig Down"
"FHIT",9.9047238377629e-10,0.214462537785257,0.727,0.683,2.47390287295804e-05,"FHIT",4.6066173550571,"Not sig"
"EEF2K",1.00443279484747e-09,0.6470741893457,0.222,0.159,2.50877179169054e-05,"EEF2K",4.60053884211986,"Sig Up"
"NCAM1",1.00958174947842e-09,0.222708128134469,0.728,0.666,2.52163233567225e-05,"NCAM1",4.59831823506221,"Not sig"
"HSPA4",1.02583093805078e-09,-0.861738759204156,0.08,0.128,2.56221793396943e-05,"HSPA4",4.59138393333645,"Sig Down"
"AC108062.1",1.07769625926006e-09,0.57660427597678,0.159,0.1,2.69176194675385e-05,"AC108062.1",4.56996335075662,"Sig Up"
"PLA2G16",1.09148595082069e-09,0.683156631466493,0.143,0.088,2.72620445936484e-05,"PLA2G16",4.56444157614474,"Sig Up"
"RAMP1",1.09161330128253e-09,-0.470320892171695,0.2,0.266,2.72652254261337e-05,"RAMP1",4.56439090725935,"Sig Down"
"CDH20",1.11281107860963e-09,0.155926500504731,0.846,0.776,2.77946823104328e-05,"CDH20",4.55603828552592,"Not sig"
"ZFYVE16",1.13606151547367e-09,0.483798064009122,0.263,0.19,2.83754084719859e-05,"ZFYVE16",4.5470578779626,"Sig Up"
"FEZ1",1.14486294332008e-09,0.653223720992242,0.14,0.085,2.85952417353055e-05,"FEZ1",4.54370622771093,"Sig Up"
"ARHGAP5",1.20601972904517e-09,-0.339770568413558,0.524,0.581,3.01227547723611e-05,"ARHGAP5",4.52110531375526,"Sig Down"
"RAPGEF5",1.30408871095877e-09,0.610170612481893,0.19,0.13,3.25722237336172e-05,"RAPGEF5",4.48715259076666,"Sig Up"
"AC106791.1",1.30456377697958e-09,0.754175697857752,0.11,0.061,3.2584089457619e-05,"AC106791.1",4.48699441059156,"Sig Up"
"ACYP2",1.33544096329816e-09,0.322628640246484,0.479,0.4,3.33553089402981e-05,"ACYP2",4.47683503251266,"Sig Up"
"CSRP1",1.38733139762642e-09,0.538308641811298,0.282,0.21,3.46513763185151e-05,"CSRP1",4.46027951096081,"Sig Up"
"CRIM1",1.48055372214108e-09,-0.235285246463659,0.264,0.335,3.69797903179179e-05,"CRIM1",4.43203555569792,"Not sig"
"EMID1",1.50534085704083e-09,0.460195075002007,0.227,0.159,3.75988985863089e-05,"EMID1",4.42482487701102,"Sig Up"
"CAMK2D",1.52123923733539e-09,-0.481372780566139,0.323,0.384,3.79959924309261e-05,"CAMK2D",4.42026220751261,"Sig Down"
"SNTB1",1.64447872491326e-09,-0.555748328900603,0.182,0.245,4.10741451121586e-05,"SNTB1",4.38643146689316,"Sig Down"
"PTTG1IP",1.68715886321341e-09,-0.860375036671591,0.095,0.145,4.21401669264814e-05,"PTTG1IP",4.37530374838843,"Sig Down"
"ISPD",1.72506379797716e-09,0.750554708321837,0.141,0.087,4.30869184820755e-05,"ISPD",4.36565456495284,"Sig Up"
"NCOA2",1.83555823025737e-09,-0.373719420210501,0.445,0.504,4.58467379171384e-05,"NCOA2",4.33869155977555,"Sig Down"
"IQCA1",1.90946591753428e-09,0.436858527505516,0.309,0.232,4.76927302222537e-05,"IQCA1",4.32154781519416,"Sig Up"
"ZDHHC20",1.93747908502185e-09,0.692629373770832,0.172,0.114,4.83924151065906e-05,"ZDHHC20",4.31522270313849,"Sig Up"
"AC104389.4",1.94735508434181e-09,-0.825131984647289,0.077,0.124,4.86390879416055e-05,"AC104389.4",4.3130145773546,"Sig Down"
"MRAS",2.0113064357603e-09,-0.400536068955744,0.245,0.313,5.02364008459851e-05,"MRAS",4.29898148289985,"Sig Down"
"SECISBP2L",2.12560753285041e-09,0.601421365838231,0.191,0.13,5.30912993480046e-05,"SECISBP2L",4.2749766456748,"Sig Up"
"CALD1",2.19785393346378e-09,-0.691815770435721,0.178,0.237,5.48957976961249e-05,"CALD1",4.26046089976186,"Sig Down"
"KCNMB2-AS1",2.25378474653095e-09,0.370133866922888,0.312,0.233,5.62927816141036e-05,"KCNMB2-AS1",4.24954729087064,"Sig Up"
"PPP2R3A",2.26022818750143e-09,0.584087364486022,0.164,0.106,5.64537194392233e-05,"PPP2R3A",4.24830743941277,"Sig Up"
"LAMA2",2.27674593698773e-09,-0.550964566921768,0.181,0.245,5.68662832681425e-05,"LAMA2",4.24514515593783,"Sig Down"
"CCDC171",2.30004024815067e-09,0.515800236106441,0.185,0.123,5.74481052780592e-05,"CCDC171",4.24072429040221,"Sig Up"
"FLNA",2.30223045960219e-09,-0.853430940803529,0.068,0.113,5.75028101894839e-05,"FLNA",4.24031093061535,"Sig Down"
"BICRAL",2.36629110784878e-09,0.408954819587584,0.27,0.197,5.91028530007389e-05,"BICRAL",4.22839155443902,"Sig Up"
"KNDC1",2.42609874160074e-09,0.63674390583311,0.121,0.071,6.05966682689618e-05,"KNDC1",4.2175512535925,"Sig Up"
"SUMF1",2.51430405165483e-09,0.376357321920198,0.337,0.261,6.27997722981827e-05,"SUMF1",4.2020419309415,"Sig Up"
"ESYT2",2.52728205222515e-09,-0.497655466401943,0.238,0.301,6.31239238184274e-05,"ESYT2",4.19980601297154,"Sig Down"
"B4GALT5",2.74764802018787e-09,-0.485431162526361,0.194,0.257,6.86280046002324e-05,"B4GALT5",4.16349862829433,"Sig Down"
"ADAM22",2.88070772354283e-09,0.698863340186871,0.115,0.066,7.19514368109293e-05,"ADAM22",4.14296052913769,"Sig Up"
"GTDC1",2.88890581787625e-09,0.537948602833049,0.246,0.18,7.21562006130951e-05,"GTDC1",4.14172634265304,"Sig Up"
"ETS1",2.94889291359811e-09,-0.824214785665997,0.058,0.1,7.365449830294e-05,"ETS1",4.13280072433408,"Sig Down"
"RBFOX1",3.23497244991726e-09,0.918369421436769,0.162,0.108,8.07999068815833e-05,"RBFOX1",4.09258913973083,"Sig Up"
"COL21A1",3.34596813538292e-09,0.710232125530657,0.155,0.1,8.35722461174591e-05,"COL21A1",4.07793792542276,"Sig Up"
"PDE3A",3.36132153714942e-09,-0.610334554225276,0.22,0.282,8.3955728033381e-05,"PDE3A",4.07594966797828,"Sig Down"
"ARNTL",3.49463185744879e-09,-0.489856164961172,0.129,0.185,8.72854199034985e-05,"ARNTL",4.05905829448776,"Sig Down"
"SPECC1",3.6287297840703e-09,-0.415985805993019,0.267,0.332,9.06347838167238e-05,"SPECC1",4.04270509679867,"Sig Down"
"MAPK4",3.80388531659886e-09,-0.25567552766529,0.455,0.522,9.50096435526898e-05,"MAPK4",4.02223231124629,"Sig Down"
"THBS4",4.17955973531769e-09,0.756618750167084,0.117,0.069,0.00010439286350903,"THBS4",3.98132918950027,"Sig Up"
"COL4A2",4.32358623890351e-09,-0.604152183172574,0.113,0.166,0.000107990213489093,"COL4A2",3.96661560025624,"Sig Down"
"SLF2",4.43308276791814e-09,0.559754956193088,0.181,0.121,0.000110725108294291,"SLF2",3.95575388628285,"Sig Up"
"PRKACB",5.15526945600863e-09,0.454782962066941,0.305,0.232,0.000128763165202728,"PRKACB",3.89020835620836,"Sig Up"
"USP31",5.23115106371326e-09,0.80222138510969,0.115,0.068,0.000130658460118366,"USP31",3.88386246451478,"Sig Up"
"DTNB",5.39232894237039e-09,0.44456676487783,0.256,0.187,0.000134684199993585,"DTNB",3.87068334902884,"Sig Up"
"LIX1-AS1",5.39298810932909e-09,0.577268847474731,0.141,0.088,0.000134700664006713,"LIX1-AS1",3.87063026341777,"Sig Up"
"FAXDC2",5.48834167949568e-09,0.468957007939218,0.187,0.125,0.000137082310128764,"FAXDC2",3.8630185853939,"Sig Up"
"SDK1",5.54934147423578e-09,-0.767442376653777,0.111,0.163,0.000138605902001987,"SDK1",3.85821827656171,"Sig Down"
"FGGY",5.60505748506395e-09,0.430648128271157,0.244,0.176,0.000139997520804442,"FGGY",3.85387965511093,"Sig Up"
"FAM182B",5.62080266131974e-09,0.397090737708851,0.424,0.351,0.000140390788071783,"FAM182B",3.85266138808118,"Sig Up"
"TECPR2",5.84627734808943e-09,0.539060317689598,0.227,0.162,0.00014602246932323,"TECPR2",3.83558031166578,"Sig Up"
"STK39",6.14988829605279e-09,0.384540041177692,0.222,0.155,0.000153605759970511,"STK39",3.81359249865017,"Sig Up"
"C9orf85",6.6736365999339e-09,0.911174062439421,0.116,0.069,0.000166687421356549,"C9orf85",3.77809717186698,"Sig Up"
"BCL2",6.79450652217466e-09,-0.252448465596253,0.596,0.649,0.000169706389404356,"BCL2",3.77030180629271,"Sig Down"
"PPIP5K2",7.24507136796812e-09,0.65591726129711,0.117,0.069,0.00018096014755774,"PPIP5K2",3.74241705828795,"Sig Up"
"MACROD2",7.28163672038067e-09,0.338255655517986,0.522,0.45,0.000181873440364948,"MACROD2",3.7402307178971,"Sig Up"
"PKNOX2",7.5158626239585e-09,-0.723307357356201,0.086,0.132,0.000187723700758611,"PKNOX2",3.72648089275487,"Sig Down"
"XKR6",7.54331399540925e-09,-0.533888452500247,0.168,0.226,0.000188409353663337,"XKR6",3.72489754027172,"Sig Down"
"VSIG10",7.66899214995675e-09,0.711779733310967,0.12,0.072,0.00019154841692947,"VSIG10",3.71772143293508,"Sig Up"
"USP54",7.72129575265996e-09,0.298149629725432,0.334,0.256,0.000192854804014188,"USP54",3.71476953838535,"Sig Up"
"FAM69A",7.90115604430623e-09,0.495559586425905,0.193,0.132,0.000197347174518637,"FAM69A",3.7047690871542,"Sig Up"
"AFF1",7.90589737648009e-09,-0.318573804699283,0.447,0.505,0.000197465598772343,"AFF1",3.7045085535295,"Sig Down"
"KSR1",7.92190212258103e-09,-0.659064300356327,0.109,0.159,0.000197865349315706,"KSR1",3.70363025389154,"Sig Down"
"ADHFE1",8.31503510582438e-09,0.531057639794251,0.136,0.084,0.000207684631838176,"ADHFE1",3.68259563902009,"Sig Up"
"HIP1R",8.43345132852931e-09,0.485031393287199,0.2,0.139,0.000210642313832677,"HIP1R",3.6764543833017,"Sig Up"
"TRPC1",8.45654110583254e-09,0.53774321698793,0.218,0.154,0.000211219027200379,"TRPC1",3.6752669619151,"Sig Up"
"RDX",8.90906956792639e-09,0.444876380567941,0.23,0.165,0.000222521830598098,"RDX",3.65262737594952,"Sig Up"
"TESK2",9.09458324787698e-09,0.417420504626132,0.266,0.195,0.000227155405782223,"TESK2",3.64367692350507,"Sig Up"
"UBE2B",9.15212452042118e-09,-0.683118894805408,0.12,0.171,0.00022859261414656,"UBE2B",3.64093780581831,"Sig Down"
"RNF219-AS1",9.77421619172434e-09,0.203517003657727,0.649,0.574,0.000244130597820699,"RNF219-AS1",3.61237778538451,"Not sig"
"LINC01184",9.90246692714462e-09,0.552550644777212,0.195,0.136,0.000247333916439291,"LINC01184",3.60671632556165,"Sig Up"
"NFIC",9.94856873064417e-09,-0.460882356111573,0.241,0.303,0.0002484854011853,"NFIC",3.60469912150171,"Sig Down"
"PRR5L",1.00983519519841e-08,0.835822369557895,0.109,0.064,0.000252226536704706,"PRR5L",3.59820922332145,"Sig Up"
"FP236383.1",1.06268936011583e-08,0.241431771038111,0.707,0.656,0.00026542792147613,"FP236383.1",3.57605339381074,"Not sig"
"MPP6",1.06847095065271e-08,-0.656601978305648,0.136,0.189,0.000266871989344527,"MPP6",3.5736970069974,"Sig Down"
"CFAP70",1.08265032213726e-08,0.65348879073406,0.136,0.085,0.000270413570960223,"CFAP70",3.56797151670509,"Sig Up"
"TPCN1",1.1039334776834e-08,0.371055306798181,0.33,0.25,0.000275729464720983,"TPCN1",3.55951682228018,"Sig Up"
"TSPAN14",1.10496215290937e-08,-0.566445230817839,0.078,0.123,0.000275986396932173,"TSPAN14",3.55911232330755,"Sig Down"
"NCOA7",1.11617189316699e-08,0.802711536455051,0.158,0.106,0.000278786253756318,"NCOA7",3.55472864400644,"Sig Up"
"SCFD2",1.13628999474287e-08,0.55110140945932,0.198,0.138,0.000283811151986928,"SCFD2",3.54697054351128,"Sig Up"
"BMPR1A",1.16907485068062e-08,-0.308548947004105,0.446,0.505,0.000291999825454498,"BMPR1A",3.53461740815491,"Sig Down"
"FUT9",1.19472271077013e-08,0.214912614554685,0.66,0.58,0.000298405891469055,"FUT9",3.52519260677831,"Not sig"
"ANKFN1",1.20831423990119e-08,0.485904802595119,0.25,0.186,0.000301800647700121,"ANKFN1",3.52027983251177,"Sig Up"
"ENTPD1",1.27725975135051e-08,0.664367147545123,0.154,0.101,0.000319021168094818,"ENTPD1",3.49618049913164,"Sig Up"
"FAM13A",1.3056096049068e-08,-0.543943905903456,0.196,0.254,0.000326102111017571,"FAM13A",3.48664638978553,"Sig Down"
"SLX4IP",1.33691363095499e-08,0.627284172426727,0.194,0.136,0.000333920917603629,"SLX4IP",3.47635637485012,"Sig Up"
"KIAA1328",1.33692490228122e-08,0.44163622028595,0.241,0.174,0.000333923732842779,"KIAA1328",3.47635271339134,"Sig Up"
"KCNIP1",1.36786608903203e-08,0.812566248215507,0.129,0.08,0.000341651913057531,"KCNIP1",3.46641614313095,"Sig Up"
"THUMPD3-AS1",1.40324319594403e-08,-0.651034065017707,0.117,0.167,0.000350488053050941,"THUMPD3-AS1",3.45532678107102,"Sig Down"
"PTPRM",1.45456891675213e-08,-0.390362585929572,0.424,0.475,0.000363307678337181,"PTPRM",3.43972542343035,"Sig Down"
"LMCD1-AS1",1.46742478660565e-08,0.294703185488735,0.458,0.382,0.000366518688950494,"LMCD1-AS1",3.43590387559001,"Sig Up"
"LHPP",1.69199685729766e-08,0.723384935552569,0.113,0.067,0.000422610055047238,"LHPP",3.37406017410912,"Sig Up"
"AC007364.1",1.69236395201597e-08,0.7726758494216,0.119,0.072,0.00042270174429503,"AC007364.1",3.37396596003438,"Sig Up"
"FAM219A",1.75029863278915e-08,-0.680663601780216,0.112,0.161,0.000437172089511745,"FAM219A",3.35934757260971,"Sig Down"
"MAGI3",1.78689305991245e-08,-0.370277715598445,0.264,0.326,0.000446312279574332,"MAGI3",3.3503611640714,"Sig Down"
"JAM3",1.83615573175418e-08,0.637108712366922,0.129,0.08,0.000458616617120243,"JAM3",3.33855021346809,"Sig Up"
"MED13L",1.85204895256828e-08,-0.207148291911503,0.607,0.668,0.000462586266882979,"MED13L",3.33480726457334,"Not sig"
"PAAF1",1.86660094023589e-08,0.742109388087522,0.135,0.085,0.000466220916842719,"PAAF1",3.33140824590426,"Sig Up"
"HTRA1",1.90025707440781e-08,0.485098030278754,0.246,0.181,0.000474627209474839,"HTRA1",3.32364736812869,"Sig Up"
"AL365273.2",1.94723151394382e-08,0.757483742417513,0.109,0.064,0.000486360015237748,"AL365273.2",3.31304213660416,"Sig Up"
"MT-CO3",1.95439183234197e-08,-0.465997428851987,0.349,0.412,0.000488148447964053,"MT-CO3",3.31144808716158,"Sig Down"
"LPGAT1",2.00600354903278e-08,0.633970280191621,0.184,0.128,0.000501039506441917,"LPGAT1",3.30012802911622,"Sig Up"
"EPB41L4A",2.01635883110735e-08,-0.564922486009617,0.128,0.18,0.000503625945245683,"EPB41L4A",3.29789190448398,"Sig Down"
"GPM6A",2.037780420971e-08,0.145909151445553,0.944,0.914,0.000508976415745926,"GPM6A",3.29330234094163,"Not sig"
"ADCY9",2.06154541795647e-08,-0.476255240187789,0.201,0.258,0.000514912199042988,"ADCY9",3.28826681896264,"Sig Down"
"LGR4",2.06637596754937e-08,0.35346744337876,0.368,0.292,0.000516118725414807,"LGR4",3.28725038391243,"Sig Up"
"FDFT1",2.09763962893822e-08,0.555827140840761,0.18,0.123,0.000523927450119899,"FDFT1",3.28072884697428,"Sig Up"
"CMC2",2.09870771202655e-08,0.689606916141654,0.128,0.08,0.000524194225232872,"CMC2",3.28050776775285,"Sig Up"
"ERBB4",2.1484923221404e-08,0.111585202705426,0.911,0.848,0.000536628927301008,"ERBB4",3.27032592013111,"Not sig"
"DPP6",2.18159080968578e-08,0.20253918181607,0.299,0.221,0.000544895936535217,"DPP6",3.26368643075787,"Not sig"
"ENO2",2.32963339545473e-08,-0.643793491707148,0.095,0.142,0.000581872533182729,"ENO2",3.23517214283875,"Sig Down"
"GALNT7",2.34644375483727e-08,0.463140254160269,0.187,0.128,0.000586071256645705,"GALNT7",3.23204957769067,"Sig Up"
"RAPGEF1",2.46812506321472e-08,-0.479012616327115,0.182,0.239,0.000616463597039141,"RAPGEF1",3.21009256395358,"Sig Down"
"DCAF5",2.5007682085774e-08,-0.430248897850102,0.21,0.269,0.000624616875456376,"DCAF5",3.20438628648658,"Sig Down"
"THSD4",2.53166885059067e-08,-0.236166566717163,0.103,0.154,0.000632334928812032,"THSD4",3.19905282803756,"Not sig"
"ARHGEF12",2.5978571281546e-08,-0.244299401608891,0.534,0.588,0.000648866774899175,"ARHGEF12",3.18784446323895,"Not sig"
"DIP2B",2.62109545339241e-08,0.327196007374516,0.433,0.36,0.000654671011393824,"DIP2B",3.18397688906186,"Sig Up"
"KIF9-AS1",2.71265485789323e-08,0.417924888764496,0.287,0.218,0.000677539803855992,"KIF9-AS1",3.16906518593366,"Sig Up"
"SLC25A33",2.75805289757928e-08,0.583603641914005,0.18,0.123,0.000688878872228377,"SLC25A33",3.16185713476496,"Sig Up"
"OTUD7A",2.91646869682724e-08,0.344215358809037,0.448,0.376,0.000728446386406541,"OTUD7A",3.13760240675552,"Sig Up"
"ARMC2",2.92670564157454e-08,0.604409050781636,0.187,0.13,0.000731003268096073,"ARMC2",3.1360806814376,"Sig Up"
"MT-CYB",3.02482421239391e-08,-0.455442125557662,0.196,0.256,0.000755510343529628,"MT-CYB",3.1217595854519,"Sig Down"
"KLHDC1",3.03485437128401e-08,0.539692598071394,0.166,0.113,0.000758015576315608,"KLHDC1",3.12032187004286,"Sig Up"
"AIG1",3.24749955457345e-08,0.308495762913537,0.269,0.201,0.00081112796374581,"AIG1",3.09091062598024,"Sig Up"
"MIRLET7BHG",3.39421788889199e-08,-0.490645281522192,0.225,0.283,0.000847773802108553,"MIRLET7BHG",3.07172000812105,"Sig Down"
"AC027117.2",3.55754594024801e-08,0.345667729639076,0.346,0.274,0.000888568249495745,"AC027117.2",3.05130920911805,"Sig Up"
"RB1",3.76015617417272e-08,-0.549653981614993,0.203,0.259,0.00093917420762312,"RB1",3.02725384288603,"Sig Down"
"AC116366.3",3.76228960612103e-08,0.510454110127507,0.22,0.159,0.000939707074920849,"AC116366.3",3.02700750339099,"Sig Up"
"SYT9",3.86955091782552e-08,0.474486310890113,0.178,0.122,0.00096649773274528,"SYT9",3.01479916042215,"Sig Up"
"SCLT1",4.00563269910506e-08,0.512424749365654,0.185,0.128,0.00100048687925547,"SCLT1",2.99978860248435,"Sig Up"
"AGPAT4",4.15049214568329e-08,0.653636967169618,0.101,0.058,0.00103666842322731,"AGPAT4",2.9843601298112,"Sig Up"
"ZC2HC1A",4.22379132865773e-08,0.568201646975652,0.132,0.084,0.00105497636015884,"ZC2HC1A",2.97675727189955,"Sig Up"
"E2F3",4.56589568920261e-08,0.789767703760898,0.133,0.086,0.00114042376629214,"E2F3",2.94293374062426,"Sig Up"
"ROCK2",4.62483196170949e-08,-0.464991203374436,0.226,0.284,0.00115514427907618,"ROCK2",2.93736376841829,"Sig Down"
"SPATA6",4.62572720827205e-08,0.425341363490758,0.301,0.234,0.00115536788481011,"SPATA6",2.93727970849583,"Sig Up"
"LUC7L3",5.06887927099765e-08,0.341612203241503,0.347,0.276,0.00126605397551708,"LUC7L3",2.89754777870292,"Sig Up"
"AC118549.1",5.3435721078368e-08,0.37390326123621,0.273,0.207,0.0013346640053744,"AC118549.1",2.87462805188568,"Sig Up"
"PCNX2",5.46985456748482e-08,0.729052401086929,0.122,0.076,0.00136620557532068,"PCNX2",2.86448394669404,"Sig Up"
"AL160272.2",5.48097671870292e-08,0.50906924034775,0.238,0.177,0.00136898355503043,"AL160272.2",2.86360176881447,"Sig Up"
"EIF3E",5.71211772584226e-08,0.50389003350895,0.23,0.169,0.00142671564438362,"EIF3E",2.84566257655665,"Sig Up"
"PXN",5.8623209408772e-08,-0.590217105824723,0.071,0.112,0.0014642319014029,"PXN",2.83439013535152,"Sig Down"
"SLC15A2",6.03965314676053e-08,0.426358333058453,0.226,0.165,0.00150852416646638,"SLC15A2",2.8214477280618,"Sig Up"
"PAPOLA",6.22575356154087e-08,-0.492366891821346,0.229,0.284,0.00155500646706606,"PAPOLA",2.80826780046012,"Sig Down"
"FAM49B",6.32820926287346e-08,0.566409896080539,0.14,0.091,0.0015805968275879,"FAM49B",2.80117889406733,"Sig Up"
"ADGRL2",6.37499939678533e-08,-0.554639314137261,0.066,0.106,0.00159228359933507,"ADGRL2",2.79797957814532,"Sig Down"
"FBXL7",6.60308735245651e-08,0.183010097309601,0.808,0.786,0.00164925312802306,"FBXL7",2.78271268355076,"Not sig"
"RHOQ",6.71075113820756e-08,-0.503896510918337,0.183,0.239,0.0016761443117901,"RHOQ",2.77568859243843,"Sig Down"
"FAM13C",6.89812720950078e-08,0.405575740207335,0.17,0.115,0.00172294523311701,"FAM13C",2.7637285271562,"Sig Up"
"NLK",6.91464107240824e-08,0.436983910067735,0.256,0.192,0.00172706990065541,"NLK",2.76269008463603,"Sig Up"
"CDYL",7.32241718171247e-08,-0.620662017645985,0.123,0.172,0.00182892013947632,"CDYL",2.73780525775046,"Sig Down"
"CLMN",7.68924504055408e-08,0.462386223682346,0.235,0.175,0.00192054273377919,"CLMN",2.71657602495389,"Sig Up"
"LIMK2",7.72280213607724e-08,-0.794879239996696,0.08,0.122,0.00192892428952801,"LIMK2",2.7146848181236,"Sig Down"
"LAMP2",7.74312865856616e-08,0.409148754161879,0.208,0.149,0.00193400124505007,"LAMP2",2.7135432506676,"Sig Up"
"ADARB2",7.85114649712657e-08,0.587589901230361,0.143,0.094,0.0019609808605873,"ADARB2",2.70752664507871,"Sig Up"
"N4BP2L2",7.99237917778728e-08,-0.273928832170351,0.548,0.597,0.00199625654723593,"N4BP2L2",2.69978364647086,"Sig Down"
"AL391807.1",8.06995362299801e-08,0.741397720858567,0.105,0.063,0.00201563231641621,"AL391807.1",2.69558868726372,"Sig Up"
"PHF14",8.38101067412654e-08,0.345721301745582,0.341,0.272,0.00209332503607659,"PHF14",2.67916333238054,"Sig Up"
"SEMA6A",8.45394755847561e-08,0.573682976384101,0.171,0.117,0.00211154248168045,"SEMA6A",2.67540017667156,"Sig Up"
"CCNY",8.61749647727538e-08,-0.425012269065732,0.358,0.413,0.00215239209512907,"CCNY",2.66707861161167,"Sig Down"
"TARSL2",8.86359797128757e-08,0.544828806333511,0.119,0.073,0.0022138608652885,"TARSL2",2.65484967674374,"Sig Up"
"LDLRAD3",8.99714686741144e-08,-0.396635252119827,0.3,0.355,0.00224721737307336,"LDLRAD3",2.64835491629458,"Sig Down"
"BORCS5",9.2795869577622e-08,0.607445404948934,0.135,0.087,0.00231776243444026,"BORCS5",2.63493108032196,"Sig Up"
"KLKB1",9.57988046677525e-08,0.579377663686555,0.106,0.063,0.00239276674418645,"KLKB1",2.62109963596666,"Sig Up"
"RASSF8",9.59881000159959e-08,-0.409170909670569,0.348,0.405,0.00239749477409953,"RASSF8",2.62024233080264,"Sig Down"
"SIPA1L1",9.74434203605909e-08,-0.369812572702014,0.487,0.534,0.00243384431034648,"SIPA1L1",2.61370720643463,"Sig Down"
"UBE2E2",9.74981187208886e-08,-0.324187362206539,0.38,0.436,0.00243521051129163,"UBE2E2",2.61346349032587,"Sig Down"
"DAB1",9.85103286799115e-08,-0.587412338327568,0.184,0.237,0.00246049247943815,"DAB1",2.60897795806071,"Sig Down"
"PPP3CA",1.0165612881562e-07,-0.297468014188849,0.462,0.518,0.00253906512942773,"PPP3CA",2.5953261589182,"Sig Down"
"CRYAB",1.02856913157093e-07,-1.11689671849064,0.074,0.112,0.00256905711992472,"CRYAB",2.59022623960585,"Sig Down"
"KIAA0232",1.05618597169701e-07,-0.420700479857158,0.253,0.309,0.00263803570150762,"KIAA0232",2.57871933128289,"Sig Down"
"CAMK1D",1.05730084005863e-07,-0.259173580369549,0.404,0.464,0.00264082030821444,"CAMK1D",2.57826114888997,"Sig Down"
"PLSCR1",1.06511902692245e-07,-0.849262814156298,0.081,0.122,0.00266034779354421,"PLSCR1",2.57506158331501,"Sig Down"
"TNS1",1.11102338028487e-07,-0.435981983090509,0.188,0.246,0.00277500309693752,"TNS1",2.55673652786306,"Sig Down"
"SPON1",1.24582027589219e-07,0.305339806126828,0.475,0.403,0.00311168530309593,"SPON1",2.50700433136092,"Sig Up"
"NRCAM",1.25304019050548e-07,-0.313344792494633,0.663,0.702,0.00312971848382554,"NRCAM",2.50449472520742,"Sig Down"
"TTYH2",1.36762631849852e-07,0.57563252739905,0.131,0.084,0.00341592025571374,"TTYH2",2.46649227642206,"Sig Up"
"TOGARAM1",1.39933026437049e-07,0.354460063677485,0.153,0.101,0.00349510720131818,"TOGARAM1",2.45653949910945,"Sig Up"
"CACNA2D1",1.42428542210851e-07,0.377243710827849,0.34,0.273,0.00355743769880042,"CACNA2D1",2.44886269695109,"Sig Up"
"PRKG1",1.45234269173668e-07,-0.185322372862903,0.807,0.827,0.0036275163411507,"PRKG1",2.4403906224862,"Not sig"
"DENND1A",1.46424850763581e-07,-0.203990431350158,0.567,0.62,0.00365725349752197,"DENND1A",2.43684493609088,"Not sig"
"ZNF518A",1.48076927903175e-07,0.379812358962469,0.303,0.236,0.00369851742823761,"ZNF518A",2.43197233046496,"Sig Up"
"RPGR",1.4863155288672e-07,-0.685083154757934,0.101,0.145,0.0037123702964516,"RPGR",2.4303487108786,"Sig Down"
"CYFIP1",1.5081954022603e-07,-0.548458149119435,0.095,0.139,0.00376701965622556,"CYFIP1",2.42400211365178,"Sig Down"
"PLCB4",1.50950082115621e-07,-0.406974572329947,0.126,0.177,0.00377028020100188,"PLCB4",2.42362637254568,"Sig Down"
"OTUD7B",1.51441233849361e-07,-0.469989692821211,0.252,0.307,0.00378254769785548,"OTUD7B",2.42221558682498,"Sig Down"
"LGI4",1.56877971936991e-07,0.516677055519862,0.202,0.146,0.00391834110507023,"LGI4",2.40689775986719,"Sig Up"
"SIK3",1.60541157184883e-07,0.229393121452503,0.695,0.662,0.00400983648300683,"SIK3",2.39687333709946,"Not sig"
"KCTD13",1.66107042494649e-07,-0.634242334141811,0.126,0.173,0.00414885560038886,"KCTD13",2.38207168039051,"Sig Down"
"TMEM108",1.66514304323102e-07,0.412352013153593,0.314,0.25,0.00415902777907812,"TMEM108",2.38100817887526,"Sig Up"
"YPEL2",1.73502658242863e-07,0.564474081141303,0.129,0.084,0.00433357589493199,"YPEL2",2.3631535931323,"Sig Up"
"PLXNB1",1.74719446466097e-07,0.362064433428023,0.357,0.288,0.00436396761438371,"PLXNB1",2.36011848103205,"Sig Up"
"MYO5A",1.78096301368383e-07,0.436669000514912,0.206,0.148,0.0044483113192781,"MYO5A",2.35180482585197,"Sig Up"
"MYO1D",1.80525308699054e-07,0.672642548182146,0.128,0.084,0.00450898063537627,"MYO1D",2.34592162984475,"Sig Up"
"NCAN",1.82562099205142e-07,0.312327540301248,0.35,0.279,0.00455985355184683,"NCAN",2.34104910528428,"Sig Up"
"PSAT1",1.83351237284898e-07,-0.637921147213265,0.184,0.232,0.00457956385366489,"PSAT1",2.33917588115904,"Sig Down"
"SNCAIP",1.83772819121429e-07,0.45395133527222,0.172,0.12,0.00459009370319593,"SNCAIP",2.33817844858789,"Sig Up"
"MAML3",2.1574172155533e-07,0.417233905857381,0.163,0.111,0.00538858097928747,"MAML3",2.26852558620514,"Sig Up"
"ZEB1",2.27872639954697e-07,-0.261878692903348,0.409,0.466,0.00569157492814848,"ZEB1",2.24476754239889,"Sig Down"
"PEBP1",2.29551438152324e-07,0.462110228176393,0.133,0.086,0.0057335062707306,"PEBP1",2.24157970816828,"Sig Up"
"PSEN1",2.39515880544719e-07,0.462915617295004,0.214,0.157,0.00598238814836544,"PSEN1",2.22312541256439,"Sig Up"
"ANO5",2.47154879079006e-07,0.550456475887654,0.166,0.116,0.00617318741475634,"ANO5",2.20949053787835,"Sig Up"
"SLC19A1",2.47705811853553e-07,-0.712439648737542,0.068,0.106,0.0061869480626662,"SLC19A1",2.2085235297198,"Sig Down"
"RELL1",2.54530720667951e-07,-0.691246975784679,0.101,0.144,0.00635741381012341,"RELL1",2.19671951900778,"Sig Down"
"KBTBD12",2.54814119027928e-07,0.665381793941044,0.116,0.073,0.00636449225096056,"KBTBD12",2.19623623794934,"Sig Up"
"AC098829.1",2.598695456935e-07,0.469078458767958,0.179,0.126,0.00649076164278655,"AC098829.1",2.18770433896982,"Sig Up"
"FADS2",2.63414895217882e-07,0.599907845883039,0.172,0.122,0.00657931383785705,"FADS2",2.18181939695914,"Sig Up"
"SLC25A13",2.67832033493299e-07,0.388487616197289,0.253,0.191,0.00668964070056212,"SLC25A13",2.17459720748683,"Sig Up"
"KCNJ3",2.77168746166875e-07,0.556385737299974,0.107,0.065,0.00692284377301003,"KCNJ3",2.15971546894977,"Sig Up"
"KIZ",2.95508991008803e-07,0.587825815046032,0.169,0.118,0.00738092806842687,"KIZ",2.13188902711249,"Sig Up"
"ME1",2.99145027366872e-07,-0.524685943537769,0.174,0.224,0.00747174534854236,"ME1",2.12657793811729,"Sig Down"
"FOXP1",3.01220903910392e-07,-0.271729753599323,0.446,0.497,0.00752359451696987,"FOXP1",2.12357461872876,"Sig Down"
"MMP28",3.02015251232686e-07,0.720737341491307,0.114,0.072,0.0075434349300388,"MMP28",2.12243085154822,"Sig Up"
"SLC11A2",3.0999037257928e-07,0.547708489813542,0.108,0.066,0.00774262953591268,"SLC11A2",2.11111152006721,"Sig Up"
"EML6",3.10660664980066e-07,0.387377646533461,0.276,0.213,0.0077593714292071,"EML6",2.11017345862371,"Sig Up"
"FBN1",3.26321023889082e-07,0.523504554149675,0.109,0.068,0.00815052021367761,"FBN1",2.08881467117174,"Sig Up"
"RAB30",3.35702643791035e-07,0.41199491606231,0.279,0.218,0.00838484493396867,"RAB30",2.07650496465533,"Sig Up"
"NSMF",3.38522865466621e-07,0.449702077630024,0.211,0.155,0.00845528561075979,"NSMF",2.07287171780226,"Sig Up"
"ACACA",3.42319090344141e-07,0.32804152144942,0.351,0.285,0.0085501039195256,"ACACA",2.06802860674525,"Sig Up"
"PLA2G4C",3.51368438929894e-07,0.440088165378899,0.196,0.141,0.00877612949915196,"PLA2G4C",2.05669697700671,"Sig Up"
"RNF170",3.53374940385351e-07,0.479080682268577,0.139,0.092,0.00882624588600492,"RNF170",2.0542239779258,"Sig Up"
"MYO9A",3.57984628939573e-07,-0.340189657811677,0.361,0.413,0.00894138207702372,"MYO9A",2.04859534674841,"Sig Down"
"TSPAN9",3.6432851082803e-07,-0.631490768666983,0.081,0.121,0.0090998332149517,"TSPAN9",2.04096656751296,"Sig Down"
"PHTF2",3.70908090968955e-07,0.530700600028855,0.103,0.063,0.00926417138813158,"PHTF2",2.03319341904936,"Sig Up"
"MYO15B",3.71373198841072e-07,0.499809531816752,0.104,0.064,0.00927578838745346,"MYO15B",2.03264916766768,"Sig Up"
"SETD5",3.73958157437069e-07,-0.298201423759471,0.388,0.442,0.00934035289830567,"SETD5",2.02963671489501,"Sig Down"
"ETNPPL",3.86567709904695e-07,0.434044474487235,0.203,0.148,0.00965530169028956,"ETNPPL",2.01523415167423,"Sig Up"
"FAM124A",3.89985854575893e-07,0.645340417629716,0.105,0.065,0.00974067668974209,"FAM124A",2.01141087141578,"Sig Up"
"PREX2",3.97881086119723e-07,0.245122126411322,0.636,0.583,0.00993787588801232,"PREX2",2.0027064313667,"Not sig"
"GRM8",4.00679840678435e-07,-0.552036661501852,0.081,0.122,0.0100077803806253,"GRM8",1.9996622337432,"Sig Down"
"MAPT",4.03946564703816e-07,0.269970223576466,0.456,0.386,0.0100893733466072,"MAPT",1.99613580705963,"Sig Up"
"PDS5B",4.05455328594296e-07,-0.341287373703105,0.287,0.346,0.0101270577422997,"PDS5B",1.99451671376004,"Sig Down"
"NEDD4L",4.09586735520067e-07,-0.443097561100608,0.326,0.377,0.0102302478930847,"NEDD4L",1.99011384260315,"Sig Down"
"PBX1",4.15336019690376e-07,0.222567280632284,0.631,0.562,0.0103738477638065,"PBX1",1.98406012956625,"Not sig"
"WDPCP",4.17417715103029e-07,0.395738704849656,0.293,0.232,0.0104258422701284,"WDPCP",1.98188884968821,"Sig Up"
"ZHX3",4.18329040377683e-07,0.215007091057613,0.609,0.548,0.0104486044415134,"ZHX3",1.9809417118327,"Not sig"
"FMNL2",4.21265873684797e-07,0.160892623591966,0.79,0.751,0.0105219577270252,"FMNL2",1.97790344735511,"Not sig"
"MEGF9",4.38927049828499e-07,-0.429394361779378,0.298,0.35,0.0109630809235664,"MEGF9",1.96006738015135,"Sig Down"
"DDX17",4.41466345583664e-07,0.185190140298148,0.703,0.68,0.0110265049136432,"DDX17",1.95756212466389,"Not sig"
"ADGRV1",4.62467169646763e-07,0.144542948345292,0.891,0.862,0.0115510424962672,"ADGRV1",1.937378818374,"Not sig"
"ARHGAP21",4.62801959176674e-07,0.272647456665115,0.464,0.399,0.0115594045343558,"ARHGAP21",1.93706453737779,"Sig Up"
"CLU",4.75714294412088e-07,-0.294989250487176,0.485,0.539,0.0118819159315307,"CLU",1.92511352472498,"Sig Down"
"FREM2",4.87959227002812e-07,0.569923026879159,0.114,0.072,0.0121877576128492,"FREM2",1.91407619150621,"Sig Up"
"LDLRAD4",4.91292236099314e-07,-0.478253869620457,0.36,0.407,0.0122710061810526,"LDLRAD4",1.91111982513257,"Sig Down"
"RYR3",4.9616607068768e-07,0.130077431081585,0.817,0.754,0.0123927399475662,"RYR3",1.90683266355494,"Not sig"
"WBP2NL",5.05116342928201e-07,0.657591667764393,0.16,0.112,0.0126162908973177,"WBP2NL",1.89906830591541,"Sig Up"
"CRY2",5.08021223694855e-07,0.815098634801857,0.112,0.072,0.0126888461042264,"CRY2",1.89657786989524,"Sig Up"
"CPQ",5.13124741809565e-07,0.273368459635778,0.43,0.364,0.0128163166761775,"CPQ",1.89223677021916,"Sig Up"
"XPO1",5.13157328362005e-07,-0.357535441030917,0.317,0.371,0.0128171305904978,"XPO1",1.89220919074501,"Sig Down"
"IZUMO4",5.4622602666171e-07,0.716093164685918,0.111,0.07,0.0136430874679295,"IZUMO4",1.86508733653056,"Sig Up"
"SUCLG2",5.50129375176707e-07,0.458026314320325,0.221,0.166,0.0137405814037886,"SUCLG2",1.86199489063054,"Sig Up"
"DLC1",5.98317534332074e-07,-0.324230278000659,0.467,0.515,0.0149441770550122,"DLC1",1.82552799566703,"Sig Down"
"RAB30-AS1",5.98626264173487e-07,0.370024181977982,0.165,0.114,0.0149518882002612,"RAB30-AS1",1.82530395896678,"Sig Up"
"ZNF248",6.00116314889159e-07,0.350590172488157,0.246,0.187,0.0149891051969865,"ZNF248",1.82422429240924,"Sig Up"
"TNC",6.07554845368939e-07,0.597302351442843,0.108,0.068,0.01517489737278,"TNC",1.81887423735887,"Sig Up"
"CBFB",6.11902082083073e-07,-0.448773271323246,0.149,0.198,0.0152834783041889,"CBFB",1.8157777952102,"Sig Down"
"COL4A5",6.12736786594891e-07,0.355343908194994,0.238,0.178,0.0153043267187806,"COL4A5",1.81518577150605,"Sig Up"
"PER3",6.42118280668877e-07,0.346746809372858,0.305,0.243,0.0160381882962666,"PER3",1.79484469199777,"Sig Up"
"MKL1",6.52900200072782e-07,-0.310639490210284,0.299,0.358,0.0163074882972179,"MKL1",1.78761292446916,"Sig Down"
"PPARGC1A",6.53933991329288e-07,0.397432891449608,0.217,0.161,0.0163333093014316,"PPARGC1A",1.78692581368686,"Sig Up"
"CHL1",6.64295933459557e-07,-0.415667842216873,0.359,0.405,0.0165921195300194,"CHL1",1.7800981322761,"Sig Down"
"RAPGEF3",7.04312531577349e-07,0.412375927757569,0.328,0.266,0.0175916141012074,"RAPGEF3",1.75469431045231,"Sig Up"
"SKI",7.10169946259806e-07,-0.458790472130866,0.111,0.156,0.0177379147477312,"SKI",1.75109743674686,"Sig Down"
"ARHGAP6",7.19044314262198e-07,-0.713334258265442,0.071,0.108,0.0179595698373269,"ARHGAP6",1.74570406964603,"Sig Down"
"AC091948.1",7.40857195649111e-07,0.382256429049225,0.179,0.127,0.0185043901757278,"AC091948.1",1.73272522279153,"Sig Up"
"IL6R",7.49204596706619e-07,-0.622966807621219,0.069,0.106,0.0187128832119412,"IL6R",1.72785929285451,"Sig Down"
"DLG1",7.54485399956702e-07,0.461255192568946,0.401,0.355,0.0188447818347185,"DLG1",1.72480888599503,"Sig Up"
"ANTXR1",7.86003493964043e-07,0.430487827436367,0.232,0.175,0.0196320092687399,"ANTXR1",1.70703524957624,"Sig Up"
"STOX2",8.6683117757915e-07,0.289573851616531,0.16,0.11,0.0216508423223944,"STOX2",1.66452520282785,"Sig Up"
"DSE",9.05074733763731e-07,0.426265547182218,0.153,0.105,0.0226060516252167,"DSE",1.64577528494,"Sig Up"
"COL23A1",9.35904075239926e-07,-0.506219984464892,0.086,0.125,0.0233760760872676,"COL23A1",1.6312283878135,"Sig Down"
"LIPE-AS1",9.51000142648105e-07,0.387899185486957,0.143,0.097,0.0237531305629217,"LIPE-AS1",1.62427914407683,"Sig Up"
"TSHZ2",9.59572869114105e-07,-0.670580822460334,0.123,0.167,0.023967251551863,"TSHZ2",1.62038176589531,"Sig Down"
"KCTD8",9.81818096188014e-07,0.274677181713473,0.357,0.292,0.024522870588488,"KCTD8",1.61042869370621,"Sig Up"
"SREBF2",1.02663523262107e-06,0.304884587748703,0.301,0.237,0.0256422682051766,"SREBF2",1.59104356162501,"Sig Up"
"PHF21A",1.04451435277178e-06,-0.249381458992786,0.447,0.497,0.0260888349891808,"PHF21A",1.58354531411813,"Not sig"
"ITGA7",1.06315193493817e-06,0.603496230154188,0.165,0.118,0.0265543458789506,"ITGA7",1.5758643922174,"Sig Up"
"POU3F2",1.11422140707659e-06,0.444336632441463,0.106,0.066,0.0278299080845519,"POU3F2",1.55548822803311,"Sig Up"
"ADAMTS10",1.12866881584008e-06,-0.561409890424408,0.091,0.132,0.0281907610132378,"ADAMTS10",1.54989320013447,"Sig Down"
"SH3RF3",1.13812554378852e-06,-0.47047669020337,0.17,0.218,0.0284269617072059,"SH3RF3",1.54626955551559,"Sig Down"
"WDR7",1.20385916839904e-06,0.253491944113907,0.301,0.235,0.0300687904491027,"WDR7",1.52188404153186,"Sig Up"
"ACP6",1.20682386780738e-06,0.506586941267607,0.123,0.081,0.0301428397462249,"ACP6",1.52081583536512,"Sig Up"
"RCOR3",1.23035264419861e-06,0.383811118141436,0.201,0.149,0.0307305179941487,"RCOR3",1.51243011920654,"Sig Up"
"WWTR1",1.23690396627551e-06,-0.39501620376044,0.261,0.314,0.0308941503656634,"WWTR1",1.51012374401884,"Sig Down"
"TMEM132B",1.2574332184934e-06,0.262974712831799,0.298,0.235,0.0314069094983096,"TMEM132B",1.50297479693054,"Sig Up"
"GABPB1-AS1",1.281608341064e-06,0.368020214309756,0.205,0.15,0.0320107315347556,"GABPB1-AS1",1.49470440089875,"Sig Up"
"STK38",1.37143588167822e-06,-0.557047702943063,0.108,0.15,0.0342543540166769,"STK38",1.46528421817928,"Sig Down"
"BTBD8",1.41162023555435e-06,0.50501682142134,0.147,0.101,0.0352580386234411,"BTBD8",1.45274185082027,"Sig Up"
"CYTH3",1.42930687832678e-06,-0.600227544506054,0.113,0.154,0.035699797899968,"CYTH3",1.4473342424642,"Sig Down"
"DNAJC5",1.46565128206678e-06,-0.40077093886392,0.122,0.167,0.036607572072182,"DNAJC5",1.43642907392152,"Sig Down"
"TFDP2",1.50958608250893e-06,0.371548639567325,0.249,0.191,0.0377049315828255,"TFDP2",1.42360184292054,"Sig Up"
"USP40",1.59906434246797e-06,0.359786620030832,0.22,0.165,0.0399398300818224,"USP40",1.39859378710387,"Sig Up"
"PDCD6IP",1.62224210894813e-06,0.46050019462472,0.174,0.125,0.0405187411551974,"PDCD6IP",1.39234405585479,"Sig Up"
"CTNNA1",1.68261742773796e-06,-0.244311802485976,0.296,0.353,0.042026735492611,"CTNNA1",1.37647434334234,"Not sig"
"ITGB1BP1",1.72271912053735e-06,-0.790035491236236,0.067,0.101,0.0430283554736615,"ITGB1BP1",1.36624525215966,"Sig Down"
"SQSTM1",1.78117880886285e-06,-0.459885658405781,0.122,0.165,0.0444885031089674,"SQSTM1",1.35175220657949,"Sig Down"
"FOXN3",1.79841989457934e-06,-0.245060629530865,0.536,0.579,0.0449191337069081,"FOXN3",1.34756862796573,"Not sig"
"PURA",1.81794422862895e-06,0.503123841684266,0.151,0.106,0.0454067929984652,"PURA",1.34287917046754,"Sig Up"
"ANKRD36",1.86978024805098e-06,0.387814490784129,0.201,0.149,0.0467015012555692,"ANKRD36",1.33066915848035,"Sig Up"
"HIBADH",2.08924627671235e-06,0.513644910260478,0.166,0.119,0.0521831042534443,"HIBADH",1.28247008928254,"Not sig"
"CLDN10",2.26316897566097e-06,0.418535225287891,0.146,0.101,0.056527171505084,"CLDN10",1.24774274513367,"Not sig"
"SEM1",2.26631410102963e-06,-0.42696697131225,0.246,0.294,0.0566057273014172,"SEM1",1.24713962517985,"Not sig"
"POT1-AS1",2.28548963784585e-06,0.402513595903323,0.136,0.093,0.0570846746844757,"POT1-AS1",1.24348046957029,"Not sig"
"YARS",2.36306768659988e-06,-0.523745537232928,0.102,0.143,0.0590223416082052,"YARS",1.22898356462004,"Not sig"
"PRDM5",2.39472849688971e-06,0.40916771993973,0.141,0.097,0.0598131336668142,"PRDM5",1.22320344389195,"Not sig"
"METTL15",2.43063697798774e-06,0.247579916639251,0.346,0.281,0.0607100197991999,"METTL15",1.21673962549171,"Not sig"
"MSI2",2.47382633745966e-06,-0.153280578718662,0.887,0.911,0.06178876043073,"MSI2",1.20909051725498,"Not sig"
"SYT11",2.48775364387559e-06,0.466279824519833,0.156,0.11,0.0621366227630806,"SYT11",1.2066523551238,"Not sig"
"ZC3H6",2.51358821665751e-06,0.547327984328569,0.124,0.083,0.0627818928874546,"ZC3H6",1.20216559436736,"Not sig"
"DZIP3",2.52219071654864e-06,0.430582805018732,0.134,0.091,0.0629967575272355,"DZIP3",1.20068180331259,"Not sig"
"RBM14-RBM4",2.56665651904965e-06,-0.688771515970735,0.086,0.123,0.0641073798763031,"RBM14-RBM4",1.19309197274217,"Not sig"
"BMP2K",2.64411527890974e-06,0.315446563097456,0.43,0.372,0.0660420673213287,"BMP2K",1.18017934043358,"Not sig"
"SLC48A1",2.67221785708857e-06,0.571866626711608,0.106,0.068,0.0667439854165011,"SLC48A1",1.17558786431717,"Not sig"
"RPL37A",2.6759307912233e-06,-0.707495485124111,0.077,0.113,0.0668367233723844,"RPL37A",1.17498484926598,"Not sig"
"LSS",2.75995498695223e-06,0.445185341688134,0.196,0.145,0.068935395709106,"LSS",1.16155772709148,"Not sig"
"TMEM220-AS1",2.90913190335842e-06,0.512778150386552,0.132,0.09,0.0726613875501833,"TMEM220-AS1",1.13869631305692,"Not sig"
"MSN",2.94478277069921e-06,-0.656123665893157,0.082,0.118,0.0735518392637541,"MSN",1.1334064626766,"Not sig"
"RBMX",2.99772999443273e-06,0.363412881421889,0.224,0.171,0.0748743020709464,"RBMX",1.12566721279161,"Not sig"
"METRN",3.16361767380757e-06,0.397018748674686,0.156,0.11,0.0790176786386916,"METRN",1.10227573306023,"Not sig"
"CEP85L",3.34430214575501e-06,0.336503830818778,0.391,0.332,0.0835306346945228,"CEP85L",1.0781542186626,"Not sig"
"ZNF827",3.48316954527561e-06,0.30908556439106,0.241,0.186,0.0869991257323488,"ZNF827",1.06048511165178,"Not sig"
"SAMD12",3.57704262517182e-06,0.384795611229526,0.236,0.183,0.0893437936489165,"SAMD12",1.04893561078727,"Not sig"
"LATS2",3.61626842247752e-06,-0.606592277396108,0.071,0.106,0.0903235363882209,"LATS2",1.04419906705492,"Not sig"
"AC239809.3",3.68752709851092e-06,0.565389374432761,0.122,0.083,0.0921033643395073,"AC239809.3",1.03572450566203,"Not sig"
"CACNB2",3.71679040711202e-06,-0.267500902684586,0.696,0.701,0.0928342739984368,"CACNB2",1.03229165459669,"Not sig"
"CD47",3.76380579933603e-06,0.509753533577462,0.157,0.113,0.0940085774500161,"CD47",1.02683251906772,"Not sig"
"MFAP3L",3.77967238879407e-06,-0.252517342952255,0.224,0.277,0.0944048772549095,"MFAP3L",1.02500556809412,"Not sig"
"LINC01004",3.88255784450546e-06,0.359773238507299,0.225,0.172,0.0969746472822129,"LINC01004",1.01334179134809,"Not sig"
"HIVEP1",3.88865960337531e-06,-0.402805004318809,0.214,0.261,0.0971270509135051,"HIVEP1",1.01265979762718,"Not sig"
"TPM1",3.90599627041177e-06,-0.587287472390669,0.094,0.132,0.0975600688460748,"TPM1",1.01072790188578,"Not sig"
"LAMA1",3.942416367099e-06,0.423844820466969,0.21,0.159,0.0984697336010318,"LAMA1",1.0066972370146,"Not sig"
"FAR1",4.06019331893094e-06,0.387673772081208,0.219,0.166,0.101411448526938,"FAR1",0.993913013923653,"Not sig"
"ADAM23",4.22767423468067e-06,0.634366569885178,0.107,0.07,0.105594619359619,"ADAM23",0.97635821098745,"Not sig"
"NADK2",4.33493819571213e-06,0.350132367630195,0.263,0.207,0.108273751314302,"NADK2",0.965476816145202,"Not sig"
"CAMK2G",4.34975934027964e-06,0.203298839545294,0.524,0.457,0.108643939042165,"CAMK2G",0.963994496807465,"Not sig"
"VGLL4",4.35247290350988e-06,-0.297578115721632,0.324,0.376,0.108711715710966,"VGLL4",0.963723650077024,"Not sig"
"MAN1A1",4.37790343032405e-06,-0.544304423757238,0.07,0.105,0.109346893979204,"MAN1A1",0.96119354867436,"Not sig"
"ANKRD11",4.46917394476304e-06,-0.367681558237236,0.296,0.346,0.111626557618346,"ANKRD11",0.952232467988431,"Not sig"
"MAP4",4.68475959539324e-06,-0.264612197076786,0.46,0.496,0.117011240414137,"MAP4",0.931772416755084,"Not sig"
"EFCAB11",4.728343689436e-06,0.500403469351856,0.1,0.064,0.118099840331043,"EFCAB11",0.927750689544773,"Not sig"
"CCDC85A",4.88135616140605e-06,-0.526293745899352,0.096,0.135,0.121921632843439,"CCDC85A",0.913919229648284,"Not sig"
"PCDH7",4.99078596966111e-06,0.226646343173448,0.411,0.343,0.124654861164226,"PCDH7",0.90429078065292,"Not sig"
"HPCAL1",5.03636402447402e-06,-0.618451391091313,0.083,0.119,0.125793264239288,"HPCAL1",0.900342613119899,"Not sig"
"CD99",5.06437723103642e-06,-0.622434974952802,0.095,0.132,0.126492950099597,"CD99",0.897933678584307,"Not sig"
"PDGFRB",5.09352515034231e-06,-0.528545009857594,0.15,0.192,0.1272209776801,"PDGFRB",0.895441271238335,"Not sig"
"MGAT5",5.09399622306946e-06,-0.332988185187304,0.283,0.334,0.127232743663606,"MGAT5",0.895401107536365,"Not sig"
"SMS",5.28114678990565e-06,-0.504310352995487,0.075,0.109,0.131907203371474,"SMS",0.879731487250747,"Not sig"
"MALRD1",5.30125831095943e-06,0.654687133748577,0.102,0.066,0.132409528832834,"MALRD1",0.878080759831302,"Not sig"
"SNED1",5.46382993674194e-06,-0.725746423360474,0.188,0.232,0.136470080330003,"SNED1",0.864962552812756,"Not sig"
"USO1",5.46615373066042e-06,0.40175207072062,0.144,0.101,0.136528121730705,"USO1",0.864777884487204,"Not sig"
"UBE2D3",5.4766565903396e-06,-0.365108182753406,0.313,0.359,0.136790451656912,"UBE2D3",0.863944216486075,"Not sig"
"CCDC102B",5.53786513208068e-06,0.45443948724924,0.11,0.073,0.138319257403979,"CCDC102B",0.85911735132913,"Not sig"
"CDIP1",5.88498437572456e-06,0.494463022557822,0.129,0.09,0.146989254752472,"CDIP1",0.832714412001983,"Not sig"
"LPIN1",5.96695467884331e-06,0.28274237291701,0.365,0.306,0.149036627013469,"LPIN1",0.826706986922965,"Not sig"
"EPB41L2",6.19723246650772e-06,0.26723393866771,0.372,0.311,0.154788275315963,"EPB41L2",0.810261938733383,"Not sig"
"GNAS",6.21176293452729e-06,-0.324024033672444,0.23,0.28,0.155151202815688,"GNAS",0.809244853182031,"Not sig"
"MPRIP",6.34410598190409e-06,-0.330640964269016,0.262,0.313,0.158456735110018,"MPRIP",0.800089296650696,"Not sig"
"AHDC1",6.40096605105354e-06,-0.491886046760114,0.135,0.177,0.159876929057164,"AHDC1",0.796214202332978,"Not sig"
"TNKS",6.47305800566461e-06,0.248075767857254,0.414,0.348,0.161677569807485,"TNKS",0.791350227369616,"Not sig"
"ITGB3BP",6.47740883078756e-06,-0.67441601301671,0.089,0.124,0.161786240366581,"ITGB3BP",0.791058417130251,"Not sig"
"CYP27A1",6.49871400318583e-06,0.472616989250941,0.115,0.077,0.162318379657573,"CYP27A1",0.789632301295604,"Not sig"
"SUSD6",6.5382434942671e-06,-0.562932618285786,0.079,0.113,0.163305707756309,"SUSD6",0.786998635816001,"Not sig"
"DENND4A",6.63391466619253e-06,-0.326682706420884,0.34,0.386,0.165695286617491,"DENND4A",0.780689845383494,"Not sig"
"GSE1",6.66186547224201e-06,-0.41500558193649,0.18,0.227,0.166393413900189,"GSE1",0.778863867729262,"Not sig"
"BCLAF3",6.73494003633055e-06,0.481654219947009,0.1,0.065,0.168218597287428,"BCLAF3",0.774125992766197,"Not sig"
"GAPDH",6.83427410519222e-06,-0.799342622226229,0.11,0.147,0.170699664325386,"GAPDH",0.767767332908558,"Not sig"
"C21orf62-AS1",6.90989364841802e-06,0.402091512270603,0.16,0.116,0.172588413656537,"C21orf62-AS1",0.762988363046823,"Not sig"
"LINC02256",6.9872786731973e-06,0.514874827102656,0.127,0.087,0.174521259420449,"LINC02256",0.758151661618189,"Not sig"
"AP003108.2",7.14524286795759e-06,0.500011937058105,0.138,0.097,0.178466731112977,"AP003108.2",0.74844273104018,"Not sig"
"GPAM",7.28009460248518e-06,0.666765037170928,0.112,0.075,0.181834922886272,"GPAM",0.740322703290887,"Not sig"
"ID2",7.34283199642749e-06,0.233833400414105,0.113,0.074,0.18340191477477,"ID2",0.736596134468748,"Not sig"
"GPT2",8.00140899775143e-06,-0.454063726598174,0.181,0.225,0.199851192536838,"GPT2",0.69929325590714,"Not sig"
"BCAS3",8.17925136759993e-06,0.232033098659934,0.596,0.541,0.204293161408544,"BCAS3",0.689746170872407,"Not sig"
"IL6ST",8.27217533185035e-06,-0.403550440095553,0.169,0.213,0.206614123263626,"IL6ST",0.684839995276131,"Not sig"
"LRRC28",8.59018578230064e-06,0.575051056097716,0.115,0.078,0.214557070284523,"LRRC28",0.668457169619023,"Not sig"
"SLC35G2",8.59481652729369e-06,-0.534896223776025,0.101,0.138,0.214672732402214,"SLC35G2",0.668223115877275,"Not sig"
"ATP2B1",8.61848292086014e-06,0.424009683878661,0.117,0.079,0.215263847914324,"ATP2B1",0.667028900829801,"Not sig"
"NCK1",8.6381909774074e-06,-0.71994315727684,0.073,0.105,0.215756096042705,"NCK1",0.666036924742271,"Not sig"
"FSTL3",8.64249889949956e-06,0.674982031236217,0.115,0.079,0.2158636950128,"FSTL3",0.665820393244377,"Not sig"
"GLB1",8.64389981602437e-06,-0.532868678263737,0.125,0.164,0.215898685704841,"GLB1",0.665750001449339,"Not sig"
"CERS4",8.69557897116249e-06,0.406942044086295,0.196,0.148,0.217189475962726,"CERS4",0.663161222554865,"Not sig"
"UBE2H",8.71883901390288e-06,-0.323081975975462,0.31,0.356,0.217770442050252,"UBE2H",0.662001067305701,"Not sig"
"DGLUCY",8.75530400438132e-06,0.390965970094155,0.29,0.236,0.218681228117432,"DGLUCY",0.660188495768562,"Not sig"
"SRSF11",9.31611821046257e-06,0.3321094190822,0.208,0.158,0.232688684542724,"SRSF11",0.633224735579369,"Not sig"
"ST7",9.33402957729651e-06,0.295335359070693,0.418,0.362,0.233136056752135,"ST7",0.632390553431385,"Not sig"
"HMGB1",9.34231179441026e-06,-0.422925794584192,0.417,0.454,0.233342921688985,"HMGB1",0.632005368629434,"Not sig"
"TTC8",9.39687540036942e-06,0.501104616069843,0.104,0.068,0.234705756875027,"TTC8",0.629476257873096,"Not sig"
"GRB10",9.73253027086298e-06,-0.639593675963421,0.094,0.13,0.243089408575345,"GRB10",0.614233962989197,"Not sig"
"NDE1",1.01628836658939e-05,0.492180121569171,0.101,0.066,0.253838345323033,"NDE1",0.595442771901256,"Not sig"
"NBPF26",1.04345972522512e-05,-0.504247014974953,0.101,0.138,0.260624935569478,"NBPF26",0.583984035046478,"Not sig"
"ACVR1",1.04956104851434e-05,-0.5688238214597,0.108,0.146,0.262148863087427,"ACVR1",0.581452021436536,"Not sig"
"APBA1",1.06147206047043e-05,0.390750880830577,0.202,0.155,0.265123876543699,"APBA1",0.576551158784316,"Not sig"
"SAT1",1.09359918706909e-05,-0.700667265742238,0.091,0.125,0.273148268954247,"SAT1",0.56360154743203,"Not sig"
"KAT2B",1.11016262674208e-05,0.288429748908094,0.36,0.303,0.277285319281368,"KAT2B",0.557073123295812,"Not sig"
"HDAC7",1.11031943669466e-05,-0.505194252704835,0.098,0.135,0.277324485703224,"HDAC7",0.557011783735049,"Not sig"
"HPSE2",1.11629052516673e-05,0.16649032487338,0.556,0.485,0.278815884470894,"HPSE2",0.554682487598617,"Not sig"
"MICAL3",1.11896618000849e-05,0.345597354964125,0.268,0.215,0.27948418278072,"MICAL3",0.553642765686078,"Not sig"
"FBXO34",1.12330825298791e-05,-0.551933871077446,0.1,0.136,0.28056870234879,"FBXO34",0.551960776484103,"Not sig"
"HSPA9",1.15391525366973e-05,-0.681868419471451,0.096,0.132,0.288213412909087,"HSPA9",0.540285811804975,"Not sig"
"CEP350",1.15908053359007e-05,-0.344120008391619,0.291,0.337,0.289503544874791,"CEP350",0.538346114112243,"Not sig"
"TNIK",1.16800720864023e-05,0.127668857275046,0.818,0.77,0.291733160502069,"TNIK",0.535014203018995,"Not sig"
"FOXO3",1.19091050253191e-05,-0.315085138910045,0.407,0.441,0.297453716217395,"FOXO3",0.526580600877102,"Not sig"
"ZNF736",1.20609225243829e-05,0.539278467256818,0.101,0.066,0.301245661891511,"ZNF736",0.521079198459047,"Not sig"
"MXI1",1.23026353188648e-05,-0.352425927869557,0.342,0.388,0.307282922359286,"MXI1",0.512461575543229,"Not sig"
"RPRD2",1.24920781322145e-05,0.338031967061691,0.321,0.265,0.312014635508322,"RPRD2",0.505825034278255,"Not sig"
"MFF",1.27471925276357e-05,0.460819960219635,0.128,0.089,0.318386627762757,"MFF",0.497045180918039,"Not sig"
"PCLO",1.32453148958973e-05,0.342662609674148,0.111,0.074,0.330828230154827,"PCLO",0.480397438426149,"Not sig"
"TANC2",1.32605768083272e-05,0.276572011409728,0.233,0.18,0.331209426941588,"TANC2",0.479897310744497,"Not sig"
"RPS6KA3",1.32758110733395e-05,-0.445391972576748,0.116,0.155,0.331589933178801,"RPS6KA3",0.479398662775748,"Not sig"
"ZNF83",1.33073195786458e-05,-0.396065084226969,0.152,0.194,0.332376921115835,"ZNF83",0.478369139460767,"Not sig"
"NAPEPLD",1.34112249169759e-05,0.41338672384168,0.119,0.081,0.334972164751306,"NAPEPLD",0.47499128011887,"Not sig"
"MGA",1.35133240454712e-05,0.370330775858143,0.214,0.164,0.337522294683735,"MGA",0.471697535015675,"Not sig"
"ARAP2",1.36038314590371e-05,0.199582895016108,0.576,0.519,0.339782898352369,"ARAP2",0.46879848343667,"Not sig"
"SLC38A2",1.38234653576311e-05,-0.414898134710931,0.159,0.202,0.345268694237551,"SLC38A2",0.46184279766051,"Not sig"
"SEMA4D",1.4349980001311e-05,0.430945503448285,0.163,0.12,0.358419450492744,"SEMA4D",0.445608430336754,"Not sig"
"TCF25",1.43675438957312e-05,-0.418942770073192,0.175,0.218,0.358858143883678,"TCF25",0.445077193492944,"Not sig"
"HSPB8",1.45152154886331e-05,-0.447467837115325,0.102,0.139,0.362546537259588,"HSPB8",0.440636238533454,"Not sig"
"MTERF1",1.4563481797581e-05,0.281781221687826,0.181,0.134,0.363752084858182,"MTERF1",0.43919450882443,"Not sig"
"GRID1",1.49894615074324e-05,0.208598975841609,0.482,0.416,0.374391780071139,"GRID1",0.426673694947112,"Not sig"
"GLCCI1",1.5584436365038e-05,0.395325790314564,0.188,0.141,0.389252467089555,"GLCCI1",0.409768626184416,"Not sig"
"AC099669.1",1.57191672724358e-05,0.428166391969866,0.119,0.082,0.392617640963628,"AC099669.1",0.406030190724201,"Not sig"
"CAMK2N1",1.63672680586734e-05,0.392585286738118,0.124,0.086,0.408805254301486,"CAMK2N1",0.38848353092746,"Not sig"
"MAOB",1.64739917773606e-05,-0.494391680862377,0.219,0.262,0.411470892623135,"MAOB",0.385660881278593,"Not sig"
"PNPLA7",1.65202881949389e-05,0.231696436902911,0.209,0.158,0.412627238244989,"PNPLA7",0.384442106878993,"Not sig"
"PPFIBP1",1.70992192366916e-05,-0.33062792235685,0.132,0.173,0.427087198874846,"PPFIBP1",0.369483445527831,"Not sig"
"R3HDM1",1.72719263533829e-05,0.306475858330726,0.274,0.22,0.431400904528445,"R3HDM1",0.365118948637043,"Not sig"
"AC027644.4",1.75740984440661e-05,0.381068548707583,0.165,0.121,0.438948256837438,"AC027644.4",0.357586671316898,"Not sig"
"MIR4300HG",1.76493905245521e-05,-0.367128937622676,0.395,0.438,0.440828827131738,"MIR4300HG",0.355730013396537,"Not sig"
"ZNF521",1.77731520071052e-05,0.261543799776335,0.34,0.284,0.443920017681467,"ZNF521",0.352695270895812,"Not sig"
"PACRGL",1.77922462660987e-05,0.528156963245006,0.104,0.07,0.444396934988346,"PACRGL",0.352228945055739,"Not sig"
"LAMC1",1.82209960072158e-05,-0.520610202032677,0.11,0.147,0.455105817272228,"LAMC1",0.341887613201404,"Not sig"
"POGZ",1.86766522674881e-05,0.217046998917015,0.444,0.383,0.466486743685051,"POGZ",0.331160693238453,"Not sig"
"TECR",1.92611325946296e-05,-0.493285856260645,0.145,0.186,0.481085308816062,"TECR",0.317777905199983,"Not sig"
"PCYT1B",1.92953275790766e-05,0.472559110891883,0.116,0.08,0.481939396942596,"PCYT1B",0.317007570118347,"Not sig"
"ABCD2",2.01445380971376e-05,0.495380602192319,0.115,0.079,0.503150128052207,"ABCD2",0.298302412445761,"Not sig"
"BTBD3",2.02740494182729e-05,0.418361420893186,0.135,0.096,0.506384932320202,"BTBD3",0.29551922539897,"Not sig"
"F3",2.03041358445239e-05,-0.460958817623459,0.174,0.215,0.507136400988673,"F3",0.294875215756315,"Not sig"
"ANAPC5",2.04008189719816e-05,0.333852407278796,0.137,0.098,0.509551255463185,"ANAPC5",0.292812124031975,"Not sig"
"HSP90AB1",2.04259146583495e-05,-0.417108956945679,0.099,0.135,0.510178070421596,"HSP90AB1",0.292278213110738,"Not sig"
"AC006978.2",2.04261987451846e-05,-0.693653694835195,0.069,0.1,0.510185166058476,"AC006978.2",0.292272172916752,"Not sig"
"MTMR1",2.05438776258095e-05,0.375065195580861,0.152,0.11,0.513124431459843,"MTMR1",0.289777306733053,"Not sig"
"CABIN1",2.10468851489768e-05,-0.609598173249864,0.112,0.147,0.525688050365992,"CABIN1",0.279271894998113,"Not sig"
"TENT4B",2.11499781926845e-05,-0.517661059680865,0.096,0.131,0.52826300531868,"TENT4B",0.277149802238523,"Not sig"
"LYST",2.21200305611124e-05,-0.569845695441305,0.204,0.243,0.552492003324904,"LYST",0.257674003501677,"Not sig"
"DNHD1",2.27520575186235e-05,0.349782471695997,0.141,0.101,0.568278140642659,"DNHD1",0.245439049182888,"Not sig"
"CAPS2",2.27853243156054e-05,0.332353019656922,0.206,0.159,0.569109045430877,"CAPS2",0.244804511651388,"Not sig"
"MAP3K20",2.29514808033003e-05,-0.480860299386313,0.125,0.162,0.573259136024033,"MAP3K20",0.241649015196878,"Not sig"
"CSGALNACT1",2.33824235300481e-05,0.169828210026952,0.618,0.578,0.584022792510012,"CSGALNACT1",0.233570203455806,"Not sig"
"LINC00476",2.35883471632604e-05,0.507796459181901,0.123,0.087,0.589166147096756,"LINC00476",0.229762215243276,"Not sig"
"RMDN1",2.37460822434965e-05,0.578537740648759,0.109,0.075,0.593105896195812,"RMDN1",0.226867758528498,"Not sig"
"ABCA1",2.38659107812993e-05,-0.388895318196194,0.231,0.276,0.596098853584512,"ABCA1",0.224681713403536,"Not sig"
"TAZ",2.38902821359249e-05,0.529841269719375,0.108,0.073,0.596707576908997,"TAZ",0.224238447510561,"Not sig"
"FAM85B",2.42892253293462e-05,0.328867383304597,0.236,0.186,0.60667198105108,"FAM85B",0.217046062342747,"Not sig"
"INTS1",2.47464791337709e-05,0.494848667760037,0.127,0.09,0.618092809324196,"INTS1",0.208946308809061,"Not sig"
"TACC1",2.52671564834457e-05,-0.249922169379523,0.313,0.355,0.631097767487023,"TACC1",0.199903356142419,"Not sig"
"LRP1B",2.64588194319097e-05,-0.305225673805516,0.916,0.902,0.660861932950809,"LRP1B",0.179889263692507,"Not sig"
"C9orf3",2.6727328528393e-05,0.256745460905184,0.408,0.352,0.667568484653673,"C9orf3",0.175504174185833,"Not sig"
"NEDD4",2.76271874734213e-05,-0.499689242335033,0.106,0.142,0.690044261523644,"NEDD4",0.161123051409164,"Not sig"
"CPEB2",2.8104837285319e-05,0.285960479869249,0.243,0.193,0.701974520875413,"CPEB2",0.153678650895874,"Not sig"
"BTBD9",2.86802527538095e-05,-0.277826158609228,0.5,0.529,0.716346673031901,"BTBD9",0.144876751787266,"Not sig"
"PDZRN3",2.87406183064578e-05,-0.266904313847341,0.483,0.514,0.717854423440397,"PDZRN3",0.143963619137545,"Not sig"
"MAPKAPK2",2.94038415558814e-05,-0.577442280124869,0.074,0.105,0.734419750541251,"MAPKAPK2",0.134055652291915,"Not sig"
"FBXO7",2.94301710177744e-05,0.442612739470876,0.105,0.072,0.73507738151095,"FBXO7",0.133666940379375,"Not sig"
"HERC2",2.97745677969121e-05,-0.322118720438197,0.285,0.331,0.743679379863472,"HERC2",0.128614260109478,"Not sig"
"CREBBP",3.03123052706072e-05,-0.311289803894378,0.321,0.364,0.757110448743955,"CREBBP",0.120840760155036,"Not sig"
"SEMA3B",3.11901677212941e-05,0.400817580630879,0.115,0.08,0.779036819174762,"SEMA3B",0.108442016028912,"Not sig"
"SCARA3",3.2084707844433e-05,-0.355323986305183,0.139,0.179,0.801379747830403,"SCARA3",0.0961616370925362,"Not sig"
"AL136164.2",3.26621520702029e-05,-0.53548102162144,0.094,0.127,0.815802572257458,"AL136164.2",0.0884149296692567,"Not sig"
"MSH3",3.31027331992226e-05,0.384595524134988,0.166,0.124,0.826806967116983,"MSH3",0.0825958724321318,"Not sig"
"FRY",3.36532256541036e-05,-0.364035485434698,0.129,0.168,0.840556617162546,"FRY",0.0754330285741181,"Not sig"
"ENTPD3-AS1",3.36609271262245e-05,0.312535477257646,0.149,0.109,0.84074897683171,"ENTPD3-AS1",0.0753336525373979,"Not sig"
"GALNT2",3.44183924707715e-05,-0.303872660867615,0.245,0.287,0.85966818874246,"GALNT2",0.0656691436458589,"Not sig"
"BMP7",3.46490840930355e-05,0.268081435279743,0.198,0.151,0.865430173391749,"BMP7",0.0627679671115318,"Not sig"
"AC113414.1",3.47381351391936e-05,0.414527128004211,0.149,0.11,0.867654401371638,"AC113414.1",0.0616532258201074,"Not sig"
"RBAK-RBAKDN",3.4941146981696e-05,-0.573700395235653,0.133,0.17,0.872725028161821,"RBAK-RBAKDN",0.0591225690811649,"Not sig"
"MPPED2",3.54947684395573e-05,0.39654727445373,0.239,0.193,0.886552831314824,"MPPED2",0.0522953788844531,"Not sig"
"STK3",3.65787497915267e-05,-0.318337684025719,0.37,0.409,0.913627433542961,"STK3",0.0392308683173048,"Not sig"
"SLCO3A1",3.6691989967015e-05,0.352550049633307,0.243,0.196,0.916455833406134,"SLCO3A1",0.0378884600745889,"Not sig"
"CTTN",3.68337472463357e-05,-0.493575381231173,0.127,0.163,0.919996504971726,"CTTN",0.0362138225178976,"Not sig"
"EFR3A",3.73049286947536e-05,-0.456524747597125,0.203,0.242,0.93176520400886,"EFR3A",0.0306935119486564,"Not sig"
"CMSS1",3.75884123153748e-05,0.310915371998649,0.214,0.166,0.938845774401116,"CMSS1",0.0274057440785741,"Not sig"
"RAPGEF2",3.76363842418851e-05,-0.337774695620294,0.339,0.376,0.940043969209563,"RAPGEF2",0.0268518324231782,"Not sig"
"GPR173",3.84113569833275e-05,0.572531848323795,0.108,0.074,0.959400463372571,"GPR173",0.0180000761139179,"Not sig"
"HIP1",3.85489889350747e-05,0.258240869471689,0.306,0.254,0.96283809663136,"HIP1",0.0164467343198856,"Not sig"
"PACS1",3.85806394018034e-05,-0.249730739432982,0.402,0.448,0.963628630338844,"PACS1",0.0160903051728016,"Not sig"
"PJA2",3.85826195839581e-05,0.376380898953823,0.182,0.138,0.963678089348521,"PJA2",0.0160680152334077,"Not sig"
"EVI5",3.87879659908191e-05,0.22383496620628,0.268,0.214,0.968807026552689,"EVI5",0.0137627200074554,"Not sig"
"AKAP7",3.88302393956554e-05,0.398677459335011,0.184,0.141,0.969862889385285,"AKAP7",0.0132896580969022,"Not sig"
"CAPN2",3.88896673870837e-05,-0.551415491008365,0.156,0.193,0.971347222327189,"CAPN2",0.0126254973986634,"Not sig"
"BANP",3.89098201050197e-05,-0.423711189334843,0.125,0.162,0.971850576763077,"BANP",0.0124005032586541,"Not sig"
"SSBP3",3.90553909545883e-05,-0.486275604210972,0.163,0.203,0.975486499872751,"SSBP3",0.0107787365937473,"Not sig"
"AARS",4.02425006890037e-05,-0.558743656609322,0.086,0.119,1,"AARS",0,"Not sig"
"NEK11",4.03552715157785e-05,0.323776219276127,0.201,0.156,1,"NEK11",0,"Not sig"
"MYO10",4.08077741295565e-05,0.226393127489904,0.312,0.255,1,"MYO10",0,"Not sig"
"DGKD",4.1159638796493e-05,-0.819201826344754,0.099,0.131,1,"DGKD",0,"Not sig"
"TSEN2",4.14349586796701e-05,0.420533371818866,0.113,0.079,1,"TSEN2",0,"Not sig"
"MRVI1",4.14593193365874e-05,0.285057403698715,0.366,0.314,1,"MRVI1",0,"Not sig"
"RYR1",4.18259851990352e-05,0.346844494149135,0.15,0.11,1,"RYR1",0,"Not sig"
"SNX24",4.18865396672663e-05,0.342888703324989,0.143,0.104,1,"SNX24",0,"Not sig"
"SPTLC2",4.23742516900477e-05,0.432893848795759,0.129,0.092,1,"SPTLC2",0,"Not sig"
"RNF169",4.27101349450074e-05,-0.573795032822333,0.136,0.172,1,"RNF169",0,"Not sig"
"EMC2",4.40198440691095e-05,0.391994661972754,0.178,0.136,1,"EMC2",0,"Not sig"
"LRP2BP",4.46112427877149e-05,-0.475039487664855,0.081,0.113,1,"LRP2BP",0,"Not sig"
"ARHGEF4",4.48901199435403e-05,0.172260834168371,0.575,0.519,1,"ARHGEF4",0,"Not sig"
"TTTY14",4.63567406070991e-05,-0.231700433872846,0.255,0.307,1,"TTTY14",0,"Not sig"
"ITGB4",4.6527896314234e-05,0.412187696063673,0.218,0.173,1,"ITGB4",0,"Not sig"
"RIMKLB",4.72668336975761e-05,0.410829541686279,0.276,0.225,1,"RIMKLB",0,"Not sig"
"LRRFIP2",4.78965510931448e-05,0.249482892225778,0.284,0.231,1,"LRRFIP2",0,"Not sig"
"BSDC1",4.79605294037726e-05,-0.608926960335072,0.081,0.112,1,"BSDC1",0,"Not sig"
"RAD9A",4.81488987061852e-05,-0.385096907993728,0.164,0.205,1,"RAD9A",0,"Not sig"
"MBNL2",4.86457904206601e-05,-0.254246071984783,0.443,0.484,1,"MBNL2",0,"Not sig"
"BMPR2",4.87758513111977e-05,-0.342233333704495,0.346,0.388,1,"BMPR2",0,"Not sig"
"PRCP",4.97623095729737e-05,-0.348066510942178,0.14,0.179,1,"PRCP",0,"Not sig"
"CDC14B",5.02166383707732e-05,0.285288155225761,0.35,0.298,1,"CDC14B",0,"Not sig"
"PRKD1",5.15687728498327e-05,-0.310836340777367,0.493,0.517,1,"PRKD1",0,"Not sig"
"MARK4",5.21164540098462e-05,-0.335699027103719,0.115,0.152,1,"MARK4",0,"Not sig"
"SORBS3",5.25271798521864e-05,-0.444126351588504,0.097,0.13,1,"SORBS3",0,"Not sig"
"CAMK2B",5.28984908965739e-05,0.316326758904439,0.214,0.168,1,"CAMK2B",0,"Not sig"
"PLEKHM3",5.33058307648474e-05,0.35671099255378,0.124,0.088,1,"PLEKHM3",0,"Not sig"
"MAP2K1",5.4046259561579e-05,-0.584010508772003,0.089,0.121,1,"MAP2K1",0,"Not sig"
"ATXN1",5.42706780384139e-05,0.192764775966613,0.522,0.47,1,"ATXN1",0,"Not sig"
"KIAA1958",5.47187653372378e-05,0.222241194972942,0.359,0.301,1,"KIAA1958",0,"Not sig"
"IMMP2L",5.48566766410709e-05,0.123452993909873,0.519,0.452,1,"IMMP2L",0,"Not sig"
"EPB41",5.55528443718934e-05,-0.394626287188466,0.108,0.144,1,"EPB41",0,"Not sig"
"LMNTD1",5.60427844317502e-05,0.515258977895806,0.136,0.101,1,"LMNTD1",0,"Not sig"
"ZBTB44",5.7517374804261e-05,0.415601822400333,0.138,0.101,1,"ZBTB44",0,"Not sig"
"GRID2",5.76583288474646e-05,0.258608473163966,0.147,0.108,1,"GRID2",0,"Not sig"
"SLC25A36",5.8522032992681e-05,0.32794734018463,0.151,0.111,1,"SLC25A36",0,"Not sig"
"CEP170",5.96168408381891e-05,0.28166820368702,0.297,0.246,1,"CEP170",0,"Not sig"
"FOXO1",6.12817550582992e-05,-0.157344436518582,0.529,0.571,1,"FOXO1",0,"Not sig"
"DHRS3",6.13556371298841e-05,-0.570588579922131,0.098,0.13,1,"DHRS3",0,"Not sig"
"ENO1",6.16620793563405e-05,-0.390603719151299,0.144,0.182,1,"ENO1",0,"Not sig"
"SPPL2B",6.16984811447189e-05,0.361252252246813,0.115,0.081,1,"SPPL2B",0,"Not sig"
"PNPLA8",6.21311723485068e-05,-0.481642224939962,0.159,0.196,1,"PNPLA8",0,"Not sig"
"PALLD",6.21323600795723e-05,-0.277993472616441,0.432,0.469,1,"PALLD",0,"Not sig"
"USP6NL",6.58039070687389e-05,-0.380351839665776,0.143,0.182,1,"USP6NL",0,"Not sig"
"PLEKHA5",6.90925667104971e-05,-0.331415412222482,0.374,0.416,1,"PLEKHA5",0,"Not sig"
"NFATC4",7.03206563742753e-05,-0.398510682926957,0.141,0.179,1,"NFATC4",0,"Not sig"
"AFG1L",7.11168759419415e-05,0.419656225188663,0.169,0.13,1,"AFG1L",0,"Not sig"
"XRRA1",7.17009829683763e-05,0.282012245104329,0.164,0.123,1,"XRRA1",0,"Not sig"
"SLC39A11",7.1853184496309e-05,-0.188410339696753,0.689,0.696,1,"SLC39A11",0,"Not sig"
"MAPK11",7.29083434143032e-05,-0.340874176149591,0.114,0.15,1,"MAPK11",0,"Not sig"
"NFIX",7.32066087501688e-05,0.294252759510978,0.272,0.223,1,"NFIX",0,"Not sig"
"DYNC2LI1",7.69930181453521e-05,0.526355981123366,0.101,0.07,1,"DYNC2LI1",0,"Not sig"
"PTPN13",7.81792605987161e-05,-0.282628951671165,0.364,0.399,1,"PTPN13",0,"Not sig"
"ANKAR",7.85981806483685e-05,0.299599706981259,0.192,0.149,1,"ANKAR",0,"Not sig"
"ATP5MC2",7.87822890516751e-05,0.427057188129769,0.11,0.077,1,"ATP5MC2",0,"Not sig"
"ST3GAL5",8.02204798124672e-05,0.327290628240829,0.157,0.118,1,"ST3GAL5",0,"Not sig"
"DNM2",8.16997313090949e-05,-0.457067971734311,0.186,0.224,1,"DNM2",0,"Not sig"
"UGGT2",8.24100730923142e-05,0.295503531753156,0.248,0.201,1,"UGGT2",0,"Not sig"
"L3MBTL4",8.42870207372379e-05,0.229706870548712,0.206,0.159,1,"L3MBTL4",0,"Not sig"
"PYGB",8.65046049428789e-05,0.42163385515228,0.138,0.102,1,"PYGB",0,"Not sig"
"TMEM117",8.72315709866709e-05,0.411122371619892,0.179,0.14,1,"TMEM117",0,"Not sig"
"FNDC3B",8.77282537866546e-05,-0.167214997391226,0.362,0.413,1,"FNDC3B",0,"Not sig"
"GPSM2",8.78573802501003e-05,0.245886778978366,0.133,0.096,1,"GPSM2",0,"Not sig"
"UBR5",8.80844802725344e-05,-0.216487547167186,0.476,0.513,1,"UBR5",0,"Not sig"
"TULP4",8.85939318066312e-05,0.281524365287736,0.261,0.214,1,"TULP4",0,"Not sig"
"SH3YL1",8.88824128001604e-05,0.551450740228005,0.123,0.089,1,"SH3YL1",0,"Not sig"
"MYBPC1",8.95005194120074e-05,0.653841336596911,0.108,0.077,1,"MYBPC1",0,"Not sig"
"SLC44A3",9.66675987863901e-05,-0.53277247488443,0.08,0.109,1,"SLC44A3",0,"Not sig"
"FANCL",9.67255683806444e-05,0.173763518593612,0.133,0.096,1,"FANCL",0,"Not sig"
"PDZD2",9.77811640901215e-05,-0.406395295563472,0.229,0.267,1,"PDZD2",0,"Not sig"
"STMP1",9.79091832454071e-05,0.425802102795785,0.116,0.083,1,"STMP1",0,"Not sig"
"HOPX",9.81542982359311e-05,-0.443524169175415,0.073,0.102,1,"HOPX",0,"Not sig"
"EZR",9.84963855167654e-05,-0.359419780284171,0.231,0.272,1,"EZR",0,"Not sig"
"CNTNAP3",9.87424054163565e-05,-0.302566037436344,0.129,0.165,1,"CNTNAP3",0,"Not sig"
"TIAM1",9.91809471123605e-05,0.25551898347434,0.171,0.13,1,"TIAM1",0,"Not sig"
"FBXO11",9.96173448826078e-05,-0.256312000922376,0.335,0.38,1,"FBXO11",0,"Not sig"
"SPOCK2",0.000100419630644375,-0.517492013744494,0.078,0.108,1,"SPOCK2",0,"Not sig"
"SESN1",0.00010307598283973,-0.383042129659399,0.226,0.263,1,"SESN1",0,"Not sig"
"POU2F1",0.000103088850722854,0.169709657405117,0.476,0.421,1,"POU2F1",0,"Not sig"
"TMEM63A",0.000103921269147248,0.431087900694172,0.125,0.091,1,"TMEM63A",0,"Not sig"
"FNBP1",0.000104324173599848,0.137228430980449,0.66,0.62,1,"FNBP1",0,"Not sig"
"DPY19L1",0.000104326072946131,-0.507720963665474,0.128,0.163,1,"DPY19L1",0,"Not sig"
"CAST",0.000104720031487624,-0.407101832018208,0.167,0.204,1,"CAST",0,"Not sig"
"CSTF3",0.000106108714131427,0.484205784471292,0.112,0.08,1,"CSTF3",0,"Not sig"
"XRN1",0.000106565889502269,-0.344866542576122,0.197,0.237,1,"XRN1",0,"Not sig"
"MAP2K4",0.000107238925965158,0.263479262050836,0.249,0.202,1,"MAP2K4",0,"Not sig"
"URI1",0.00010850353511982,0.193741084851191,0.207,0.161,1,"URI1",0,"Not sig"
"ST13",0.000111637232335126,-0.602780936326732,0.082,0.111,1,"ST13",0,"Not sig"
"PTPRG",0.000113292792724758,-0.210273464372494,0.599,0.616,1,"PTPRG",0,"Not sig"
"SPRY4-AS1",0.000114042575241302,0.387177444231435,0.148,0.111,1,"SPRY4-AS1",0,"Not sig"
"DZIP1",0.000116061984460988,0.30532944669,0.142,0.106,1,"DZIP1",0,"Not sig"
"HS6ST1",0.000117494471461316,-0.456351996997196,0.082,0.112,1,"HS6ST1",0,"Not sig"
"SLC25A29",0.000120306912559597,0.301638844355701,0.297,0.246,1,"SLC25A29",0,"Not sig"
"SLC9A3R1",0.000121499341490496,0.58567984164161,0.113,0.082,1,"SLC9A3R1",0,"Not sig"
"ELAVL3",0.000122678152287588,0.367485298747357,0.147,0.11,1,"ELAVL3",0,"Not sig"
"TMEM87A",0.000125938167968778,0.314594595059659,0.139,0.102,1,"TMEM87A",0,"Not sig"
"SASH1",0.000127379324563742,-0.162693487045321,0.739,0.757,1,"SASH1",0,"Not sig"
"TPD52L1",0.000128801113617884,-0.191515612371493,0.663,0.667,1,"TPD52L1",0,"Not sig"
"CADPS2",0.000130472227402478,-0.315100048011324,0.253,0.292,1,"CADPS2",0,"Not sig"
"MTMR2",0.000130998292351302,0.347819203757895,0.128,0.094,1,"MTMR2",0,"Not sig"
"ZNF568",0.000131709481163624,-0.461980615160851,0.072,0.1,1,"ZNF568",0,"Not sig"
"VAV3",0.000133795758946344,-0.341383739499692,0.334,0.371,1,"VAV3",0,"Not sig"
"NUTM2A-AS1",0.000135463239700464,0.330973232797171,0.309,0.264,1,"NUTM2A-AS1",0,"Not sig"
"MT-ND4",0.000137931335425138,-0.249846010044502,0.34,0.385,1,"MT-ND4",0,"Not sig"
"EFHD1",0.000139926045140051,0.415490655716279,0.21,0.168,1,"EFHD1",0,"Not sig"
"SSBP2",0.000141754718627723,-0.221763064496348,0.543,0.575,1,"SSBP2",0,"Not sig"
"NFASC",0.00014274591431665,0.301266187407379,0.226,0.183,1,"NFASC",0,"Not sig"
"YAP1",0.000146119987656449,-0.260989126651999,0.356,0.398,1,"YAP1",0,"Not sig"
"ECHDC2",0.000147211730450647,0.202924883117947,0.323,0.269,1,"ECHDC2",0,"Not sig"
"ATXN3",0.00015200862501744,0.273913451053761,0.15,0.113,1,"ATXN3",0,"Not sig"
"STXBP1",0.000152686150926281,-0.469651399790281,0.089,0.119,1,"STXBP1",0,"Not sig"
"CPLANE1",0.000153257610703464,0.293795805171731,0.195,0.153,1,"CPLANE1",0,"Not sig"
"STAT5B",0.000154520773628255,-0.306315307221537,0.144,0.181,1,"STAT5B",0,"Not sig"
"ZMIZ1",0.000158404533085719,-0.260983903137987,0.258,0.299,1,"ZMIZ1",0,"Not sig"
"DDHD1",0.000158552692561338,0.143860168564856,0.167,0.126,1,"DDHD1",0,"Not sig"
"PIR",0.000162392966780556,-0.403201435609156,0.161,0.197,1,"PIR",0,"Not sig"
"PTAR1",0.000163911301130326,-0.275552814892751,0.256,0.296,1,"PTAR1",0,"Not sig"
"QTRT1",0.000164114540397657,0.333390150084256,0.128,0.094,1,"QTRT1",0,"Not sig"
"MICU3",0.000164779120163039,0.287279322967484,0.144,0.108,1,"MICU3",0,"Not sig"
"EGLN1",0.000167147675351472,-0.451740823964938,0.12,0.152,1,"EGLN1",0,"Not sig"
"NEK6",0.000168785581464661,-0.323067533207981,0.148,0.184,1,"NEK6",0,"Not sig"
"KIAA1755",0.000174279998105907,0.261341471614021,0.258,0.21,1,"KIAA1755",0,"Not sig"
"RHOT1",0.000175214403160042,-0.21316038301576,0.311,0.353,1,"RHOT1",0,"Not sig"
"ANOS1",0.000176431697258593,0.382729758768937,0.163,0.126,1,"ANOS1",0,"Not sig"
"IGSF11",0.000179959718069027,0.17576572774718,0.411,0.357,1,"IGSF11",0,"Not sig"
"GNG12",0.000183656765699206,-0.352797031790916,0.164,0.201,1,"GNG12",0,"Not sig"
"BRD4",0.000187047886235339,-0.418237173641434,0.172,0.206,1,"BRD4",0,"Not sig"
"CYFIP2",0.000187198524648452,0.299219924099395,0.234,0.189,1,"CYFIP2",0,"Not sig"
"CHD6",0.000188380054066972,0.168876827411719,0.359,0.303,1,"CHD6",0,"Not sig"
"HDAC4",0.000188755964624024,-0.278799214554653,0.268,0.308,1,"HDAC4",0,"Not sig"
"MITF",0.000188905701647763,0.329110670833884,0.142,0.106,1,"MITF",0,"Not sig"
"PLEKHA6",0.000189598006394014,0.188930429568077,0.271,0.219,1,"PLEKHA6",0,"Not sig"
"RAB11FIP3",0.000190950681828296,-0.398752787911872,0.185,0.221,1,"RAB11FIP3",0,"Not sig"
"EPHX1",0.000195941220969558,-0.344386548968429,0.145,0.18,1,"EPHX1",0,"Not sig"
"KDM4C",0.000201338630955456,-0.311106638696461,0.397,0.428,1,"KDM4C",0,"Not sig"
"DPH6-DT",0.000205898413666201,0.244528447107175,0.343,0.297,1,"DPH6-DT",0,"Not sig"
"ST8SIA1",0.00020897366646606,-0.306882986697565,0.222,0.262,1,"ST8SIA1",0,"Not sig"
"WDR27",0.000209262296506524,0.426245606888552,0.127,0.094,1,"WDR27",0,"Not sig"
"SCAPER",0.000212334071874911,0.177851068103285,0.415,0.356,1,"SCAPER",0,"Not sig"
"SOS1",0.000214940413694454,-0.220064994031104,0.303,0.344,1,"SOS1",0,"Not sig"
"NAA16",0.000215629808485192,-0.529546181215978,0.117,0.148,1,"NAA16",0,"Not sig"
"EXT1",0.000216728783794351,0.22468446575542,0.346,0.296,1,"EXT1",0,"Not sig"
"FGF2",0.000220593867466645,-0.225678748669709,0.255,0.298,1,"FGF2",0,"Not sig"
"HRH1",0.00022202663439445,-0.325219704500169,0.119,0.152,1,"HRH1",0,"Not sig"
"RALGPS1",0.000225288567937738,0.346394641359934,0.262,0.22,1,"RALGPS1",0,"Not sig"
"RXRA",0.000225623487550387,-0.233333829400808,0.132,0.169,1,"RXRA",0,"Not sig"
"AC007262.2",0.000226451404440487,0.526751093645656,0.132,0.1,1,"AC007262.2",0,"Not sig"
"NFKB1",0.000227081643793201,0.343003159904017,0.178,0.139,1,"NFKB1",0,"Not sig"
"CEMIP2",0.00022949337009629,-0.508422666303539,0.079,0.107,1,"CEMIP2",0,"Not sig"
"CASP7",0.000229785229034973,-0.481686419318878,0.074,0.101,1,"CASP7",0,"Not sig"
"ZNF621",0.000231140267777855,0.48317139399043,0.111,0.08,1,"ZNF621",0,"Not sig"
"CCDC66",0.00023330946229711,0.423131697000408,0.108,0.078,1,"CCDC66",0,"Not sig"
"NME7",0.000234647558590663,0.381929478437634,0.14,0.106,1,"NME7",0,"Not sig"
"GATAD2A",0.000235040310553466,-0.390576985832274,0.107,0.138,1,"GATAD2A",0,"Not sig"
"SERPINE2",0.000236803356568093,-0.31212739910832,0.311,0.347,1,"SERPINE2",0,"Not sig"
"DPYSL2",0.000240922213960327,-0.199817795827742,0.574,0.602,1,"DPYSL2",0,"Not sig"
"HIVEP2",0.000243770922962445,-0.336506487295939,0.254,0.291,1,"HIVEP2",0,"Not sig"
"GPC5",0.000246942848108887,0.153900647588793,0.891,0.88,1,"GPC5",0,"Not sig"
"RNLS",0.000249783433637019,0.415313821502636,0.109,0.079,1,"RNLS",0,"Not sig"
"PIGU",0.000251008448411819,0.425937039257411,0.126,0.094,1,"PIGU",0,"Not sig"
"BID",0.00025356404643076,-0.402076900387076,0.073,0.1,1,"BID",0,"Not sig"
"C11orf49",0.000258589359421082,0.236370431208013,0.405,0.355,1,"C11orf49",0,"Not sig"
"TSC1",0.000262459199061944,0.368516693457041,0.119,0.087,1,"TSC1",0,"Not sig"
"SMAD3",0.000266428835590372,-0.216086170732362,0.152,0.189,1,"SMAD3",0,"Not sig"
"PPP1R21",0.000271169328474821,0.240524795355025,0.164,0.126,1,"PPP1R21",0,"Not sig"
"D2HGDH",0.000273360646583885,0.295987417932238,0.108,0.078,1,"D2HGDH",0,"Not sig"
"PACSIN2",0.000276795203741031,-0.340123558143022,0.117,0.151,1,"PACSIN2",0,"Not sig"
"RALY",0.000278306881742952,-0.429353789677201,0.122,0.153,1,"RALY",0,"Not sig"
"SPATS2L",0.000281093093684168,-0.305055506729751,0.242,0.283,1,"SPATS2L",0,"Not sig"
"PTOV1",0.000285849165932921,-0.312264182712665,0.108,0.14,1,"PTOV1",0,"Not sig"
"MGLL",0.000287251165003002,-0.315735395988857,0.277,0.316,1,"MGLL",0,"Not sig"
"GAN",0.000289507787742676,-0.266189813392887,0.263,0.3,1,"GAN",0,"Not sig"
"SEL1L3",0.000291677172931743,-0.35752283082725,0.127,0.16,1,"SEL1L3",0,"Not sig"
"COL27A1",0.000294866375949216,-0.373649822557934,0.15,0.185,1,"COL27A1",0,"Not sig"
"MAPRE2",0.00029503802109533,-0.238650145329754,0.32,0.358,1,"MAPRE2",0,"Not sig"
"FAM198B-AS1",0.000295351800117741,0.310885324051555,0.148,0.112,1,"FAM198B-AS1",0,"Not sig"
"AC087500.1",0.000296412452963137,0.40062201214395,0.126,0.094,1,"AC087500.1",0,"Not sig"
"SLC12A6",0.000299894748191416,0.409812573395852,0.108,0.078,1,"SLC12A6",0,"Not sig"
"CNTNAP3B",0.000300355693346037,-0.201622134075846,0.321,0.364,1,"CNTNAP3B",0,"Not sig"
"ARRB1",0.000306547114660247,0.25609306357298,0.212,0.169,1,"ARRB1",0,"Not sig"
"STX18-AS1",0.000319842105094082,0.351698993538936,0.196,0.157,1,"STX18-AS1",0,"Not sig"
"PDXDC1",0.000329919142933543,0.329847896211883,0.183,0.145,1,"PDXDC1",0,"Not sig"
"PTPN2",0.000332577811438303,0.402356517673773,0.1,0.072,1,"PTPN2",0,"Not sig"
"AKT2",0.00034445121563502,0.244082295725112,0.181,0.142,1,"AKT2",0,"Not sig"
"ZDHHC17",0.000345899584002912,0.208527188000246,0.201,0.159,1,"ZDHHC17",0,"Not sig"
"TSC22D4",0.000346103607349599,0.433007712926122,0.118,0.087,1,"TSC22D4",0,"Not sig"
"FOCAD",0.000364295340191906,0.248709902593246,0.216,0.174,1,"FOCAD",0,"Not sig"
"DARS",0.000376476723185837,0.383835410181919,0.145,0.112,1,"DARS",0,"Not sig"
"GMPR",0.000378767978749804,-0.620325803985213,0.081,0.108,1,"GMPR",0,"Not sig"
"ANKS1A",0.00038000727864845,-0.196521101474396,0.21,0.247,1,"ANKS1A",0,"Not sig"
"APCDD1",0.000385060587117564,0.360898848680351,0.209,0.17,1,"APCDD1",0,"Not sig"
"UHRF1BP1",0.000394018933173534,-0.493978908946404,0.089,0.116,1,"UHRF1BP1",0,"Not sig"
"PCDH17",0.000402384039925881,0.237983874535226,0.154,0.118,1,"PCDH17",0,"Not sig"
"DMXL2",0.000405965831507032,0.342996832024484,0.146,0.112,1,"DMXL2",0,"Not sig"
"PRKAR2A",0.000411826014533245,0.249186393002813,0.205,0.165,1,"PRKAR2A",0,"Not sig"
"CPEB4",0.000418570791810255,-0.187876717677357,0.513,0.543,1,"CPEB4",0,"Not sig"
"MSRA",0.000426220832961726,-0.275037240967436,0.345,0.382,1,"MSRA",0,"Not sig"
"RCAN2",0.000426395918014141,0.399880018860198,0.109,0.08,1,"RCAN2",0,"Not sig"
"SUCLG2-AS1",0.000426805964148745,0.266291312044514,0.292,0.248,1,"SUCLG2-AS1",0,"Not sig"
"PIK3R1",0.000427324023881262,0.212373993002158,0.336,0.288,1,"PIK3R1",0,"Not sig"
"CA5B",0.000436739381244775,0.364945497275794,0.117,0.086,1,"CA5B",0,"Not sig"
"SGCD",0.000442922210359268,-0.127404653268358,0.541,0.455,1,"SGCD",0,"Not sig"
"NRIP1",0.000449177096253386,-0.409274101047991,0.1,0.129,1,"NRIP1",0,"Not sig"
"SCP2",0.00045069379237124,0.284034219606871,0.153,0.118,1,"SCP2",0,"Not sig"
"NAP1L4",0.000459142429433534,0.274204201587323,0.222,0.181,1,"NAP1L4",0,"Not sig"
"NUMA1",0.000460018592573228,0.372762359012469,0.132,0.101,1,"NUMA1",0,"Not sig"
"RTN3",0.000461282395880293,0.229973835426587,0.259,0.215,1,"RTN3",0,"Not sig"
"ATG10",0.000462228593613021,0.350679878256319,0.18,0.145,1,"ATG10",0,"Not sig"
"PPP1R9A",0.00046668034518175,0.180694644159938,0.463,0.418,1,"PPP1R9A",0,"Not sig"
"GNA12",0.000468136832386879,-0.374506115876073,0.206,0.24,1,"GNA12",0,"Not sig"
"ADCY8",0.000470507324047443,0.210056655584384,0.284,0.239,1,"ADCY8",0,"Not sig"
"INPP5B",0.000471749862137693,-0.405412829302444,0.149,0.18,1,"INPP5B",0,"Not sig"
"PPP3CC",0.000474017452273843,-0.289254608519217,0.176,0.212,1,"PPP3CC",0,"Not sig"
"KIF5C",0.000477491235940384,0.25467269493713,0.129,0.097,1,"KIF5C",0,"Not sig"
"ANKIB1",0.000479134331188391,0.225549236151636,0.305,0.259,1,"ANKIB1",0,"Not sig"
"DYNC2H1",0.000492464063865067,0.131236132826092,0.26,0.214,1,"DYNC2H1",0,"Not sig"
"VSIR",0.000493538936680692,-0.356378812382478,0.095,0.123,1,"VSIR",0,"Not sig"
"RNF145",0.000495469171412061,-0.466506580860536,0.083,0.109,1,"RNF145",0,"Not sig"
"PDS5A",0.000496064869933627,-0.251180629269501,0.271,0.306,1,"PDS5A",0,"Not sig"
"DNAJB2",0.000496200285109625,0.412766622343516,0.236,0.198,1,"DNAJB2",0,"Not sig"
"DMGDH",0.000499720334847277,0.310137912315923,0.159,0.124,1,"DMGDH",0,"Not sig"
"XAF1",0.000500585441403534,-0.317856456509439,0.104,0.134,1,"XAF1",0,"Not sig"
"OSBPL6",0.000501834992061459,0.201878287517356,0.342,0.294,1,"OSBPL6",0,"Not sig"
"OSMR-AS1",0.000513857004585709,-0.426300790469068,0.151,0.184,1,"OSMR-AS1",0,"Not sig"
"GBE1",0.000514668888859149,-0.695006503667775,0.105,0.133,1,"GBE1",0,"Not sig"
"TSPAN5",0.000516820416439,0.209589352187995,0.339,0.29,1,"TSPAN5",0,"Not sig"
"TBC1D4",0.000517844958726321,-0.396589363234001,0.129,0.16,1,"TBC1D4",0,"Not sig"
"LINC00882",0.000524436502737701,0.208091819388492,0.312,0.265,1,"LINC00882",0,"Not sig"
"GPD2",0.000531044874314029,0.271128010963875,0.296,0.253,1,"GPD2",0,"Not sig"
"POC1B",0.000531459638126285,0.390556841950837,0.164,0.13,1,"POC1B",0,"Not sig"
"KLF6",0.000532815306041346,-0.164923147357203,0.115,0.147,1,"KLF6",0,"Not sig"
"NME5",0.00054250700243261,0.463240783593318,0.103,0.076,1,"NME5",0,"Not sig"
"AC245297.3",0.000543491693425694,-0.225744637367921,0.423,0.454,1,"AC245297.3",0,"Not sig"
"MYRIP",0.000555817171315898,-0.399182018742443,0.157,0.19,1,"MYRIP",0,"Not sig"
"ASTN1",0.000565783372907716,0.213032313870667,0.383,0.335,1,"ASTN1",0,"Not sig"
"MON2",0.000585340527301558,0.242602342862739,0.294,0.247,1,"MON2",0,"Not sig"
"PIK3CA",0.00059613550765865,-0.357565134479408,0.167,0.2,1,"PIK3CA",0,"Not sig"
"RREB1",0.000596483222009443,-0.353250614026589,0.186,0.218,1,"RREB1",0,"Not sig"
"SCRN1",0.000607078760491715,0.359435307249786,0.18,0.144,1,"SCRN1",0,"Not sig"
"ATP11B",0.000607685055718602,0.390260803187959,0.138,0.107,1,"ATP11B",0,"Not sig"
"LINC00894",0.000609832825220186,0.289545973091159,0.255,0.214,1,"LINC00894",0,"Not sig"
"ZNF654",0.000618803533970386,-0.463831406205023,0.112,0.141,1,"ZNF654",0,"Not sig"
"TCF7L1",0.000627799133618183,-0.296889951584336,0.261,0.295,1,"TCF7L1",0,"Not sig"
"ANGPT1",0.000630083987297334,0.291433583107791,0.114,0.085,1,"ANGPT1",0,"Not sig"
"SLC14A1",0.00063340899149334,0.179369665879454,0.354,0.305,1,"SLC14A1",0,"Not sig"
"NEO1",0.000642565249803891,0.148826453342954,0.512,0.459,1,"NEO1",0,"Not sig"
"PHACTR1",0.00064365895488063,0.228711528421976,0.371,0.327,1,"PHACTR1",0,"Not sig"
"MDN1",0.000651788530840263,0.207494133476812,0.124,0.093,1,"MDN1",0,"Not sig"
"CLIP2",0.000653045807570899,-0.434947343038551,0.227,0.259,1,"CLIP2",0,"Not sig"
"AKT3",0.000653917156837637,-0.109748653110444,0.69,0.726,1,"AKT3",0,"Not sig"
"AF117829.1",0.000655579500013427,0.151318936970107,0.342,0.294,1,"AF117829.1",0,"Not sig"
"TENT2",0.000655583093083733,0.21218283084089,0.33,0.285,1,"TENT2",0,"Not sig"
"MKLN1",0.000660225865203405,-0.114757197582709,0.735,0.743,1,"MKLN1",0,"Not sig"
"NUMB",0.000678183797351935,-0.256384157108442,0.318,0.353,1,"NUMB",0,"Not sig"
"AAK1",0.000683747524310684,-0.204929002608888,0.264,0.301,1,"AAK1",0,"Not sig"
"AL645568.1",0.000686895025551981,0.238190024341631,0.222,0.182,1,"AL645568.1",0,"Not sig"
"FAM19A5",0.000695680044815954,-0.218642289616654,0.307,0.344,1,"FAM19A5",0,"Not sig"
"CPE",0.000695940111003605,-0.225547191405648,0.585,0.606,1,"CPE",0,"Not sig"
"POR",0.000699581698885753,-0.523276076696848,0.079,0.104,1,"POR",0,"Not sig"
"SUGT1",0.000712240698741941,-0.455815354925227,0.105,0.132,1,"SUGT1",0,"Not sig"
"ZNF721",0.000712390572349693,0.282641737809843,0.276,0.235,1,"ZNF721",0,"Not sig"
"ASH1L",0.000722247526340451,-0.169940856674037,0.47,0.499,1,"ASH1L",0,"Not sig"
"RTN4",0.000747668971714513,0.225404314919788,0.403,0.367,1,"RTN4",0,"Not sig"
"BHLHE40",0.000767715986212359,-0.332385301130316,0.112,0.143,1,"BHLHE40",0,"Not sig"
"ANKRD6",0.000772961539400904,-0.352808563625337,0.113,0.142,1,"ANKRD6",0,"Not sig"
"NRG3",0.00077420522236735,-0.12412813815469,0.979,0.979,1,"NRG3",0,"Not sig"
"PCDH10",0.000791900215285737,0.312392527390038,0.103,0.075,1,"PCDH10",0,"Not sig"
"SUCO",0.00081537516384713,0.32943134328903,0.117,0.088,1,"SUCO",0,"Not sig"
"MPP5",0.00081717544081518,0.162110804703511,0.114,0.084,1,"MPP5",0,"Not sig"
"MBD2",0.000819167293205436,-0.427640520780241,0.106,0.133,1,"MBD2",0,"Not sig"
"SERP1",0.000831143215106969,0.389765202591961,0.127,0.097,1,"SERP1",0,"Not sig"
"LMBRD1",0.000836806248257052,0.186309966486158,0.174,0.138,1,"LMBRD1",0,"Not sig"
"WDR11-AS1",0.000840544504713766,0.157266304912166,0.161,0.125,1,"WDR11-AS1",0,"Not sig"
"PANK2",0.000855117131054329,-0.455434524288737,0.093,0.12,1,"PANK2",0,"Not sig"
"RHOBTB3",0.000871182340117217,-0.196719291170668,0.432,0.464,1,"RHOBTB3",0,"Not sig"
"FAM168A",0.000879906180025179,-0.178607575486636,0.404,0.44,1,"FAM168A",0,"Not sig"
"TOP2B",0.000883107431769334,0.215659919754364,0.163,0.128,1,"TOP2B",0,"Not sig"
"XPNPEP3",0.000891432452760096,0.362699835009088,0.115,0.087,1,"XPNPEP3",0,"Not sig"
"DOCK7",0.000891877604621882,-0.109921688041001,0.571,0.616,1,"DOCK7",0,"Not sig"
"FAT1",0.000896965230992714,-0.440928198387445,0.153,0.182,1,"FAT1",0,"Not sig"
"RFTN2",0.000902741110924516,0.188106765351971,0.38,0.331,1,"RFTN2",0,"Not sig"
"MAST2",0.000920848428186819,-0.563892206220749,0.114,0.14,1,"MAST2",0,"Not sig"
"POLN",0.000925817080515609,-0.519394085487935,0.087,0.112,1,"POLN",0,"Not sig"
"CFAP54",0.000929745287205256,0.43774851559973,0.111,0.083,1,"CFAP54",0,"Not sig"
"ENOSF1",0.000933237380762184,0.160833292043758,0.108,0.08,1,"ENOSF1",0,"Not sig"
"HIBCH",0.000942416530088776,-0.29499644144568,0.388,0.413,1,"HIBCH",0,"Not sig"
"MAPK6",0.000947789253598355,0.329035577143904,0.159,0.126,1,"MAPK6",0,"Not sig"
"ANKRD36C",0.000952840022661062,0.166828885141087,0.192,0.155,1,"ANKRD36C",0,"Not sig"
"SAP130",0.000958244840247446,0.480904269601243,0.11,0.083,1,"SAP130",0,"Not sig"
"SEC14L1",0.000959683652047782,-0.179366078143953,0.272,0.313,1,"SEC14L1",0,"Not sig"
"DIS3L2",0.00097569050011616,0.293251907572939,0.236,0.196,1,"DIS3L2",0,"Not sig"
"SGMS1",0.000982191747538018,-0.213395580710024,0.389,0.424,1,"SGMS1",0,"Not sig"
"HMG20A",0.000989485784336982,0.407956751613392,0.105,0.078,1,"HMG20A",0,"Not sig"
"UNC13B",0.000992373125197956,-0.38443705164461,0.148,0.177,1,"UNC13B",0,"Not sig"
"KIAA1671",0.000998846122426453,-0.21188346934908,0.334,0.37,1,"KIAA1671",0,"Not sig"
"HBS1L",0.00100080885239415,0.386744087154777,0.139,0.109,1,"HBS1L",0,"Not sig"
"UGDH-AS1",0.00100138317624185,0.276329186025934,0.129,0.098,1,"UGDH-AS1",0,"Not sig"
"SPAG9",0.00101208391991512,0.146587145895184,0.383,0.336,1,"SPAG9",0,"Not sig"
"ARHGEF17",0.0010141468212925,-0.284983128996993,0.101,0.129,1,"ARHGEF17",0,"Not sig"
"MTHFD2L",0.00102547497264494,0.33280140003965,0.134,0.104,1,"MTHFD2L",0,"Not sig"
"ATP11A",0.00102605226699855,-0.312193215313792,0.144,0.175,1,"ATP11A",0,"Not sig"
"SCARB2",0.00103014305688213,0.260508955451409,0.143,0.111,1,"SCARB2",0,"Not sig"
"GNA13",0.00103699384088262,-0.289992231184007,0.205,0.239,1,"GNA13",0,"Not sig"
"SFSWAP",0.0010571978158259,0.27876408177371,0.169,0.135,1,"SFSWAP",0,"Not sig"
"CD81",0.00106271341164743,0.458250918308441,0.142,0.112,1,"CD81",0,"Not sig"
"CDH10",0.00106461336022885,0.238350905326939,0.221,0.182,1,"CDH10",0,"Not sig"
"PHLDB1",0.00107805836578156,0.350823091853414,0.21,0.174,1,"PHLDB1",0,"Not sig"
"AHNAK",0.00110048293430317,-0.274916074169234,0.21,0.245,1,"AHNAK",0,"Not sig"
"HSPA12A",0.00110200679225898,0.42139029510515,0.129,0.1,1,"HSPA12A",0,"Not sig"
"TFRC",0.00111311463904253,-0.673748759918783,0.086,0.11,1,"TFRC",0,"Not sig"
"SIK2",0.00111445714485773,-0.26773409657783,0.367,0.397,1,"SIK2",0,"Not sig"
"CLASP1",0.00112033852488348,-0.160841311967665,0.522,0.553,1,"CLASP1",0,"Not sig"
"SSBP4",0.00112315600031458,-0.264983917423324,0.085,0.112,1,"SSBP4",0,"Not sig"
"AF279873.3",0.00112332156648288,0.296609312576869,0.245,0.208,1,"AF279873.3",0,"Not sig"
"KCTD1",0.00113788729280584,0.227589614955883,0.21,0.171,1,"KCTD1",0,"Not sig"
"SLC25A18",0.00115211515676497,0.130672752047314,0.577,0.524,1,"SLC25A18",0,"Not sig"
"SMAD9",0.00118111641460669,-0.528515719993336,0.099,0.125,1,"SMAD9",0,"Not sig"
"SNX29",0.00118684611288964,0.271252219299102,0.322,0.278,1,"SNX29",0,"Not sig"
"TIAL1",0.00118745022158326,0.214006132848268,0.1,0.073,1,"TIAL1",0,"Not sig"
"VPS35L",0.00119583011975697,0.26220856793306,0.257,0.218,1,"VPS35L",0,"Not sig"
"ELOVL6",0.00119868753327844,0.398694240790806,0.137,0.106,1,"ELOVL6",0,"Not sig"
"EFCAB2",0.0012024162299,0.26278787053822,0.282,0.242,1,"EFCAB2",0,"Not sig"
"ALDH1L1",0.00120775590322823,-0.224720440373168,0.375,0.41,1,"ALDH1L1",0,"Not sig"
"SORL1",0.00121909039265131,0.225320751720471,0.327,0.281,1,"SORL1",0,"Not sig"
"TBCD",0.00122598495591588,-0.231566138282976,0.202,0.236,1,"TBCD",0,"Not sig"
"MTR",0.00123776466848489,0.240030644170096,0.144,0.113,1,"MTR",0,"Not sig"
"PDE7A",0.00124391229925715,0.263614342567701,0.134,0.103,1,"PDE7A",0,"Not sig"
"AC009061.2",0.00125353655173518,0.432639592416572,0.121,0.094,1,"AC009061.2",0,"Not sig"
"CYB5R4",0.00125858101062803,0.408115716123494,0.122,0.093,1,"CYB5R4",0,"Not sig"
"CPEB3",0.00126177318475293,-0.175056347496513,0.499,0.52,1,"CPEB3",0,"Not sig"
"TMEM161B-AS1",0.00128174238715148,-0.186370504283455,0.595,0.601,1,"TMEM161B-AS1",0,"Not sig"
"ABHD2",0.00129945446451515,-0.2737104901711,0.219,0.25,1,"ABHD2",0,"Not sig"
"SHPRH",0.00132457898272914,-0.332010202355537,0.204,0.235,1,"SHPRH",0,"Not sig"
"VPS13D",0.001328088196665,-0.25114037715852,0.321,0.35,1,"VPS13D",0,"Not sig"
"SPATA5",0.00133733918170483,0.339688597901206,0.141,0.11,1,"SPATA5",0,"Not sig"
"TLE1",0.00133756258826022,-0.290298728596369,0.258,0.29,1,"TLE1",0,"Not sig"
"ST3GAL2",0.00133815683669323,-0.50568222340946,0.083,0.107,1,"ST3GAL2",0,"Not sig"
"BMT2",0.00134095154591542,-0.452259905666553,0.124,0.151,1,"BMT2",0,"Not sig"
"PAXBP1",0.00135472534626419,0.247348915656011,0.141,0.11,1,"PAXBP1",0,"Not sig"
"COL11A1",0.00138048011324755,0.339756931267416,0.108,0.081,1,"COL11A1",0,"Not sig"
"GNB1",0.00139044727777123,-0.196286340783467,0.262,0.297,1,"GNB1",0,"Not sig"
"NOVA1",0.00139247887204601,0.190440183989093,0.326,0.281,1,"NOVA1",0,"Not sig"
"CHD7",0.00139817714137125,0.300416070053445,0.216,0.179,1,"CHD7",0,"Not sig"
"RNF130",0.00140015339639961,0.268198827295763,0.319,0.278,1,"RNF130",0,"Not sig"
"RECK",0.00140582800244425,0.425260058440575,0.114,0.087,1,"RECK",0,"Not sig"
"DHRSX",0.00141127276358386,-0.191396331785146,0.302,0.34,1,"DHRSX",0,"Not sig"
"TPK1",0.00141162534863452,0.359724195834947,0.127,0.099,1,"TPK1",0,"Not sig"
"FAM193B",0.00141574328318021,-0.365972189287835,0.117,0.145,1,"FAM193B",0,"Not sig"
"ERC1",0.00143053006767035,-0.182272447504291,0.433,0.458,1,"ERC1",0,"Not sig"
"CCDC91",0.00144088690979842,0.178358761594629,0.348,0.304,1,"CCDC91",0,"Not sig"
"CCDC30",0.00145560872337033,0.281209155336799,0.14,0.109,1,"CCDC30",0,"Not sig"
"ILKAP",0.00146932092423655,0.246502034738734,0.149,0.117,1,"ILKAP",0,"Not sig"
"PITPNC1",0.00147032637706492,0.10077299158032,0.942,0.933,1,"PITPNC1",0,"Not sig"
"SFXN5",0.00147685362151192,0.199891259149529,0.658,0.636,1,"SFXN5",0,"Not sig"
"SRGAP3",0.00149190900005584,0.162748086859058,0.41,0.36,1,"SRGAP3",0,"Not sig"
"DICER1",0.00150732698000401,0.213388089482399,0.282,0.241,1,"DICER1",0,"Not sig"
"DMTF1",0.00150767090324173,0.187699076354386,0.214,0.176,1,"DMTF1",0,"Not sig"
"EFR3B",0.00150998135527618,-0.235016667741865,0.304,0.336,1,"EFR3B",0,"Not sig"
"STYXL1",0.00152037750696772,0.302855956536663,0.115,0.088,1,"STYXL1",0,"Not sig"
"CASD1",0.00152176397472692,0.149060585679761,0.134,0.104,1,"CASD1",0,"Not sig"
"RBM26",0.00153694657854451,0.230384822158359,0.363,0.324,1,"RBM26",0,"Not sig"
"TRAPPC12",0.0015518158007613,0.238322980967847,0.184,0.149,1,"TRAPPC12",0,"Not sig"
"DECR1",0.00155950251405192,0.334854027868257,0.131,0.101,1,"DECR1",0,"Not sig"
"TCF20",0.001582991896692,-0.362976707502214,0.133,0.16,1,"TCF20",0,"Not sig"
"ABR",0.00158600197213975,-0.189622926991457,0.473,0.508,1,"ABR",0,"Not sig"
"SNX32",0.00160333089958815,0.409827592030343,0.1,0.075,1,"SNX32",0,"Not sig"
"CD109",0.00160493820033553,0.36861943563398,0.131,0.102,1,"CD109",0,"Not sig"
"ZNF609",0.00161139286305928,0.164599910024992,0.419,0.37,1,"ZNF609",0,"Not sig"
"SSH1",0.00163658579160566,-0.368435594443579,0.109,0.136,1,"SSH1",0,"Not sig"
"GRM3",0.0016384221832226,0.134357224523419,0.412,0.362,1,"GRM3",0,"Not sig"
"CCDC6",0.00164311458744192,-0.268908175116813,0.167,0.198,1,"CCDC6",0,"Not sig"
"PPP6R2",0.00164507236014153,0.256334282189748,0.35,0.31,1,"PPP6R2",0,"Not sig"
"MROH1",0.00164694983676109,-0.390211112698398,0.134,0.162,1,"MROH1",0,"Not sig"
"EMX2",0.00166563354322386,0.177452218205443,0.179,0.145,1,"EMX2",0,"Not sig"
"CNOT6L",0.00168314588126804,-0.286603643243074,0.154,0.185,1,"CNOT6L",0,"Not sig"
"KAT6A",0.00169021519785792,-0.231705457680115,0.27,0.301,1,"KAT6A",0,"Not sig"
"NCOA1",0.00169402982638357,-0.117638451546778,0.728,0.752,1,"NCOA1",0,"Not sig"
"CECR2",0.00175708778484933,-0.235604482337606,0.299,0.328,1,"CECR2",0,"Not sig"
"LMNA",0.00175788841535088,-0.481944063015245,0.089,0.113,1,"LMNA",0,"Not sig"
"TANK",0.00175788847511017,0.327361240004572,0.187,0.153,1,"TANK",0,"Not sig"
"ZNF638",0.00177851521711674,-0.173492402079579,0.459,0.486,1,"ZNF638",0,"Not sig"
"CPSF6",0.00178889455624569,0.224807845772972,0.198,0.162,1,"CPSF6",0,"Not sig"
"EFNB2",0.00180025828919498,-0.505871962948026,0.093,0.117,1,"EFNB2",0,"Not sig"
"SEMA5A",0.00181647829035611,-0.47116653781734,0.109,0.135,1,"SEMA5A",0,"Not sig"
"RAI1",0.00183765370686875,-0.476370511205354,0.082,0.105,1,"RAI1",0,"Not sig"
"CACNA1B",0.00186207730936712,0.383711237527894,0.115,0.088,1,"CACNA1B",0,"Not sig"
"ARID5B",0.00189320897730928,-0.334013408113476,0.162,0.192,1,"ARID5B",0,"Not sig"
"BCKDHB",0.00191471758708248,0.175112999239393,0.472,0.43,1,"BCKDHB",0,"Not sig"
"FRS2",0.00192131371420761,0.19802463263081,0.293,0.249,1,"FRS2",0,"Not sig"
"TXNRD1",0.00192568365152841,-0.365995862953436,0.134,0.162,1,"TXNRD1",0,"Not sig"
"MBNL1",0.0019409375314102,-0.183727775728713,0.476,0.502,1,"MBNL1",0,"Not sig"
"ARFGAP3",0.00195374096065587,-0.485212579618196,0.083,0.106,1,"ARFGAP3",0,"Not sig"
"ABL1",0.00197681316545445,-0.244962779737941,0.245,0.278,1,"ABL1",0,"Not sig"
"ZNF462",0.00198623388886945,0.26548583094323,0.279,0.241,1,"ZNF462",0,"Not sig"
"CBFA2T2",0.00198916328439331,0.235775490800003,0.41,0.366,1,"CBFA2T2",0,"Not sig"
"PIGL",0.00199491893723642,0.301994160130841,0.113,0.087,1,"PIGL",0,"Not sig"
"ZSCAN5A",0.00199923733812558,0.356193102197158,0.164,0.133,1,"ZSCAN5A",0,"Not sig"
"ABI2",0.00201368432886573,0.283266966626814,0.317,0.279,1,"ABI2",0,"Not sig"
"ZNF704",0.00201919413598238,0.235134947148352,0.21,0.174,1,"ZNF704",0,"Not sig"
"MT2A",0.00203511181742219,-0.172066418940777,0.16,0.192,1,"MT2A",0,"Not sig"
"MAPK8",0.00203947128628319,0.180033848619014,0.293,0.251,1,"MAPK8",0,"Not sig"
"DNM1L",0.00204453107263068,0.284903602164395,0.157,0.126,1,"DNM1L",0,"Not sig"
"STXBP3",0.00207484477848989,0.28010993795404,0.135,0.106,1,"STXBP3",0,"Not sig"
"PAPSS1",0.00212815081887371,0.264807204058238,0.137,0.108,1,"PAPSS1",0,"Not sig"
"ITGB5",0.00215625808380637,-0.287097206412473,0.166,0.197,1,"ITGB5",0,"Not sig"
"ST6GALNAC3",0.00216377572451782,-0.340782893479963,0.419,0.443,1,"ST6GALNAC3",0,"Not sig"
"PCGF5",0.00218299166278991,-0.306256586229661,0.328,0.355,1,"PCGF5",0,"Not sig"
"GGNBP2",0.00220899352355192,-0.473887877105985,0.092,0.116,1,"GGNBP2",0,"Not sig"
"DOPEY1",0.00222674346706298,0.270586107719551,0.168,0.136,1,"DOPEY1",0,"Not sig"
"N4BP2L1",0.00224095626741476,0.362244755124895,0.115,0.089,1,"N4BP2L1",0,"Not sig"
"RTN1",0.00226586780299948,0.47504594523305,0.141,0.114,1,"RTN1",0,"Not sig"
"PRRC2C",0.00226878529493974,0.221917172516161,0.238,0.201,1,"PRRC2C",0,"Not sig"
"PITPNA",0.00234363904872643,-0.414933516874146,0.115,0.141,1,"PITPNA",0,"Not sig"
"WDR20",0.00236716231959439,0.229503932406691,0.195,0.161,1,"WDR20",0,"Not sig"
"XRCC4",0.00237024508040229,0.213629944048243,0.119,0.092,1,"XRCC4",0,"Not sig"
"NLGN4X",0.00239845546227349,0.326221608655984,0.228,0.195,1,"NLGN4X",0,"Not sig"
"TPP2",0.00240004768328543,0.35155739385662,0.108,0.082,1,"TPP2",0,"Not sig"
"PDE8A",0.0024083991359158,0.188457346011925,0.373,0.338,1,"PDE8A",0,"Not sig"
"CAPZA1",0.00242017697044395,0.272494089311776,0.19,0.157,1,"CAPZA1",0,"Not sig"
"PADI2",0.00242389139226757,0.356215058364279,0.158,0.128,1,"PADI2",0,"Not sig"
"LHFPL2",0.00245013730631035,-0.249667041151831,0.12,0.148,1,"LHFPL2",0,"Not sig"
"CEP192",0.00245444431632896,0.304926615019358,0.179,0.148,1,"CEP192",0,"Not sig"
"ARHGAP23",0.00248072503934392,0.367655749701096,0.12,0.094,1,"ARHGAP23",0,"Not sig"
"FLOT2",0.00249696688142087,-0.236860247485472,0.077,0.1,1,"FLOT2",0,"Not sig"
"BPTF",0.00252457975177343,0.190538728724962,0.451,0.41,1,"BPTF",0,"Not sig"
"SLC18B1",0.00253026735713766,0.302326583378263,0.207,0.174,1,"SLC18B1",0,"Not sig"
"NIN",0.00255126498370994,0.204489445478649,0.227,0.19,1,"NIN",0,"Not sig"
"KLC1",0.002643596748391,-0.235023658476863,0.17,0.2,1,"KLC1",0,"Not sig"
"GAB1",0.00264983968339029,0.22817294799532,0.398,0.366,1,"GAB1",0,"Not sig"
"TP53BP1",0.00267960578459013,0.283334752569737,0.156,0.124,1,"TP53BP1",0,"Not sig"
"GABRA2",0.002686003646453,0.205931831549472,0.34,0.302,1,"GABRA2",0,"Not sig"
"LINC00854",0.00270073726396445,0.285837164983568,0.132,0.104,1,"LINC00854",0,"Not sig"
"KAT6B",0.0027048980684151,0.181228152313911,0.289,0.249,1,"KAT6B",0,"Not sig"
"WASF3",0.00271200322527091,0.189581757551901,0.297,0.258,1,"WASF3",0,"Not sig"
"DST",0.00271781333187923,-0.160419498777402,0.81,0.822,1,"DST",0,"Not sig"
"COG5",0.00275344126113768,-0.226409471690819,0.337,0.367,1,"COG5",0,"Not sig"
"PTPRA",0.00282717912287567,0.192921863750944,0.372,0.327,1,"PTPRA",0,"Not sig"
"RHOJ",0.00283587850624477,-0.261296424573791,0.261,0.291,1,"RHOJ",0,"Not sig"
"TET1",0.00284023332238536,0.169061270018579,0.13,0.101,1,"TET1",0,"Not sig"
"FIGN",0.00286387694966964,-0.23901370125418,0.412,0.434,1,"FIGN",0,"Not sig"
"NASP",0.00286519989740104,0.229691572631684,0.129,0.101,1,"NASP",0,"Not sig"
"ADAM12",0.00287966695161594,-0.286795603720651,0.107,0.133,1,"ADAM12",0,"Not sig"
"ZCCHC2",0.00297356330643139,-0.307994499096596,0.14,0.168,1,"ZCCHC2",0,"Not sig"
"SESN3",0.00298247020043779,-0.305819730238419,0.231,0.26,1,"SESN3",0,"Not sig"
"HGSNAT",0.00305969810308165,0.311600052029148,0.139,0.111,1,"HGSNAT",0,"Not sig"
"LINC00511",0.00311395099723757,-0.216204386621228,0.501,0.525,1,"LINC00511",0,"Not sig"
"SLC23A2",0.00311403238203594,0.211821570364457,0.156,0.126,1,"SLC23A2",0,"Not sig"
"GPI",0.00314815701629554,-0.554154780737459,0.131,0.156,1,"GPI",0,"Not sig"
"ZNRF3",0.00324088733978748,0.123026827176073,0.704,0.687,1,"ZNRF3",0,"Not sig"
"ZNF345",0.00327626839202308,-0.423498351193438,0.103,0.128,1,"ZNF345",0,"Not sig"
"SLC30A9",0.00328887614433646,0.113782473980278,0.156,0.125,1,"SLC30A9",0,"Not sig"
"CDHR3",0.00329596883083603,0.155378634861642,0.39,0.349,1,"CDHR3",0,"Not sig"
"RNF216",0.0033180298909718,-0.330781667276576,0.214,0.242,1,"RNF216",0,"Not sig"
"JUND",0.00332675167358197,0.231947153809033,0.219,0.184,1,"JUND",0,"Not sig"
"CBLB",0.00333007068828858,-0.295001878226093,0.187,0.214,1,"CBLB",0,"Not sig"
"MCCC1",0.00335434634919785,0.403688890662749,0.14,0.114,1,"MCCC1",0,"Not sig"
"INPP4A",0.0034128967387157,-0.334257856824255,0.163,0.188,1,"INPP4A",0,"Not sig"
"DOCK9",0.00343471323987055,-0.217330113978766,0.274,0.306,1,"DOCK9",0,"Not sig"
"PTBP2",0.00345720116084427,0.183426521332754,0.366,0.326,1,"PTBP2",0,"Not sig"
"ERBIN",0.00346459309230834,-0.215658108291854,0.681,0.686,1,"ERBIN",0,"Not sig"
"KDM2A",0.00348121845869263,-0.290162618316649,0.307,0.334,1,"KDM2A",0,"Not sig"
"CTDSPL",0.00353856856733423,-0.182288255290603,0.425,0.451,1,"CTDSPL",0,"Not sig"
"AASS",0.00358131559101943,0.134053390529534,0.171,0.139,1,"AASS",0,"Not sig"
"VWA8",0.00363520818118434,0.188359592391139,0.336,0.295,1,"VWA8",0,"Not sig"
"MYO18A",0.00364041280688537,0.327316914486988,0.127,0.101,1,"MYO18A",0,"Not sig"
"LINC00278",0.0036597013735902,-0.208484200756601,0.082,0.105,1,"LINC00278",0,"Not sig"
"LINC01135",0.00370442053526195,0.157118001931737,0.108,0.082,1,"LINC01135",0,"Not sig"
"CTNNB1",0.00374183200972085,-0.269271129478024,0.181,0.21,1,"CTNNB1",0,"Not sig"
"HNRNPU",0.00380047433443706,-0.269231779476465,0.272,0.297,1,"HNRNPU",0,"Not sig"
"NCK2",0.00386772167418764,-0.280030817436497,0.132,0.158,1,"NCK2",0,"Not sig"
"RAD51B",0.00394773129943355,0.139491395279694,0.439,0.397,1,"RAD51B",0,"Not sig"
"MT-CO2",0.00395168295432876,-0.251919898612819,0.311,0.343,1,"MT-CO2",0,"Not sig"
"LRBA",0.00395996087824481,0.153633215092776,0.368,0.327,1,"LRBA",0,"Not sig"
"NBPF1",0.00397602798629662,0.364910896125626,0.109,0.085,1,"NBPF1",0,"Not sig"
"ATG5",0.00404200069603662,0.414426780050497,0.119,0.094,1,"ATG5",0,"Not sig"
"LARP4",0.00406572305575827,-0.364301060925239,0.151,0.175,1,"LARP4",0,"Not sig"
"TENM4",0.00407898989797677,-0.169620410340318,0.365,0.399,1,"TENM4",0,"Not sig"
"MAF",0.00408184679835744,-0.425257739383682,0.09,0.113,1,"MAF",0,"Not sig"
"GOLGB1",0.00412926118685421,-0.46369999671935,0.143,0.167,1,"GOLGB1",0,"Not sig"
"OXR1",0.00412970919311936,0.245965772092261,0.246,0.211,1,"OXR1",0,"Not sig"
"CDC42EP4",0.00418486761769775,0.306136938968656,0.146,0.12,1,"CDC42EP4",0,"Not sig"
"TNRC6A",0.00422230449203183,-0.116336746964034,0.829,0.855,1,"TNRC6A",0,"Not sig"
"ZC3H13",0.00422985275125823,0.259758689560851,0.142,0.114,1,"ZC3H13",0,"Not sig"
"KTN1",0.00424399715634025,-0.278669166951288,0.228,0.255,1,"KTN1",0,"Not sig"
"AC007566.1",0.00430937341689293,0.255870836384592,0.113,0.087,1,"AC007566.1",0,"Not sig"
"AASDH",0.0043827706247751,0.170952674333491,0.103,0.079,1,"AASDH",0,"Not sig"
"NUFIP2",0.00453789645707793,-0.244764187204625,0.238,0.266,1,"NUFIP2",0,"Not sig"
"GPC6",0.00455985182635047,-0.269591813127702,0.166,0.195,1,"GPC6",0,"Not sig"
"INVS",0.00459899113389595,0.225400494007665,0.276,0.242,1,"INVS",0,"Not sig"
"PBRM1",0.00461516526618417,0.206148233858413,0.258,0.221,1,"PBRM1",0,"Not sig"
"PPFIA2",0.00466374972941466,0.103191525772145,0.345,0.302,1,"PPFIA2",0,"Not sig"
"NSMCE2",0.00470389988662428,0.238753572626402,0.403,0.371,1,"NSMCE2",0,"Not sig"
"RANBP2",0.00477463994789612,-0.464982740162361,0.102,0.124,1,"RANBP2",0,"Not sig"
"CDC14A",0.00478549733411786,-0.24821912640444,0.313,0.339,1,"CDC14A",0,"Not sig"
"CALCOCO2",0.00485568725219066,-0.342785644310854,0.109,0.133,1,"CALCOCO2",0,"Not sig"
"VCL",0.00487463628845515,-0.231713403014897,0.221,0.25,1,"VCL",0,"Not sig"
"DTX1",0.00487495667637024,0.40280677422954,0.12,0.095,1,"DTX1",0,"Not sig"
"AQP4",0.00488919013348889,0.144248511254127,0.359,0.316,1,"AQP4",0,"Not sig"
"GLUL",0.00491904023490976,0.124147339693739,0.43,0.387,1,"GLUL",0,"Not sig"
"TAPBP",0.00495345313560562,-0.254901814336917,0.105,0.129,1,"TAPBP",0,"Not sig"
"LMF1",0.00498980504098689,0.279052366118108,0.104,0.081,1,"LMF1",0,"Not sig"
"UTY",0.00499835565529181,-0.10469734185513,0.284,0.324,1,"UTY",0,"Not sig"
"TBC1D8",0.00501530618722591,-0.395464137310809,0.103,0.125,1,"TBC1D8",0,"Not sig"
"TTN-AS1",0.00501785204285521,0.133475219232334,0.29,0.251,1,"TTN-AS1",0,"Not sig"
"PPP1CB",0.00510441739172183,-0.372889988184896,0.128,0.152,1,"PPP1CB",0,"Not sig"
"IQCK",0.00510745377683456,0.148325332404778,0.385,0.341,1,"IQCK",0,"Not sig"
"SEPT8",0.00512248629146923,0.280195102085442,0.127,0.102,1,"SEPT8",0,"Not sig"
"LEPR",0.00514057496462195,0.289924924047693,0.145,0.118,1,"LEPR",0,"Not sig"
"PPP4R3B",0.00514993470598453,0.178405760693733,0.15,0.122,1,"PPP4R3B",0,"Not sig"
"KNOP1",0.00521354256096403,0.229295367377388,0.122,0.097,1,"KNOP1",0,"Not sig"
"SH3PXD2B",0.00524912503062088,-0.219145673531326,0.334,0.363,1,"SH3PXD2B",0,"Not sig"
"BBOX1",0.00525082360674114,0.182001160950014,0.161,0.132,1,"BBOX1",0,"Not sig"
"CASC15",0.00530093373039572,-0.469414545895247,0.088,0.11,1,"CASC15",0,"Not sig"
"ATM",0.0053331359601566,0.183457551251851,0.159,0.13,1,"ATM",0,"Not sig"
"SH2B1",0.00533717781752643,0.272212371734589,0.121,0.096,1,"SH2B1",0,"Not sig"
"CST3",0.00536007251359288,0.254210032863806,0.209,0.178,1,"CST3",0,"Not sig"
"THRAP3",0.00541457939843941,-0.33010531138555,0.127,0.151,1,"THRAP3",0,"Not sig"
"ZNF438",0.00543514310178925,0.173760223676023,0.3,0.263,1,"ZNF438",0,"Not sig"
"XPR1",0.00545221599722954,-0.231512386192199,0.237,0.266,1,"XPR1",0,"Not sig"
"PSMD14",0.00550199371705868,0.26010764033079,0.126,0.1,1,"PSMD14",0,"Not sig"
"INPP5F",0.00551739198142402,-0.292933289472279,0.156,0.182,1,"INPP5F",0,"Not sig"
"LRPPRC",0.00559389434112846,0.188918742708053,0.158,0.128,1,"LRPPRC",0,"Not sig"
"SNX1",0.00559721797305973,0.176868659907726,0.136,0.109,1,"SNX1",0,"Not sig"
"TTC3",0.00562066585994668,-0.248253176728766,0.296,0.322,1,"TTC3",0,"Not sig"
"FBXL17",0.00565074016439152,0.128803890705921,0.525,0.484,1,"FBXL17",0,"Not sig"
"TBCK",0.00566002906907026,0.173093013797564,0.298,0.261,1,"TBCK",0,"Not sig"
"COG6",0.00570663988912233,0.195189804179422,0.108,0.084,1,"COG6",0,"Not sig"
"FAM102A",0.00572658860384294,0.141296959008248,0.132,0.105,1,"FAM102A",0,"Not sig"
"USP22",0.00574108997384632,-0.349873674730185,0.14,0.164,1,"USP22",0,"Not sig"
"NT5C2",0.00576498418219229,-0.177277387978335,0.411,0.436,1,"NT5C2",0,"Not sig"
"C2CD5",0.00578916449689327,0.263350859704707,0.13,0.104,1,"C2CD5",0,"Not sig"
"BCL7C",0.00578948608424304,0.142357774322072,0.127,0.101,1,"BCL7C",0,"Not sig"
"TLE4",0.00587937246953362,0.265054527468927,0.252,0.221,1,"TLE4",0,"Not sig"
"DNM3",0.00592690160722735,-0.166950414244182,0.611,0.627,1,"DNM3",0,"Not sig"
"DIXDC1",0.00593447344898446,0.230384241301091,0.144,0.116,1,"DIXDC1",0,"Not sig"
"DLGAP4",0.00593665530973629,-0.365125993553015,0.112,0.136,1,"DLGAP4",0,"Not sig"
"RNF182",0.00596326963020695,-0.445258848374066,0.164,0.186,1,"RNF182",0,"Not sig"
"STIM1",0.00598018822631639,0.28847200164214,0.215,0.184,1,"STIM1",0,"Not sig"
"RBPJ",0.0060099249965215,0.17741801679703,0.25,0.213,1,"RBPJ",0,"Not sig"
"SNX13",0.00605872887541088,-0.28261789005508,0.198,0.225,1,"SNX13",0,"Not sig"
"ACER3",0.00612902827968404,0.170639161993886,0.21,0.179,1,"ACER3",0,"Not sig"
"AL683813.1",0.00617298588386003,0.236927897524579,0.134,0.108,1,"AL683813.1",0,"Not sig"
"ALMS1",0.00618240452945162,0.182543179735808,0.164,0.134,1,"ALMS1",0,"Not sig"
"NWD1",0.00631189476575148,-0.20189253142565,0.242,0.271,1,"NWD1",0,"Not sig"
"PPP1R1B",0.00631617175751152,0.253457919508994,0.105,0.082,1,"PPP1R1B",0,"Not sig"
"TTC7B",0.00637394355873064,0.157374668463482,0.288,0.25,1,"TTC7B",0,"Not sig"
"BACH2",0.00637632395463343,0.141141006946292,0.296,0.259,1,"BACH2",0,"Not sig"
"ETV1",0.00639195248472948,-0.410770671081041,0.116,0.138,1,"ETV1",0,"Not sig"
"MTM1",0.00639331713682867,0.250148682878953,0.209,0.178,1,"MTM1",0,"Not sig"
"MTMR10",0.00641071013000921,0.251974183748555,0.168,0.14,1,"MTMR10",0,"Not sig"
"INPP5A",0.00643760996144965,-0.328030441317103,0.107,0.129,1,"INPP5A",0,"Not sig"
"NUCKS1",0.00644640203633057,0.200615042356795,0.245,0.21,1,"NUCKS1",0,"Not sig"
"LRP6",0.00652477368475316,0.185297060253948,0.199,0.167,1,"LRP6",0,"Not sig"
"ZKSCAN1",0.00653390525693567,0.188419353401632,0.221,0.188,1,"ZKSCAN1",0,"Not sig"
"NDUFS2",0.00653754046214223,-0.341229861135952,0.115,0.137,1,"NDUFS2",0,"Not sig"
"GTF2IRD2B",0.00657454851584062,0.235881082300063,0.122,0.097,1,"GTF2IRD2B",0,"Not sig"
"KLF12",0.00660706479121851,0.174534467248294,0.371,0.333,1,"KLF12",0,"Not sig"
"TRAF3IP2-AS1",0.00661625800947668,0.178855497772939,0.431,0.399,1,"TRAF3IP2-AS1",0,"Not sig"
"SYTL4",0.00662401925488655,-0.344300657686983,0.147,0.171,1,"SYTL4",0,"Not sig"
"LRRC49",0.00665997436102658,0.339264577390905,0.102,0.08,1,"LRRC49",0,"Not sig"
"LIMS1",0.00666243016504591,-0.256733433323696,0.236,0.263,1,"LIMS1",0,"Not sig"
"FNIP2",0.00667860251393792,0.16610584938097,0.14,0.113,1,"FNIP2",0,"Not sig"
"BCR",0.00668226501050872,-0.269362662176123,0.218,0.244,1,"BCR",0,"Not sig"
"PDE5A",0.00681021577359696,-0.521607296791196,0.093,0.114,1,"PDE5A",0,"Not sig"
"FAM204A",0.00682479838159324,0.125396598956873,0.143,0.115,1,"FAM204A",0,"Not sig"
"RHPN1",0.00686942562147233,0.486935888756819,0.122,0.099,1,"RHPN1",0,"Not sig"
"EEF1D",0.00687930309240375,-0.218086236322794,0.118,0.143,1,"EEF1D",0,"Not sig"
"ZBED5",0.00696967006529887,0.211459968345469,0.133,0.107,1,"ZBED5",0,"Not sig"
"PHF21B",0.00697235075551471,-0.191599125994577,0.295,0.324,1,"PHF21B",0,"Not sig"
"KLF9",0.00697521215886631,0.340138637241699,0.143,0.118,1,"KLF9",0,"Not sig"
"MTCH1",0.00700794532605478,-0.451666995869793,0.082,0.101,1,"MTCH1",0,"Not sig"
"CREBZF",0.00711174292634973,0.29321621865653,0.116,0.092,1,"CREBZF",0,"Not sig"
"TNRC18",0.00712640097982995,-0.19875356997729,0.219,0.25,1,"TNRC18",0,"Not sig"
"NEK9",0.0071815391463791,0.226721714633391,0.12,0.095,1,"NEK9",0,"Not sig"
"UBE2E1",0.00720950042742252,-0.330035291944696,0.208,0.232,1,"UBE2E1",0,"Not sig"
"ACAP2",0.00727994682349634,-0.148566912888864,0.39,0.421,1,"ACAP2",0,"Not sig"
"PDE6D",0.00728716001968597,-0.329872625733421,0.085,0.106,1,"PDE6D",0,"Not sig"
"GALK2",0.00729540473016597,0.286546216758607,0.124,0.099,1,"GALK2",0,"Not sig"
"PTEN",0.00730035758338561,-0.225737419383677,0.268,0.293,1,"PTEN",0,"Not sig"
"PLCH1",0.00731637874433811,-0.267242332502545,0.206,0.234,1,"PLCH1",0,"Not sig"
"IBTK",0.00734569718856382,0.169893980541732,0.14,0.114,1,"IBTK",0,"Not sig"
"YAF2",0.00734858375296579,-0.286599846672325,0.17,0.196,1,"YAF2",0,"Not sig"
"NUP98",0.00739137632342615,-0.323068505579513,0.131,0.154,1,"NUP98",0,"Not sig"
"KDM5B",0.00739904767053515,-0.216341089096932,0.119,0.143,1,"KDM5B",0,"Not sig"
"AHCYL2",0.00740055886509405,-0.109504866219313,0.75,0.754,1,"AHCYL2",0,"Not sig"
"HNRNPDL",0.00740103725981104,0.210250977735626,0.151,0.123,1,"HNRNPDL",0,"Not sig"
"TMED8",0.0074416442146628,0.198439172195375,0.137,0.11,1,"TMED8",0,"Not sig"
"ST3GAL1",0.00745355099383916,-0.142641751250013,0.119,0.144,1,"ST3GAL1",0,"Not sig"
"ZDHHC21",0.00747157362824404,0.199930949509346,0.267,0.231,1,"ZDHHC21",0,"Not sig"
"UACA",0.00752381482700402,-0.314803833590147,0.122,0.145,1,"UACA",0,"Not sig"
"PDE4DIP",0.00759901600383241,-0.111092684278395,0.708,0.72,1,"PDE4DIP",0,"Not sig"
"XPO4",0.00762026199672903,0.225766111159374,0.144,0.118,1,"XPO4",0,"Not sig"
"GSK3B",0.0076430442988595,-0.210430557282993,0.352,0.376,1,"GSK3B",0,"Not sig"
"DLG5",0.00771868634889676,-0.406761106274482,0.106,0.127,1,"DLG5",0,"Not sig"
"PKP4",0.0077302520448229,0.183288403364328,0.203,0.171,1,"PKP4",0,"Not sig"
"OGA",0.00777144606289387,-0.203739333500336,0.291,0.315,1,"OGA",0,"Not sig"
"GALNT15",0.00781836467652445,-0.403310521495526,0.122,0.144,1,"GALNT15",0,"Not sig"
"CDS2",0.0078709388347113,-0.32632366838082,0.133,0.156,1,"CDS2",0,"Not sig"
"PARP6",0.00799776078220194,0.204822117357201,0.135,0.109,1,"PARP6",0,"Not sig"
"RBM17",0.00802982753689556,-0.341804716420012,0.102,0.123,1,"RBM17",0,"Not sig"
"GRAMD1B",0.00805252628846947,0.257949204476486,0.245,0.215,1,"GRAMD1B",0,"Not sig"
"CCDC146",0.00806968538867251,0.250379173411654,0.128,0.104,1,"CCDC146",0,"Not sig"
"WIF1",0.00809553524767325,0.240937767595366,0.107,0.085,1,"WIF1",0,"Not sig"
"SETBP1",0.00813986492175698,-0.293783961141264,0.161,0.186,1,"SETBP1",0,"Not sig"
"FER",0.0081433667301833,0.136869678893827,0.466,0.424,1,"FER",0,"Not sig"
"SPATS2",0.00817447628990223,-0.303343222752637,0.134,0.158,1,"SPATS2",0,"Not sig"
"FAM208A",0.0082057450381515,0.133984121682174,0.148,0.121,1,"FAM208A",0,"Not sig"
"PPP2R1B",0.00821771743210091,0.145882727142659,0.181,0.15,1,"PPP2R1B",0,"Not sig"
"SLC20A2",0.00823982117344298,-0.230005438131529,0.328,0.355,1,"SLC20A2",0,"Not sig"
"TANC1",0.00824143087794897,-0.211864343729959,0.24,0.267,1,"TANC1",0,"Not sig"
"TRAK1",0.00827495661718123,-0.12829235303067,0.524,0.551,1,"TRAK1",0,"Not sig"
"YY1AP1",0.00827872585438652,-0.43524750995873,0.119,0.14,1,"YY1AP1",0,"Not sig"
"NACC2",0.00827893640914236,-0.21585055685465,0.248,0.275,1,"NACC2",0,"Not sig"
"MEF2C",0.00827992418201733,-0.216829169216784,0.223,0.25,1,"MEF2C",0,"Not sig"
"GOLPH3",0.00828214335450591,-0.213278183247847,0.133,0.157,1,"GOLPH3",0,"Not sig"
"ADCY2",0.00833520402073186,-0.179812519031848,0.795,0.795,1,"ADCY2",0,"Not sig"
"OLFM2",0.00836830899166102,-0.114893309221946,0.353,0.384,1,"OLFM2",0,"Not sig"
"KIAA0319L",0.00839334934506458,0.176138343988508,0.204,0.174,1,"KIAA0319L",0,"Not sig"
"SLC35F5",0.00856227716448565,0.227852881625245,0.144,0.119,1,"SLC35F5",0,"Not sig"
"CDH11",0.00856506801803774,0.133906237446023,0.277,0.24,1,"CDH11",0,"Not sig"
"MBOAT2",0.00868112303681724,0.203279234775914,0.294,0.257,1,"MBOAT2",0,"Not sig"
"APC2",0.00877758666802249,0.185068875730026,0.144,0.118,1,"APC2",0,"Not sig"
"CASTOR2",0.0088423660125831,-0.310763126241153,0.108,0.13,1,"CASTOR2",0,"Not sig"
"KDM7A",0.00897132574403228,-0.380995428170129,0.085,0.105,1,"KDM7A",0,"Not sig"
"SNAP23",0.00907436875725195,-0.3882849324582,0.119,0.141,1,"SNAP23",0,"Not sig"
"UMAD1",0.00910813302278005,0.145025036889042,0.276,0.239,1,"UMAD1",0,"Not sig"
"MTUS1",0.00914194664293668,-0.204697592542885,0.435,0.451,1,"MTUS1",0,"Not sig"
"NDUFA10",0.00918234287237077,0.337038020047615,0.154,0.129,1,"NDUFA10",0,"Not sig"
"TTC17",0.00919228761641417,0.207697207622587,0.318,0.284,1,"TTC17",0,"Not sig"
"PIK3CB",0.00920234617045737,0.224692079805371,0.166,0.138,1,"PIK3CB",0,"Not sig"
"USP25",0.00920977446354573,-0.295568552907179,0.148,0.171,1,"USP25",0,"Not sig"
"GTF2I",0.00923680205190204,-0.148691424894709,0.411,0.441,1,"GTF2I",0,"Not sig"
"DDAH1",0.00930431758568743,0.144385505200786,0.413,0.377,1,"DDAH1",0,"Not sig"
"LDLR",0.00930582366499929,-0.357298781202687,0.085,0.104,1,"LDLR",0,"Not sig"
"FBXO21",0.00938229970861595,0.218269198707722,0.107,0.085,1,"FBXO21",0,"Not sig"
"CDH4",0.00949300494868607,-0.191999018736743,0.439,0.463,1,"CDH4",0,"Not sig"
"PTBP1",0.00949387082015841,-0.433728719125548,0.082,0.101,1,"PTBP1",0,"Not sig"
"AP3S1",0.00953209444042051,-0.26441441426481,0.109,0.131,1,"AP3S1",0,"Not sig"
"MDM4",0.00955683092399158,0.168351283906074,0.231,0.199,1,"MDM4",0,"Not sig"
"MIGA1",0.00956175303178664,0.167130762065597,0.139,0.113,1,"MIGA1",0,"Not sig"
"KATNBL1",0.00957176930843517,0.198962276824107,0.206,0.176,1,"KATNBL1",0,"Not sig"
"CDC42BPA",0.00957604970089492,-0.113015304931004,0.53,0.553,1,"CDC42BPA",0,"Not sig"
"PACS2",0.00969065521981353,0.212193820500927,0.184,0.155,1,"PACS2",0,"Not sig"
"CPM",0.00984539010001047,0.103152701499897,0.181,0.151,1,"CPM",0,"Not sig"
"EPB41L1",0.00987561856081164,0.263637323646138,0.14,0.115,1,"EPB41L1",0,"Not sig"
"ITFG1",0.00989865725340518,0.169197527811428,0.358,0.322,1,"ITFG1",0,"Not sig"
"WDR48",0.00994016759244945,0.204305989694257,0.11,0.088,1,"WDR48",0,"Not sig"
"PKD1",0.0100128641465449,-0.265407025352623,0.163,0.187,1,"PKD1",0,"Not sig"
"EXOC1",0.0100197624499565,0.111532356059018,0.134,0.108,1,"EXOC1",0,"Not sig"
"FBXL4",0.0100362895913636,0.20788585703168,0.137,0.112,1,"FBXL4",0,"Not sig"
"RANBP9",0.0100536002624026,-0.243182049402892,0.169,0.192,1,"RANBP9",0,"Not sig"
"TMEM41B",0.0100586215810296,0.224837559684505,0.104,0.082,1,"TMEM41B",0,"Not sig"
"WDR13",0.0100733382548291,-0.18050827447383,0.11,0.133,1,"WDR13",0,"Not sig"
"PUM3",0.0100987377767286,0.28042590326517,0.137,0.113,1,"PUM3",0,"Not sig"
"ANKRD44",0.0101786533666477,0.15691538788832,0.306,0.272,1,"ANKRD44",0,"Not sig"
"XPO6",0.0103295555297467,0.195065887968697,0.115,0.092,1,"XPO6",0,"Not sig"
"PRDM16",0.0104262236721954,-0.103565885446355,0.42,0.448,1,"PRDM16",0,"Not sig"
"SLC25A12",0.0104991424456669,0.24427929949911,0.209,0.179,1,"SLC25A12",0,"Not sig"
"KDM2B",0.0105474729589319,0.20396048530429,0.108,0.086,1,"KDM2B",0,"Not sig"
"SORT1",0.0105706121448214,0.213453562488695,0.351,0.322,1,"SORT1",0,"Not sig"
"ABHD18",0.0105756225648391,0.23064983262499,0.143,0.118,1,"ABHD18",0,"Not sig"
"SFPQ",0.0105955512204805,0.222337333044487,0.265,0.235,1,"SFPQ",0,"Not sig"
"PPM1B",0.0106103127704442,0.222135913385234,0.273,0.241,1,"PPM1B",0,"Not sig"
"FBXO32",0.0106603621867281,-0.643711624690613,0.087,0.106,1,"FBXO32",0,"Not sig"
"DMXL1",0.0107203603712071,0.134094310639053,0.247,0.214,1,"DMXL1",0,"Not sig"
"NIM1K",0.0107923181274963,-0.304659719514349,0.129,0.152,1,"NIM1K",0,"Not sig"
"ARHGEF10L",0.0108137604361985,-0.208478434386782,0.259,0.283,1,"ARHGEF10L",0,"Not sig"
"APP",0.0108179384652962,-0.161229448757294,0.294,0.324,1,"APP",0,"Not sig"
"CCM2",0.0108617299803637,0.268480427534199,0.104,0.082,1,"CCM2",0,"Not sig"
"RAB27A",0.0109201593111041,-0.347345452223315,0.082,0.101,1,"RAB27A",0,"Not sig"
"WDSUB1",0.0109668788602244,0.27644697149656,0.107,0.085,1,"WDSUB1",0,"Not sig"
"UBE3D",0.0110388761031567,0.453921683337831,0.107,0.086,1,"UBE3D",0,"Not sig"
"KLHL23",0.0110737719575192,0.228887827303344,0.135,0.111,1,"KLHL23",0,"Not sig"
"AC103923.1",0.0111751291911429,-0.259924907794732,0.117,0.139,1,"AC103923.1",0,"Not sig"
"PIGN",0.0112340952749238,0.191025294168177,0.152,0.127,1,"PIGN",0,"Not sig"
"RNPC3",0.0112789542290068,-0.266711412574269,0.165,0.188,1,"RNPC3",0,"Not sig"
"SALL3",0.0113310589010777,-0.486543637933644,0.099,0.119,1,"SALL3",0,"Not sig"
"KIF13A",0.0113937625763024,0.184426475328628,0.433,0.398,1,"KIF13A",0,"Not sig"
"LINC01505",0.0114461133993796,0.421408004908182,0.12,0.098,1,"LINC01505",0,"Not sig"
"MPDZ",0.011478016852458,0.186065763182776,0.322,0.288,1,"MPDZ",0,"Not sig"
"CAPZB",0.0115641629682785,-0.296627095266531,0.209,0.232,1,"CAPZB",0,"Not sig"
"TMEM50B",0.0116503552445622,0.327581900796827,0.112,0.091,1,"TMEM50B",0,"Not sig"
"HK1",0.0117520992016925,-0.353725801060878,0.135,0.156,1,"HK1",0,"Not sig"
"TMBIM6",0.0117694672520654,0.232407073151743,0.168,0.14,1,"TMBIM6",0,"Not sig"
"SMARCD3",0.0119278259376451,-0.269940235622524,0.093,0.114,1,"SMARCD3",0,"Not sig"
"PARG",0.0120266651921717,0.18550028408726,0.151,0.126,1,"PARG",0,"Not sig"
"ATR",0.0120390388663589,0.331527451758396,0.106,0.085,1,"ATR",0,"Not sig"
"POLA1",0.0120874995522778,0.238154482077982,0.175,0.149,1,"POLA1",0,"Not sig"
"ZNF292",0.0123050949398519,-0.146190306723505,0.318,0.345,1,"ZNF292",0,"Not sig"
"CDH2",0.0123220261618547,-0.222386634676236,0.419,0.436,1,"CDH2",0,"Not sig"
"ATP9B",0.0123327012418587,0.190919696826893,0.294,0.262,1,"ATP9B",0,"Not sig"
"WDR11",0.0124552548364432,0.138941103417338,0.167,0.139,1,"WDR11",0,"Not sig"
"CLK1",0.0125580104162672,-0.451455943901303,0.132,0.152,1,"CLK1",0,"Not sig"
"INF2",0.0125602033067556,0.248273761335144,0.126,0.102,1,"INF2",0,"Not sig"
"ALDH2",0.0130720183961916,-0.281651550639563,0.109,0.13,1,"ALDH2",0,"Not sig"
"PPP2R5A",0.0131373263994184,0.218555390563798,0.21,0.182,1,"PPP2R5A",0,"Not sig"
"TRIM44",0.0131872486407558,-0.197355887080233,0.247,0.271,1,"TRIM44",0,"Not sig"
"KANSL1L",0.0132794154670061,-0.152987885339223,0.306,0.333,1,"KANSL1L",0,"Not sig"
"GTF2F2",0.013370542372751,0.221568425274386,0.123,0.1,1,"GTF2F2",0,"Not sig"
"BOD1L1",0.0135416659020801,0.324353881971592,0.119,0.097,1,"BOD1L1",0,"Not sig"
"GANC",0.0136118839525729,0.25360558879783,0.106,0.086,1,"GANC",0,"Not sig"
"FAM193A",0.0136466543492934,-0.218576982739243,0.226,0.251,1,"FAM193A",0,"Not sig"
"ETFA",0.0136691489500906,0.229043952658877,0.14,0.116,1,"ETFA",0,"Not sig"
"RUSC2",0.0137477788725107,-0.346740395021343,0.119,0.14,1,"RUSC2",0,"Not sig"
"AL359915.2",0.0137721627140895,-0.458653900365122,0.152,0.172,1,"AL359915.2",0,"Not sig"
"GPATCH2L",0.0139367388455211,0.257847921101409,0.159,0.135,1,"GPATCH2L",0,"Not sig"
"NID1",0.0142532278048003,-0.384454834716803,0.083,0.101,1,"NID1",0,"Not sig"
"MBD5",0.0143079832215691,0.106336819605937,0.589,0.551,1,"MBD5",0,"Not sig"
"RICTOR",0.0145498921771383,0.133870035584878,0.237,0.205,1,"RICTOR",0,"Not sig"
"LHX2",0.0145798091976221,0.405242537891621,0.146,0.124,1,"LHX2",0,"Not sig"
"MAMLD1",0.0147712316662867,0.206667257048424,0.135,0.112,1,"MAMLD1",0,"Not sig"
"PPM1A",0.0149256516277223,0.274863911569344,0.13,0.108,1,"PPM1A",0,"Not sig"
"INTS6",0.0149396430651785,-0.381505935924885,0.195,0.215,1,"INTS6",0,"Not sig"
"MCF2L2",0.0150069091685101,0.232035300586715,0.1,0.08,1,"MCF2L2",0,"Not sig"
"PELI2",0.0150307385320672,-0.178851794216809,0.258,0.284,1,"PELI2",0,"Not sig"
"UBE4B",0.0151029265256892,0.208516396657298,0.265,0.233,1,"UBE4B",0,"Not sig"
"IGF2R",0.0152616014787779,-0.269354437641907,0.145,0.167,1,"IGF2R",0,"Not sig"
"ADAM17",0.0152988030996352,-0.390832800692678,0.105,0.124,1,"ADAM17",0,"Not sig"
"WASF2",0.0153727186750529,-0.12579996147251,0.23,0.256,1,"WASF2",0,"Not sig"
"CREM",0.0154262400160622,-0.168564671029697,0.14,0.162,1,"CREM",0,"Not sig"
"SLC35F1",0.0154272647378907,-0.168906393277922,0.483,0.5,1,"SLC35F1",0,"Not sig"
"SMC5",0.0154379313822337,-0.207062320060068,0.183,0.208,1,"SMC5",0,"Not sig"
"GRAMD2B",0.0155131507546639,0.151309954707299,0.58,0.558,1,"GRAMD2B",0,"Not sig"
"ATF6",0.0157095196170967,-0.202432822166256,0.168,0.192,1,"ATF6",0,"Not sig"
"IL17D",0.0157171371706942,0.255790538230442,0.134,0.112,1,"IL17D",0,"Not sig"
"PKIA",0.0158745677095125,0.209508103935755,0.151,0.127,1,"PKIA",0,"Not sig"
"PIP4P2",0.015892128242039,0.23228032363249,0.1,0.08,1,"PIP4P2",0,"Not sig"
"DHX30",0.0159516493342455,0.27536829226633,0.105,0.085,1,"DHX30",0,"Not sig"
"PRRC2B",0.0160187336644862,-0.220546505284847,0.25,0.275,1,"PRRC2B",0,"Not sig"
"PPM1E",0.0161839651462239,-0.197267459792669,0.082,0.1,1,"PPM1E",0,"Not sig"
"TYW1",0.0161846349534581,0.19530314364987,0.166,0.14,1,"TYW1",0,"Not sig"
"WHRN",0.0163719811394313,-0.245851956938213,0.091,0.11,1,"WHRN",0,"Not sig"
"UBAP2",0.0164320419132005,0.146296926932451,0.226,0.196,1,"UBAP2",0,"Not sig"
"DCLK1",0.0164821988803864,-0.219673058776304,0.188,0.213,1,"DCLK1",0,"Not sig"
"ASCC3",0.0165106937460683,0.127907323536614,0.2,0.172,1,"ASCC3",0,"Not sig"
"FMN2",0.0165878331143956,-0.108107812989011,0.814,0.824,1,"FMN2",0,"Not sig"
"MTX2",0.0166942631297873,0.273751596667096,0.175,0.15,1,"MTX2",0,"Not sig"
"RNF115",0.0167892089985364,-0.128265701726435,0.301,0.33,1,"RNF115",0,"Not sig"
"PPP2R5C",0.0169052956460046,-0.276460054701562,0.247,0.267,1,"PPP2R5C",0,"Not sig"
"ABI1",0.0170063190935372,0.126900672553746,0.367,0.333,1,"ABI1",0,"Not sig"
"DPY19L3",0.0171559145750789,0.134675338796323,0.152,0.128,1,"DPY19L3",0,"Not sig"
"NPIPB5",0.0171752024112041,-0.401110340295036,0.118,0.138,1,"NPIPB5",0,"Not sig"
"OGT",0.0173099188649946,-0.339980023968801,0.138,0.158,1,"OGT",0,"Not sig"
"DNAJC3",0.0173284198564088,-0.240442620611235,0.166,0.189,1,"DNAJC3",0,"Not sig"
"TYW1B",0.017456786487327,0.234710459529087,0.115,0.094,1,"TYW1B",0,"Not sig"
"ADGRG1",0.0175494102096086,0.217169597872728,0.169,0.144,1,"ADGRG1",0,"Not sig"
"ZFAND6",0.0177583491843923,-0.19755420640428,0.225,0.249,1,"ZFAND6",0,"Not sig"
"PPP4R1",0.0178399209427441,-0.391309375006385,0.125,0.144,1,"PPP4R1",0,"Not sig"
"UBA2",0.0178441234446019,-0.256769334888839,0.117,0.137,1,"UBA2",0,"Not sig"
"RANBP3L",0.0179618787727612,-0.138369490022705,0.516,0.529,1,"RANBP3L",0,"Not sig"
"RPS6KA5",0.0179955695693573,0.147171268408718,0.27,0.239,1,"RPS6KA5",0,"Not sig"
"PDGFC",0.0180279452275271,0.219170475630053,0.201,0.174,1,"PDGFC",0,"Not sig"
"CHIC2",0.0181263376883835,-0.32476451772509,0.115,0.134,1,"CHIC2",0,"Not sig"
"SELENOW",0.0182345866566763,-0.190299170858768,0.189,0.213,1,"SELENOW",0,"Not sig"
"PRKCE",0.0182936284371211,-0.1490849186002,0.302,0.326,1,"PRKCE",0,"Not sig"
"NOL4",0.0183163111475491,0.215149502246988,0.293,0.263,1,"NOL4",0,"Not sig"
"ASXL1",0.0183328528688002,-0.227967182901787,0.25,0.272,1,"ASXL1",0,"Not sig"
"TET2",0.0184376891801901,0.246028968711821,0.169,0.145,1,"TET2",0,"Not sig"
"AC008014.1",0.0185467958951726,0.20823481063761,0.207,0.18,1,"AC008014.1",0,"Not sig"
"MAP3K2",0.0185566780287475,0.208369803186189,0.215,0.186,1,"MAP3K2",0,"Not sig"
"HP1BP3",0.0185687037376274,-0.107927287786253,0.263,0.289,1,"HP1BP3",0,"Not sig"
"CLASRP",0.0186455163227752,0.280969170503287,0.154,0.13,1,"CLASRP",0,"Not sig"
"CUX1",0.0186530273712247,-0.123956760850518,0.389,0.409,1,"CUX1",0,"Not sig"
"CAPN7",0.0186637889752855,0.189143350651283,0.127,0.105,1,"CAPN7",0,"Not sig"
"DUBR",0.0186737355077208,0.290159086499368,0.138,0.116,1,"DUBR",0,"Not sig"
"PCCA",0.0189119539939688,-0.121480566594993,0.44,0.463,1,"PCCA",0,"Not sig"
"SMG7",0.019056631075382,0.169433870987603,0.178,0.152,1,"SMG7",0,"Not sig"
"GLYR1",0.0191082618533416,-0.321609426971385,0.106,0.125,1,"GLYR1",0,"Not sig"
"MICU2",0.0191641982215131,0.156160136598574,0.161,0.136,1,"MICU2",0,"Not sig"
"DCAKD",0.0192581719008344,0.231073727612071,0.147,0.123,1,"DCAKD",0,"Not sig"
"KCNJ10",0.0192941655443575,0.109545217373207,0.174,0.146,1,"KCNJ10",0,"Not sig"
"PNISR",0.0193881447178244,-0.164283772141366,0.415,0.433,1,"PNISR",0,"Not sig"
"HACD3",0.0194265328064075,-0.305992974167474,0.155,0.175,1,"HACD3",0,"Not sig"
"NFIB",0.0194462777309488,-0.187275582062957,0.721,0.705,1,"NFIB",0,"Not sig"
"LEMD3",0.0196227525673531,-0.366588974759887,0.113,0.132,1,"LEMD3",0,"Not sig"
"KMT5B",0.0196266694906505,0.158146118147415,0.189,0.162,1,"KMT5B",0,"Not sig"
"SPPL3",0.0196619592867945,0.199527788849149,0.317,0.286,1,"SPPL3",0,"Not sig"
"JAZF1",0.0196711603509193,0.241682259836959,0.218,0.193,1,"JAZF1",0,"Not sig"
"PRIM2",0.0199861325658165,-0.34032606431606,0.099,0.118,1,"PRIM2",0,"Not sig"
"RARS2",0.0201131760954761,0.301616602771617,0.115,0.094,1,"RARS2",0,"Not sig"
"EWSR1",0.020222615187955,0.193352469543636,0.152,0.129,1,"EWSR1",0,"Not sig"
"APBB2",0.0204082278467352,0.141553169925098,0.313,0.282,1,"APBB2",0,"Not sig"
"NR2C2",0.0206113765995199,0.19832054021754,0.147,0.123,1,"NR2C2",0,"Not sig"
"FAM189A2",0.0207824060039787,-0.13711960129064,0.423,0.378,1,"FAM189A2",0,"Not sig"
"CASKIN1",0.0208255178432211,0.297070221365196,0.117,0.097,1,"CASKIN1",0,"Not sig"
"GNAO1",0.0208429648265846,0.136484140806862,0.419,0.384,1,"GNAO1",0,"Not sig"
"NEK7",0.0209611106069903,0.140478207734288,0.248,0.218,1,"NEK7",0,"Not sig"
"ATP11C",0.0209902600709283,-0.362880878806382,0.108,0.126,1,"ATP11C",0,"Not sig"
"HECTD2",0.021005339812907,-0.363147233695785,0.084,0.101,1,"HECTD2",0,"Not sig"
"KIAA0930",0.021009369948471,0.144030594838393,0.341,0.309,1,"KIAA0930",0,"Not sig"
"SMURF1",0.0210565935209119,-0.231853843820501,0.21,0.232,1,"SMURF1",0,"Not sig"
"WDR41",0.0211486382586283,-0.304187803102443,0.158,0.179,1,"WDR41",0,"Not sig"
"AC124312.1",0.0211847344453636,-0.209573810889006,0.305,0.326,1,"AC124312.1",0,"Not sig"
"LIMCH1",0.021246425711127,-0.102332916523077,0.57,0.587,1,"LIMCH1",0,"Not sig"
"RYBP",0.0212929780554876,0.137018074680343,0.209,0.181,1,"RYBP",0,"Not sig"
"KDM3B",0.0212992354520466,0.1720455323204,0.164,0.139,1,"KDM3B",0,"Not sig"
"DOK5",0.0213924049828806,-0.219017856930498,0.227,0.249,1,"DOK5",0,"Not sig"
"MTF2",0.021459866554975,0.248445462921039,0.114,0.094,1,"MTF2",0,"Not sig"
"LONP2",0.0215677878438215,0.130618848644483,0.316,0.284,1,"LONP2",0,"Not sig"
"PSMA1",0.0215795101233682,-0.269722812253432,0.091,0.109,1,"PSMA1",0,"Not sig"
"XIST",0.0216393056242268,0.237986141724088,0.232,0.211,1,"XIST",0,"Not sig"
"YME1L1",0.0218574596312654,0.188670330127538,0.114,0.094,1,"YME1L1",0,"Not sig"
"UNK",0.022012276772945,-0.177940022003687,0.14,0.161,1,"UNK",0,"Not sig"
"SPOP",0.022015337955959,0.201643785410629,0.224,0.195,1,"SPOP",0,"Not sig"
"ZNF148",0.0220823208847746,-0.224544307939334,0.284,0.304,1,"ZNF148",0,"Not sig"
"STARD13",0.0222051713092471,-0.164763681037467,0.478,0.494,1,"STARD13",0,"Not sig"
"YTHDC2",0.0225589547129181,0.136626404660927,0.172,0.146,1,"YTHDC2",0,"Not sig"
"TFCP2",0.0225695015714146,0.125025770201456,0.227,0.198,1,"TFCP2",0,"Not sig"
"RAI14",0.0225709402648686,0.268580767852286,0.102,0.083,1,"RAI14",0,"Not sig"
"NR1D2",0.022748353438139,0.101125009540806,0.175,0.148,1,"NR1D2",0,"Not sig"
"AC005154.6",0.0229030601195967,0.169451626548484,0.128,0.106,1,"AC005154.6",0,"Not sig"
"MYOM1",0.0229615841999198,0.12276514507365,0.128,0.106,1,"MYOM1",0,"Not sig"
"WDR17",0.0231216974213643,0.170923583549773,0.189,0.162,1,"WDR17",0,"Not sig"
"UGP2",0.0231605152374401,-0.155358402584295,0.183,0.206,1,"UGP2",0,"Not sig"
"FGD4",0.0233054967079749,-0.162700848914952,0.464,0.481,1,"FGD4",0,"Not sig"
"OLMALINC",0.0233384791203777,-0.28505877660185,0.177,0.196,1,"OLMALINC",0,"Not sig"
"ZFAND5",0.0235705746050562,0.232296989109686,0.159,0.136,1,"ZFAND5",0,"Not sig"
"MAPK14",0.0237241086827497,-0.257190967838043,0.127,0.146,1,"MAPK14",0,"Not sig"
"HERC4",0.0238871336386485,-0.166093528609843,0.358,0.377,1,"HERC4",0,"Not sig"
"ZNF608",0.0239628296544235,-0.183647006015805,0.282,0.304,1,"ZNF608",0,"Not sig"
"MNAT1",0.0239715501562829,-0.22926793327725,0.284,0.303,1,"MNAT1",0,"Not sig"
"HIF1A",0.0239752939326723,-0.277158008773177,0.205,0.229,1,"HIF1A",0,"Not sig"
"C1orf21",0.0240356811634001,-0.15496167316024,0.418,0.438,1,"C1orf21",0,"Not sig"
"FAM110B",0.024038368311853,-0.203408739985974,0.107,0.125,1,"FAM110B",0,"Not sig"
"FAF1",0.0241022798138856,0.101112564034569,0.49,0.453,1,"FAF1",0,"Not sig"
"RHOA",0.0241098400323993,-0.321623529975041,0.096,0.113,1,"RHOA",0,"Not sig"
"FOXK2",0.024178539647239,-0.266412540486353,0.173,0.193,1,"FOXK2",0,"Not sig"
"ZNF846",0.0247178884433745,-0.379911157921336,0.084,0.101,1,"ZNF846",0,"Not sig"
"HMBOX1",0.0247494969408106,-0.118512851535147,0.349,0.371,1,"HMBOX1",0,"Not sig"
"TKT",0.0247837475842097,-0.144213378123336,0.126,0.146,1,"TKT",0,"Not sig"
"ZCCHC24",0.0249341852108284,0.142363669825127,0.184,0.159,1,"ZCCHC24",0,"Not sig"
"PTCHD1",0.024952933267299,-0.2857296201115,0.14,0.16,1,"PTCHD1",0,"Not sig"
"LRP4",0.0250429904724139,0.110361687603409,0.27,0.238,1,"LRP4",0,"Not sig"
"BTRC",0.0250704488182113,0.175056583619894,0.344,0.312,1,"BTRC",0,"Not sig"
"PFKFB3",0.0251047220499083,-0.326626579033501,0.301,0.312,1,"PFKFB3",0,"Not sig"
"ATG7",0.0251582331633571,-0.127473799159928,0.455,0.468,1,"ATG7",0,"Not sig"
"SLC25A48",0.0251602148020958,0.18008911557932,0.18,0.155,1,"SLC25A48",0,"Not sig"
"GFOD1",0.0251713111661057,-0.382845075824958,0.12,0.138,1,"GFOD1",0,"Not sig"
"EXOC4",0.0253308541646982,0.101438668369791,0.563,0.531,1,"EXOC4",0,"Not sig"
"HELZ",0.0255086249822492,-0.273698217541563,0.245,0.263,1,"HELZ",0,"Not sig"
"AC009690.1",0.0261580742794097,0.260381316497395,0.185,0.161,1,"AC009690.1",0,"Not sig"
"STON2",0.0261982990275054,0.13723606371007,0.476,0.448,1,"STON2",0,"Not sig"
"WWP1",0.0262930945426232,0.147125962807507,0.134,0.112,1,"WWP1",0,"Not sig"
"RBM25",0.0263648190684437,0.19325548099694,0.174,0.15,1,"RBM25",0,"Not sig"
"DPP8",0.0263652313341557,0.168938565004722,0.164,0.14,1,"DPP8",0,"Not sig"
"CDR2",0.0264871199310088,-0.226863658242077,0.169,0.188,1,"CDR2",0,"Not sig"
"ACBD6",0.0265218456359789,0.155583484425563,0.204,0.177,1,"ACBD6",0,"Not sig"
"MTHFD1L",0.0265695810534958,-0.239262660659647,0.199,0.219,1,"MTHFD1L",0,"Not sig"
"BCL2L13",0.0266108385837446,0.20352698085293,0.158,0.135,1,"BCL2L13",0,"Not sig"
"PPP6R3",0.0268223466194221,-0.174485632219677,0.405,0.415,1,"PPP6R3",0,"Not sig"
"PBX3",0.0268401342528109,-0.247659215080329,0.111,0.13,1,"PBX3",0,"Not sig"
"ASXL2",0.0268680182107879,0.204082185021178,0.183,0.158,1,"ASXL2",0,"Not sig"
"MLC1",0.0269139124349274,0.249000346477883,0.149,0.127,1,"MLC1",0,"Not sig"
"MYO6",0.0269711017935152,0.11627402122108,0.448,0.415,1,"MYO6",0,"Not sig"
"EMSY",0.0272006562761108,-0.209140910627481,0.155,0.176,1,"EMSY",0,"Not sig"
"FAM184A",0.0272448444143003,0.170775261959452,0.313,0.287,1,"FAM184A",0,"Not sig"
"NR3C2",0.027469348632204,0.117364567135082,0.464,0.428,1,"NR3C2",0,"Not sig"
"TP53BP2",0.0275097136803317,0.111482996323097,0.181,0.155,1,"TP53BP2",0,"Not sig"
"EIF2B3",0.0279279877609012,0.151357852367223,0.125,0.104,1,"EIF2B3",0,"Not sig"
"ADGRA3",0.0282529785598615,0.129906019604737,0.414,0.382,1,"ADGRA3",0,"Not sig"
"ARHGEF7",0.0284666129387739,-0.114372813749792,0.292,0.314,1,"ARHGEF7",0,"Not sig"
"VPS45",0.028561922021775,0.180863433392019,0.216,0.19,1,"VPS45",0,"Not sig"
"TOP1",0.0292319300203959,-0.313422802909232,0.195,0.213,1,"TOP1",0,"Not sig"
"DGCR2",0.0292839987907914,0.177572822329628,0.112,0.092,1,"DGCR2",0,"Not sig"
"MGRN1",0.0292866641694754,-0.199377057141133,0.119,0.138,1,"MGRN1",0,"Not sig"
"PHF20",0.0294027202514556,-0.202828186298334,0.155,0.175,1,"PHF20",0,"Not sig"
"PHC3",0.0295045677424787,0.151449215933436,0.291,0.263,1,"PHC3",0,"Not sig"
"ZNF236",0.0295077999635085,0.135596031975929,0.133,0.112,1,"ZNF236",0,"Not sig"
"LTBP1",0.0295405155449421,0.124638724613587,0.257,0.231,1,"LTBP1",0,"Not sig"
"MRPS5",0.0296085617733484,0.323847056077525,0.11,0.092,1,"MRPS5",0,"Not sig"
"DENND4C",0.0296513625415862,-0.188859224657558,0.234,0.254,1,"DENND4C",0,"Not sig"
"KIAA1109",0.0297041057415705,-0.178223240273017,0.36,0.378,1,"KIAA1109",0,"Not sig"
"PFKL",0.0298294013544737,-0.256859085773014,0.147,0.167,1,"PFKL",0,"Not sig"
"SLMAP",0.0299031592847987,-0.192386305614099,0.27,0.29,1,"SLMAP",0,"Not sig"
"IKZF2",0.0299104077420978,0.170797751149052,0.198,0.173,1,"IKZF2",0,"Not sig"
"SRGAP2",0.0299842180754864,-0.319410095495001,0.096,0.112,1,"SRGAP2",0,"Not sig"
"CCDC84",0.0300107408474313,0.151388187561602,0.152,0.129,1,"CCDC84",0,"Not sig"
"SIL1",0.030051413555559,0.140899531509165,0.216,0.189,1,"SIL1",0,"Not sig"
"GLI3",0.0302693597136178,-0.12140363533917,0.422,0.445,1,"GLI3",0,"Not sig"
"TBC1D12",0.0305039795564616,0.151677034970655,0.163,0.139,1,"TBC1D12",0,"Not sig"
"GABBR1",0.0309919013393637,0.150884889050229,0.391,0.36,1,"GABBR1",0,"Not sig"
"USP34",0.0310389996318813,-0.129409894429877,0.499,0.519,1,"USP34",0,"Not sig"
"GALNT1",0.0311203558420683,0.116453408861263,0.138,0.116,1,"GALNT1",0,"Not sig"
"IFT43",0.0314585333802982,0.139943918549869,0.158,0.136,1,"IFT43",0,"Not sig"
"RUFY2",0.0316807777328932,0.143183012159276,0.183,0.159,1,"RUFY2",0,"Not sig"
"KIFAP3",0.0317835788390377,0.16125477280239,0.132,0.112,1,"KIFAP3",0,"Not sig"
"TRRAP",0.0318945983259619,-0.179936083997252,0.164,0.183,1,"TRRAP",0,"Not sig"
"PRKDC",0.0321092562381187,0.239869617490475,0.141,0.121,1,"PRKDC",0,"Not sig"
"SLC25A37",0.0321119000918343,0.215446974011649,0.166,0.144,1,"SLC25A37",0,"Not sig"
"AP3D1",0.0322781710401109,-0.340641877094237,0.086,0.102,1,"AP3D1",0,"Not sig"
"PTN",0.0324033387643893,0.200810733054787,0.311,0.284,1,"PTN",0,"Not sig"
"GOSR1",0.0327142050238333,0.216841330621416,0.129,0.109,1,"GOSR1",0,"Not sig"
"TULP3",0.0329237684967083,0.18842192490677,0.252,0.225,1,"TULP3",0,"Not sig"
"RGS5",0.0332398609050224,-0.209691957584541,0.088,0.105,1,"RGS5",0,"Not sig"
"FAM169A",0.0332596206688438,0.146562763165224,0.12,0.1,1,"FAM169A",0,"Not sig"
"NFYC",0.0336932862817806,0.146632932187814,0.157,0.135,1,"NFYC",0,"Not sig"
"DCHS2",0.0337539882059644,0.193428134777078,0.111,0.093,1,"DCHS2",0,"Not sig"
"FAM213A",0.0341885470298105,-0.273252925452582,0.125,0.143,1,"FAM213A",0,"Not sig"
"RSF1",0.0344447018616582,-0.222233053745425,0.224,0.243,1,"RSF1",0,"Not sig"
"FNBP4",0.0344638369825854,0.220856341196712,0.166,0.144,1,"FNBP4",0,"Not sig"
"TAF3",0.0351048522037347,-0.217702354207805,0.16,0.18,1,"TAF3",0,"Not sig"
"AGPAT5",0.0352282027777711,0.208455442443742,0.13,0.11,1,"AGPAT5",0,"Not sig"
"PPP2R2D",0.0354379105498698,-0.315062388387777,0.1,0.116,1,"PPP2R2D",0,"Not sig"
"SRRM1",0.0354692874420672,0.23314806510641,0.105,0.087,1,"SRRM1",0,"Not sig"
"TM2D1",0.0357349656417783,0.148424138628871,0.12,0.101,1,"TM2D1",0,"Not sig"
"EPC1",0.0358071460459941,0.184720781132347,0.32,0.294,1,"EPC1",0,"Not sig"
"ITGB8",0.0360804564208268,0.100818409046448,0.346,0.31,1,"ITGB8",0,"Not sig"
"WIPF1",0.0362126974591038,0.177618731199378,0.137,0.116,1,"WIPF1",0,"Not sig"
"CNOT4",0.0364635611872683,-0.154992813091705,0.26,0.282,1,"CNOT4",0,"Not sig"
"PDE7B",0.0366402793387502,-0.18240244374375,0.51,0.52,1,"PDE7B",0,"Not sig"
"DCP1A",0.0366481412693113,0.150713668596662,0.128,0.109,1,"DCP1A",0,"Not sig"
"PLEKHA2",0.0367390813473216,-0.21180519763313,0.093,0.11,1,"PLEKHA2",0,"Not sig"
"PLSCR4",0.0368151524174589,-0.1843668496509,0.297,0.319,1,"PLSCR4",0,"Not sig"
"EFEMP1",0.0368604272425668,0.162632700574138,0.249,0.224,1,"EFEMP1",0,"Not sig"
"CHD2",0.036867074136694,-0.291822246102997,0.308,0.321,1,"CHD2",0,"Not sig"
"AC025682.1",0.0372308182187369,0.140272286257498,0.101,0.083,1,"AC025682.1",0,"Not sig"
"FOXG1",0.0374718313472133,0.22772116482006,0.123,0.104,1,"FOXG1",0,"Not sig"
"MT-ND2",0.0377544368902504,-0.225914987439944,0.278,0.296,1,"MT-ND2",0,"Not sig"
"NUP58",0.0378135245461753,0.232219525225846,0.121,0.103,1,"NUP58",0,"Not sig"
"SLC9A8",0.0380905558665931,0.265579057058992,0.119,0.101,1,"SLC9A8",0,"Not sig"
"MAX",0.0386497665641828,0.271783253576585,0.123,0.104,1,"MAX",0,"Not sig"
"CTNNBL1",0.0387096119369927,0.193504277951318,0.107,0.089,1,"CTNNBL1",0,"Not sig"
"OPHN1",0.0393063027571508,-0.165790367418359,0.621,0.623,1,"OPHN1",0,"Not sig"
"LIFR",0.0394388209449912,0.115121085150511,0.549,0.529,1,"LIFR",0,"Not sig"
"UQCC1",0.0394542913605928,0.213650976383213,0.166,0.145,1,"UQCC1",0,"Not sig"
"HABP4",0.0396744906546624,0.224094028070257,0.109,0.091,1,"HABP4",0,"Not sig"
"ELF2",0.0397989275253091,-0.160269623672939,0.327,0.349,1,"ELF2",0,"Not sig"
"ZC3H12C",0.0398352465161628,0.163543012917156,0.252,0.227,1,"ZC3H12C",0,"Not sig"
"CHPT1",0.040031941256546,0.13141176795077,0.42,0.391,1,"CHPT1",0,"Not sig"
"TMOD3",0.0403495549197052,-0.303014231800172,0.109,0.125,1,"TMOD3",0,"Not sig"
"ATXN7L1",0.0408242278843183,-0.154991197796035,0.232,0.254,1,"ATXN7L1",0,"Not sig"
"AC091078.1",0.0409723157754921,0.111142049982003,0.144,0.123,1,"AC091078.1",0,"Not sig"
"CSNK1G3",0.0409810914141243,-0.176290672375551,0.108,0.125,1,"CSNK1G3",0,"Not sig"
"GREB1",0.0410521082238581,0.337561352840043,0.102,0.086,1,"GREB1",0,"Not sig"
"TIAM2",0.0410565363192825,-0.106905953631061,0.293,0.319,1,"TIAM2",0,"Not sig"
"RAP1B",0.0411083275729935,-0.26876610798508,0.172,0.19,1,"RAP1B",0,"Not sig"
"ARPC2",0.0413707171667127,-0.2355826222741,0.088,0.104,1,"ARPC2",0,"Not sig"
"FBXO42",0.0414164924075187,-0.130300936925923,0.267,0.289,1,"FBXO42",0,"Not sig"
"USP48",0.0415498791960513,0.101614336391566,0.168,0.145,1,"USP48",0,"Not sig"
"WFS1",0.0419853901853976,-0.248539286555295,0.119,0.136,1,"WFS1",0,"Not sig"
"TRAPPC9",0.0422471857288707,0.153188223751617,0.332,0.301,1,"TRAPPC9",0,"Not sig"
"LARGE1",0.0422524032342273,-0.161034445210808,0.348,0.365,1,"LARGE1",0,"Not sig"
"TRIM24",0.0425077161232047,0.192860701343547,0.106,0.088,1,"TRIM24",0,"Not sig"
"SERPINB6",0.042702298364266,-0.220842513416026,0.126,0.142,1,"SERPINB6",0,"Not sig"
"PHACTR2",0.0430413154226488,-0.212864002436114,0.108,0.124,1,"PHACTR2",0,"Not sig"
"CDC16",0.043285503862199,0.102064741822401,0.109,0.091,1,"CDC16",0,"Not sig"
"DANT2",0.0438598647964946,-0.163398269770403,0.388,0.405,1,"DANT2",0,"Not sig"
"PTK2",0.043892735387843,0.112047604056638,0.605,0.586,1,"PTK2",0,"Not sig"
"ADNP",0.0439011031700158,0.114069674910723,0.313,0.283,1,"ADNP",0,"Not sig"
"TRA2B",0.0441313894867826,-0.263261499445967,0.115,0.13,1,"TRA2B",0,"Not sig"
"CPSF7",0.0441698281177895,0.248635642904696,0.153,0.133,1,"CPSF7",0,"Not sig"
"INTS10",0.0444566108775743,0.200210627668607,0.135,0.116,1,"INTS10",0,"Not sig"
"RPRD1A",0.0445038613556878,0.209192185423186,0.185,0.163,1,"RPRD1A",0,"Not sig"
"C1GALT1",0.0447415579129707,0.189597606903884,0.106,0.089,1,"C1GALT1",0,"Not sig"
"SORCS2",0.0449038971026155,-0.159805099109012,0.337,0.355,1,"SORCS2",0,"Not sig"
"TASP1",0.0452674511790067,0.238806622163035,0.122,0.104,1,"TASP1",0,"Not sig"
"ZBTB7C",0.0461665086697664,-0.280015302547002,0.184,0.202,1,"ZBTB7C",0,"Not sig"
"ATAD1",0.0462811570555073,0.205329148724714,0.112,0.094,1,"ATAD1",0,"Not sig"
"GRIN2C",0.0466381171455658,0.218194771877504,0.222,0.199,1,"GRIN2C",0,"Not sig"
"CHM",0.0468287317694061,0.256286901537615,0.123,0.106,1,"CHM",0,"Not sig"
"SENP6",0.0468959136641607,0.149116431619949,0.322,0.293,1,"SENP6",0,"Not sig"
"NLGN4Y",0.0469765394360853,0.205347696531521,0.186,0.166,1,"NLGN4Y",0,"Not sig"
"JAK1",0.0469819091526581,-0.256471184045,0.2,0.218,1,"JAK1",0,"Not sig"
"ZNF717",0.0470569301161978,0.238950428457503,0.143,0.123,1,"ZNF717",0,"Not sig"
"MIDN",0.0479541474724305,-0.166383169419784,0.094,0.111,1,"MIDN",0,"Not sig"
"RUFY3",0.0482715414402369,-0.125350604258227,0.447,0.46,1,"RUFY3",0,"Not sig"
"KIDINS220",0.0487329630526447,0.118256676298009,0.279,0.253,1,"KIDINS220",0,"Not sig"
"SPRED1",0.0488722987029347,0.163102768344923,0.307,0.279,1,"SPRED1",0,"Not sig"
"NELFA",0.0493252467240203,-0.280549725645229,0.099,0.114,1,"NELFA",0,"Not sig"
"LONRF2",0.0502754687007351,0.121427261803444,0.104,0.087,1,"LONRF2",0,"Not sig"
"KIAA0355",0.0503611743981441,-0.222329620191303,0.115,0.131,1,"KIAA0355",0,"Not sig"
"NAA25",0.0506697778592261,0.129065505458636,0.145,0.125,1,"NAA25",0,"Not sig"
"CADPS",0.050745749922669,-0.49040062155701,0.105,0.119,1,"CADPS",0,"Not sig"
"CA8",0.0507469295369885,0.18844563862106,0.211,0.188,1,"CA8",0,"Not sig"
"ATP6V1H",0.0508304873329374,-0.151952112897406,0.224,0.243,1,"ATP6V1H",0,"Not sig"
"SMG6",0.0511312398755397,-0.20495901006873,0.229,0.246,1,"SMG6",0,"Not sig"
"HKR1",0.05185766572838,0.215255219438336,0.131,0.112,1,"HKR1",0,"Not sig"
"MOB1B",0.0519750076841365,-0.134401764046029,0.138,0.156,1,"MOB1B",0,"Not sig"
"UBR1",0.0522106350434524,0.126604514523994,0.249,0.224,1,"UBR1",0,"Not sig"
"AGO2",0.0525470376735099,-0.104251608705893,0.259,0.282,1,"AGO2",0,"Not sig"
"SEMA3A",0.0526545313980976,0.228269531061736,0.128,0.11,1,"SEMA3A",0,"Not sig"
"VPS8",0.0527083431697356,0.131841475620416,0.258,0.232,1,"VPS8",0,"Not sig"
"USP10",0.052863745946855,0.162570966621936,0.128,0.109,1,"USP10",0,"Not sig"
"RSRC1",0.0529523449023876,0.16250182331709,0.187,0.165,1,"RSRC1",0,"Not sig"
"MYEF2",0.052967621567597,0.200094785597314,0.141,0.123,1,"MYEF2",0,"Not sig"
"SRGAP1",0.0534464210553048,0.114361385981196,0.412,0.386,1,"SRGAP1",0,"Not sig"
"ELMOD3",0.0534696294205373,0.191691962093487,0.108,0.092,1,"ELMOD3",0,"Not sig"
"AC124319.2",0.053489299451823,-0.287878070497922,0.099,0.114,1,"AC124319.2",0,"Not sig"
"PACRG",0.0534948456204253,0.136126308425712,0.134,0.116,1,"PACRG",0,"Not sig"
"PRPF40B",0.0537127236364924,0.141152964656157,0.12,0.102,1,"PRPF40B",0,"Not sig"
"NUTM2B-AS1",0.0537799253539948,-0.189414365452528,0.272,0.288,1,"NUTM2B-AS1",0,"Not sig"
"CHCHD3",0.0538010936668944,0.143257073488995,0.276,0.249,1,"CHCHD3",0,"Not sig"
"CSAD",0.0538015792956313,0.178370165002047,0.106,0.09,1,"CSAD",0,"Not sig"
"BRWD3",0.0540127164049487,0.167575354393794,0.112,0.095,1,"BRWD3",0,"Not sig"
"ABL2",0.054098538824936,-0.318222616670968,0.19,0.203,1,"ABL2",0,"Not sig"
"CCDC50",0.0545852900685431,0.200051693921928,0.139,0.12,1,"CCDC50",0,"Not sig"
"LMBR1",0.0548405319715142,-0.227147519289089,0.202,0.218,1,"LMBR1",0,"Not sig"
"NNT",0.0552230873345822,0.234175870342775,0.146,0.127,1,"NNT",0,"Not sig"
"INTU",0.0556197322345935,-0.172556473826012,0.262,0.283,1,"INTU",0,"Not sig"
"CACUL1",0.0557040733315615,0.13969602245043,0.173,0.152,1,"CACUL1",0,"Not sig"
"SNAP91",0.0560743760890427,0.126630548195225,0.129,0.11,1,"SNAP91",0,"Not sig"
"ETFDH",0.0565223675853365,0.257194150576665,0.119,0.101,1,"ETFDH",0,"Not sig"
"SFMBT2",0.0565619551059134,-0.142748316334303,0.425,0.437,1,"SFMBT2",0,"Not sig"
"AC003991.1",0.05666382137871,-0.409777566619845,0.091,0.105,1,"AC003991.1",0,"Not sig"
"USP47",0.057394271153192,-0.163739398788705,0.285,0.301,1,"USP47",0,"Not sig"
"TNS3",0.0573960558430312,0.133038146887579,0.219,0.197,1,"TNS3",0,"Not sig"
"RUNX1T1",0.0578801376492031,0.13614407706847,0.233,0.21,1,"RUNX1T1",0,"Not sig"
"ATP6V0E1",0.0582231123639981,-0.278139625379563,0.093,0.108,1,"ATP6V0E1",0,"Not sig"
"LUZP1",0.0584113039506295,0.171399316666485,0.169,0.149,1,"LUZP1",0,"Not sig"
"FAM19A1",0.0587422712303088,0.12346606338886,0.138,0.119,1,"FAM19A1",0,"Not sig"
"PGAP1",0.0587690248744354,-0.13138348376024,0.111,0.126,1,"PGAP1",0,"Not sig"
"ZFP36L1",0.0587843686710936,0.161091443519556,0.317,0.295,1,"ZFP36L1",0,"Not sig"
"COA1",0.0589541860581649,0.127676720760171,0.166,0.145,1,"COA1",0,"Not sig"
"EEPD1",0.0590257643417647,-0.334974024154278,0.125,0.14,1,"EEPD1",0,"Not sig"
"PTPN14",0.05912025618242,-0.259646615348105,0.132,0.148,1,"PTPN14",0,"Not sig"
"KHDRBS1",0.0593458552282529,-0.299847884578826,0.134,0.149,1,"KHDRBS1",0,"Not sig"
"KDM4B",0.0599011099578755,-0.224272371410244,0.143,0.159,1,"KDM4B",0,"Not sig"
"TMEM168",0.0599746839058856,0.235768673556196,0.101,0.085,1,"TMEM168",0,"Not sig"
"TNKS2",0.060319994329469,0.194291624672422,0.136,0.118,1,"TNKS2",0,"Not sig"
"SENP7",0.0604165276708023,0.14750392351536,0.215,0.19,1,"SENP7",0,"Not sig"
"LRRC37B",0.060494908897233,-0.137274164951747,0.164,0.181,1,"LRRC37B",0,"Not sig"
"SPG7",0.0614694987692466,0.171867935604866,0.119,0.102,1,"SPG7",0,"Not sig"
"FUBP3",0.0616878639421937,0.196065150031124,0.134,0.116,1,"FUBP3",0,"Not sig"
"AQP4-AS1",0.0618051011565239,-0.118235889243936,0.392,0.409,1,"AQP4-AS1",0,"Not sig"
"BAZ2B",0.0619079956293258,-0.10026931586393,0.582,0.596,1,"BAZ2B",0,"Not sig"
"ZNF718",0.0627181472278455,0.215314366309762,0.151,0.133,1,"ZNF718",0,"Not sig"
"FARP2",0.0629162887461518,0.117912711540092,0.125,0.108,1,"FARP2",0,"Not sig"
"CLSTN1",0.0629869254162394,-0.193128728917896,0.169,0.186,1,"CLSTN1",0,"Not sig"
"HDAC8",0.0633015629426451,0.128631655676081,0.277,0.252,1,"HDAC8",0,"Not sig"
"GGA2",0.06376023397547,-0.11674098897386,0.108,0.124,1,"GGA2",0,"Not sig"
"PPP2R5E",0.063780985403226,-0.145675578684207,0.208,0.225,1,"PPP2R5E",0,"Not sig"
"PLXNA2",0.0637895984201133,0.141956332025106,0.327,0.301,1,"PLXNA2",0,"Not sig"
"SPAST",0.0638852593227724,0.108211402743483,0.119,0.101,1,"SPAST",0,"Not sig"
"SHOC2",0.0640151436041245,-0.366659755276919,0.112,0.126,1,"SHOC2",0,"Not sig"
"CROCC",0.0643493765494609,-0.278969179391983,0.099,0.113,1,"CROCC",0,"Not sig"
"ALDH7A1",0.064689175507175,0.205704959516564,0.226,0.205,1,"ALDH7A1",0,"Not sig"
"PRKRIP1",0.0647300525613945,0.108459870462326,0.225,0.201,1,"PRKRIP1",0,"Not sig"
"AGPS",0.0649719631062908,0.150930333479008,0.106,0.09,1,"AGPS",0,"Not sig"
"PRPF4B",0.0650402792033591,0.183278881539794,0.12,0.103,1,"PRPF4B",0,"Not sig"
"SCGB2B2",0.0654920881457906,0.182564112748763,0.166,0.146,1,"SCGB2B2",0,"Not sig"
"COMMD1",0.065509612898082,0.156017385113394,0.265,0.241,1,"COMMD1",0,"Not sig"
"EPC2",0.0656516471020079,-0.199062715853479,0.212,0.228,1,"EPC2",0,"Not sig"
"AKAP9",0.0660928671398314,0.168236617980775,0.238,0.216,1,"AKAP9",0,"Not sig"
"MARCH7",0.0663216789323682,-0.237930703466215,0.185,0.201,1,"MARCH7",0,"Not sig"
"PIBF1",0.0668776071004756,0.142882562032956,0.281,0.255,1,"PIBF1",0,"Not sig"
"ACTN4",0.0676709636659234,-0.17685990502909,0.196,0.214,1,"ACTN4",0,"Not sig"
"CSNK1A1",0.0679768947318335,-0.105935210488403,0.39,0.4,1,"CSNK1A1",0,"Not sig"
"SOX9",0.0682839598295822,0.11604002781062,0.201,0.18,1,"SOX9",0,"Not sig"
"MAP4K3",0.0686285348886423,-0.110137716462352,0.331,0.349,1,"MAP4K3",0,"Not sig"
"NBPF19",0.0687177085426179,0.110030561066237,0.236,0.212,1,"NBPF19",0,"Not sig"
"IDE",0.0694856723349778,-0.22076828818816,0.086,0.1,1,"IDE",0,"Not sig"
"ULK2",0.0695395522887966,0.198830910701016,0.141,0.123,1,"ULK2",0,"Not sig"
"RIF1",0.0698931034996907,0.16505389628258,0.128,0.111,1,"RIF1",0,"Not sig"
"TM9SF3",0.0699176347260928,0.128405045608273,0.137,0.118,1,"TM9SF3",0,"Not sig"
"PDPK1",0.0699499058406187,-0.247105291898907,0.125,0.139,1,"PDPK1",0,"Not sig"
"CLIP1",0.0701227823076169,-0.123133708736176,0.369,0.386,1,"CLIP1",0,"Not sig"
"SREK1",0.070161457079214,0.140367510162291,0.159,0.139,1,"SREK1",0,"Not sig"
"MAP3K7",0.0702439686476513,0.161076449292427,0.142,0.124,1,"MAP3K7",0,"Not sig"
"HS2ST1",0.0702705077221767,-0.156961935794174,0.192,0.209,1,"HS2ST1",0,"Not sig"
"SF1",0.070365241614619,0.196196331440575,0.187,0.167,1,"SF1",0,"Not sig"
"SEMA6D",0.0706311484219046,0.196654072499556,0.125,0.108,1,"SEMA6D",0,"Not sig"
"DAZAP1",0.0710676046246685,-0.173279616359441,0.111,0.127,1,"DAZAP1",0,"Not sig"
"GRK4",0.0712568872986267,0.127852260870975,0.142,0.125,1,"GRK4",0,"Not sig"
"LCMT1",0.0712607617803391,0.192085859643409,0.1,0.085,1,"LCMT1",0,"Not sig"
"C4orf19",0.071409685332453,0.143863705772519,0.169,0.149,1,"C4orf19",0,"Not sig"
"ITCH",0.0717005791418424,0.147686032454011,0.286,0.26,1,"ITCH",0,"Not sig"
"ITSN2",0.071751045795927,-0.185793977394876,0.201,0.217,1,"ITSN2",0,"Not sig"
"SEC31A",0.0720274862763414,0.142661765704057,0.144,0.126,1,"SEC31A",0,"Not sig"
"SMCHD1",0.0722629915278525,0.186252977004788,0.223,0.202,1,"SMCHD1",0,"Not sig"
"NPEPPS",0.0727838560825594,-0.142272603470374,0.278,0.294,1,"NPEPPS",0,"Not sig"
"ATN1",0.0728131817102456,-0.118215677701391,0.166,0.184,1,"ATN1",0,"Not sig"
"LIN52",0.0729670619310272,0.184082963895162,0.169,0.15,1,"LIN52",0,"Not sig"
"RAB7A",0.0733860472019711,-0.172878307118474,0.209,0.226,1,"RAB7A",0,"Not sig"
"S100PBP",0.0735864442725827,0.151403887673976,0.157,0.138,1,"S100PBP",0,"Not sig"
"ASAP3",0.0740934632131601,-0.119135438105242,0.128,0.144,1,"ASAP3",0,"Not sig"
"TBC1D15",0.0742123259427901,-0.275096454588404,0.11,0.124,1,"TBC1D15",0,"Not sig"
"ORC4",0.0743117843159273,0.12725136951719,0.153,0.134,1,"ORC4",0,"Not sig"
"CAB39L",0.0745382823467403,0.202935727782528,0.188,0.169,1,"CAB39L",0,"Not sig"
"VPS53",0.0747734670494312,-0.159710942723789,0.271,0.289,1,"VPS53",0,"Not sig"
"AC139887.2",0.0751583935423604,0.116284155544645,0.177,0.157,1,"AC139887.2",0,"Not sig"
"SLC24A3",0.0754719134780689,-0.17854187939053,0.255,0.272,1,"SLC24A3",0,"Not sig"
"SPTAN1",0.0759656772152089,-0.156648415491477,0.216,0.233,1,"SPTAN1",0,"Not sig"
"ARIH1",0.0762289809836722,-0.141270130212057,0.316,0.332,1,"ARIH1",0,"Not sig"
"CRYBG3",0.0766434202489018,-0.340117561923371,0.135,0.149,1,"CRYBG3",0,"Not sig"
"ARHGAP39",0.0766472916329976,-0.202293443728502,0.114,0.13,1,"ARHGAP39",0,"Not sig"
"BICC1",0.0773764194569138,-0.16058588787909,0.159,0.176,1,"BICC1",0,"Not sig"
"WAC",0.0776684394579367,-0.160121127754009,0.343,0.355,1,"WAC",0,"Not sig"
"SAFB2",0.0778360241376126,-0.257429870131676,0.152,0.167,1,"SAFB2",0,"Not sig"
"NPLOC4",0.0778646080218218,-0.300998772410534,0.104,0.117,1,"NPLOC4",0,"Not sig"
"CDC42SE2",0.0781213591932891,0.106286458588951,0.176,0.156,1,"CDC42SE2",0,"Not sig"
"CUL1",0.0781949837643651,-0.190166557891006,0.16,0.174,1,"CUL1",0,"Not sig"
"KMT2E",0.0785795382109373,-0.171963017827921,0.325,0.338,1,"KMT2E",0,"Not sig"
"KRCC1",0.0789843124672313,0.212041277683029,0.1,0.085,1,"KRCC1",0,"Not sig"
"SHROOM3",0.079058663346443,-0.11213481599176,0.467,0.478,1,"SHROOM3",0,"Not sig"
"HNRNPH3",0.0791024062267463,-0.310014792542725,0.121,0.134,1,"HNRNPH3",0,"Not sig"
"PREPL",0.0794919453867178,0.241926734370989,0.134,0.117,1,"PREPL",0,"Not sig"
"TTC14",0.0797090251236743,0.118837044153995,0.183,0.162,1,"TTC14",0,"Not sig"
"MUM1",0.0800327125897628,0.18894081366292,0.162,0.144,1,"MUM1",0,"Not sig"
"ADRA1A",0.0800479340019505,-0.153883183075167,0.264,0.28,1,"ADRA1A",0,"Not sig"
"MARCH3",0.0805953378458217,-0.331116352996769,0.213,0.229,1,"MARCH3",0,"Not sig"
"THOC2",0.0806021470893393,-0.173934007036235,0.192,0.208,1,"THOC2",0,"Not sig"
"WIPF2",0.0806805771836239,-0.160654498478598,0.262,0.277,1,"WIPF2",0,"Not sig"
"HSD17B4",0.0808959426142612,-0.287596810536523,0.147,0.161,1,"HSD17B4",0,"Not sig"
"AGL",0.0809093988480644,0.111723044839968,0.112,0.096,1,"AGL",0,"Not sig"
"ATP13A3",0.0813291304561266,-0.318569836118778,0.141,0.154,1,"ATP13A3",0,"Not sig"
"LYRM4",0.0813535281014471,-0.251096211541891,0.095,0.109,1,"LYRM4",0,"Not sig"
"MLH3",0.0816115612932623,0.163989804362662,0.115,0.1,1,"MLH3",0,"Not sig"
"SOX2",0.0821982678061066,0.121075637566456,0.244,0.221,1,"SOX2",0,"Not sig"
"MCU",0.0843301617250595,-0.305338292220883,0.105,0.118,1,"MCU",0,"Not sig"
"UBXN2A",0.084617608784644,0.102559939496638,0.164,0.145,1,"UBXN2A",0,"Not sig"
"HSDL2",0.085560599316345,0.139394404482938,0.162,0.144,1,"HSDL2",0,"Not sig"
"RNF157",0.0856931605520018,-0.152192057551661,0.161,0.176,1,"RNF157",0,"Not sig"
"SCFD1",0.085887698150265,0.120280108173975,0.167,0.148,1,"SCFD1",0,"Not sig"
"VPS50",0.0861899530450849,0.139761689562198,0.138,0.121,1,"VPS50",0,"Not sig"
"HECTD4",0.0863821379645133,-0.141367384929339,0.282,0.296,1,"HECTD4",0,"Not sig"
"TSPAN3",0.0871010452327789,0.115218993001532,0.113,0.097,1,"TSPAN3",0,"Not sig"
"PWWP2A",0.0873738385644045,0.163584910035166,0.157,0.139,1,"PWWP2A",0,"Not sig"
"DHTKD1",0.0875912029043516,0.195753452474836,0.109,0.094,1,"DHTKD1",0,"Not sig"
"UTP23",0.0877273333186243,-0.290679234431666,0.113,0.127,1,"UTP23",0,"Not sig"
"CCND3",0.0877427844148335,-0.170067018306621,0.229,0.245,1,"CCND3",0,"Not sig"
"ZMAT3",0.0877891793014643,0.23866321328385,0.115,0.1,1,"ZMAT3",0,"Not sig"
"SLC39A12",0.0881875680704794,-0.133953476424487,0.258,0.274,1,"SLC39A12",0,"Not sig"
"SMARCAD1",0.0885676563092899,0.103502498550016,0.135,0.118,1,"SMARCAD1",0,"Not sig"
"ASCC1",0.0893433759775558,-0.210355305463014,0.147,0.161,1,"ASCC1",0,"Not sig"
"AL158152.2",0.0897353160569826,-0.374022104902019,0.088,0.1,1,"AL158152.2",0,"Not sig"
"FGFR1OP2",0.0897383484485884,0.144618074673584,0.123,0.108,1,"FGFR1OP2",0,"Not sig"
"SMAD2",0.0898047556719487,0.143064557835073,0.213,0.192,1,"SMAD2",0,"Not sig"
"PPP2CB",0.090573046558345,-0.132970686439487,0.229,0.245,1,"PPP2CB",0,"Not sig"
"NRDC",0.0912497210328982,-0.294206841441692,0.173,0.187,1,"NRDC",0,"Not sig"
"WDFY3",0.0913732266282236,0.112943666383284,0.51,0.486,1,"WDFY3",0,"Not sig"
"VMP1",0.091389446706382,-0.270253089040232,0.184,0.198,1,"VMP1",0,"Not sig"
"FTL",0.0916105583016092,-0.26729974711419,0.13,0.144,1,"FTL",0,"Not sig"
"MED15",0.0917655171488387,-0.322285405601132,0.115,0.128,1,"MED15",0,"Not sig"
"NSL1",0.0948200099255746,0.185476319248035,0.104,0.09,1,"NSL1",0,"Not sig"
"TBC1D22A",0.0955277978704935,-0.203149688309059,0.307,0.318,1,"TBC1D22A",0,"Not sig"
"MPHOSPH8",0.0955758641158286,0.165275035999917,0.113,0.098,1,"MPHOSPH8",0,"Not sig"
"TMEM106B",0.0955931983211624,0.101738796893435,0.102,0.087,1,"TMEM106B",0,"Not sig"
"ABCD3",0.0956846668798711,0.102635063150789,0.154,0.136,1,"ABCD3",0,"Not sig"
"DCTN4",0.0967316790021144,0.111061286899399,0.112,0.097,1,"DCTN4",0,"Not sig"
"FARS2",0.0967697324051446,0.135679893828719,0.316,0.292,1,"FARS2",0,"Not sig"
"DIP2C",0.0976874259671115,-0.173811453057231,0.519,0.533,1,"DIP2C",0,"Not sig"
"DNAJC1",0.0976893803752833,-0.158851764152292,0.241,0.256,1,"DNAJC1",0,"Not sig"
"ZNF235",0.0981531113761699,-0.167325659257781,0.103,0.116,1,"ZNF235",0,"Not sig"
"NAT8L",0.0987431519041721,0.128334359257947,0.21,0.191,1,"NAT8L",0,"Not sig"
"SND1",0.0989470318798129,-0.176120247151462,0.273,0.286,1,"SND1",0,"Not sig"
"CCPG1",0.100044746250052,0.186054364274892,0.127,0.112,1,"CCPG1",0,"Not sig"
"EPRS",0.100227956562068,-0.339725523184628,0.092,0.104,1,"EPRS",0,"Not sig"
"DAP3",0.101010773754886,-0.307028623404867,0.127,0.14,1,"DAP3",0,"Not sig"
"SDC2",0.101833437027401,-0.123900213617493,0.207,0.223,1,"SDC2",0,"Not sig"
"FAM13B",0.101964528141663,0.101227549657345,0.225,0.204,1,"FAM13B",0,"Not sig"
"SLC30A10",0.102061753437296,-0.297678178335348,0.114,0.127,1,"SLC30A10",0,"Not sig"
"KCNQ3",0.102079682775036,0.144822086032945,0.204,0.186,1,"KCNQ3",0,"Not sig"
"CBL",0.102324244144229,-0.163048989261589,0.12,0.134,1,"CBL",0,"Not sig"
"RANGAP1",0.102721185169041,-0.189059098707214,0.091,0.104,1,"RANGAP1",0,"Not sig"
"TRPC4AP",0.102822058564884,0.137057969917409,0.189,0.171,1,"TRPC4AP",0,"Not sig"
"PSPC1",0.102959443955359,0.143313546346117,0.305,0.281,1,"PSPC1",0,"Not sig"
"TAF15",0.103341999427513,-0.179862603079709,0.259,0.271,1,"TAF15",0,"Not sig"
"PEX14",0.103944625815888,-0.266043740714625,0.116,0.129,1,"PEX14",0,"Not sig"
"EP400",0.104229678105736,0.219870500568424,0.164,0.147,1,"EP400",0,"Not sig"
"ARL3",0.104287178081939,0.249999620217397,0.14,0.125,1,"ARL3",0,"Not sig"
"OGFRL1",0.104530031687978,-0.129639325792434,0.236,0.251,1,"OGFRL1",0,"Not sig"
"RIC1",0.10500198707042,0.166973148716776,0.169,0.152,1,"RIC1",0,"Not sig"
"CDK14",0.105959882549594,0.175123498244568,0.268,0.248,1,"CDK14",0,"Not sig"
"TMEM47",0.106774572214642,-0.262753370780337,0.107,0.118,1,"TMEM47",0,"Not sig"
"CNTLN",0.107547620608085,0.12459445207843,0.158,0.141,1,"CNTLN",0,"Not sig"
"FCHO2",0.108803251783396,-0.154941656105923,0.135,0.149,1,"FCHO2",0,"Not sig"
"RNF150",0.109518693136267,0.194831012587527,0.161,0.145,1,"RNF150",0,"Not sig"
"NRSN2-AS1",0.109742395968337,-0.153042749955635,0.125,0.138,1,"NRSN2-AS1",0,"Not sig"
"PCNX4",0.109933883202021,0.124345020278257,0.131,0.116,1,"PCNX4",0,"Not sig"
"FAM208B",0.110313054557194,-0.162456572539846,0.154,0.168,1,"FAM208B",0,"Not sig"
"GON4L",0.110678435566842,-0.207258400388737,0.137,0.151,1,"GON4L",0,"Not sig"
"NCOA3",0.110680152278065,-0.201865813720436,0.138,0.152,1,"NCOA3",0,"Not sig"
"NSF",0.111020872396715,-0.1451634663383,0.135,0.15,1,"NSF",0,"Not sig"
"NUP50-DT",0.115223537236571,0.190694454967609,0.137,0.121,1,"NUP50-DT",0,"Not sig"
"HSD17B14",0.115505938431216,-0.384549226928406,0.088,0.1,1,"HSD17B14",0,"Not sig"
"GKAP1",0.115533009442037,-0.232850798508637,0.118,0.13,1,"GKAP1",0,"Not sig"
"ADNP2",0.115799517916318,-0.204076913889259,0.114,0.127,1,"ADNP2",0,"Not sig"
"ACSS3",0.116687278551957,-0.145154562591743,0.398,0.403,1,"ACSS3",0,"Not sig"
"COMMD10",0.11802502080773,0.158295438848366,0.261,0.241,1,"COMMD10",0,"Not sig"
"MYSM1",0.118115593827705,0.140661215543791,0.108,0.094,1,"MYSM1",0,"Not sig"
"FOXK1",0.119081352225723,-0.182547410017543,0.147,0.161,1,"FOXK1",0,"Not sig"
"BTBD10",0.119129900276706,-0.198929103407749,0.088,0.1,1,"BTBD10",0,"Not sig"
"CFDP1",0.120250317086908,-0.174141887266453,0.134,0.147,1,"CFDP1",0,"Not sig"
"SNX27",0.121844914697971,0.161750412736048,0.12,0.106,1,"SNX27",0,"Not sig"
"PAFAH1B1",0.122142802435711,-0.118277175119776,0.36,0.37,1,"PAFAH1B1",0,"Not sig"
"MARK2",0.12253620652845,-0.256507694505283,0.116,0.128,1,"MARK2",0,"Not sig"
"AGPAT3",0.123159734797912,-0.238137757910348,0.119,0.131,1,"AGPAT3",0,"Not sig"
"AC073941.1",0.12403844219421,-0.246954341880958,0.141,0.155,1,"AC073941.1",0,"Not sig"
"HEG1",0.124461668512169,0.105242585888251,0.117,0.102,1,"HEG1",0,"Not sig"
"R3HDM2",0.124477090630825,-0.1584616340659,0.344,0.355,1,"R3HDM2",0,"Not sig"
"RABEP1",0.124485255458413,-0.169150846827462,0.22,0.233,1,"RABEP1",0,"Not sig"
"KLHL5",0.125673001057858,0.155880901952156,0.131,0.116,1,"KLHL5",0,"Not sig"
"LCNL1",0.126006812182755,-0.209129374360459,0.168,0.181,1,"LCNL1",0,"Not sig"
"ELP2",0.126265265300224,0.278875043091921,0.137,0.123,1,"ELP2",0,"Not sig"
"SETX",0.127679503019611,-0.311071856462026,0.168,0.179,1,"SETX",0,"Not sig"
"BRINP1",0.127995285319085,0.115849226964172,0.302,0.279,1,"BRINP1",0,"Not sig"
"HGF",0.12824615936578,0.440308435768536,0.107,0.095,1,"HGF",0,"Not sig"
"ARFGEF2",0.13094685627002,-0.117954406318938,0.165,0.179,1,"ARFGEF2",0,"Not sig"
"EEA1",0.131255596152928,0.167224983623695,0.174,0.157,1,"EEA1",0,"Not sig"
"HEPH",0.131487329626665,0.123146248549595,0.126,0.111,1,"HEPH",0,"Not sig"
"DENND1B",0.13205142752253,0.162098756635401,0.105,0.092,1,"DENND1B",0,"Not sig"
"TMEM260",0.132244415191869,0.16007478771703,0.111,0.098,1,"TMEM260",0,"Not sig"
"WDR70",0.133241700458753,0.118592117146604,0.318,0.297,1,"WDR70",0,"Not sig"
"TUT4",0.133413938204855,0.136131299165735,0.298,0.281,1,"TUT4",0,"Not sig"
"EXOC2",0.133449743267456,-0.119278227689161,0.163,0.176,1,"EXOC2",0,"Not sig"
"NPRL3",0.134737200087671,-0.121118085863612,0.132,0.145,1,"NPRL3",0,"Not sig"
"AC079447.1",0.134933977437222,0.123084676630555,0.13,0.115,1,"AC079447.1",0,"Not sig"
"TMEM131",0.13520941186425,-0.185522938830883,0.248,0.26,1,"TMEM131",0,"Not sig"
"CCNI",0.135476009025252,-0.192065153970198,0.131,0.144,1,"CCNI",0,"Not sig"
"GMDS",0.135620453941729,-0.118800278707619,0.194,0.209,1,"GMDS",0,"Not sig"
"EPB41L5",0.136729555243168,0.162945301223406,0.166,0.151,1,"EPB41L5",0,"Not sig"
"KDM5A",0.13673606986582,-0.161894952682064,0.209,0.223,1,"KDM5A",0,"Not sig"
"PTPN4",0.136873624114562,0.124910852079974,0.274,0.254,1,"PTPN4",0,"Not sig"
"GRAMD1C",0.136939586453675,0.103713172235246,0.321,0.3,1,"GRAMD1C",0,"Not sig"
"WWC3",0.138430213058729,-0.304758765823979,0.092,0.103,1,"WWC3",0,"Not sig"
"PLIN5",0.139209316065278,0.166231369381061,0.147,0.133,1,"PLIN5",0,"Not sig"
"AMOT",0.139290471752142,0.10348851487916,0.151,0.135,1,"AMOT",0,"Not sig"
"JPX",0.140694772818926,0.113022910617888,0.342,0.323,1,"JPX",0,"Not sig"
"MGAT4A",0.141308984956669,-0.188825821402328,0.098,0.109,1,"MGAT4A",0,"Not sig"
"RMND5A",0.142206646350123,-0.266765962358679,0.109,0.12,1,"RMND5A",0,"Not sig"
"DAB2IP",0.142729680576813,-0.171779401010152,0.134,0.146,1,"DAB2IP",0,"Not sig"
"SLK",0.143570443459851,-0.235281474266395,0.101,0.112,1,"SLK",0,"Not sig"
"DCAF10",0.144396565118865,-0.123534311492753,0.164,0.178,1,"DCAF10",0,"Not sig"
"RAP1A",0.144422270446684,-0.187236041346142,0.163,0.176,1,"RAP1A",0,"Not sig"
"PRPSAP1",0.145053141353463,-0.227948683647261,0.11,0.122,1,"PRPSAP1",0,"Not sig"
"ANO10",0.14656771819664,0.143083570002285,0.215,0.198,1,"ANO10",0,"Not sig"
"DROSHA",0.147033422535718,0.250409174736494,0.134,0.121,1,"DROSHA",0,"Not sig"
"TEAD1",0.148582524069411,-0.140483724714319,0.486,0.483,1,"TEAD1",0,"Not sig"
"ADGRB3",0.149210956970478,-0.179472200032993,0.897,0.861,1,"ADGRB3",0,"Not sig"
"MARK1",0.149293470173008,-0.193849455359478,0.154,0.166,1,"MARK1",0,"Not sig"
"RHEB",0.149539193573427,-0.132515548605468,0.196,0.209,1,"RHEB",0,"Not sig"
"PABPC1",0.150757943983431,-0.356415450073855,0.109,0.119,1,"PABPC1",0,"Not sig"
"KAZN",0.151738316268303,-0.284884542694645,0.276,0.246,1,"KAZN",0,"Not sig"
"HDGFL3",0.153314776904415,-0.20582935956333,0.105,0.116,1,"HDGFL3",0,"Not sig"
"ACSL4",0.153763680838321,0.248213106702825,0.1,0.088,1,"ACSL4",0,"Not sig"
"TMEM184B",0.153826700493976,-0.116484944064414,0.236,0.248,1,"TMEM184B",0,"Not sig"
"IFT122",0.153837660006386,0.310354613327865,0.107,0.096,1,"IFT122",0,"Not sig"
"ATL2",0.153992106594819,0.138868786119115,0.174,0.159,1,"ATL2",0,"Not sig"
"NPTN",0.154458601461982,-0.16829720886799,0.178,0.191,1,"NPTN",0,"Not sig"
"ADAMTS17",0.154569731156408,-0.156809709940889,0.253,0.263,1,"ADAMTS17",0,"Not sig"
"TAPT1",0.1545995572947,0.17395083900388,0.149,0.134,1,"TAPT1",0,"Not sig"
"N4BP1",0.155963743562764,-0.224208694087856,0.113,0.124,1,"N4BP1",0,"Not sig"
"NRF1",0.156326987992848,0.131349298614983,0.344,0.327,1,"NRF1",0,"Not sig"
"RAVER2",0.156812475050263,-0.278787554372934,0.173,0.182,1,"RAVER2",0,"Not sig"
"SMARCD2",0.157439122136173,0.242204525147389,0.105,0.094,1,"SMARCD2",0,"Not sig"
"FNBP1L",0.157749637634811,-0.116465043268705,0.123,0.135,1,"FNBP1L",0,"Not sig"
"ATP5F1C",0.15957793228576,0.167687306585592,0.114,0.101,1,"ATP5F1C",0,"Not sig"
"PIP5K1B",0.159820786242347,-0.273472951795134,0.098,0.109,1,"PIP5K1B",0,"Not sig"
"DHX32",0.160278872016641,0.116509295458894,0.106,0.094,1,"DHX32",0,"Not sig"
"RC3H2",0.160337800991364,-0.325297762912167,0.094,0.104,1,"RC3H2",0,"Not sig"
"ZNF141",0.160503751173204,-0.100131974494151,0.109,0.095,1,"ZNF141",0,"Not sig"
"CUL4A",0.16077169107032,-0.358726392381507,0.161,0.169,1,"CUL4A",0,"Not sig"
"PRR14L",0.162306397197548,-0.15694474132147,0.134,0.145,1,"PRR14L",0,"Not sig"
"RBM5",0.16241180708453,-0.21295905235678,0.192,0.201,1,"RBM5",0,"Not sig"
"RNF10",0.163216743250012,-0.398535025639559,0.102,0.112,1,"RNF10",0,"Not sig"
"RIMS1",0.164594801986077,-0.200327670074838,0.239,0.251,1,"RIMS1",0,"Not sig"
"YTHDC1",0.164840683328984,0.134618804516164,0.147,0.132,1,"YTHDC1",0,"Not sig"
"PHYKPL",0.165473973299709,-0.271999697415125,0.112,0.123,1,"PHYKPL",0,"Not sig"
"CUL3",0.165731261248462,-0.12356058702858,0.223,0.234,1,"CUL3",0,"Not sig"
"SAMD8",0.167938934735794,-0.120209753935835,0.094,0.105,1,"SAMD8",0,"Not sig"
"KLF7",0.168297769201355,0.144870488588875,0.305,0.285,1,"KLF7",0,"Not sig"
"YY1",0.168857815226221,-0.235720621903918,0.099,0.109,1,"YY1",0,"Not sig"
"PITPNB",0.16994450347349,-0.204874491834836,0.146,0.157,1,"PITPNB",0,"Not sig"
"RBMS2",0.170460385845895,0.187628037251748,0.173,0.159,1,"RBMS2",0,"Not sig"
"SLC25A27",0.170631127295442,0.135067169496115,0.113,0.101,1,"SLC25A27",0,"Not sig"
"STX18",0.171045805259376,0.121241932852236,0.188,0.171,1,"STX18",0,"Not sig"
"NIFK-AS1",0.171548537585787,0.115226935461013,0.102,0.09,1,"NIFK-AS1",0,"Not sig"
"PPP4R4",0.171626662697084,-0.157097963216246,0.129,0.141,1,"PPP4R4",0,"Not sig"
"ZBTB1",0.172004588362175,-0.151117599926846,0.172,0.184,1,"ZBTB1",0,"Not sig"
"MOSMO",0.172605269086983,-0.207686531684461,0.156,0.168,1,"MOSMO",0,"Not sig"
"MAP1B",0.173157237176675,-0.166719192243621,0.181,0.193,1,"MAP1B",0,"Not sig"
"MIATNB",0.173175225664904,0.162897532703693,0.104,0.092,1,"MIATNB",0,"Not sig"
"RNF217",0.173808329765403,-0.109704146651471,0.174,0.186,1,"RNF217",0,"Not sig"
"NUP160",0.174248000101947,0.125693788888126,0.106,0.094,1,"NUP160",0,"Not sig"
"PLEKHA7",0.175230842141116,-0.160603287850516,0.301,0.311,1,"PLEKHA7",0,"Not sig"
"ABAT",0.177158777634462,0.155116244942559,0.152,0.138,1,"ABAT",0,"Not sig"
"ST5",0.178142318840367,-0.128280049831106,0.219,0.23,1,"ST5",0,"Not sig"
"HNRNPA2B1",0.179065402998155,-0.200115231117355,0.237,0.246,1,"HNRNPA2B1",0,"Not sig"
"WDR37",0.179718401956182,0.112305399558376,0.138,0.124,1,"WDR37",0,"Not sig"
"PPP2R2A",0.181131578691063,0.109451507792183,0.232,0.213,1,"PPP2R2A",0,"Not sig"
"SERGEF",0.181550254372416,-0.235959494140364,0.18,0.189,1,"SERGEF",0,"Not sig"
"AATF",0.182135869163238,-0.218865325149375,0.098,0.108,1,"AATF",0,"Not sig"
"CBX5",0.182980422829973,0.147016020210089,0.102,0.091,1,"CBX5",0,"Not sig"
"CNOT1",0.184329417511014,-0.1910409783164,0.102,0.112,1,"CNOT1",0,"Not sig"
"AGO4",0.186545576402665,-0.220600378027425,0.144,0.154,1,"AGO4",0,"Not sig"
"MTCH2",0.189901970056334,0.164358852380217,0.14,0.126,1,"MTCH2",0,"Not sig"
"ZNF397",0.189906070207599,0.100343382458059,0.119,0.106,1,"ZNF397",0,"Not sig"
"TSC22D2",0.191356905999737,-0.172567675769633,0.329,0.336,1,"TSC22D2",0,"Not sig"
"PPFIA1",0.192122694839276,-0.177108788507092,0.31,0.318,1,"PPFIA1",0,"Not sig"
"FERMT2",0.194365381167965,-0.144910138014004,0.242,0.253,1,"FERMT2",0,"Not sig"
"CREB1",0.196184641760939,0.144246673372657,0.141,0.129,1,"CREB1",0,"Not sig"
"FGD6",0.198232354761962,-0.127086279340182,0.298,0.309,1,"FGD6",0,"Not sig"
"GNG7",0.198498637918167,0.119102229825464,0.291,0.275,1,"GNG7",0,"Not sig"
"GSN",0.199348913951067,-0.1649190525135,0.268,0.276,1,"GSN",0,"Not sig"
"PARN",0.203045566296681,0.159425175066385,0.178,0.164,1,"PARN",0,"Not sig"
"LRRC3B",0.204695282939261,0.130602056171125,0.241,0.224,1,"LRRC3B",0,"Not sig"
"MEF2A",0.204739023198132,-0.196693314305846,0.291,0.298,1,"MEF2A",0,"Not sig"
"IKBKB",0.205133558920881,-0.194008049233011,0.098,0.107,1,"IKBKB",0,"Not sig"
"PPM1L",0.207460730164014,-0.102090827593489,0.307,0.32,1,"PPM1L",0,"Not sig"
"NR6A1",0.208221265521487,-0.110502097305551,0.204,0.217,1,"NR6A1",0,"Not sig"
"OSBPL8",0.209235390285304,-0.174528373043851,0.159,0.17,1,"OSBPL8",0,"Not sig"
"AP2A2",0.209970482140822,-0.20509018210678,0.123,0.133,1,"AP2A2",0,"Not sig"
"TRNAU1AP",0.211016883550479,-0.105269027998973,0.091,0.101,1,"TRNAU1AP",0,"Not sig"
"UBXN4",0.212177640938886,-0.278458601180297,0.128,0.137,1,"UBXN4",0,"Not sig"
"CYSTM1",0.21217983456311,-0.108064082715935,0.205,0.217,1,"CYSTM1",0,"Not sig"
"FBXO28",0.213824261558982,0.156862165073248,0.108,0.097,1,"FBXO28",0,"Not sig"
"ZYG11B",0.214675977978603,0.118165291065091,0.11,0.099,1,"ZYG11B",0,"Not sig"
"NIPBL",0.215382903563087,-0.167492339603215,0.345,0.351,1,"NIPBL",0,"Not sig"
"CPD",0.216089844267309,0.15614602028823,0.128,0.116,1,"CPD",0,"Not sig"
"ALG13",0.217947724745785,0.119868191759141,0.12,0.108,1,"ALG13",0,"Not sig"
"CSGALNACT2",0.218043352020578,-0.216058641203829,0.091,0.1,1,"CSGALNACT2",0,"Not sig"
"CRTC1",0.21865897354105,-0.128387211279834,0.148,0.158,1,"CRTC1",0,"Not sig"
"EIF3H",0.219030624720678,-0.193040425867578,0.133,0.142,1,"EIF3H",0,"Not sig"
"GLS",0.219422890569793,-0.256257148457504,0.172,0.181,1,"GLS",0,"Not sig"
"FBXW4",0.219762119760761,0.184201588932418,0.19,0.175,1,"FBXW4",0,"Not sig"
"ACTB",0.219806282629101,0.145077951022988,0.29,0.274,1,"ACTB",0,"Not sig"
"FUT10",0.220118417393144,0.105947008395815,0.208,0.192,1,"FUT10",0,"Not sig"
"HDLBP",0.221446099366545,-0.185291946821398,0.128,0.138,1,"HDLBP",0,"Not sig"
"PPHLN1",0.222231055248514,0.136715031638931,0.189,0.174,1,"PPHLN1",0,"Not sig"
"PRKAG2",0.226116819061083,-0.244907471120133,0.143,0.152,1,"PRKAG2",0,"Not sig"
"TSEN15",0.226610345056488,-0.258385429407498,0.123,0.131,1,"TSEN15",0,"Not sig"
"STOX1",0.229744530531825,0.139562585001384,0.308,0.292,1,"STOX1",0,"Not sig"
"CLNS1A",0.229913704547623,0.168010326111067,0.103,0.092,1,"CLNS1A",0,"Not sig"
"AEBP2",0.230443809166036,-0.18810198184687,0.196,0.204,1,"AEBP2",0,"Not sig"
"ESRRG",0.231545484934741,-0.214902897150379,0.429,0.428,1,"ESRRG",0,"Not sig"
"WASL",0.231894844839691,-0.349233746475444,0.103,0.111,1,"WASL",0,"Not sig"
"CDKL3",0.231980071183137,-0.16813572070325,0.142,0.151,1,"CDKL3",0,"Not sig"
"ZER1",0.232010064946205,-0.163210388881474,0.17,0.179,1,"ZER1",0,"Not sig"
"MICALL2",0.232599919234347,0.15657399111479,0.235,0.222,1,"MICALL2",0,"Not sig"
"PSMG2",0.233445183736102,0.142096256389828,0.14,0.129,1,"PSMG2",0,"Not sig"
"SYMPK",0.233901941642618,-0.127740372477195,0.151,0.16,1,"SYMPK",0,"Not sig"
"SACS",0.235127734920019,-0.200475812836792,0.149,0.158,1,"SACS",0,"Not sig"
"RLF",0.235974772861795,-0.176408524473788,0.186,0.196,1,"RLF",0,"Not sig"
"CFAP47",0.238358119368544,-0.295314318627686,0.106,0.114,1,"CFAP47",0,"Not sig"
"TRIP11",0.240184287241348,-0.229762467577057,0.144,0.152,1,"TRIP11",0,"Not sig"
"GAK",0.240262783760789,-0.240141771382544,0.093,0.101,1,"GAK",0,"Not sig"
"SLC1A4",0.24123138255509,-0.222593188150315,0.146,0.155,1,"SLC1A4",0,"Not sig"
"NFATC3",0.242014818595022,-0.126031064362121,0.243,0.253,1,"NFATC3",0,"Not sig"
"UPF3A",0.242614634600538,0.133990979336731,0.146,0.136,1,"UPF3A",0,"Not sig"
"EYA2",0.243703301792973,-0.120170910413035,0.451,0.447,1,"EYA2",0,"Not sig"
"EXD3",0.24374990814451,0.159371776710866,0.102,0.093,1,"EXD3",0,"Not sig"
"DGKZ",0.245116184214663,0.23244945105882,0.125,0.115,1,"DGKZ",0,"Not sig"
"PC",0.245726469766693,0.155025769680704,0.143,0.132,1,"PC",0,"Not sig"
"VPS36",0.2463859925591,-0.207532736600563,0.111,0.12,1,"VPS36",0,"Not sig"
"GALNT11",0.247610895013311,0.124314192471607,0.135,0.123,1,"GALNT11",0,"Not sig"
"HNRNPH1",0.247670874260871,-0.150196456202866,0.157,0.167,1,"HNRNPH1",0,"Not sig"
"MSL2",0.249149695291346,-0.284769723662637,0.127,0.135,1,"MSL2",0,"Not sig"
"RCOR1",0.249309914361821,-0.172375207873494,0.12,0.129,1,"RCOR1",0,"Not sig"
"THADA",0.250573874262007,0.132521598778586,0.245,0.231,1,"THADA",0,"Not sig"
"FAM168B",0.251148674192329,0.185257220437945,0.1,0.091,1,"FAM168B",0,"Not sig"
"WDR59",0.251205789264735,-0.105320110493775,0.217,0.226,1,"WDR59",0,"Not sig"
"SS18",0.251434524862837,0.121415599070993,0.144,0.132,1,"SS18",0,"Not sig"
"TUT7",0.252951557485981,-0.224480336281624,0.099,0.108,1,"TUT7",0,"Not sig"
"GPCPD1",0.254411721621755,0.262827498150662,0.102,0.092,1,"GPCPD1",0,"Not sig"
"PDPR",0.254583167073378,0.238248034218407,0.115,0.105,1,"PDPR",0,"Not sig"
"PPIG",0.25507316532904,-0.277001094183335,0.116,0.123,1,"PPIG",0,"Not sig"
"VAPB",0.257589441111672,-0.29100268527749,0.092,0.1,1,"VAPB",0,"Not sig"
"CEP70",0.257744677585245,0.197776687097391,0.115,0.105,1,"CEP70",0,"Not sig"
"CHD1",0.257918872709275,-0.144001143632506,0.13,0.139,1,"CHD1",0,"Not sig"
"SNX25",0.258510990570273,-0.215347921076491,0.155,0.164,1,"SNX25",0,"Not sig"
"RBM33",0.259019213188625,-0.142774592218002,0.252,0.258,1,"RBM33",0,"Not sig"
"ERP44",0.25935090425072,0.164731820003791,0.123,0.113,1,"ERP44",0,"Not sig"
"RSBN1L",0.260346402981775,-0.248857730312944,0.113,0.121,1,"RSBN1L",0,"Not sig"
"OSBPL1A",0.260469126941507,-0.22155029618956,0.4,0.399,1,"OSBPL1A",0,"Not sig"
"MYO9B",0.26462418513895,0.136613229969772,0.153,0.141,1,"MYO9B",0,"Not sig"
"ZNF207",0.265185729301619,-0.16990220305187,0.227,0.234,1,"ZNF207",0,"Not sig"
"WDR60",0.266149287607163,-0.160796962840352,0.202,0.21,1,"WDR60",0,"Not sig"
"LINGO1",0.266351975235017,0.198543936262617,0.293,0.327,1,"LINGO1",0,"Not sig"
"SLC38A6",0.266919197049994,0.186023593179756,0.119,0.109,1,"SLC38A6",0,"Not sig"
"INTS3",0.267336483061982,-0.131386724140309,0.096,0.104,1,"INTS3",0,"Not sig"
"IQSEC1",0.268670895534626,-0.151483202916287,0.132,0.14,1,"IQSEC1",0,"Not sig"
"AGFG1",0.27058623186601,-0.13518694352855,0.193,0.202,1,"AGFG1",0,"Not sig"
"FBXL20",0.272354358159568,-0.142941223580256,0.254,0.261,1,"FBXL20",0,"Not sig"
"AKAP8L",0.275263353746853,-0.227178628085001,0.208,0.214,1,"AKAP8L",0,"Not sig"
"POM121C",0.275760174648379,-0.149207272072368,0.16,0.168,1,"POM121C",0,"Not sig"
"PFKFB2",0.275832364712787,-0.431886792054267,0.136,0.142,1,"PFKFB2",0,"Not sig"
"PRDX6",0.276461361268096,0.224702411298741,0.118,0.109,1,"PRDX6",0,"Not sig"
"ANP32A",0.279670783561379,0.110179004030361,0.105,0.095,1,"ANP32A",0,"Not sig"
"HUWE1",0.280052626772837,0.101818055905565,0.194,0.181,1,"HUWE1",0,"Not sig"
"PPP2R3C",0.280329187251623,0.110276068428776,0.122,0.111,1,"PPP2R3C",0,"Not sig"
"AL121761.1",0.28094778449978,0.165323703024296,0.105,0.096,1,"AL121761.1",0,"Not sig"
"C3orf70",0.281664393911271,0.231862821001977,0.143,0.133,1,"C3orf70",0,"Not sig"
"RABL6",0.281734045408438,-0.137841586209434,0.128,0.137,1,"RABL6",0,"Not sig"
"ZNF44",0.282586718218838,-0.226024923501158,0.11,0.118,1,"ZNF44",0,"Not sig"
"B4GALNT4",0.282870391656636,-0.121158522903921,0.122,0.13,1,"B4GALNT4",0,"Not sig"
"C6orf106",0.286836185945644,-0.145999014712452,0.121,0.129,1,"C6orf106",0,"Not sig"
"ABCC4",0.286892641977414,-0.26434398113979,0.115,0.123,1,"ABCC4",0,"Not sig"
"KLHL22",0.286917672840305,-0.170551930749445,0.134,0.142,1,"KLHL22",0,"Not sig"
"PRMT2",0.287122478035432,-0.144451300505514,0.138,0.147,1,"PRMT2",0,"Not sig"
"CMYA5",0.289397641557003,-0.165593072404102,0.096,0.104,1,"CMYA5",0,"Not sig"
"RC3H1",0.289478789550309,-0.121926703548412,0.204,0.213,1,"RC3H1",0,"Not sig"
"INO80D",0.292494526688278,-0.102021758720338,0.174,0.182,1,"INO80D",0,"Not sig"
"DHX36",0.293202634697379,-0.266413343827968,0.105,0.112,1,"DHX36",0,"Not sig"
"GABRG1",0.293421745258313,-0.157279294650444,0.178,0.187,1,"GABRG1",0,"Not sig"
"IFT172",0.293639078162213,0.133887259778718,0.131,0.121,1,"IFT172",0,"Not sig"
"RAB3GAP2",0.293789659509001,-0.125967815094143,0.151,0.159,1,"RAB3GAP2",0,"Not sig"
"RALGAPA1",0.293940615369765,-0.117610028378006,0.404,0.404,1,"RALGAPA1",0,"Not sig"
"RARB",0.295662073702887,0.202876235420396,0.119,0.109,1,"RARB",0,"Not sig"
"MXD4",0.29836000292134,0.184680811251267,0.109,0.101,1,"MXD4",0,"Not sig"
"FANCC",0.298405090294616,-0.196701877187071,0.094,0.101,1,"FANCC",0,"Not sig"
"HOMER2",0.299864966438583,0.10825329034154,0.104,0.094,1,"HOMER2",0,"Not sig"
"PLPP3",0.300680331925272,0.100450055321951,0.289,0.271,1,"PLPP3",0,"Not sig"
"DLGAP1",0.300757903795666,-0.121177725564662,0.424,0.43,1,"DLGAP1",0,"Not sig"
"PHYHD1",0.301903630980464,-0.185664649141566,0.15,0.158,1,"PHYHD1",0,"Not sig"
"WWC2",0.303308067119886,-0.186891980987964,0.111,0.119,1,"WWC2",0,"Not sig"
"PDHX",0.30469009622814,-0.263502388288669,0.094,0.101,1,"PDHX",0,"Not sig"
"AFF4",0.307165034042902,-0.137647896827924,0.256,0.262,1,"AFF4",0,"Not sig"
"LINC01094",0.311026090086196,0.204037013000997,0.155,0.146,1,"LINC01094",0,"Not sig"
"STXBP4",0.312485429152537,0.138162160796905,0.11,0.102,1,"STXBP4",0,"Not sig"
"RHBDD1",0.312888121850293,-0.122856941796131,0.215,0.222,1,"RHBDD1",0,"Not sig"
"IWS1",0.313589897974605,-0.195488738553822,0.162,0.17,1,"IWS1",0,"Not sig"
"CWC27",0.314809351233034,0.111810777290583,0.183,0.171,1,"CWC27",0,"Not sig"
"SESTD1",0.317474132956147,0.122853921372574,0.235,0.222,1,"SESTD1",0,"Not sig"
"PTPRE",0.318006357219587,0.130747025389211,0.109,0.101,1,"PTPRE",0,"Not sig"
"SRSF5",0.318175715469345,0.104751321119315,0.166,0.154,1,"SRSF5",0,"Not sig"
"FUS",0.318563514233971,-0.103713710793133,0.203,0.212,1,"FUS",0,"Not sig"
"ROCK1",0.318831453233502,-0.157427330325789,0.209,0.216,1,"ROCK1",0,"Not sig"
"FAM135A",0.319538474885208,-0.11653247523294,0.251,0.257,1,"FAM135A",0,"Not sig"
"GCLC",0.32043845137548,-0.156875144193125,0.134,0.141,1,"GCLC",0,"Not sig"
"TNPO2",0.322825982667571,0.185321196488357,0.108,0.1,1,"TNPO2",0,"Not sig"
"TBC1D19",0.323510236879577,0.104060090325192,0.253,0.24,1,"TBC1D19",0,"Not sig"
"HADHB",0.324849356719892,-0.181765330172412,0.148,0.154,1,"HADHB",0,"Not sig"
"TAMM41",0.325900388851191,0.200437550748446,0.102,0.094,1,"TAMM41",0,"Not sig"
"SH3PXD2A",0.326170025007328,-0.32186598387096,0.105,0.112,1,"SH3PXD2A",0,"Not sig"
"GPBP1",0.327056458272296,-0.132267947332624,0.301,0.304,1,"GPBP1",0,"Not sig"
"ZC3H7A",0.327263671392527,-0.216508264993962,0.095,0.102,1,"ZC3H7A",0,"Not sig"
"EXOC6",0.329755974061934,0.124544775019163,0.159,0.148,1,"EXOC6",0,"Not sig"
"RGS12",0.331620295405484,-0.268344220501187,0.181,0.186,1,"RGS12",0,"Not sig"
"SDC3",0.333725720488323,-0.188016253501404,0.096,0.103,1,"SDC3",0,"Not sig"
"CREBRF",0.333754561525405,-0.19059662420238,0.156,0.162,1,"CREBRF",0,"Not sig"
"CDC42BPB",0.334830474140001,-0.175702892813344,0.147,0.154,1,"CDC42BPB",0,"Not sig"
"HNRNPM",0.33565014881556,-0.17078323076504,0.147,0.154,1,"HNRNPM",0,"Not sig"
"TTC19",0.336030217419104,-0.132555896119657,0.218,0.225,1,"TTC19",0,"Not sig"
"ZMYND8",0.337469055507645,-0.12058511270992,0.326,0.329,1,"ZMYND8",0,"Not sig"
"RNGTT",0.33764013971422,-0.112101544824756,0.21,0.217,1,"RNGTT",0,"Not sig"
"FRMD6",0.33906039506673,0.199218834566796,0.105,0.097,1,"FRMD6",0,"Not sig"
"NR2F1",0.340285819048202,-0.312756607943979,0.142,0.148,1,"NR2F1",0,"Not sig"
"SPARCL1",0.342089082486486,-0.117503151412617,0.527,0.525,1,"SPARCL1",0,"Not sig"
"NCOA6",0.3425174272405,0.175523505341583,0.182,0.173,1,"NCOA6",0,"Not sig"
"OSBPL3",0.344469804444098,-0.262582219063867,0.189,0.193,1,"OSBPL3",0,"Not sig"
"ZIC1",0.345359857691992,-0.249344691445805,0.2,0.203,1,"ZIC1",0,"Not sig"
"USP53",0.345714578590465,-0.248280356958948,0.156,0.161,1,"USP53",0,"Not sig"
"ME3",0.351459725192202,-0.111507059037474,0.099,0.106,1,"ME3",0,"Not sig"
"WDFY1",0.352085990839356,-0.149639089091227,0.118,0.125,1,"WDFY1",0,"Not sig"
"ATP6V0A1",0.35387073772318,0.115746436229836,0.212,0.201,1,"ATP6V0A1",0,"Not sig"
"LINC01088",0.355737398704022,0.513269260744126,0.151,0.145,1,"LINC01088",0,"Not sig"
"ACADVL",0.35624710404813,-0.185661166822713,0.106,0.113,1,"ACADVL",0,"Not sig"
"TNPO3",0.358979262243462,-0.293563184517706,0.13,0.136,1,"TNPO3",0,"Not sig"
"QRICH1",0.362285090266898,0.176344931937116,0.106,0.098,1,"QRICH1",0,"Not sig"
"CHD1L",0.362346711571166,-0.249014606144878,0.094,0.1,1,"CHD1L",0,"Not sig"
"MAP3K13",0.364633714179089,-0.133380737940459,0.17,0.177,1,"MAP3K13",0,"Not sig"
"KAT2A",0.365516615269951,0.109859089230058,0.132,0.124,1,"KAT2A",0,"Not sig"
"SGIP1",0.369497016139001,-0.108864800019662,0.614,0.604,1,"SGIP1",0,"Not sig"
"ZCCHC14",0.372924947999119,-0.134446135371624,0.114,0.12,1,"ZCCHC14",0,"Not sig"
"TTLL5",0.375066809394396,-0.168584225254987,0.202,0.208,1,"TTLL5",0,"Not sig"
"SMARCA4",0.375617723734068,-0.223551174977615,0.137,0.143,1,"SMARCA4",0,"Not sig"
"PCF11",0.377703073291398,0.105319936528915,0.102,0.094,1,"PCF11",0,"Not sig"
"TAF1",0.378749745970992,-0.187229204270532,0.134,0.14,1,"TAF1",0,"Not sig"
"SPRED2",0.38373371926399,-0.121629963956827,0.275,0.278,1,"SPRED2",0,"Not sig"
"TBCA",0.383889123226754,-0.160075675083517,0.158,0.165,1,"TBCA",0,"Not sig"
"SEPT11",0.384179269341012,-0.112291272922171,0.233,0.239,1,"SEPT11",0,"Not sig"
"CCNL2",0.386590243516844,-0.115371491480883,0.127,0.134,1,"CCNL2",0,"Not sig"
"ZFC3H1",0.390251757290624,-0.27591176623526,0.095,0.1,1,"ZFC3H1",0,"Not sig"
"RUBCN",0.393247258002428,-0.182710270623093,0.095,0.101,1,"RUBCN",0,"Not sig"
"RAD23B",0.396832365783634,-0.173832250066137,0.12,0.125,1,"RAD23B",0,"Not sig"
"COLEC12",0.401067803681981,-0.190820555450436,0.284,0.287,1,"COLEC12",0,"Not sig"
"DPYSL3",0.401458218149949,-0.197595447013373,0.166,0.154,1,"DPYSL3",0,"Not sig"
"LINC00623",0.405941700128696,0.158489285380917,0.126,0.118,1,"LINC00623",0,"Not sig"
"H2AFY",0.406482188296761,-0.108585073968004,0.121,0.127,1,"H2AFY",0,"Not sig"
"PLCE1",0.406586276703987,0.106512658699369,0.227,0.218,1,"PLCE1",0,"Not sig"
"LRRC8A",0.406631890561882,0.209899254588711,0.112,0.105,1,"LRRC8A",0,"Not sig"
"ATP9A",0.408376868417976,-0.163038012013338,0.255,0.259,1,"ATP9A",0,"Not sig"
"SLC10A7",0.408557805216828,0.101060758738269,0.149,0.141,1,"SLC10A7",0,"Not sig"
"HADHA",0.408621890487739,0.104743308268989,0.119,0.111,1,"HADHA",0,"Not sig"
"KPNA5",0.408636961472188,-0.129202897738853,0.142,0.148,1,"KPNA5",0,"Not sig"
"ARNT",0.413909446901808,-0.274533085400312,0.11,0.115,1,"ARNT",0,"Not sig"
"GOLGA4",0.422266312359415,-0.11114667822771,0.326,0.305,1,"GOLGA4",0,"Not sig"
"REV3L",0.423092742047486,-0.177842133543932,0.517,0.509,1,"REV3L",0,"Not sig"
"FAF2",0.423489120974582,-0.218745357827105,0.109,0.114,1,"FAF2",0,"Not sig"
"RASA2",0.427367807999539,-0.159030779182935,0.189,0.194,1,"RASA2",0,"Not sig"
"SCAF4",0.427459937718049,-0.259991546417452,0.096,0.101,1,"SCAF4",0,"Not sig"
"GGT7",0.42793054355837,0.127511485412671,0.1,0.093,1,"GGT7",0,"Not sig"
"PCBP2",0.43371199748634,-0.166960050809151,0.186,0.19,1,"PCBP2",0,"Not sig"
"EPHA4",0.434458173649296,0.11787323063339,0.159,0.15,1,"EPHA4",0,"Not sig"
"NUDT3",0.435414588582142,0.140152099685194,0.16,0.152,1,"NUDT3",0,"Not sig"
"DENND2A",0.43785768394956,-0.143892031502907,0.177,0.182,1,"DENND2A",0,"Not sig"
"SUGP2",0.438425030235991,-0.149921650765367,0.161,0.166,1,"SUGP2",0,"Not sig"
"CASTOR3",0.444922931220004,-0.110348063332182,0.233,0.236,1,"CASTOR3",0,"Not sig"
"APOLD1",0.447039065544518,0.136607101707838,0.161,0.152,1,"APOLD1",0,"Not sig"
"KCND3",0.450661709994874,0.193169636237008,0.129,0.123,1,"KCND3",0,"Not sig"
"LRSAM1",0.452698490551803,0.122560659181884,0.114,0.108,1,"LRSAM1",0,"Not sig"
"G3BP1",0.453620125688819,-0.185153226247487,0.154,0.159,1,"G3BP1",0,"Not sig"
"SLC24A4",0.460458887716436,-0.196834062747361,0.111,0.117,1,"SLC24A4",0,"Not sig"
"THRB",0.463830945396828,-0.113837953818689,0.306,0.307,1,"THRB",0,"Not sig"
"WNK1",0.465366933476976,-0.114080264437236,0.285,0.289,1,"WNK1",0,"Not sig"
"WTAP",0.467011665654445,-0.125676361912108,0.109,0.114,1,"WTAP",0,"Not sig"
"ZMYM4",0.472184643493915,-0.114798888178981,0.241,0.245,1,"ZMYM4",0,"Not sig"
"AGAP1",0.476371382313532,0.117383700050395,0.507,0.512,1,"AGAP1",0,"Not sig"
"ARHGAP12",0.478329826281465,-0.222332834685939,0.147,0.151,1,"ARHGAP12",0,"Not sig"
"WASHC4",0.478951407290077,-0.108163095324545,0.126,0.131,1,"WASHC4",0,"Not sig"
"TTC7A",0.481074425751929,0.1326978855462,0.167,0.16,1,"TTC7A",0,"Not sig"
"SON",0.484328769702012,-0.212869701047517,0.2,0.202,1,"SON",0,"Not sig"
"CHFR",0.486456789251473,-0.122945700904342,0.13,0.135,1,"CHFR",0,"Not sig"
"USP9Y",0.486787805252977,0.21117265857609,0.131,0.127,1,"USP9Y",0,"Not sig"
"MTA3",0.486982126508324,0.120286927066266,0.191,0.182,1,"MTA3",0,"Not sig"
"GRIP1",0.487256133874383,-0.23559154023481,0.159,0.164,1,"GRIP1",0,"Not sig"
"CDC73",0.487876712410649,-0.186522433703587,0.203,0.205,1,"CDC73",0,"Not sig"
"TMEM65",0.497738223665306,-0.125898661330473,0.11,0.114,1,"TMEM65",0,"Not sig"
"PATJ",0.500246668292497,0.117079951426731,0.172,0.166,1,"PATJ",0,"Not sig"
"SERINC5",0.502855888213982,-0.104689056209365,0.258,0.261,1,"SERINC5",0,"Not sig"
"MAPK8IP3",0.502870998314482,-0.127734424153838,0.181,0.184,1,"MAPK8IP3",0,"Not sig"
"ELP4",0.504218549824695,-0.114238829689877,0.327,0.326,1,"ELP4",0,"Not sig"
"ASRGL1",0.507393252786214,0.145329474185278,0.157,0.149,1,"ASRGL1",0,"Not sig"
"BCL2L1",0.507463981175304,-0.14158686276758,0.157,0.161,1,"BCL2L1",0,"Not sig"
"AMBRA1",0.510966679559938,-0.104704688996833,0.24,0.241,1,"AMBRA1",0,"Not sig"
"NDUFS4",0.516260018904219,0.132645675478383,0.123,0.117,1,"NDUFS4",0,"Not sig"
"CREB3L2",0.518179105658493,0.183332150459855,0.106,0.101,1,"CREB3L2",0,"Not sig"
"NRG2",0.518418464593859,-0.1379406931585,0.187,0.191,1,"NRG2",0,"Not sig"
"KPNB1",0.52867918095307,-0.11289471813959,0.115,0.12,1,"KPNB1",0,"Not sig"
"PKM",0.532175553161596,-0.102396101907613,0.139,0.143,1,"PKM",0,"Not sig"
"LRP1",0.534809947989477,-0.109654143223493,0.178,0.181,1,"LRP1",0,"Not sig"
"CRTC3",0.538263291030352,-0.11090940078801,0.189,0.191,1,"CRTC3",0,"Not sig"
"DNASE1",0.546386274416471,0.114776173819042,0.114,0.108,1,"DNASE1",0,"Not sig"
"USP9X",0.546888709268181,-0.157625552721767,0.171,0.174,1,"USP9X",0,"Not sig"
"LPIN2",0.54694510419693,-0.207959352682524,0.187,0.188,1,"LPIN2",0,"Not sig"
"EDEM3",0.555636122545344,-0.236047390602083,0.122,0.125,1,"EDEM3",0,"Not sig"
"ZNF91",0.557414604101879,-0.124993950394012,0.217,0.219,1,"ZNF91",0,"Not sig"
"PLPP1",0.557628797172779,-0.121537222498032,0.414,0.412,1,"PLPP1",0,"Not sig"
"HNRNPC",0.557769831854873,-0.159083136871081,0.249,0.249,1,"HNRNPC",0,"Not sig"
"RBMS3",0.566293265765663,-0.108277559907202,0.223,0.226,1,"RBMS3",0,"Not sig"
"OXSR1",0.566434115991183,-0.108483120533277,0.109,0.113,1,"OXSR1",0,"Not sig"
"SUN1",0.572936035679922,-0.148381280665516,0.135,0.138,1,"SUN1",0,"Not sig"
"BCAR3",0.576158986318156,-0.107601608701046,0.281,0.281,1,"BCAR3",0,"Not sig"
"PSMG4",0.58595736778188,0.153358005197003,0.112,0.107,1,"PSMG4",0,"Not sig"
"DNAJC13",0.587941227723007,-0.11515995157643,0.112,0.105,1,"DNAJC13",0,"Not sig"
"DHX15",0.591854475609404,-0.200021515072981,0.111,0.114,1,"DHX15",0,"Not sig"
"ZNF706",0.594714066361925,-0.219170257214911,0.171,0.171,1,"ZNF706",0,"Not sig"
"GPBP1L1",0.605467398678901,-0.199062756318914,0.179,0.181,1,"GPBP1L1",0,"Not sig"
"PID1",0.610612599121186,0.147432422456231,0.16,0.156,1,"PID1",0,"Not sig"
"PRRX1",0.613063185477374,-0.166971900864335,0.245,0.243,1,"PRRX1",0,"Not sig"
"PCNX1",0.614276574546205,-0.141593241219517,0.308,0.305,1,"PCNX1",0,"Not sig"
"UBE3C",0.621969143689439,-0.113397524882222,0.223,0.211,1,"UBE3C",0,"Not sig"
"SLC25A16",0.62586176867772,-0.100629334191164,0.113,0.116,1,"SLC25A16",0,"Not sig"
"TGFB2",0.632343843247196,-0.111202856077943,0.284,0.285,1,"TGFB2",0,"Not sig"
"THSD7A",0.633216684381155,-0.168938380096227,0.306,0.302,1,"THSD7A",0,"Not sig"
"HERC3",0.643383183374259,-0.104943037199609,0.12,0.123,1,"HERC3",0,"Not sig"
"EYA1",0.647750231802456,0.104054404494877,0.288,0.283,1,"EYA1",0,"Not sig"
"AC010615.4",0.650349804307676,-0.106654961447926,0.097,0.1,1,"AC010615.4",0,"Not sig"
"MTSS1",0.658996200795663,-0.117897845122303,0.121,0.115,1,"MTSS1",0,"Not sig"
"NBDY",0.665120400382175,-0.162298108966247,0.153,0.154,1,"NBDY",0,"Not sig"
"AKAP11",0.665253147976664,-0.11855461608675,0.126,0.12,1,"AKAP11",0,"Not sig"
"KCTD3",0.667375049372698,-0.156666696631852,0.109,0.111,1,"KCTD3",0,"Not sig"
"RILPL1",0.668057116531573,-0.122987192871836,0.178,0.18,1,"RILPL1",0,"Not sig"
"ME2",0.668732183382117,-0.177416121919574,0.105,0.107,1,"ME2",0,"Not sig"
"HERC1",0.683737262570138,-0.109618959285484,0.27,0.269,1,"HERC1",0,"Not sig"
"PAG1",0.693516513445142,-0.123026801744537,0.144,0.145,1,"PAG1",0,"Not sig"
"PAK2",0.698295549620456,-0.100450455043482,0.161,0.155,1,"PAK2",0,"Not sig"
"PLS3",0.705986232344013,-0.138565553823779,0.101,0.102,1,"PLS3",0,"Not sig"
"USP15",0.707571765503645,-0.125448366642112,0.165,0.166,1,"USP15",0,"Not sig"
"CKMT2-AS1",0.710347688757019,-0.143328753706004,0.121,0.123,1,"CKMT2-AS1",0,"Not sig"
"DPF3",0.711713436415092,-0.211035880863763,0.324,0.319,1,"DPF3",0,"Not sig"
"APPBP2",0.712441185197195,-0.116528327231451,0.206,0.205,1,"APPBP2",0,"Not sig"
"NR3C1",0.71244399539413,-0.112954583784084,0.202,0.201,1,"NR3C1",0,"Not sig"
"POU6F2",0.714119255517088,-0.139052775880687,0.158,0.16,1,"POU6F2",0,"Not sig"
"TMED10",0.715524479550496,-0.101041881669378,0.147,0.149,1,"TMED10",0,"Not sig"
"KIF5B",0.716524470059111,-0.125036071291371,0.117,0.118,1,"KIF5B",0,"Not sig"
"KDM3A",0.719723255768268,-0.158101233313929,0.146,0.147,1,"KDM3A",0,"Not sig"
"USP12",0.725273638780715,-0.152459025882183,0.099,0.101,1,"USP12",0,"Not sig"
"FEZ2",0.73519596748909,-0.16361813600363,0.105,0.1,1,"FEZ2",0,"Not sig"
"RAP1GDS1",0.73830129519233,-0.113389923927573,0.242,0.24,1,"RAP1GDS1",0,"Not sig"
"WBP1L",0.756467033604396,-0.181053854235889,0.104,0.105,1,"WBP1L",0,"Not sig"
"NEK1",0.758417141516747,-0.149112310236922,0.245,0.242,1,"NEK1",0,"Not sig"
"SMARCC1",0.761559030201322,-0.111914157841893,0.23,0.226,1,"SMARCC1",0,"Not sig"
"CUL5",0.766126561125041,-0.180372526584284,0.171,0.17,1,"CUL5",0,"Not sig"
"ABCC5",0.778858218229185,0.100776023756708,0.113,0.116,1,"ABCC5",0,"Not sig"
"CDC27",0.791802233093455,-0.103956741256072,0.196,0.196,1,"CDC27",0,"Not sig"
"WAPL",0.792589110693731,-0.121085364563793,0.141,0.141,1,"WAPL",0,"Not sig"
"NMT1",0.798797854131508,0.129186869743634,0.209,0.208,1,"NMT1",0,"Not sig"
"CCNT2",0.798942946874059,-0.10892981479815,0.116,0.112,1,"CCNT2",0,"Not sig"
"ACTG1",0.807324070567654,-0.108785082724878,0.101,0.098,1,"ACTG1",0,"Not sig"
"ATP2B2",0.813765735062134,0.107088178988142,0.24,0.245,1,"ATP2B2",0,"Not sig"
"TMEM123",0.819726210169311,-0.138025736955612,0.115,0.11,1,"TMEM123",0,"Not sig"
"JAK2",0.822350440091177,-0.141884622833321,0.101,0.102,1,"JAK2",0,"Not sig"
"XYLT1",0.82898761125568,-0.174515956657439,0.142,0.141,1,"XYLT1",0,"Not sig"
"SPEN",0.829126037664037,-0.160200999223206,0.225,0.219,1,"SPEN",0,"Not sig"
"DACH1",0.832956306382051,-0.124454167068692,0.136,0.133,1,"DACH1",0,"Not sig"
"SCAMP1",0.842106113369774,-0.172103862669255,0.1,0.099,1,"SCAMP1",0,"Not sig"
"IQCB1",0.857945432356319,-0.140919173248213,0.099,0.1,1,"IQCB1",0,"Not sig"
"CHIC1",0.865104591181194,-0.108006122882145,0.193,0.187,1,"CHIC1",0,"Not sig"
"PLEC",0.88367741114552,-0.102783532295496,0.174,0.173,1,"PLEC",0,"Not sig"
"SGCE",0.889061232661901,-0.128362451209065,0.152,0.151,1,"SGCE",0,"Not sig"
"TNPO1",0.8971307510825,-0.139139437830353,0.145,0.142,1,"TNPO1",0,"Not sig"
"YEATS2",0.918044379359538,-0.113674101988637,0.163,0.161,1,"YEATS2",0,"Not sig"
"XIAP",0.921482114689433,-0.108423206455368,0.124,0.123,1,"XIAP",0,"Not sig"
"TBC1D32",0.930865870818129,-0.114956011347585,0.156,0.155,1,"TBC1D32",0,"Not sig"
"AKAP12",0.937782551609194,0.235513598764641,0.203,0.206,1,"AKAP12",0,"Not sig"
"METTL16",0.944710876598684,-0.207613573908858,0.12,0.118,1,"METTL16",0,"Not sig"
"SPTBN4",0.952026277772141,-0.124572804922221,0.148,0.147,1,"SPTBN4",0,"Not sig"
"ZNF532",0.953990646537657,-0.121468437629087,0.32,0.307,1,"ZNF532",0,"Not sig"
"ZRANB1",0.954546620736132,-0.208154187418594,0.123,0.121,1,"ZRANB1",0,"Not sig"
"UBA6",0.95828625637986,-0.215644446744174,0.142,0.139,1,"UBA6",0,"Not sig"
"HACE1",0.968138335481584,-0.10868473557285,0.148,0.146,1,"HACE1",0,"Not sig"
"RBBP6",0.974781611070617,-0.125362274026664,0.141,0.138,1,"RBBP6",0,"Not sig"
"WNK2",0.978151703119619,-0.108742573668509,0.17,0.167,1,"WNK2",0,"Not sig"
"MDM2",0.981667205578862,-0.13576659740762,0.114,0.113,1,"MDM2",0,"Not sig"
"C1orf198",0.987015365220559,-0.17969007617818,0.128,0.126,1,"C1orf198",0,"Not sig"
"AK4",0.993182091660199,-0.111890044763092,0.134,0.133,1,"AK4",0,"Not sig"
"BCLAF1",0.996872480312301,-0.125756188948328,0.141,0.138,1,"BCLAF1",0,"Not sig"
