p_val,avg_log2FC,pct.1,pct.2,p_val_adj,gene,neg_log10_pval,Significance,label
8.787395980167428e-10,-0.9110105175490486,0.358,0.631,2.213017803645365e-5,MT-ND4,4.655015092175843,Sig Down,MT-ND4
4.53197955318147e-9,1.4338491429251978,0.425,0.213,1.1413337306732215e-4,MBP,3.9425873475207758,Sig Up,MBP
9.051323568874001e-9,1.709632710572554,0.373,0.176,2.2794853275852285e-4,RNF220,3.642163198886138,Sig Up,RNF220
1.1324352663144067e-8,-2.8937975304399846,0.078,0.252,2.851924974686202e-4,ADAMTS9,3.544861903612725,Sig Down,ADAMTS9
1.1957332287965524e-7,-0.8323892619455848,0.369,0.591,0.0030113345634012376,MT-CO2,2.5212409910939346,Sig Down,MT-CO2
1.8104778273937593e-7,0.991997418885878,0.78,0.654,0.004559507360508443,FP236383.1,2.341082078864218,Sig Up,FP236383.1
6.162933787618468e-7,-1.5836233042079937,0.119,0.286,0.01552073245073835,ZFYVE28,1.8090877874716462,Sig Down,ZFYVE28
6.887973767877895e-7,1.1380444996892898,0.429,0.246,0.01734667313702369,CTNNA3,1.7607838048370414,Sig Up,CTNNA3
1.0331851807798316e-6,1.1378786490963366,0.459,0.279,0.026019735592759278,ELMO1,1.584697120963866,Sig Up,ELMO1
1.1946134995924355e-6,0.623525361228765,0.854,0.771,0.030085146373735897,IL1RAPL1,1.5216478711874108,Sig Up,NA
2.8107080550623837e-6,1.3915605437982055,0.272,0.12,0.07078487165869107,FRMD4B,1.1500595510276999,Not sig,NA
3.1265666904283436e-6,-0.7262407971141744,0.373,0.568,0.07873945553174741,MT-ND3,1.1038075925985604,Not sig,NA
4.095432814748273e-6,-0.8808973958689184,0.254,0.435,0.1031393800066205,ZEB1,0.9865754835606092,Not sig,NA
7.628443949119842e-6,1.3111781692159354,0.276,0.133,0.19211473241463412,PLP1,0.7164393297710517,Not sig,NA
8.193076442816443e-6,1.974964203613548,0.209,0.083,0.2063344371358893,CERCAM,0.6854282824003024,Not sig,NA
1.0924104894861498e-5,-1.091991123663943,0.243,0.425,0.27511265767219195,CNKSR2,0.5604894276738378,Not sig,NA
1.132285368237643e-5,-1.464270483478427,0.131,0.282,0.28515474713696803,ELL2,0.5449193940657977,Not sig,NA
1.2182681741275789e-5,-1.562000515972567,0.041,0.153,0.3068086569722895,SLC2A3,0.5131323904132361,Not sig,NA
1.8183694917865227e-5,1.2073160425189724,0.358,0.209,0.4579381728115179,PLXDC2,0.3391931530426953,Not sig,NA
2.2308660761852393e-5,-0.9826599188368719,0.257,0.425,0.5618213126264907,PDE10A,0.2504017899110236,Not sig,NA
2.5539510406519323e-5,-0.7610842269918809,0.205,0.369,0.6431870300777827,LHFPL6,0.19166272175718277,Not sig,NA
3.3136020784372435e-5,1.1122830850937921,0.392,0.252,0.8344975474336355,PHLPP1,0.0785749353629296,Not sig,NA
3.958677359062436e-5,-1.5498912559441127,0.078,0.199,0.996953306106284,VWF,0.0013251820848029692,Not sig,NA
4.652356839366656e-5,0.7625846781412275,0.56,0.415,1,PDE4B,-0,Not sig,NA
4.7112995719090505e-5,0.6036526539619138,0.735,0.595,1,NPAS3,-0,Not sig,NA
4.8745094312931015e-5,-1.1234330696223302,0.257,0.392,1,ZFPM2,-0,Not sig,NA
5.367425830394364e-5,-1.6567945414230323,0.045,0.146,1,ZNF236,-0,Not sig,NA
6.458339682148957e-5,-1.457266654529019,0.037,0.133,1,SDCBP,-0,Not sig,NA
6.773423890609993e-5,-0.9177106749871757,0.067,0.183,1,STX12,-0,Not sig,NA
7.42858168696219e-5,1.7573317482825854,0.172,0.066,1,TF,-0,Not sig,NA
8.002237035655048e-5,1.6196349672631087,0.142,0.047,1,PIEZO2,-0,Not sig,NA
8.508727291563087e-5,-1.7757810569998733,0.063,0.169,1,NAMPT,-0,Not sig,NA
8.993518656355947e-5,1.2885849718081486,0.306,0.176,1,ST18,-0,Not sig,NA
9.053319237107509e-5,-0.6733613696575538,0.354,0.518,1,MT-ATP6,-0,Not sig,NA
1.1453587041948023e-4,-1.688318787896924,0.049,0.146,1,FOSL2,-0,Not sig,NA
1.2335006525296814e-4,1.9276668048587566,0.19,0.086,1,C10orf90,-0,Not sig,NA
1.297714789631949e-4,-0.7038443293456154,0.407,0.558,1,STXBP5L,-0,Not sig,NA
1.3117547698337663e-4,-0.6490060172770007,0.444,0.605,1,ARHGAP26,-0,Not sig,NA
1.59759333247504e-4,-2.3194588745745,0.026,0.106,1,TMEM267,-0,Not sig,NA
1.62748417737009e-4,-0.5078865555002432,0.504,0.658,1,MT-CO3,-0,Not sig,NA
2.1442835235417645e-4,-0.9576217546042907,0.157,0.282,1,FXR1,-0,Not sig,NA
2.1644262412961318e-4,-0.8672098076292527,0.187,0.326,1,PAPOLA,-0,Not sig,NA
2.456417520188624e-4,-1.258740133584359,0.037,0.123,1,SAT1,-0,Not sig,NA
2.732961138855182e-4,-1.2390764557892906,0.034,0.116,1,NAF1,-0,Not sig,NA
2.7451613870490253e-4,-0.7392656070847253,0.175,0.309,1,CPE,-0,Not sig,NA
2.759330899605304e-4,1.490638484314824,0.201,0.096,1,MOBP,-0,Not sig,NA
2.8226837237872634e-4,-0.3048671995796033,0.563,0.754,1,FP671120.1,-0,Not sig,NA
2.937895856992782e-4,1.786907208899603,0.164,0.07,1,PLEKHH1,-0,Not sig,NA
2.9976685035879654e-4,-0.9029749747282845,0.183,0.312,1,XRN1,-0,Not sig,NA
2.998981513150033e-4,-1.61727944296434,0.149,0.269,1,FLT1,-0,Not sig,NA
3.0007655539006123e-4,0.9622926338804763,0.478,0.362,1,SHTN1,-0,Not sig,NA
3.110415339001978e-4,-0.546783109497522,0.228,0.372,1,CSNK1A1,-0,Not sig,NA
3.3009688897394995e-4,1.6783816759641532,0.216,0.113,1,ABCA2,-0,Not sig,NA
3.364544218195064e-4,-1.9234946063163036,0.127,0.243,1,HSPB1,-0,Not sig,NA
3.451904427985261e-4,-1.0062281294513247,0.153,0.272,1,ANKRD26,-0,Not sig,NA
3.5167409184758255e-4,-1.2745358834294414,0.071,0.169,1,ANO2,-0,Not sig,NA
3.6956158025301135e-4,-1.1443403735571755,0.194,0.319,1,CRIM1,-0,Not sig,NA
3.7066241622241977e-4,-1.5777379797519162,0.049,0.136,1,AC109466.1,-0,Not sig,NA
3.709727884511956e-4,-0.3805704932333267,0.418,0.568,1,GABRB2,-0,Not sig,NA
3.7736297743106654e-4,0.3942827143485079,0.705,0.581,1,NCAM2,-0,Not sig,NA
4.011115614586663e-4,-1.831796480144764,0.034,0.113,1,CP,-0,Not sig,NA
4.0167501696518186e-4,-0.704718687707296,0.164,0.296,1,EML6,-0,Not sig,NA
4.10584462513565e-4,-2.3034379366672715,0.037,0.116,1,PHF10,-0,Not sig,NA
4.1631803913500117e-4,-0.9551756175206446,0.093,0.203,1,CFLAR,-0,Not sig,NA
4.211480074425827e-4,0.6294712867997467,0.593,0.515,1,RERE,-0,Not sig,NA
4.4925440920706093e-4,-0.47331294265169666,0.463,0.608,1,TRIO,-0,Not sig,NA
4.885483866469463e-4,-1.177982450683914,0.034,0.113,1,ZNF346,-0,Not sig,NA
4.895240779669795e-4,-0.5145539547525348,0.354,0.495,1,ANKRD17,-0,Not sig,NA
5.017703913680135e-4,1.0603285252033778,0.47,0.372,1,SLC24A2,-0,Not sig,NA
5.019305487837453e-4,-2.2186600730900468,0.03,0.103,1,UBA5,-0,Not sig,NA
5.037759715759183e-4,-0.8332290221947445,0.179,0.306,1,IDS,-0,Not sig,NA
5.306522535681879e-4,-1.2974917041103993,0.201,0.316,1,HECW1,-0,Not sig,NA
5.510176160085437e-4,-1.1452149770625262,0.041,0.123,1,AC092378.1,-0,Not sig,NA
5.613670920345425e-4,-1.0254053646126533,0.093,0.196,1,EPAS1,-0,Not sig,NA
5.645347487973199e-4,-0.6071553871366613,0.287,0.432,1,DENND1A,-0,Not sig,NA
5.870447419242425e-4,1.4585943163698218,0.209,0.11,1,DOCK5,-0,Not sig,NA
6.196056322588473e-4,2.050491732415445,0.104,0.033,1,MYRF,-0,Not sig,NA
6.223381723026341e-4,1.1405077011696918,0.444,0.346,1,SLC44A1,-0,Not sig,NA
6.488708278432389e-4,-0.9313905945814084,0.067,0.163,1,WDR37,-0,Not sig,NA
6.80298567212892e-4,-0.6870294083823516,0.168,0.299,1,XPR1,-0,Not sig,NA
6.975048515037453e-4,-0.6782833807580727,0.116,0.229,1,MPPED2,-0,Not sig,NA
7.099024822181877e-4,0.9370623599254749,0.291,0.183,1,BCL2,-0,Not sig,NA
7.123043286637485e-4,-1.6002293915335828,0.049,0.13,1,TSPYL4,-0,Not sig,NA
7.153878705834196e-4,-0.6312954446120238,0.16,0.289,1,COBLL1,-0,Not sig,NA
7.273147617289969e-4,1.3940145727203241,0.235,0.133,1,CIRBP,-0,Not sig,NA
7.625878781971905e-4,-1.1081797131401636,0.078,0.173,1,TUBA1B,-0,Not sig,NA
7.682221595174554e-4,-0.9173709333726034,0.056,0.143,1,IRAK3,-0,Not sig,NA
7.907166012309436e-4,-0.7242763338067115,0.213,0.342,1,OLFM3,-0,Not sig,NA
7.983471890358925e-4,-1.7302681347375966,0.063,0.15,1,IFITM3,-0,Not sig,NA
8.273092260301483e-4,-1.9046284497042,0.034,0.106,1,PLSCR4,-0,Not sig,NA
8.431038321529945e-4,-1.1198453294084645,0.101,0.199,1,DGKH,-0,Not sig,NA
8.500012871252885e-4,-1.1869535020895738,0.127,0.233,1,RANBP17,-0,Not sig,NA
8.709801007135569e-4,-1.4343526860251579,0.157,0.266,1,USP25,-0,Not sig,NA
8.733359720996759e-4,-0.48520677618355224,0.101,0.206,1,FCHO2,-0,Not sig,NA
9.017623438633182e-4,1.4789431356019376,0.123,0.047,1,ANLN,-0,Not sig,NA
9.139837978501148e-4,-1.5842972744717758,0.146,0.246,1,CADPS2,-0,Not sig,NA
9.304818600293635e-4,-0.5733761869525451,0.265,0.399,1,MT-ND2,-0,Not sig,NA
9.343394971043614e-4,-0.7061801241035051,0.16,0.279,1,NPAS2,-0,Not sig,NA
0.0010697712795743057,-0.6044040484309555,0.194,0.316,1,NOL4,-0,Not sig,NA
0.0011431426695184483,-1.37958498599082,0.052,0.133,1,SUB1,-0,Not sig,NA
0.0011516376510618126,-0.5781999899650996,0.179,0.299,1,RAB3GAP1,-0,Not sig,NA
0.001210272053330708,-0.32037379815413497,0.149,0.276,1,TNPO1,-0,Not sig,NA
0.0012574158735083063,-0.7724182676875588,0.351,0.449,1,KHDRBS2,-0,Not sig,NA
0.001302013696456804,-0.6009831315739003,0.373,0.488,1,SNAP25,-0,Not sig,NA
0.001319092619539142,-0.831545996907135,0.101,0.199,1,NORAD,-0,Not sig,NA
0.001332829984550355,-0.8111240864829228,0.265,0.385,1,SCN2A,-0,Not sig,NA
0.0013343253246225597,-0.9298908837212736,0.052,0.133,1,AC092957.1,-0,Not sig,NA
0.001337335901222124,-0.7222045112614058,0.108,0.213,1,PTGES3,-0,Not sig,NA
0.0013615772994319095,-0.8531257709077783,0.254,0.359,1,SRRM4,-0,Not sig,NA
0.0013768933202623307,0.5492137828405141,0.664,0.588,1,PPP2R2B,-0,Not sig,NA
0.001436158978285253,-0.5291744977309736,0.425,0.555,1,CNTN4,-0,Not sig,NA
0.0014828496783614756,1.8659450969597,0.123,0.05,1,PSMB7,-0,Not sig,NA
0.0015093373599699114,-2.063225934635147,0.037,0.106,1,MSN,-0,Not sig,NA
0.0015603561056771026,0.6812772295147482,0.56,0.485,1,SIK3,-0,Not sig,NA
0.0016060160904964134,-1.1232329248263282,0.06,0.14,1,UGP2,-0,Not sig,NA
0.0016267939343991465,-1.217325883189708,0.138,0.239,1,BSG,-0,Not sig,NA
0.0016476881243732862,-0.3443111606469431,0.784,0.847,1,CSMD1,-0,Not sig,NA
0.001649029525884332,-0.6979730130758259,0.19,0.306,1,RASA2,-0,Not sig,NA
0.001684878549142096,-2.001954181133752,0.045,0.116,1,GDAP2,-0,Not sig,NA
0.001688568580578123,-0.47461309068645585,0.235,0.362,1,GRIN1,-0,Not sig,NA
0.0017205682289959492,-1.7697295104877842,0.071,0.153,1,PLOD2,-0,Not sig,NA
0.0017407050850069754,0.960634644874357,0.343,0.246,1,PIP4K2A,-0,Not sig,NA
0.001785013793434249,-0.2785157850894263,0.075,0.163,1,ATP1B3,-0,Not sig,NA
0.0017990329739710664,1.2179130474675997,0.257,0.163,1,BMPR1A,-0,Not sig,NA
0.0018035051170821007,-0.7275099579562104,0.056,0.136,1,C11orf58,-0,Not sig,NA
0.0018037268034114388,1.6864954216170176,0.157,0.076,1,ENPP2,-0,Not sig,NA
0.0018701541328166823,1.192396651308206,0.168,0.083,1,AL133346.1,-0,Not sig,NA
0.0019238761809079578,-1.6852676298252318,0.045,0.116,1,FAM81A,-0,Not sig,NA
0.0019440834138233635,-0.7392551444894546,0.246,0.379,1,CDH18,-0,Not sig,NA
0.001982106770669822,1.2711063517023362,0.332,0.239,1,DSCAML1,-0,Not sig,NA
0.001993601857228109,-1.809614806260051,0.041,0.11,1,COL4A1,-0,Not sig,NA
0.002020132692967354,-1.3131804749809537,0.034,0.1,1,LRRC37A2,-0,Not sig,NA
0.002100213554223483,-0.7683121285960981,0.093,0.186,1,PLPPR5,-0,Not sig,NA
0.0021782710621069457,-0.6647737656623238,0.22,0.336,1,CHL1,-0,Not sig,NA
0.002202033034636824,-0.6624592678906351,0.313,0.419,1,KCNH7,-0,Not sig,NA
0.00225537214443598,-0.47499704515350155,0.108,0.206,1,VSNL1,-0,Not sig,NA
0.002284352509941612,1.183025535013862,0.295,0.199,1,GFAP,-0,Not sig,NA
0.0023515857910401724,-0.7041149871661194,0.045,0.116,1,SATB2,-0,Not sig,NA
0.002476203199551243,0.8640716335343184,0.451,0.359,1,EDIL3,-0,Not sig,NA
0.00249585346926817,-1.5636393899860481,0.037,0.103,1,RAB40C,-0,Not sig,NA
0.002514261200791617,-1.7029090140821959,0.056,0.13,1,SSX2IP,-0,Not sig,NA
0.002564764850011272,-0.9657042134051612,0.104,0.196,1,TPM1,-0,Not sig,NA
0.0025841819062473225,0.6347839669666486,0.489,0.399,1,UNC5C,-0,Not sig,NA
0.0026584401469835245,-0.9666732404970368,0.071,0.153,1,RARB,-0,Not sig,NA
0.0026659660474566663,-1.8479851532275848,0.045,0.113,1,ZIC1,-0,Not sig,NA
0.002707866819344985,-0.6192478641580267,0.239,0.349,1,GABBR2,-0,Not sig,NA
0.0027313205659586825,-0.8650894019991218,0.108,0.203,1,CTBP2,-0,Not sig,NA
0.002751278885727556,-0.6337479903011394,0.358,0.475,1,MSRA,-0,Not sig,NA
0.0027577812930628504,-1.0470549965138942,0.067,0.146,1,HTR1E,-0,Not sig,NA
0.00278282046457847,-0.8372818139572604,0.056,0.133,1,MED23,-0,Not sig,NA
0.002809809243566485,-0.5356521368832747,0.433,0.565,1,ERC1,-0,Not sig,NA
0.0028357972177007027,-0.6596208389618929,0.075,0.156,1,HSPA4L,-0,Not sig,NA
0.0028648316413925853,-0.8630479475682993,0.09,0.176,1,NMT2,-0,Not sig,NA
0.0029018917534656885,1.0786647919460612,0.179,0.093,1,AC026316.5,-0,Not sig,NA
0.0029029341652638623,-0.6178754724136724,0.418,0.545,1,GRIA2,-0,Not sig,NA
0.0029065564101364697,-1.0123927609727574,0.474,0.581,1,NEAT1,-0,Not sig,NA
0.0029145255588581675,0.971905095773764,0.168,0.086,1,KCNH8,-0,Not sig,NA
0.002966606470013395,-0.44536512391355787,0.418,0.542,1,DCLK1,-0,Not sig,NA
0.002980008828998247,-0.7779495489101924,0.116,0.213,1,EGFL7,-0,Not sig,NA
0.003047049569330954,1.4369662832383574,0.123,0.053,1,DEPTOR,-0,Not sig,NA
0.0030528641776582078,-1.8948019194264563,0.06,0.13,1,EPB41,-0,Not sig,NA
0.0030539998612124173,-0.5671186295535584,0.388,0.505,1,PAM,-0,Not sig,NA
0.003126683944201743,-0.8363031584908949,0.127,0.223,1,FBXW11,-0,Not sig,NA
0.0032189070138787055,-1.5103815456297838,0.045,0.113,1,CNTN6,-0,Not sig,NA
0.003221444388751377,-1.1565987322475877,0.097,0.183,1,CACNB4,-0,Not sig,NA
0.0032314697185154544,-0.6094875453037227,0.627,0.744,1,ADGRL3,-0,Not sig,NA
0.0032901216414624916,-0.4905552373580848,0.657,0.734,1,PDE4D,-0,Not sig,NA
0.0033544009439625253,-1.4250595242230129,0.056,0.126,1,STK24,-0,Not sig,NA
0.0033653689765154823,1.18108816283737,0.131,0.06,1,RFX2,-0,Not sig,NA
0.0033717904440516157,0.6588781270967314,0.448,0.355,1,GRID1,-0,Not sig,NA
0.003462662567353717,-1.3656729558148701,0.097,0.179,1,TSHZ1,-0,Not sig,NA
0.0035140644917456758,-0.42905435362937694,0.261,0.382,1,DENND5B,-0,Not sig,NA
0.003607222394892663,-0.7471270162397676,0.276,0.389,1,MKL2,-0,Not sig,NA
0.0036578597173395847,-1.0781430796241123,0.078,0.159,1,PHACTR2,-0,Not sig,NA
0.003664072343761279,0.303138464968721,0.866,0.824,1,PCDH9,-0,Not sig,NA
0.00371122844583081,-1.1236031983577093,0.142,0.233,1,JPH4,-0,Not sig,NA
0.003712225401613217,-0.8595542839280017,0.22,0.332,1,CAMK4,-0,Not sig,NA
0.003739306869451101,-0.8425863197904033,0.108,0.199,1,UBC,-0,Not sig,NA
0.0037807586026870517,-0.9479248899026986,0.097,0.179,1,PRKAR1A,-0,Not sig,NA
0.00382916719822823,-0.5618331676319275,0.075,0.156,1,ME2,-0,Not sig,NA
0.003867955822254099,-0.7296633474897052,0.235,0.339,1,LDB2,-0,Not sig,NA
0.0038685727650069274,-1.0935505029889874,0.112,0.199,1,FAM13A,-0,Not sig,NA
0.003956408835617822,-0.8879090913879802,0.149,0.243,1,ELAVL4,-0,Not sig,NA
0.003991451374515934,-1.4003056458491185,0.037,0.1,1,AC008415.1,-0,Not sig,NA
0.0040142481938626,-0.3554770745838911,0.231,0.355,1,PTEN,-0,Not sig,NA
0.004046398960178373,0.8631281191429134,0.198,0.11,1,TMEM144,-0,Not sig,NA
0.004067756682564593,-0.23389670119235628,0.377,0.522,1,RAPGEF2,-0,Not sig,NA
0.004075558812766166,-0.332604557073096,0.422,0.551,1,SAMD12,-0,Not sig,NA
0.00409341074815463,-0.4765267858566473,0.246,0.362,1,LINC00632,-0,Not sig,NA
0.004167140314424819,-0.6084907156887792,0.168,0.272,1,MARK1,-0,Not sig,NA
0.004172776022070341,-0.5118793016871162,0.116,0.213,1,MT-ND5,-0,Not sig,NA
0.0041923738234493765,-0.18650631128136963,0.25,0.375,1,NKTR,-0,Not sig,NA
0.004196488146139225,-1.0114695710242099,0.067,0.143,1,SLC25A46,-0,Not sig,NA
0.004250852579631187,-0.4714396164318262,0.287,0.409,1,CPEB4,-0,Not sig,NA
0.004300534572041679,1.103462570504224,0.269,0.179,1,ABR,-0,Not sig,NA
0.004324134168300681,-0.3255800352473427,0.123,0.219,1,GALNT7,-0,Not sig,NA
0.0043567855916601065,-0.4054113131079675,0.571,0.671,1,FGF12,-0,Not sig,NA
0.00438938843024205,-0.8348933668738983,0.067,0.143,1,TUBGCP3,-0,Not sig,NA
0.004519319951514465,-0.4577359878888996,0.19,0.299,1,LYST,-0,Not sig,NA
0.004550327760526528,-0.8482536226458716,0.127,0.216,1,SLIT3,-0,Not sig,NA
0.004569256886054704,-1.2608737393289156,0.041,0.103,1,ATP10D,-0,Not sig,NA
0.0046374873676539325,-0.3443746391369247,0.239,0.349,1,ESYT2,-0,Not sig,NA
0.0046501431505826685,-0.49679050364104405,0.216,0.326,1,KCNB2,-0,Not sig,NA
0.004655078649018059,-0.3864472695328489,0.765,0.821,1,NRXN1,-0,Not sig,NA
0.004665530779967068,-0.9430393704453901,0.164,0.256,1,FHOD3,-0,Not sig,NA
0.004701915350081986,-0.6024316409683744,0.179,0.282,1,LRCH1,-0,Not sig,NA
0.004711231410014569,-1.0221241657410864,0.049,0.116,1,PNMA2,-0,Not sig,NA
0.004713889709888251,1.5151278206012018,0.183,0.106,1,AATK,-0,Not sig,NA
0.004731578744576733,-0.3670360878723018,0.28,0.409,1,FLRT2,-0,Not sig,NA
0.004791631165359467,-0.5479145164483507,0.172,0.269,1,EFR3A,-0,Not sig,NA
0.004863185474823656,-1.0900958353997887,0.045,0.11,1,MRPS30-DT,-0,Not sig,NA
0.004921578206244066,-0.7162959963420166,0.127,0.216,1,DDHD1,-0,Not sig,NA
0.004963649933652403,-0.2672836515940964,0.463,0.561,1,ATRNL1,-0,Not sig,NA
0.004991986630405056,-0.9691419662276209,0.149,0.243,1,HSP90AB1,-0,Not sig,NA
0.00509586469808115,-0.7157149292547798,0.224,0.326,1,KHDRBS3,-0,Not sig,NA
0.005100432076201109,-0.5272768055487174,0.205,0.319,1,RIMBP2,-0,Not sig,NA
0.0051025296870979816,-1.4348674392244019,0.063,0.133,1,RPGR,-0,Not sig,NA
0.005228879652729976,-0.4247077906880019,0.485,0.605,1,MBD5,-0,Not sig,NA
0.005284081594905338,-1.058688750911909,0.075,0.15,1,RAC1,-0,Not sig,NA
0.0053831634834900595,-0.6813828654460681,0.131,0.223,1,CPD,-0,Not sig,NA
0.005396825859774628,-1.5771509148547347,0.056,0.123,1,PARVB,-0,Not sig,NA
0.005561320371049144,0.8546417235173125,0.28,0.186,1,NCKAP5,-0,Not sig,NA
0.005570036068935416,-1.0116435718593935,0.075,0.15,1,PUS7L,-0,Not sig,NA
0.005913132391089449,-1.5373959965911062,0.045,0.106,1,ANKRD46,-0,Not sig,NA
0.005982313313487913,-1.3052458722441602,0.097,0.176,1,AKAP12,-0,Not sig,NA
0.006013460615995244,-0.1969774359276717,0.287,0.419,1,HS6ST3,-0,Not sig,NA
0.006063318033281729,-0.37899182250211894,0.515,0.635,1,RIMS2,-0,Not sig,NA
0.006309178973556462,1.1832102503928077,0.246,0.166,1,FAM135B,-0,Not sig,NA
0.006348585925292935,-0.40356616534134204,0.377,0.492,1,PKP4,-0,Not sig,NA
0.006447930059405235,1.6466977593354863,0.119,0.056,1,PLD1,-0,Not sig,NA
0.0064840338726590546,-0.8473006527034918,0.179,0.272,1,SPARCL1,-0,Not sig,NA
0.0064864277092041445,0.8502074099032491,0.313,0.229,1,FBXL7,-0,Not sig,NA
0.006499284955464157,-0.751365413507169,0.216,0.316,1,MCF2L2,-0,Not sig,NA
0.006628751894333891,-0.44455292801896373,0.463,0.561,1,MYCBP2,-0,Not sig,NA
0.0066651472605756806,2.395407029117573,0.112,0.053,1,CTNNBL1,-0,Not sig,NA
0.006675628522144123,-1.3557500435822352,0.056,0.12,1,UFM1,-0,Not sig,NA
0.006734054799319927,-0.5930844861986773,0.067,0.14,1,TAF1D,-0,Not sig,NA
0.0067733407400585475,1.2320150122085178,0.201,0.126,1,ZER1,-0,Not sig,NA
0.00680498376117466,1.0516643344410506,0.19,0.113,1,DAAM2,-0,Not sig,NA
0.0068633773945274285,-0.5564920088636093,0.153,0.246,1,KTN1,-0,Not sig,NA
0.006896077561354519,-0.8010677881666888,0.045,0.106,1,AC018816.1,-0,Not sig,NA
0.006896528866909784,1.8697226133245126,0.131,0.066,1,SLCO1A2,-0,Not sig,NA
0.006967415023227845,-0.6573785849621736,0.168,0.262,1,ODF2L,-0,Not sig,NA
0.006990087172810149,1.4685353548086353,0.104,0.047,1,LINC01135,-0,Not sig,NA
0.006990998800383955,-0.7036852182645127,0.067,0.136,1,PON2,-0,Not sig,NA
0.0071128729664167445,-1.1744160752872286,0.049,0.11,1,LZTS3,-0,Not sig,NA
0.007302480528291844,-1.1520194539987112,0.071,0.14,1,FARP2,-0,Not sig,NA
0.007425770574013754,-1.1266123539223645,0.071,0.143,1,CPNE4,-0,Not sig,NA
0.007440978200075872,1.0005139454908691,0.407,0.339,1,GPM6B,-0,Not sig,NA
0.007488236860952551,-0.5477125844578948,0.116,0.203,1,DHRSX,-0,Not sig,NA
0.007509667684712875,1.3962771093380462,0.127,0.063,1,MRPS5,-0,Not sig,NA
0.0075517212742815,-0.6476633795873442,0.157,0.249,1,CNOT6L,-0,Not sig,NA
0.007643747180380833,0.9962430748104203,0.414,0.346,1,MAN2A1,-0,Not sig,NA
0.007667417861174898,-0.9214567909405347,0.067,0.136,1,EPRS,-0,Not sig,NA
0.0077120715723683645,0.9588847052471076,0.257,0.176,1,GMDS-DT,-0,Not sig,NA
0.007721762703034236,-0.3993724579781528,0.388,0.515,1,NTRK3,-0,Not sig,NA
0.007726743755843059,-0.6714283860093255,0.31,0.415,1,CERS6,-0,Not sig,NA
0.007807734150121956,-0.49994310355422694,0.082,0.156,1,CBR4,-0,Not sig,NA
0.007854678954337753,-1.2449380258425005,0.063,0.13,1,CEP63,-0,Not sig,NA
0.007856893984758459,-0.5302554957337084,0.131,0.219,1,DCAF6,-0,Not sig,NA
0.007857618080448258,0.5946979168386539,0.672,0.664,1,QKI,-0,Not sig,NA
0.00797811378389132,-1.099907941586122,0.09,0.163,1,PELI1,-0,Not sig,NA
0.008111685078923675,-0.32662844711406963,0.09,0.169,1,TMBIM6,-0,Not sig,NA
0.008128843847576743,1.883470429799667,0.108,0.05,1,LINC01608,-0,Not sig,NA
0.008189079120612418,-0.6820323124986094,0.123,0.209,1,RAP1B,-0,Not sig,NA
0.008217697744301585,-0.6942649444779311,0.146,0.233,1,RB1,-0,Not sig,NA
0.008469504768524256,-0.6572399405728665,0.093,0.169,1,ITGB1,-0,Not sig,NA
0.008498328535127329,-0.5750349109534915,0.149,0.239,1,GLCCI1,-0,Not sig,NA
0.008613602320072319,0.8510198551797539,0.332,0.252,1,TMEM165,-0,Not sig,NA
0.00867269213010936,-1.5637228569374746,0.045,0.103,1,TROVE2,-0,Not sig,NA
0.008763894281649066,-0.49434660018042964,0.164,0.256,1,CHN1,-0,Not sig,NA
0.008825842240410314,-0.658322015771934,0.041,0.1,1,MSC-AS1,-0,Not sig,NA
0.008840489289291934,-0.6180778730784652,0.175,0.266,1,UBR1,-0,Not sig,NA
0.008844043574196749,-0.6868306030097663,0.049,0.11,1,PPARGC1A,-0,Not sig,NA
0.00885608041452594,1.3571381717555973,0.142,0.076,1,VRK2,-0,Not sig,NA
0.008945436474044091,-1.0063696707548284,0.075,0.143,1,ITGB3BP,-0,Not sig,NA
0.008984173528217962,-0.3095810183406509,0.321,0.435,1,DOCK9,-0,Not sig,NA
0.00902612062975597,-0.8910824820145995,0.131,0.213,1,PTPN12,-0,Not sig,NA
0.009044526917239675,-0.5572208744430034,0.201,0.299,1,KAT6A,-0,Not sig,NA
0.009047038562373794,1.1966470844574837,0.108,0.05,1,MOG,-0,Not sig,NA
0.00915915261653996,-0.5159955696155849,0.257,0.359,1,PAFAH1B1,-0,Not sig,NA
0.009210246393636956,-0.9885534828470253,0.142,0.229,1,PDE7B,-0,Not sig,NA
0.009289839176823451,-1.1135483584720292,0.067,0.133,1,LINC01102,-0,Not sig,NA
0.009336226603039358,-0.4512628240864629,0.093,0.169,1,ATP10A,-0,Not sig,NA
0.009340584866185546,1.6101350968492576,0.116,0.056,1,HHIP,-0,Not sig,NA
0.009457780313960043,0.820971050592612,0.261,0.176,1,MIR181A1HG,-0,Not sig,NA
0.0094694313526058,-0.24826013995780627,0.06,0.126,1,DYNLRB1,-0,Not sig,NA
0.009624928092075952,1.2102295961147589,0.142,0.076,1,NDRG2,-0,Not sig,NA
0.009643852912476946,-0.7594589118087675,0.123,0.206,1,PCDH11Y,-0,Not sig,NA
0.009645613054881421,-0.4124906507924746,0.444,0.548,1,PPP3CA,-0,Not sig,NA
0.009685026085766886,-1.8114572333175207,0.045,0.1,1,GNB4,-0,Not sig,NA
0.009689878645024522,-0.349302896589164,0.418,0.535,1,KCNJ3,-0,Not sig,NA
0.009809898415117948,-1.4073600089476765,0.078,0.146,1,TMSB10,-0,Not sig,NA
0.009829322876588194,-0.845366487946873,0.093,0.166,1,ATG2B,-0,Not sig,NA
0.00990140777858263,-0.427713257426398,0.373,0.482,1,ASAP1,-0,Not sig,NA
0.009930525204243658,-0.6129537182161897,0.261,0.359,1,FBXO11,-0,Not sig,NA
0.009978934731434403,-0.6294259507749869,0.112,0.193,1,PLEKHG1,-0,Not sig,NA
0.010148162065254781,-0.5428880213145961,0.205,0.302,1,PPM1L,-0,Not sig,NA
0.01021672742091765,1.0170626342887383,0.16,0.09,1,IKZF2,-0,Not sig,NA
0.010217845715813972,-0.42415787952585304,0.082,0.156,1,TCAIM,-0,Not sig,NA
0.010311138982244283,0.808997115673458,0.224,0.143,1,SGK3,-0,Not sig,NA
0.01033610911719731,-0.732340365661647,0.086,0.156,1,ZC3H12C,-0,Not sig,NA
0.010448077444258783,-0.41892262068652353,0.362,0.472,1,TMEM161B-AS1,-0,Not sig,NA
0.01052034607487191,-1.0704420200638485,0.131,0.209,1,AC079447.1,-0,Not sig,NA
0.010645874500681876,-0.8782175736969062,0.075,0.143,1,RFTN1,-0,Not sig,NA
0.010813298482713809,-0.4951064511755353,0.056,0.12,1,HOOK1,-0,Not sig,NA
0.01082620869582278,-0.2318963295976635,0.336,0.455,1,ZCCHC7,-0,Not sig,NA
0.010826916208022728,-1.0461723706954191,0.078,0.146,1,SYNE2,-0,Not sig,NA
0.0108516183553253,-0.7610219409533827,0.116,0.193,1,TOP1,-0,Not sig,NA
0.010861436188205023,0.9150705807128783,0.302,0.233,1,PRUNE2,-0,Not sig,NA
0.010926857422998775,-0.3661570994846184,0.097,0.173,1,GRM8,-0,Not sig,NA
0.01095157539066251,-0.4272590120929052,0.325,0.432,1,RUNX1T1,-0,Not sig,NA
0.011025414895983087,-0.4044983704013133,0.175,0.269,1,AGFG1,-0,Not sig,NA
0.011025946611553207,-0.3027035010943222,0.239,0.349,1,ARPP21,-0,Not sig,NA
0.011152078087452756,-1.2658302262434833,0.056,0.116,1,ZC3H7A,-0,Not sig,NA
0.011231908216786516,0.49532952065952607,0.485,0.409,1,ZNF536,-0,Not sig,NA
0.011391397075432682,0.6687792399469559,0.455,0.389,1,KIRREL3,-0,Not sig,NA
0.011521593352063078,-0.832277520089096,0.108,0.183,1,HSPH1,-0,Not sig,NA
0.011526928131209983,1.033529299855957,0.127,0.066,1,HFM1,-0,Not sig,NA
0.01158136438103124,1.0788964877762162,0.149,0.083,1,SUN2,-0,Not sig,NA
0.011581739438564297,1.2436862179820913,0.205,0.133,1,KAT2B,-0,Not sig,NA
0.011587815264430692,-0.19637806408204717,0.276,0.389,1,MT-CYB,-0,Not sig,NA
0.011714075706619165,-0.2957731451698975,0.496,0.591,1,KCND2,-0,Not sig,NA
0.011831150260941234,-0.2650227419865745,0.713,0.804,1,FAM155A,-0,Not sig,NA
0.011854591668571828,-1.2851200939213339,0.045,0.1,1,AC092422.1,-0,Not sig,NA
0.01185949026330794,0.50594265444534825,0.504,0.435,1,NTM,-0,Not sig,NA
0.011897377490807957,-1.0388319242887707,0.071,0.136,1,EML4,-0,Not sig,NA
0.01200138215279189,-2.0006590693661366,0.049,0.103,1,FOXP2,-0,Not sig,NA
0.012006530945844644,-0.8182014845484276,0.138,0.216,1,ATF6,-0,Not sig,NA
0.012021361240366932,-1.126996480210184,0.06,0.12,1,TMX3,-0,Not sig,NA
0.01206006517255491,-0.8508774196036564,0.071,0.136,1,HKR1,-0,Not sig,NA
0.01210097692611567,-0.6175219538076954,0.239,0.332,1,NLK,-0,Not sig,NA
0.012127381870642436,-0.5797374774266624,0.086,0.156,1,USP3,-0,Not sig,NA
0.012345751345808712,-0.6827270618019043,0.049,0.106,1,KRAS,-0,Not sig,NA
0.012440998554950547,0.6697557000685856,0.22,0.14,1,CASTOR3,-0,Not sig,NA
0.01247962595423297,-0.9085448932866074,0.049,0.106,1,PSMG2,-0,Not sig,NA
0.012525901604423868,0.6418750159380138,0.425,0.339,1,MAP4K4,-0,Not sig,NA
0.012533831450237426,-0.6129214239552425,0.112,0.189,1,FBXL2,-0,Not sig,NA
0.012558908824835985,-0.9630384935253691,0.063,0.126,1,LMO4,-0,Not sig,NA
0.01278781231980382,-0.7697988035600278,0.108,0.183,1,GAPDH,-0,Not sig,NA
0.01280125185771391,1.5335533035652724,0.104,0.05,1,UGT8,-0,Not sig,NA
0.013084707435163543,-0.19853382170708112,0.313,0.439,1,CAMK1D,-0,Not sig,NA
0.013370438733933293,-1.02045657092084,0.071,0.133,1,SNAPC3,-0,Not sig,NA
0.013469161032229397,-0.17517352380344653,0.075,0.143,1,JPH1,-0,Not sig,NA
0.013482349993998511,-0.5241443043559048,0.198,0.289,1,CBLB,-0,Not sig,NA
0.013579328674345548,-1.3062880254558438,0.075,0.136,1,ATP1A1,-0,Not sig,NA
0.013607760817478325,-0.5828149420750669,0.246,0.339,1,COG5,-0,Not sig,NA
0.013723558393907223,-0.3418437387746023,0.522,0.611,1,SYNE1,-0,Not sig,NA
0.013895484227510808,-0.42191799368228433,0.354,0.452,1,BTBD9,-0,Not sig,NA
0.013903650183909856,-1.0236242219004488,0.067,0.13,1,CABP1,-0,Not sig,NA
0.013913939264420963,0.8644367441138148,0.272,0.193,1,TAPT1-AS1,-0,Not sig,NA
0.014066713356851257,-0.8479588122482125,0.142,0.219,1,ACSL3,-0,Not sig,NA
0.014137724993571158,-0.9744853311436126,0.172,0.252,1,TRPC4,-0,Not sig,NA
0.01421015537421841,0.832646882005763,0.104,0.05,1,ABCD4,-0,Not sig,NA
0.014237304126088507,-1.134139172093227,0.06,0.12,1,SV2B,-0,Not sig,NA
0.014417008388095726,-0.3353993378327904,0.422,0.518,1,GRM7,-0,Not sig,NA
0.014494742919358145,-1.3990721997672602,0.067,0.126,1,PTMS,-0,Not sig,NA
0.014587195910616512,-0.5493544346074772,0.123,0.203,1,AP2B1,-0,Not sig,NA
0.014603613014958987,0.9000123687921374,0.108,0.053,1,ATP10B,-0,Not sig,NA
0.014686036911427999,-0.7532600066600581,0.104,0.176,1,STAT3,-0,Not sig,NA
0.01474375834919969,0.9812828586850926,0.201,0.13,1,SYNDIG1,-0,Not sig,NA
0.014766294509737217,-0.8977756397333672,0.09,0.159,1,ITGA1,-0,Not sig,NA
0.014771474171511572,-0.9156155618879065,0.06,0.12,1,ETS2,-0,Not sig,NA
0.014794811683888609,-0.7002370859518083,0.108,0.179,1,PPP2CB,-0,Not sig,NA
0.014859022894573946,0.9705852685027957,0.134,0.073,1,ZMIZ1,-0,Not sig,NA
0.01494479898465094,-0.8467823424144635,0.131,0.206,1,OPA1,-0,Not sig,NA
0.014984008202517083,1.45115035194738,0.127,0.07,1,LPAR1,-0,Not sig,NA
0.015015099168316663,-0.43101575349262755,0.257,0.349,1,AIG1,-0,Not sig,NA
0.015053676496290545,-0.2673223279501248,0.108,0.186,1,ATG5,-0,Not sig,NA
0.015211831370095475,-1.0091673697123817,0.075,0.136,1,SMARCA1,-0,Not sig,NA
0.01521952011698182,-0.7928640063798917,0.101,0.169,1,DKK3,-0,Not sig,NA
0.015225772178085318,-0.6246530857270374,0.224,0.319,1,TACC1,-0,Not sig,NA
0.015335659628628796,-0.7476906514667174,0.052,0.11,1,TPT1,-0,Not sig,NA
0.01536667729137476,-0.30108546108998385,0.093,0.166,1,ZNF654,-0,Not sig,NA
0.015515028050143714,-1.2175293081580187,0.056,0.113,1,JAG1,-0,Not sig,NA
0.01551785858931721,-0.41433935695614665,0.112,0.189,1,MTA3,-0,Not sig,NA
0.015603104961638723,-0.3503437764342947,0.067,0.13,1,METTL25,-0,Not sig,NA
0.015839147506259515,0.752100707128172,0.347,0.269,1,COBL,-0,Not sig,NA
0.015907594975324568,-0.4099973032898535,0.104,0.179,1,HMGCLL1,-0,Not sig,NA
0.016130087484077234,-0.7875583437462603,0.112,0.183,1,AFF2,-0,Not sig,NA
0.016202345448661042,-0.32032171850802493,0.396,0.502,1,AHI1,-0,Not sig,NA
0.016276433101365305,-1.2981525226438115,0.078,0.14,1,GBE1,-0,Not sig,NA
0.016465126460795884,-0.30978484201940176,0.16,0.252,1,KANSL1L,-0,Not sig,NA
0.016611994853065366,-0.4204052723210737,0.049,0.103,1,API5,-0,Not sig,NA
0.016649342688334335,-0.40030437261227947,0.373,0.488,1,MT-CO1,-0,Not sig,NA
0.016657974358297547,1.5367003924059426,0.101,0.05,1,MMD2,-0,Not sig,NA
0.01672440705998945,-0.47897194195627524,0.198,0.289,1,VAPA,-0,Not sig,NA
0.016748873776076652,-0.2959889329780103,0.332,0.435,1,SYN2,-0,Not sig,NA
0.01677041090412644,-0.505681258081701,0.209,0.299,1,PCDH11X,-0,Not sig,NA
0.016794314366544508,-0.4258943225412709,0.052,0.11,1,CRIP2,-0,Not sig,NA
0.01689509565424765,-0.6702887778315456,0.347,0.439,1,MCTP1,-0,Not sig,NA
0.016948031431697635,-0.5156605823794377,0.123,0.199,1,CAB39,-0,Not sig,NA
0.017032253499328198,0.824102312155482,0.313,0.239,1,CDH20,-0,Not sig,NA
0.0170483319703956,-0.5564031548898034,0.276,0.369,1,AFDN,-0,Not sig,NA
0.017050557413134555,0.4794456581854689,0.455,0.365,1,DOCK10,-0,Not sig,NA
0.017094817577663915,-0.5514113597479853,0.179,0.266,1,MIPOL1,-0,Not sig,NA
0.017111612338732325,-0.5289503912844826,0.194,0.279,1,PDE3A,-0,Not sig,NA
0.017162487386604797,-0.6375562899788083,0.086,0.153,1,DNAJC13,-0,Not sig,NA
0.01718259019904978,-0.3557909981723051,0.093,0.166,1,SLC7A5,-0,Not sig,NA
0.017216510482299077,-0.4482736903596148,0.101,0.173,1,LARP4,-0,Not sig,NA
0.017273379873431027,-0.2510456652518518,0.459,0.581,1,CADPS,-0,Not sig,NA
0.017293783994226288,-0.528329850290441,0.34,0.425,1,R3HDM1,-0,Not sig,NA
0.01740923722301779,-0.773418447406476,0.112,0.183,1,GULP1,-0,Not sig,NA
0.017503746145025863,-0.3814016648279057,0.287,0.392,1,NSD3,-0,Not sig,NA
0.017529104341887033,-0.8627382384966514,0.101,0.169,1,ZFC3H1,-0,Not sig,NA
0.017544605684985524,-0.197066553644631,0.358,0.462,1,PITPNC1,-0,Not sig,NA
0.017604650978160177,-0.37664145290157713,0.396,0.478,1,PLEKHA5,-0,Not sig,NA
0.01762814231205939,-0.648182839541974,0.582,0.661,1,KCNIP4,-0,Not sig,NA
0.01764427711344256,0.7300697855657348,0.142,0.08,1,SPCS2,-0,Not sig,NA
0.01770543730838157,-0.30634917604150713,0.381,0.488,1,RFX3,-0,Not sig,NA
0.01783326048329911,-0.3782646015392561,0.384,0.482,1,REV3L,-0,Not sig,NA
0.017883135068357245,-0.4652076937327445,0.414,0.495,1,AGBL4,-0,Not sig,NA
0.017925208025544603,-0.4441128517606847,0.328,0.432,1,LRFN5,-0,Not sig,NA
0.017939758688905193,1.1202773742853793,0.123,0.066,1,PBX3,-0,Not sig,NA
0.01794222134269523,0.5066674267162956,0.272,0.196,1,NLGN4Y,-0,Not sig,NA
0.01795425458690462,-0.6206704687805764,0.131,0.203,1,UBE2E3,-0,Not sig,NA
0.018081889098473344,-0.8530352801557087,0.09,0.156,1,ELOVL5,-0,Not sig,NA
0.01814842971821244,-0.5740961414946879,0.112,0.186,1,TMEM178A,-0,Not sig,NA
0.018153628406867364,-0.7864649916351774,0.149,0.223,1,WDR17,-0,Not sig,NA
0.01831233738435206,-0.44366746836967286,0.06,0.12,1,RAP2A,-0,Not sig,NA
0.01835745953467983,-0.6121688433074923,0.302,0.382,1,RALYL,-0,Not sig,NA
0.018678708373982396,-0.6642527427242844,0.056,0.113,1,PLSCR1,-0,Not sig,NA
0.018919132979260823,-0.23705335071841116,0.104,0.176,1,MCF2L,-0,Not sig,NA
0.019072280576638578,-0.6979349413831788,0.213,0.296,1,MMP16,-0,Not sig,NA
0.01915166497069143,1.0871487110095328,0.131,0.073,1,WLS,-0,Not sig,NA
0.019265497651275394,-0.35984428455684675,0.157,0.239,1,SLC4A7,-0,Not sig,NA
0.019351391187820085,-0.2615507103197512,0.362,0.462,1,SORBS2,-0,Not sig,NA
0.019505818381625604,1.0588988682835891,0.194,0.126,1,ZNF706,-0,Not sig,NA
0.01958888160184571,-1.089749164884076,0.097,0.159,1,P4HA1,-0,Not sig,NA
0.01959697912065366,-0.5972068700672946,0.101,0.169,1,MDN1,-0,Not sig,NA
0.019812514585830703,1.2025609265689583,0.134,0.076,1,PIGL,-0,Not sig,NA
0.01982910004373853,-0.5332301450507719,0.104,0.173,1,HMGN3,-0,Not sig,NA
0.01982951386010041,0.5278371253460215,0.358,0.266,1,PDE1C,-0,Not sig,NA
0.019911908621563106,-1.3499178836463575,0.056,0.11,1,TRPC6,-0,Not sig,NA
0.020072913803789994,-0.19897121423488207,0.556,0.654,1,GPHN,-0,Not sig,NA
0.02031909971402388,0.9007737496615003,0.168,0.103,1,SUGP2,-0,Not sig,NA
0.020340111855408415,-0.941600565966825,0.104,0.169,1,SNX14,-0,Not sig,NA
0.02037704036294083,-0.5829281582201835,0.153,0.233,1,CPNE8,-0,Not sig,NA
0.02049840129598225,-0.42645257464050446,0.198,0.282,1,RBMS1,-0,Not sig,NA
0.02057029262565918,-0.37746415218839047,0.209,0.302,1,SHPRH,-0,Not sig,NA
0.020734471874355207,-0.7279985825409383,0.116,0.186,1,ITGAV,-0,Not sig,NA
0.020884697551541806,-0.6473787448229426,0.086,0.15,1,ARPP19,-0,Not sig,NA
0.020962434618661752,-1.1055278317053507,0.049,0.1,1,PYGB,-0,Not sig,NA
0.020998422327722904,0.9717268300213271,0.306,0.243,1,GAB1,-0,Not sig,NA
0.02105401489426142,-0.7535112700786243,0.149,0.223,1,AFF1,-0,Not sig,NA
0.021413090496750366,-0.3929068944570693,0.246,0.342,1,ELF2,-0,Not sig,NA
0.021429154851653663,-0.4734857480666158,0.138,0.213,1,GABRA2,-0,Not sig,NA
0.021617452297942673,-0.4172461237065026,0.104,0.173,1,SHOC2,-0,Not sig,NA
0.021625799206895235,-0.6146172587055939,0.116,0.186,1,RANBP9,-0,Not sig,NA
0.021646662598104105,-0.551883795263289,0.138,0.216,1,INPP5F,-0,Not sig,NA
0.021683881688901226,0.4087458093123759,0.336,0.252,1,NFASC,-0,Not sig,NA
0.021701412348267307,-0.5320683922892238,0.086,0.15,1,TNPO3,-0,Not sig,NA
0.021704533396468762,-1.2243524247428805,0.06,0.113,1,CDC16,-0,Not sig,NA
0.02175353867536449,-0.7105674752242384,0.112,0.179,1,COPA,-0,Not sig,NA
0.021893832037351534,-0.25377757051531086,0.086,0.153,1,CBL,-0,Not sig,NA
0.021894825288954988,-0.48656584751993937,0.187,0.269,1,CLSTN1,-0,Not sig,NA
0.022078994430286703,-0.5582764074360326,0.146,0.223,1,CUL1,-0,Not sig,NA
0.02210290838626425,-0.9838696991694365,0.049,0.1,1,GPLD1,-0,Not sig,NA
0.02217291433395026,-0.5307554020280475,0.086,0.15,1,RAB3GAP2,-0,Not sig,NA
0.022265825288413924,-0.7737379134129821,0.063,0.12,1,TMEM230,-0,Not sig,NA
0.022370599719852363,0.9576534649028118,0.134,0.076,1,EZH1,-0,Not sig,NA
0.022520761980559217,-0.7257794244058953,0.153,0.226,1,JAK2,-0,Not sig,NA
0.022586878107695465,-0.441627283403636,0.205,0.292,1,RFX7,-0,Not sig,NA
0.022619253853469145,-0.6883802031472765,0.078,0.14,1,PCSK1N,-0,Not sig,NA
0.02268775558159672,-0.9232165992957746,0.235,0.316,1,EFNA5,-0,Not sig,NA
0.02322046076658072,-0.5515960596565599,0.332,0.422,1,RALGAPA1,-0,Not sig,NA
0.023348206083654816,1.186434218686673,0.209,0.146,1,HIP1,-0,Not sig,NA
0.02337388847338105,-1.0015039317154053,0.153,0.229,1,MED27,-0,Not sig,NA
0.0235175114864287,0.6285083606075916,0.377,0.302,1,MAPT,-0,Not sig,NA
0.02354881765503523,-1.1432054784570322,0.056,0.11,1,HACL1,-0,Not sig,NA
0.023557127574702432,-0.2595045080025222,0.108,0.179,1,CDK6,-0,Not sig,NA
0.023618757670628706,0.4612225740204925,0.418,0.339,1,ZSWIM6,-0,Not sig,NA
0.023805502309127695,-0.46238291796549935,0.104,0.173,1,CCNT2,-0,Not sig,NA
0.023907850618849452,-0.49052029645918366,0.179,0.262,1,TTC14,-0,Not sig,NA
0.024066276163684126,-0.375878866552128,0.586,0.678,1,SNTG1,-0,Not sig,NA
0.024176236541280684,0.6500857284081601,0.231,0.156,1,TCF20,-0,Not sig,NA
0.024235224514973296,-0.5995580325092604,0.063,0.12,1,RHOB,-0,Not sig,NA
0.02440877952183805,1.3533642209837653,0.112,0.06,1,ATPAF1,-0,Not sig,NA
0.024422612048631626,0.5789411521233683,0.168,0.103,1,LAMP2,-0,Not sig,NA
0.02459892393185448,1.0593412172569658,0.116,0.063,1,PDZD4,-0,Not sig,NA
0.024626432187866646,-0.43365971300899964,0.164,0.243,1,KIFAP3,-0,Not sig,NA
0.024627240621932018,-0.9384653386460557,0.052,0.103,1,IRF2,-0,Not sig,NA
0.024629482238394864,-1.3257208862579337,0.082,0.143,1,AL078639.1,-0,Not sig,NA
0.02492596481607272,-1.3678605759672642,0.071,0.126,1,TUBE1,-0,Not sig,NA
0.02503539626098282,-0.11128605302048711,0.052,0.106,1,MADD,-0,Not sig,NA
0.025131243804965366,-0.42473751734574106,0.22,0.306,1,PRKCB,-0,Not sig,NA
0.025394321393774778,-1.7154820941515463,0.093,0.153,1,MT2A,-0,Not sig,NA
0.025548410704293152,-0.9326479128360158,0.052,0.103,1,WDR43,-0,Not sig,NA
0.025606463742442763,-0.7107216507978806,0.123,0.193,1,CHD1,-0,Not sig,NA
0.0256477742459816,-0.6141859382254922,0.075,0.133,1,DDAH1,-0,Not sig,NA
0.02616508420622291,0.7002618008831059,0.396,0.329,1,PPP1R9A,-0,Not sig,NA
0.026281721838487253,-0.3151682455115821,0.138,0.216,1,PLPPR4,-0,Not sig,NA
0.02635097912280812,-0.9884629197001262,0.052,0.103,1,DOPEY2,-0,Not sig,NA
0.026422612498363276,-0.40263046099350763,0.198,0.282,1,ZMAT4,-0,Not sig,NA
0.026436325582317167,-1.2327037319886298,0.063,0.116,1,CALCOCO2,-0,Not sig,NA
0.026457776075745666,-0.4070372014913243,0.146,0.223,1,FNDC3B,-0,Not sig,NA
0.026526128930846417,-0.501913016577268,0.168,0.246,1,RPS6KA3,-0,Not sig,NA
0.026535079884464987,-0.46027776369576734,0.205,0.289,1,BASP1,-0,Not sig,NA
0.02684403194818478,-0.25482385657412154,0.134,0.213,1,MPHOSPH8,-0,Not sig,NA
0.02695574709943175,-0.3462589932569746,0.373,0.468,1,SLC4A10,-0,Not sig,NA
0.027028041786858664,0.9335545332054612,0.153,0.093,1,BCL11B,-0,Not sig,NA
0.027891333136646455,0.9524401508792835,0.216,0.15,1,CACNG3,-0,Not sig,NA
0.02794329917156053,-0.9254908566189017,0.075,0.13,1,CADM3,-0,Not sig,NA
0.028119516122319863,-0.3592892703137731,0.127,0.199,1,ABCB1,-0,Not sig,NA
0.028217315826755948,-0.8822513154089622,0.101,0.163,1,CRBN,-0,Not sig,NA
0.028245102862266887,-0.892256139906534,0.138,0.206,1,NUAK1,-0,Not sig,NA
0.028346875244974094,-0.40308655709575136,0.306,0.395,1,SETD5,-0,Not sig,NA
0.02852766496613708,-0.6532342726129262,0.257,0.332,1,UNC80,-0,Not sig,NA
0.028579394921685184,-0.24766395784315343,0.44,0.545,1,PPFIA2,-0,Not sig,NA
0.028623889594509466,-0.803638472491158,0.108,0.173,1,PTMA,-0,Not sig,NA
0.028624832898785348,1.5093337557365551,0.112,0.063,1,ITPKB,-0,Not sig,NA
0.028696071022967354,-0.8114318933858458,0.071,0.126,1,MGLL,-0,Not sig,NA
0.02884278933355921,-0.4539082091206428,0.347,0.429,1,PTPRM,-0,Not sig,NA
0.028879832015095398,-0.8627384338928697,0.138,0.203,1,BNIP3L,-0,Not sig,NA
0.029072719418829863,-0.12799197420873454,0.119,0.193,1,TRPM7,-0,Not sig,NA
0.029112569074320856,-0.9076355768755193,0.093,0.153,1,PRPF40A,-0,Not sig,NA
0.029310195035528785,-0.7629817085267917,0.093,0.153,1,AC090568.2,-0,Not sig,NA
0.029410416378334015,-0.6402097699393523,0.06,0.113,1,LONRF1,-0,Not sig,NA
0.029456949074389113,-0.6045521417523472,0.112,0.176,1,ST8SIA1,-0,Not sig,NA
0.029495380138784066,-0.186657660231626,0.198,0.282,1,SPATS2L,-0,Not sig,NA
0.02968538890094537,0.9227110482393461,0.119,0.066,1,ATG4B,-0,Not sig,NA
0.029733773104144393,1.0238840650152252,0.183,0.123,1,ANAPC5,-0,Not sig,NA
0.029770062976730474,1.3687160803385212,0.149,0.093,1,MARCH4,-0,Not sig,NA
0.029783495430214336,1.1038389864760538,0.127,0.073,1,SRRM1,-0,Not sig,NA
0.029827437845185285,-0.5021575844469155,0.172,0.249,1,PPP3CC,-0,Not sig,NA
0.029890259824865824,0.388549324946716,0.515,0.472,1,DIP2C,-0,Not sig,NA
0.029954899719822372,-1.0770886711933167,0.063,0.116,1,MED4,-0,Not sig,NA
0.0299675532995704,-0.3372559467632461,0.228,0.316,1,TTN-AS1,-0,Not sig,NA
0.03002883546532539,-0.49109073000963166,0.067,0.123,1,YTHDF3,-0,Not sig,NA
0.030077840154694658,-0.7404446073550524,0.104,0.166,1,CSDE1,-0,Not sig,NA
0.03022909307714301,-0.19603730217845605,0.739,0.821,1,FGF14,-0,Not sig,NA
0.030235605980822287,-0.35397486592775085,0.205,0.282,1,PATJ,-0,Not sig,NA
0.030354713039594857,-0.4656547692565687,0.295,0.375,1,DANT2,-0,Not sig,NA
0.030496749668293785,-0.7673276772342394,0.101,0.163,1,CCND2,-0,Not sig,NA
0.030937059224421092,0.7659589380516334,0.317,0.249,1,SGK1,-0,Not sig,NA
0.03095450033627207,-0.6859722121104399,0.179,0.252,1,NRG2,-0,Not sig,NA
0.03098825896707564,-0.4745630210903005,0.116,0.183,1,MACO1,-0,Not sig,NA
0.031193806727834592,1.3851194221868621,0.119,0.07,1,P2RX7,-0,Not sig,NA
0.031248063342217795,-0.321080329923916,0.295,0.382,1,POU2F1,-0,Not sig,NA
0.03131327348966001,-1.6768968704233462,0.09,0.143,1,PCBP3,-0,Not sig,NA
0.03163425291344703,0.5681946623100771,0.444,0.359,1,SLC8A1,-0,Not sig,NA
0.03164031314904278,0.8407378094701479,0.243,0.176,1,DNAJB2,-0,Not sig,NA
0.031669027320520377,-0.6422549445084111,0.146,0.216,1,PSMD1,-0,Not sig,NA
0.03167836438299755,-0.37188208220292074,0.616,0.718,1,CELF2,-0,Not sig,NA
0.03170146424957921,0.9249326856563305,0.366,0.319,1,TMTC2,-0,Not sig,NA
0.03194278064941162,-0.1743116570905192,0.791,0.89,1,TCF4,-0,Not sig,NA
0.03207364715045569,-0.6460913946643151,0.078,0.136,1,TACC2,-0,Not sig,NA
0.03217070394422834,-0.5427807262267367,0.116,0.186,1,CLDN5,-0,Not sig,NA
0.03233559908101295,-0.7098381360908377,0.056,0.106,1,AL445433.2,-0,Not sig,NA
0.0325104296918676,-0.44394590561186076,0.131,0.199,1,TCERG1,-0,Not sig,NA
0.0325867884042972,-0.666985295259965,0.071,0.126,1,IWS1,-0,Not sig,NA
0.032819101811315685,-0.8151578955117553,0.078,0.133,1,EIF1AX,-0,Not sig,NA
0.032826542939078246,-0.41270863216013565,0.459,0.548,1,DSCAM,-0,Not sig,NA
0.03297667931738179,0.9381080751234031,0.179,0.12,1,LINC00609,-0,Not sig,NA
0.03322453204090872,-1.0056666472989886,0.052,0.1,1,PAPSS2,-0,Not sig,NA
0.03324207654737723,0.6656552819187919,0.239,0.169,1,SGSM1,-0,Not sig,NA
0.0334098806339735,-0.3660309106844509,0.19,0.269,1,RGL1,-0,Not sig,NA
0.03346090732118498,-0.3190145429672173,0.287,0.372,1,LINC01322,-0,Not sig,NA
0.033723417844398036,-0.4825301217560105,0.198,0.276,1,MED12L,-0,Not sig,NA
0.03375967645096282,-0.5087537276245719,0.228,0.309,1,SLC35F3,-0,Not sig,NA
0.03391913428611314,-0.798547085209399,0.082,0.14,1,AGPAT5,-0,Not sig,NA
0.034630743644437245,-0.5508973974637847,0.082,0.14,1,UBE2G2,-0,Not sig,NA
0.034949216031244436,0.9250200491777458,0.116,0.066,1,NREP,-0,Not sig,NA
0.03499620733018199,-1.3351230142532893,0.052,0.1,1,RNF152,-0,Not sig,NA
0.03528029143663346,-0.9140982506158563,0.09,0.146,1,HIVEP1,-0,Not sig,NA
0.03542329922470552,-0.33295173233277553,0.086,0.143,1,CCDC14,-0,Not sig,NA
0.03544651537575324,0.8259735272330252,0.175,0.116,1,RHOBTB3,-0,Not sig,NA
0.03546327963333655,-0.8565313561108567,0.082,0.136,1,MAPK4,-0,Not sig,NA
0.035603283714844655,-0.2577217633216178,0.291,0.379,1,SYT16,-0,Not sig,NA
0.036158547313534496,-0.4026661356145602,0.325,0.409,1,ANKRD36C,-0,Not sig,NA
0.036164813780132685,-0.33605300398033755,0.209,0.296,1,RALGAPA2,-0,Not sig,NA
0.036174547043574284,-1.243557850074831,0.056,0.103,1,LYPD6,-0,Not sig,NA
0.03621963831766311,-0.14437055244256758,0.366,0.458,1,PCLO,-0,Not sig,NA
0.036240196510518706,-0.327770396332807,0.056,0.106,1,SERBP1,-0,Not sig,NA
0.036520024710507026,-0.4726473252069802,0.127,0.196,1,EML5,-0,Not sig,NA
0.03654531707137892,-0.5229805767858311,0.123,0.189,1,OXCT1,-0,Not sig,NA
0.0365831429066919,-0.7312518197225384,0.086,0.14,1,GDA,-0,Not sig,NA
0.03662374534161098,-0.9696418407663495,0.071,0.123,1,ANO6,-0,Not sig,NA
0.03676383887794338,-0.4864534074992848,0.116,0.179,1,FAM169A,-0,Not sig,NA
0.03684063221957715,-0.3554928098608569,0.075,0.13,1,LY6H,-0,Not sig,NA
0.0368796758423179,-0.24798497955093257,0.713,0.774,1,SYT1,-0,Not sig,NA
0.036956071959667325,-0.44740329142949115,0.067,0.12,1,STPG2,-0,Not sig,NA
0.03760700354807419,-0.36238440368360136,0.09,0.15,1,KIF5B,-0,Not sig,NA
0.0376499414962175,-0.8387712970458047,0.082,0.136,1,AC022639.1,-0,Not sig,NA
0.03774879522866504,-0.37717424964719415,0.362,0.452,1,CACNA1A,-0,Not sig,NA
0.03794889277903117,-0.37368931361922986,0.243,0.316,1,MT-ND1,-0,Not sig,NA
0.03812825912074911,-0.914233544878281,0.213,0.286,1,TSHZ2,-0,Not sig,NA
0.03820379773489973,-0.328642839077251,0.22,0.299,1,BTRC,-0,Not sig,NA
0.03820914039723339,-0.23791416759134512,0.082,0.14,1,PRKCH,-0,Not sig,NA
0.03826428386673838,-0.9188041095037028,0.134,0.196,1,BRINP3,-0,Not sig,NA
0.038284350270307854,-0.28641670406478736,0.354,0.452,1,ARHGEF12,-0,Not sig,NA
0.03894827619113912,-0.3349414459917677,0.299,0.382,1,GABRB3,-0,Not sig,NA
0.03907331410472423,-0.41349883621450056,0.09,0.146,1,TTC39B,-0,Not sig,NA
0.03927777646261089,0.6749720179361962,0.444,0.395,1,TTLL7,-0,Not sig,NA
0.03956626342262242,-0.21710188488365995,0.131,0.199,1,MCC,-0,Not sig,NA
0.03962918384768246,-0.19324069636644506,0.123,0.193,1,RIC1,-0,Not sig,NA
0.03964593428692932,-0.9136570716870407,0.108,0.166,1,ACTN1,-0,Not sig,NA
0.040004255902238724,-0.31405215511281437,0.358,0.458,1,RTN1,-0,Not sig,NA
0.04013321531759874,-0.5709860968171937,0.071,0.123,1,HSPA9,-0,Not sig,NA
0.040229294265984206,-1.1274783852811736,0.071,0.123,1,ERG,-0,Not sig,NA
0.04035493615156484,-0.1706054839750787,0.078,0.133,1,ACTR3B,-0,Not sig,NA
0.04040606082421707,-0.37567011351291857,0.082,0.136,1,SLC6A17,-0,Not sig,NA
0.04042121149988228,-1.151477379081454,0.078,0.13,1,HSPA1A,-0,Not sig,NA
0.04061615910027557,-0.5316531684986747,0.142,0.206,1,RGS7BP,-0,Not sig,NA
0.04068163880158437,-0.8203027671067141,0.082,0.136,1,NOP58,-0,Not sig,NA
0.04077443030713824,-0.5231257553952878,0.078,0.133,1,SLC25A27,-0,Not sig,NA
0.040794939717462834,-0.6440918051723908,0.101,0.159,1,SON,-0,Not sig,NA
0.04086246428727027,-0.218317368151002,0.306,0.399,1,TMEM108,-0,Not sig,NA
0.041036794371808336,-0.6297876084666069,0.131,0.196,1,KPNA5,-0,Not sig,NA
0.04105277921826089,-0.23680491097394252,0.142,0.209,1,DCAF10,-0,Not sig,NA
0.04120965484587125,-0.2607749253081541,0.063,0.113,1,MYH9,-0,Not sig,NA
0.04121469610545166,-0.9621426397127865,0.086,0.14,1,STXBP5-AS1,-0,Not sig,NA
0.041360274494697896,-0.6287298882134666,0.205,0.279,1,SCAF8,-0,Not sig,NA
0.04138637733301882,-0.4545728350840375,0.108,0.169,1,CAMK2G,-0,Not sig,NA
0.041620943236907945,-0.9069448587641882,0.063,0.113,1,RPS6KB1,-0,Not sig,NA
0.04166421861404316,0.5137236781405734,0.321,0.249,1,PDE8A,-0,Not sig,NA
0.04203288323783735,-0.29719662544429726,0.433,0.515,1,KALRN,-0,Not sig,NA
0.042257012187391155,-0.33346546185807346,0.261,0.355,1,UBE2D3,-0,Not sig,NA
0.04230588766178211,0.8770247532345248,0.231,0.173,1,ARMH3,-0,Not sig,NA
0.04234901490446394,-0.539637747627987,0.075,0.126,1,MYO1B,-0,Not sig,NA
0.042574042315976834,1.115742500870896,0.198,0.143,1,ALK,-0,Not sig,NA
0.04272305779534157,-0.16156122536859086,0.19,0.272,1,ZNF483,-0,Not sig,NA
0.04303271798050071,0.9067240408640411,0.127,0.076,1,POLR2F,-0,Not sig,NA
0.04316216027152155,-0.5250233999928073,0.164,0.239,1,FAM193A,-0,Not sig,NA
0.04330157304930493,0.6133997654174155,0.336,0.262,1,TRPS1,-0,Not sig,NA
0.043316892106650115,-0.9997813726786434,0.06,0.106,1,PANK2,-0,Not sig,NA
0.04345343908761482,-0.3244299404860027,0.205,0.282,1,RNGTT,-0,Not sig,NA
0.043533005757784654,-0.6971831461294915,0.138,0.203,1,HACE1,-0,Not sig,NA
0.04364622511776381,-0.244954251209887,0.306,0.385,1,CHD9,-0,Not sig,NA
0.04379617961801059,-0.4378591901865516,0.269,0.352,1,KLF12,-0,Not sig,NA
0.04386881364742341,1.4497924029328542,0.108,0.063,1,NEK4,-0,Not sig,NA
0.04403928128579592,-0.6677285716592419,0.093,0.15,1,GLRB,-0,Not sig,NA
0.044240609467307956,-0.329562457477266,0.25,0.332,1,CSMD2,-0,Not sig,NA
0.04430683231803959,-0.39339547179218615,0.097,0.156,1,CDKL1,-0,Not sig,NA
0.04432170306794724,-0.39516110130146564,0.213,0.289,1,SMAP1,-0,Not sig,NA
0.044462681335935755,-1.1056852780007211,0.067,0.116,1,RNF144B,-0,Not sig,NA
0.04452317963294891,1.0791994739844313,0.101,0.056,1,SUCLG1,-0,Not sig,NA
0.04460026266954859,-0.8582773575012369,0.09,0.143,1,RAB6B,-0,Not sig,NA
0.044601514844873694,0.684794201862963,0.224,0.159,1,RNF13,-0,Not sig,NA
0.0448155992477902,-0.4823452205607578,0.235,0.309,1,PPP2R5C,-0,Not sig,NA
0.04487743804719552,-0.6799801821576867,0.056,0.103,1,DHFR,-0,Not sig,NA
0.04494634219490999,-0.39908249560780146,0.119,0.179,1,MAN1C1,-0,Not sig,NA
0.045116034279311705,-0.507737579516322,0.198,0.269,1,PAK5,-0,Not sig,NA
0.04521915870832931,-0.5662900427391107,0.067,0.116,1,BACE2,-0,Not sig,NA
0.045404748808529,-0.3124889761306856,0.075,0.126,1,UPF2,-0,Not sig,NA
0.04541201603394546,-0.27928212041871925,0.231,0.306,1,PPFIBP1,-0,Not sig,NA
0.045473867755737786,-0.7441075839574021,0.097,0.153,1,ATG10,-0,Not sig,NA
0.045929436766682055,-0.5342380226384598,0.086,0.14,1,MORC3,-0,Not sig,NA
0.04611441399109875,-0.4924888084526462,0.127,0.189,1,UBA6,-0,Not sig,NA
0.04620976262565423,-0.17464110470896332,0.063,0.113,1,ELF1,-0,Not sig,NA
0.04621968086938465,-0.1326619930097528,0.418,0.515,1,MKLN1,-0,Not sig,NA
0.046323560911234914,-0.7049636373011018,0.09,0.143,1,XPO6,-0,Not sig,NA
0.04637703732175624,-0.4272655939085457,0.343,0.415,1,CHSY3,-0,Not sig,NA
0.046485957171086924,0.8552418906785619,0.142,0.09,1,FAM107B,-0,Not sig,NA
0.0465932092159025,-0.33324390031148776,0.332,0.415,1,UBR5,-0,Not sig,NA
0.046721548270189345,-0.3842912315345921,0.396,0.482,1,ARL15,-0,Not sig,NA
0.04692258755442763,-0.9875140538940792,0.101,0.153,1,GNG2,-0,Not sig,NA
0.0469547298524481,-0.7301218380676318,0.082,0.133,1,DSTN,-0,Not sig,NA
0.04702991726080102,-0.22492998810969822,0.179,0.256,1,MOSMO,-0,Not sig,NA
0.04733278129079518,-0.37621599055053734,0.213,0.292,1,GRB10,-0,Not sig,NA
0.04783745169648966,-0.4563804185790189,0.116,0.179,1,DIXDC1,-0,Not sig,NA
0.04786561080306314,-0.9754143350651809,0.127,0.183,1,MAPKBP1,-0,Not sig,NA
0.04802051673966606,1.2759072130784537,0.108,0.063,1,MAPK8IP1,-0,Not sig,NA
0.04836193320550889,-0.9345625129121442,0.097,0.15,1,FBXO21,-0,Not sig,NA
0.04850319351381521,1.0728860242338245,0.116,0.07,1,CCBE1,-0,Not sig,NA
0.048692321243342926,-0.24818377247877887,0.06,0.11,1,SMOC1,-0,Not sig,NA
0.048968874791154415,-0.27131397771435967,0.138,0.203,1,SEM1,-0,Not sig,NA
0.04911334600686296,-0.4472485501738006,0.116,0.176,1,ATR,-0,Not sig,NA
0.04920311284445762,-0.45496363482546837,0.198,0.266,1,URI1,-0,Not sig,NA
0.049237429040653785,0.8935316224844534,0.16,0.106,1,ST3GAL5,-0,Not sig,NA
0.04936939463963396,-0.11729586667995373,0.272,0.362,1,ATP2B1,-0,Not sig,NA
0.04937632628720084,-0.4407483407487369,0.146,0.209,1,RLF,-0,Not sig,NA
0.049620031967384126,-0.31959418762058367,0.142,0.209,1,CUL5,-0,Not sig,NA
0.04963954255539836,-0.11480413538592826,0.063,0.113,1,RNF11,-0,Not sig,NA
0.049679520906009675,1.222510782389647,0.116,0.07,1,GSN,-0,Not sig,NA
0.04971798640966748,-0.40597343872243347,0.194,0.266,1,CNOT4,-0,Not sig,NA
0.04981555318127851,0.4562464555235388,0.418,0.362,1,ERBIN,-0,Not sig,NA
0.05000651946390834,-0.30041703168814604,0.403,0.495,1,TTC3,-0,Not sig,NA
0.05010772408945626,-0.39652262944844174,0.086,0.14,1,NMD3,-0,Not sig,NA
0.05058434703386175,-0.549669629109903,0.067,0.116,1,REEP5,-0,Not sig,NA
0.05080726754815037,-0.623166291790552,0.146,0.209,1,SCFD1,-0,Not sig,NA
0.050983651386312924,-0.2524562521617828,0.213,0.292,1,STK39,-0,Not sig,NA
0.05115701813527259,-0.4129572945143427,0.06,0.106,1,STAM,-0,Not sig,NA
0.05116518862362359,-0.30450316491436213,0.399,0.485,1,TIAM1,-0,Not sig,NA
0.05120796110418305,0.39122169231113646,0.134,0.083,1,NIPSNAP2,-0,Not sig,NA
0.05121757575897464,-0.34900906591749875,0.172,0.243,1,RNF180,-0,Not sig,NA
0.05137153490815254,-0.529562359153462,0.187,0.252,1,MAP3K13,-0,Not sig,NA
0.05143482594093302,-0.7474464803169852,0.078,0.13,1,MGST3,-0,Not sig,NA
0.051473966814815815,-0.6282526854302387,0.063,0.11,1,CTTNBP2NL,-0,Not sig,NA
0.05148877280517403,-0.833040753862773,0.067,0.113,1,PPP4R4,-0,Not sig,NA
0.051493977145192174,-0.23042164943070742,0.321,0.409,1,GPATCH8,-0,Not sig,NA
0.05173245678893479,-0.8863273841573631,0.056,0.1,1,ACADSB,-0,Not sig,NA
0.05198431523094365,-1.0706661213360298,0.093,0.143,1,SUSD6,-0,Not sig,NA
0.05209530881949475,0.5555302562611131,0.317,0.252,1,KIAA1211,-0,Not sig,NA
0.05215062650645053,-0.1673759336636178,0.381,0.478,1,FER,-0,Not sig,NA
0.05228397776680149,-0.12955187787707811,0.082,0.136,1,CACHD1,-0,Not sig,NA
0.05241737435358108,0.42753588506790774,0.287,0.219,1,NAV1,-0,Not sig,NA
0.05242963728236625,-0.4782628728109471,0.075,0.126,1,ATP6V1A,-0,Not sig,NA
0.052554930545224844,-0.27356436659070454,0.123,0.186,1,RBM17,-0,Not sig,NA
0.05259323369881307,-0.3248583970335228,0.239,0.312,1,ZNF385B,-0,Not sig,NA
0.052709616367277466,1.0804271341684006,0.131,0.083,1,GRAMD2B,-0,Not sig,NA
0.05273278729570161,-0.7443163390158296,0.075,0.123,1,KCNK1,-0,Not sig,NA
0.052781340027462494,-0.4528135066344836,0.119,0.179,1,ITPR1,-0,Not sig,NA
0.05286003515467976,-0.3195544797914609,0.239,0.309,1,NAP1L1,-0,Not sig,NA
0.053099922216568854,-0.46646348060225185,0.157,0.226,1,SH3GL2,-0,Not sig,NA
0.05364089550850287,-0.2426112153293919,0.246,0.326,1,PTPN4,-0,Not sig,NA
0.0537217000668659,-0.6411751278981846,0.071,0.12,1,MFAP3,-0,Not sig,NA
0.053762868323389675,-0.47238033796289075,0.149,0.213,1,WWC2,-0,Not sig,NA
0.053916464115691225,-1.109173270469436,0.071,0.116,1,COPS2,-0,Not sig,NA
0.053997208034350645,-0.3618244469010094,0.172,0.239,1,MYEF2,-0,Not sig,NA
0.054018451175103094,-0.7358529296103968,0.142,0.203,1,FAM19A1,-0,Not sig,NA
0.054183310061043974,1.0953255987693478,0.123,0.076,1,SMARCD3,-0,Not sig,NA
0.05432651340873689,0.6839209179659349,0.399,0.355,1,TRIM2,-0,Not sig,NA
0.05448555153988567,-0.5758203631634828,0.082,0.133,1,HNRNPLL,-0,Not sig,NA
0.05463925103843142,1.2861857928650646,0.138,0.09,1,ITGB8,-0,Not sig,NA
0.054699597013447496,-0.29115094849380063,0.295,0.375,1,ROCK2,-0,Not sig,NA
0.054796666869134085,-1.048673453207153,0.078,0.126,1,CCK,-0,Not sig,NA
0.05518453191091117,-0.35493969562585265,0.086,0.14,1,STMN2,-0,Not sig,NA
0.055370058772110126,0.208313458420531,0.078,0.133,1,AL662796.1,-0,Not sig,NA
0.05538038438498909,-0.6241592934247417,0.138,0.196,1,ALG13,-0,Not sig,NA
0.05552070722849307,0.8097728358727255,0.127,0.08,1,CA8,-0,Not sig,NA
0.055533870692045656,-0.7519040534462921,0.093,0.146,1,NDST3,-0,Not sig,NA
0.05577137561718671,-0.478834824572814,0.179,0.246,1,GFOD1,-0,Not sig,NA
0.05589845908049089,-0.24146195787974303,0.097,0.156,1,CCDC50,-0,Not sig,NA
0.055913692382574993,-0.6121882432075404,0.104,0.159,1,EXOC1,-0,Not sig,NA
0.05593435549786159,-0.2659895942695836,0.146,0.213,1,EEF1A1,-0,Not sig,NA
0.05613892945968041,-0.32594805272116273,0.164,0.229,1,RAP1A,-0,Not sig,NA
0.056184493917732004,-1.0470802612474168,0.138,0.193,1,PURA,-0,Not sig,NA
0.05633285864420393,0.9486201223440711,0.164,0.113,1,CACNG8,-0,Not sig,NA
0.0565246757665661,-0.24296746266291214,0.433,0.505,1,MAP1B,-0,Not sig,NA
0.05654848615912449,-0.5628422238362802,0.299,0.369,1,PCDH7,-0,Not sig,NA
0.05664328413346023,-0.7326914949320283,0.056,0.1,1,FEM1B,-0,Not sig,NA
0.05668577593332955,-0.28461994659474643,0.108,0.166,1,GABRA4,-0,Not sig,NA
0.056840033094043514,-0.3928611223382726,0.101,0.156,1,MTERF1,-0,Not sig,NA
0.05686519429691224,0.2825075820858849,0.101,0.056,1,SLC35G2,-0,Not sig,NA
0.05689265378684393,-0.3975613360805288,0.25,0.336,1,TFDP2,-0,Not sig,NA
0.05702440423253058,-0.6116806755467277,0.116,0.173,1,TRIM37,-0,Not sig,NA
0.0573550613312981,-0.878342717116004,0.056,0.1,1,MTMR6,-0,Not sig,NA
0.05740577902672237,-0.9227578316309,0.078,0.126,1,MAT2A,-0,Not sig,NA
0.057498327939555255,1.619266984096566,0.101,0.06,1,SPTLC2,-0,Not sig,NA
0.0575300558359303,-0.1861074101742214,0.172,0.236,1,PTPRR,-0,Not sig,NA
0.05763518101910923,-0.24409747717345387,0.284,0.355,1,MARK3,-0,Not sig,NA
0.05767001253157122,-0.8180695825623155,0.108,0.163,1,SLC1A1,-0,Not sig,NA
0.058194207294140606,0.8000559368123623,0.25,0.196,1,ZHX3,-0,Not sig,NA
0.05850033556488862,0.4504363163502676,0.552,0.528,1,DDX17,-0,Not sig,NA
0.058970929254329424,0.6432990107848668,0.205,0.146,1,PSEN1,-0,Not sig,NA
0.059015332577280526,-0.4687121499845133,0.131,0.189,1,TRMT9B,-0,Not sig,NA
0.05920940787170926,-0.2587020931566114,0.231,0.302,1,HNRNPU,-0,Not sig,NA
0.05940035492609218,-0.5554891384475367,0.194,0.262,1,ZRANB2,-0,Not sig,NA
0.05949317443673396,-0.5300920613361197,0.112,0.166,1,SERPINI1,-0,Not sig,NA
0.0595023484751557,-0.3444094621350282,0.474,0.565,1,AFF3,-0,Not sig,NA
0.05950341975655946,-0.6125653123469104,0.157,0.219,1,PLXNA2,-0,Not sig,NA
0.05951220943504676,-0.4036389614552157,0.187,0.252,1,RBM25,-0,Not sig,NA
0.05951693063649939,-0.4047163415967053,0.157,0.216,1,NRF1,-0,Not sig,NA
0.0596093675137475,0.8586227408297735,0.164,0.113,1,QDPR,-0,Not sig,NA
0.06005559541044999,-0.3503936563086667,0.142,0.209,1,FZD3,-0,Not sig,NA
0.06011787144391797,-0.44612075864801803,0.31,0.392,1,CCNY,-0,Not sig,NA
0.06039638827337836,-0.7782028779462693,0.067,0.113,1,GK5,-0,Not sig,NA
0.06042630844215797,-0.352001165309908,0.056,0.1,1,HSPA4,-0,Not sig,NA
0.06119516199061765,0.49401793021920987,0.112,0.066,1,ZCCHC24,-0,Not sig,NA
0.0612350918621207,-0.19095074882317054,1,1,1,MALAT1,-0,Not sig,NA
0.061376233878615356,0.6766497414246921,0.392,0.342,1,L3MBTL4,-0,Not sig,NA
0.06151061311748826,-0.4631314141359427,0.123,0.179,1,PPP2R1A,-0,Not sig,NA
0.06163588100623481,-1.2233139352997453,0.063,0.106,1,LDAH,-0,Not sig,NA
0.06180557673712202,1.3463410710589014,0.112,0.07,1,MEGF10,-0,Not sig,NA
0.06212736675352871,-0.3207964956561988,0.119,0.179,1,EPHA3,-0,Not sig,NA
0.06227749293706458,-0.3168036321013721,0.246,0.322,1,NSF,-0,Not sig,NA
0.06249175841358815,-0.1843797458290095,0.466,0.558,1,CDC42BPA,-0,Not sig,NA
0.06259783396883513,-0.21381245108629737,0.082,0.133,1,DGKE,-0,Not sig,NA
0.0626178879947687,-0.365684994508924,0.328,0.399,1,GALNT13,-0,Not sig,NA
0.0627365769151047,-1.0516821686455846,0.097,0.146,1,COL4A2,-0,Not sig,NA
0.06291142650383642,-0.6184287282675529,0.116,0.169,1,CANX,-0,Not sig,NA
0.06300049996210919,-0.4964233989799776,0.071,0.116,1,NPIPB5,-0,Not sig,NA
0.06320456750235733,0.690767605835013,0.131,0.083,1,LINC00476,-0,Not sig,NA
0.06337137249964225,-0.8338779967455807,0.097,0.146,1,ARHGAP42,-0,Not sig,NA
0.06355535066519645,-0.13746863481077254,0.399,0.492,1,RIMS1,-0,Not sig,NA
0.06363385132119434,1.245779907600939,0.164,0.116,1,PACS2,-0,Not sig,NA
0.06393560450634855,0.6822162570266701,0.31,0.252,1,CDK19,-0,Not sig,NA
0.06431826012197452,1.0855932733310643,0.205,0.156,1,BTBD3,-0,Not sig,NA
0.0645437853910465,-0.29258898480668866,0.179,0.246,1,ROCK1,-0,Not sig,NA
0.06461577682797626,-0.8703488842181181,0.063,0.106,1,TMEM30A,-0,Not sig,NA
0.06471381236075491,-0.23109059101941987,0.097,0.153,1,ARL4C,-0,Not sig,NA
0.06486346003416149,-0.1923299169401128,0.093,0.146,1,CDYL,-0,Not sig,NA
0.06494673432115369,-0.607902384185115,0.071,0.116,1,SAFB2,-0,Not sig,NA
0.06516721225881143,-0.25241030794289554,0.142,0.206,1,NUFIP2,-0,Not sig,NA
0.06545014279394021,-0.22500611222058087,0.56,0.631,1,TENM2,-0,Not sig,NA
0.06548628022755391,-0.3181673351657631,0.194,0.262,1,DNAJC1,-0,Not sig,NA
0.06572677259565922,0.47158341999740827,0.321,0.259,1,ANKRD44,-0,Not sig,NA
0.06612386239807745,-0.5588686946095127,0.123,0.179,1,CSNK1G3,-0,Not sig,NA
0.06626284894455262,-0.42167766420261055,0.243,0.309,1,HIBCH,-0,Not sig,NA
0.06634762467706905,-0.23653407390771553,0.235,0.309,1,SPIRE1,-0,Not sig,NA
0.0664305275379981,-0.7738348404678619,0.153,0.209,1,DMXL2,-0,Not sig,NA
0.06648744429521025,-0.4535994507879592,0.086,0.136,1,GOLM1,-0,Not sig,NA
0.06658723208476644,-0.24794766140809932,0.332,0.422,1,LRRTM3,-0,Not sig,NA
0.06662391278300378,-0.1080472758298121,0.265,0.352,1,NBAS,-0,Not sig,NA
0.06685915131768116,-0.6560797151825215,0.078,0.126,1,SLC10A7,-0,Not sig,NA
0.06696277883851057,-0.2996878629956823,0.201,0.269,1,PIAS2,-0,Not sig,NA
0.0672334508419888,-0.4613321703147919,0.119,0.176,1,KLHL42,-0,Not sig,NA
0.06746781625824787,0.33397595131503466,0.056,0.1,1,LINC02147,-0,Not sig,NA
0.06749419748612853,-0.30661732162637834,0.175,0.243,1,CAMKMT,-0,Not sig,NA
0.06755583323773899,-0.8441742241366574,0.063,0.106,1,TRAPPC11,-0,Not sig,NA
0.06759801772854704,-0.22601642838611302,0.209,0.286,1,ZMYM4,-0,Not sig,NA
0.06776398016126313,-0.3141383699145941,0.317,0.379,1,ANKRD30BL,-0,Not sig,NA
0.06786144334430518,0.31085813761652825,0.142,0.209,1,EBF1,-0,Not sig,NA
0.06803940472348281,-0.5587299382182506,0.067,0.113,1,AC098829.1,-0,Not sig,NA
0.06805839496667616,-0.38786199913999586,0.287,0.359,1,PHF21A,-0,Not sig,NA
0.06807007360517839,-0.2132118601261217,0.407,0.498,1,IQCJ-SCHIP1,-0,Not sig,NA
0.06814947389168832,-0.650678190728815,0.06,0.103,1,OTUD4,-0,Not sig,NA
0.06856052279608141,0.4224232759799511,0.515,0.475,1,PRKN,-0,Not sig,NA
0.06875415947869871,-0.18827603550835303,0.22,0.296,1,NPTN,-0,Not sig,NA
0.06908860665825699,0.41039137816569493,0.59,0.571,1,CLASP2,-0,Not sig,NA
0.06915949462278694,-0.3718705594135856,0.19,0.262,1,CAMK2A,-0,Not sig,NA
0.06921606986325031,-0.49820972413539355,0.257,0.329,1,NELL2,-0,Not sig,NA
0.06922637317802384,-0.13035022831337945,0.127,0.186,1,KHDRBS1,-0,Not sig,NA
0.06934934399650672,-1.0862213424249254,0.067,0.11,1,ARNTL,-0,Not sig,NA
0.06950760873670588,1.0892308657852035,0.112,0.07,1,PREX1,-0,Not sig,NA
0.0696683981647508,0.48295248974725735,0.209,0.153,1,MRPL41,-0,Not sig,NA
0.07009060145851462,-0.7186267913365109,0.093,0.143,1,APOLD1,-0,Not sig,NA
0.07015863307413171,-0.6326377524291917,0.127,0.183,1,LRRC28,-0,Not sig,NA
0.0705005292043824,0.40371664501937055,0.511,0.482,1,GRIN2B,-0,Not sig,NA
0.07067815044885184,-0.3842745370130768,0.116,0.169,1,DPH6-DT,-0,Not sig,NA
0.07119542714405835,-0.44428951893578006,0.683,0.754,1,OPCML,-0,Not sig,NA
0.07126817196059698,-1.1028324592586658,0.067,0.11,1,COL12A1,-0,Not sig,NA
0.07140098710421773,0.6205800657506825,0.224,0.166,1,PLD3,-0,Not sig,NA
0.07174637639995686,-0.624927544246036,0.25,0.302,1,KCTD8,-0,Not sig,NA
0.07211981788797008,-0.5875397054081816,0.075,0.12,1,CPSF7,-0,Not sig,NA
0.07212433605116952,-1.0762965410184435,0.082,0.126,1,DDX3X,-0,Not sig,NA
0.07284948469352442,-0.3074936499910683,0.164,0.226,1,ANKRD10,-0,Not sig,NA
0.07315469795405374,-0.19135538723314305,0.235,0.309,1,TEAD1,-0,Not sig,NA
0.07319608567439966,-0.24468324757933502,0.239,0.316,1,FNDC3A,-0,Not sig,NA
0.0734281860349699,-0.7805104557642317,0.063,0.106,1,LEF1,-0,Not sig,NA
0.07357860994582266,-0.19277691265728292,0.41,0.508,1,ZNF638,-0,Not sig,NA
0.07361222849361355,-0.5439451088671131,0.138,0.196,1,PPM1K,-0,Not sig,NA
0.07366955969309869,-0.2841783849116548,0.474,0.558,1,N4BP2L2,-0,Not sig,NA
0.07371664739345128,-0.26121003334284826,0.082,0.133,1,UST,-0,Not sig,NA
0.07378490637879988,-0.2912096127708149,0.168,0.233,1,CALD1,-0,Not sig,NA
0.07389408441016225,-0.767109652526297,0.067,0.11,1,FBXO9,-0,Not sig,NA
0.07390972551487741,-0.16449813932377855,0.366,0.439,1,NRCAM,-0,Not sig,NA
0.07426678902841141,0.7235738419200157,0.235,0.179,1,SFPQ,-0,Not sig,NA
0.07427586608889947,-0.5037371562151094,0.063,0.106,1,SERINC3,-0,Not sig,NA
0.07428631639473225,-0.3223465923406899,0.149,0.209,1,CCDC92,-0,Not sig,NA
0.07431345753707144,0.35134511444730365,0.142,0.093,1,ADCY5,-0,Not sig,NA
0.07440376918122847,-0.16367615504478883,0.146,0.206,1,SRGAP2C,-0,Not sig,NA
0.07465775997625966,-0.6006525439149955,0.119,0.173,1,SPRED1,-0,Not sig,NA
0.07481478871429893,0.8079461652793108,0.112,0.07,1,RFTN2,-0,Not sig,NA
0.07500001192197842,-0.1933152440993422,0.272,0.349,1,HECTD4,-0,Not sig,NA
0.07506208722020599,-0.31104345609177597,0.09,0.14,1,CAST,-0,Not sig,NA
0.07506525972500346,-1.0296144774067613,0.09,0.136,1,PIP5K1A,-0,Not sig,NA
0.0752140686186054,-0.22165964040563835,0.257,0.336,1,NR3C1,-0,Not sig,NA
0.07546089312676013,-0.2192605228105431,0.444,0.512,1,RASAL2,-0,Not sig,NA
0.07571810996128782,0.3125804513232652,0.134,0.086,1,SLC35E3,-0,Not sig,NA
0.07594200245499393,-0.6409590318202153,0.142,0.199,1,RYR3,-0,Not sig,NA
0.07612082060593414,-0.6650899631260913,0.075,0.12,1,AFG1L,-0,Not sig,NA
0.07630665618491472,-0.17866611026268875,0.257,0.336,1,PCM1,-0,Not sig,NA
0.07651346540097877,0.9794205637545987,0.149,0.103,1,AMER2,-0,Not sig,NA
0.07654358294791526,-0.45919387361121244,0.358,0.419,1,FMN2,-0,Not sig,NA
0.07669790931091866,-0.3174173141014219,0.146,0.203,1,CCDC171,-0,Not sig,NA
0.07685986266692038,-0.6440884264208971,0.075,0.12,1,RCL1,-0,Not sig,NA
0.07709286467957027,-0.45069969439964364,0.116,0.169,1,SVIL,-0,Not sig,NA
0.07714416808443908,-0.8142439006445852,0.127,0.179,1,BICDL1,-0,Not sig,NA
0.07727090335010736,-0.2809697797323697,0.243,0.312,1,PPP2R5E,-0,Not sig,NA
0.07729462553735687,-0.4108337649238417,0.082,0.13,1,ATAD1,-0,Not sig,NA
0.07730672894125433,-0.6439220516603361,0.108,0.159,1,SYN1,-0,Not sig,NA
0.07739688525831662,-0.18459128366454003,0.291,0.372,1,HMGB1,-0,Not sig,NA
0.07743485321148953,-0.25335006091358947,0.463,0.532,1,MEF2C,-0,Not sig,NA
0.07769012507330814,-0.4267128733402108,0.25,0.312,1,TMEM232,-0,Not sig,NA
0.07770313731207855,-0.3755986269822361,0.093,0.143,1,PTPN1,-0,Not sig,NA
0.07787342126099146,-0.2791115082647653,0.246,0.322,1,UGGT2,-0,Not sig,NA
0.07796509578891166,0.880633768894092,0.127,0.083,1,CCDC57,-0,Not sig,NA
0.0781543884251636,-0.5816408665207348,0.116,0.166,1,AFAP1,-0,Not sig,NA
0.07846430479614966,-0.15741771624755696,0.101,0.15,1,WWTR1,-0,Not sig,NA
0.07850430598010708,-0.6106252120954321,0.067,0.11,1,ALDH7A1,-0,Not sig,NA
0.07860711358674344,-0.7673020500671432,0.075,0.12,1,CNKSR3,-0,Not sig,NA
0.07894274628867154,-0.5678111932172172,0.067,0.11,1,TMED8,-0,Not sig,NA
0.07905520048217447,-1.080658933257629,0.075,0.116,1,TMOD1,-0,Not sig,NA
0.07913591719311619,-0.6612087767293342,0.172,0.226,1,RPRD1A,-0,Not sig,NA
0.07955220518059203,-0.8932787544186707,0.082,0.126,1,AC019197.1,-0,Not sig,NA
0.07955995498483705,0.5262711408416495,0.112,0.07,1,ENTPD6,-0,Not sig,NA
0.07971159062289315,-0.2622017291846549,0.063,0.106,1,CFAP70,-0,Not sig,NA
0.07989665992994194,0.5747943922134297,0.123,0.08,1,WASHC1,-0,Not sig,NA
0.0800152712734523,-0.2295010083120492,0.131,0.189,1,KCNQ1OT1,-0,Not sig,NA
0.08020907310020434,0.783141482480993,0.209,0.159,1,SOS2,-0,Not sig,NA
0.08023857049706791,-0.2243079982175968,0.134,0.193,1,GPR155,-0,Not sig,NA
0.08045488361956012,-0.41145932744520575,0.082,0.13,1,EIF1,-0,Not sig,NA
0.0806981160171633,-0.12705619077862318,0.086,0.136,1,NAP1L3,-0,Not sig,NA
0.08086730656709276,-0.8527552037574061,0.112,0.159,1,SLC35F5,-0,Not sig,NA
0.08125153162418354,-0.2230566633625577,0.231,0.309,1,PREPL,-0,Not sig,NA
0.08183565748902413,-0.5292547538718488,0.078,0.123,1,CDYL2,-0,Not sig,NA
0.08186349744232864,0.6491715299289964,0.351,0.306,1,PTBP2,-0,Not sig,NA
0.08194656020609527,0.2684546865239281,0.578,0.515,1,ZEB2,-0,Not sig,NA
0.08202095067165548,0.8231106127062868,0.175,0.126,1,UBE2B,-0,Not sig,NA
0.0821907093393093,0.6643177088804126,0.224,0.169,1,TRAK1,-0,Not sig,NA
0.0823005044482603,-0.3670011111445937,0.097,0.146,1,DNM2,-0,Not sig,NA
0.08245554981855699,-0.33434638416880114,0.063,0.106,1,SLC16A10,-0,Not sig,NA
0.08255310883143971,-0.43151538669274664,0.093,0.143,1,NRP1,-0,Not sig,NA
0.08258546300340144,-0.5356161560500845,0.086,0.133,1,ESF1,-0,Not sig,NA
0.08271353944106116,-0.2913805348643156,0.093,0.143,1,ECE1,-0,Not sig,NA
0.08272611324844281,1.3054472633952203,0.101,0.063,1,KCNT1,-0,Not sig,NA
0.08283354128244896,1.0901754250479208,0.104,0.066,1,LHPP,-0,Not sig,NA
0.08290673523261731,-0.2526290596471583,0.235,0.302,1,ZDHHC21,-0,Not sig,NA
0.08308422814054844,-0.39991501936271157,0.086,0.133,1,ZRANB3,-0,Not sig,NA
0.08311749160267606,-0.3048820937381679,0.16,0.223,1,ARHGAP29,-0,Not sig,NA
0.0835321034407487,-0.35270870752090766,0.201,0.269,1,ETNK1,-0,Not sig,NA
0.08377689948045705,-0.3059620197547691,0.201,0.269,1,VPS13A,-0,Not sig,NA
0.08395490335382935,-0.40884084233522533,0.075,0.12,1,PDK3,-0,Not sig,NA
0.08413280500434743,-0.3737169678034381,0.097,0.146,1,PLEC,-0,Not sig,NA
0.08426089010855511,-0.23657427093310224,0.362,0.458,1,MLLT3,-0,Not sig,NA
0.0843698485854413,-0.27384004466772105,0.101,0.153,1,LARS,-0,Not sig,NA
0.084463237264753993,-0.5016433180329178,0.06,0.1,1,RAB18,-0,Not sig,NA
0.08451059483593464,1.076887134940348,0.187,0.14,1,KIAA0930,-0,Not sig,NA
0.08474198698431426,-0.8210707847335107,0.075,0.116,1,SKP1,-0,Not sig,NA
0.08501255909847391,-0.35856706961123597,0.067,0.11,1,AMFR,-0,Not sig,NA
0.08555329962107869,-0.1934324987746221,0.534,0.645,1,SMYD3,-0,Not sig,NA
0.08555986204962324,-0.22102404508716633,0.616,0.691,1,NBEA,-0,Not sig,NA
0.08581352109295438,-0.5221037434587045,0.183,0.239,1,AP001347.1,-0,Not sig,NA
0.08612199571205109,-0.1555065988306703,0.272,0.336,1,NCKAP1,-0,Not sig,NA
0.08678404057373146,-0.35679809000476936,0.142,0.199,1,INTS6,-0,Not sig,NA
0.08699352794497196,-0.3701334554260729,0.168,0.233,1,ITPR2,-0,Not sig,NA
0.08700471400753217,-0.33038366426486476,0.063,0.106,1,ODR4,-0,Not sig,NA
0.08722414559930089,-0.24699098421625454,0.336,0.412,1,SLC44A5,-0,Not sig,NA
0.08738392386167779,-0.23796841487403952,0.317,0.382,1,ZNF804A,-0,Not sig,NA
0.08740243108101199,1.1630660968549154,0.112,0.073,1,HEPACAM,-0,Not sig,NA
0.08759716110052099,-0.392636974605145,0.444,0.512,1,SGIP1,-0,Not sig,NA
0.088362427529387,0.9137019052004773,0.257,0.216,1,AC118549.1,-0,Not sig,NA
0.08852944283082786,0.5545731151218921,0.116,0.073,1,GIGYF1,-0,Not sig,NA
0.08867828196044024,-0.32587390183827036,0.351,0.415,1,DGKI,-0,Not sig,NA
0.08905667760249314,0.21352330262811164,0.119,0.076,1,GRIK4,-0,Not sig,NA
0.08906492716681982,-0.32464739522713626,0.209,0.269,1,VWC2,-0,Not sig,NA
0.08922480873087167,1.24428407452968,0.104,0.066,1,LRIG2,-0,Not sig,NA
0.08936555081499453,-0.2868619960700207,0.388,0.465,1,GABRB1,-0,Not sig,NA
0.08950014857164529,0.15306268562716996,0.075,0.12,1,DCP1A,-0,Not sig,NA
0.08956321530660949,-0.48122785276404867,0.082,0.126,1,TUT7,-0,Not sig,NA
0.08963168998390737,-0.32582805367437473,0.396,0.472,1,NR3C2,-0,Not sig,NA
0.08965906905552397,-0.5113214802443928,0.134,0.186,1,SREK1,-0,Not sig,NA
0.08979314744262826,-0.22029442172688207,0.086,0.133,1,AC139887.2,-0,Not sig,NA
0.0909821240971661,-0.19647172841271576,0.683,0.767,1,RORA,-0,Not sig,NA
0.091222431537321,-0.13050309045980835,0.325,0.412,1,BRAF,-0,Not sig,NA
0.092069470460123,-0.4894571294856443,0.19,0.252,1,KIAA0232,-0,Not sig,NA
0.09227170053729396,-0.4508063154959032,0.146,0.203,1,WNK2,-0,Not sig,NA
0.0923485842649349,-1.0213469388865979,0.078,0.12,1,YY1AP1,-0,Not sig,NA
0.0926353578629001,0.7984423477304659,0.142,0.096,1,AC087564.1,-0,Not sig,NA
0.09268273838506255,-0.49627503320915606,0.131,0.183,1,FSD1L,-0,Not sig,NA
0.0927360898524617,0.8064408944791903,0.172,0.126,1,LINC01505,-0,Not sig,NA
0.09274941098645631,-0.36233771556341354,0.328,0.395,1,MYRIP,-0,Not sig,NA
0.0929762470573441,-0.46341753116377093,0.071,0.113,1,SNX24,-0,Not sig,NA
0.09319774706055446,-0.3627647892178457,0.127,0.183,1,RAPH1,-0,Not sig,NA
0.09339036660840798,1.238034288881347,0.119,0.08,1,RUBCN,-0,Not sig,NA
0.09358003840223789,0.6475827158347702,0.31,0.259,1,ARAP2,-0,Not sig,NA
0.09371374548395027,0.8913113359224353,0.187,0.143,1,PLPPR1,-0,Not sig,NA
0.09379742043345873,-0.2323487395154555,0.131,0.186,1,PPIP5K2,-0,Not sig,NA
0.09423058698806105,-0.6850149636820422,0.075,0.116,1,ANP32A,-0,Not sig,NA
0.09461850718212028,-0.20420913005066854,0.649,0.721,1,NEGR1,-0,Not sig,NA
0.09463165556850354,-0.7467044918275199,0.146,0.196,1,PRDM2,-0,Not sig,NA
0.0948700682915415,-0.22102412917926229,0.384,0.442,1,KCNC2,-0,Not sig,NA
0.09495257361154956,-0.7285575906893887,0.116,0.163,1,CDK12,-0,Not sig,NA
0.09530659587621494,-0.41814327185416833,0.108,0.156,1,THSD4,-0,Not sig,NA
0.09571844240391122,-0.31122183870890807,0.198,0.259,1,ABCA5,-0,Not sig,NA
0.09572984493051108,0.1274595566224377,0.06,0.1,1,IGSF21,-0,Not sig,NA
0.09576966369239553,-0.6754249190078715,0.071,0.113,1,TMEM131L,-0,Not sig,NA
0.0962794011428933,-0.6640414383799137,0.101,0.146,1,RALGAPB,-0,Not sig,NA
0.09663722996440836,-0.4998813808328048,0.116,0.163,1,EVA1C,-0,Not sig,NA
0.0968285401002432,0.6517374707907582,0.41,0.372,1,SEPT7,-0,Not sig,NA
0.09693834491192128,-0.18341303861168878,0.276,0.346,1,BRWD1,-0,Not sig,NA
0.09694375052068775,0.8698964672525226,0.108,0.07,1,IP6K2,-0,Not sig,NA
0.09719981598630553,-0.2467651819048151,0.507,0.571,1,MAPK10,-0,Not sig,NA
0.09721357058255803,-0.33658784292199373,0.31,0.375,1,RBM26,-0,Not sig,NA
0.09744899115894536,-0.13324643070547082,0.257,0.336,1,FAM168A,-0,Not sig,NA
0.09750289285328367,0.9333318950632686,0.243,0.199,1,KIAA1324L,-0,Not sig,NA
0.09764251205063595,-0.6131026888232054,0.119,0.169,1,PAG1,-0,Not sig,NA
0.09841797023443317,0.8160654108762719,0.108,0.07,1,CROCC,-0,Not sig,NA
0.09844698178877843,0.10749653695418032,0.097,0.146,1,ARHGAP10,-0,Not sig,NA
0.09848378099316528,-0.6221902564416166,0.078,0.12,1,KPNA6,-0,Not sig,NA
0.09890842044268433,-0.11763120816999265,0.093,0.14,1,SIMC1,-0,Not sig,NA
0.0993643110429329,-0.8624225943154178,0.071,0.11,1,SUSD1,-0,Not sig,NA
0.09940584493358935,-0.36029602183780873,0.108,0.156,1,RIN2,-0,Not sig,NA
0.09941382306199167,-0.18367531242269497,0.078,0.123,1,PCF11,-0,Not sig,NA
0.09941579846109885,0.634370916502885,0.239,0.193,1,ZNF652,-0,Not sig,NA
0.099620457737644455,-0.4787614373235273,0.086,0.13,1,UBAP1L,-0,Not sig,NA
0.09972180971064404,0.39005092661164387,0.493,0.465,1,FMNL2,-0,Not sig,NA
0.09984784274866014,-0.603177175373238,0.075,0.116,1,WDSUB1,-0,Not sig,NA
0.10006919391541544,-0.43375114289696015,0.082,0.126,1,TYW1B,-0,Not sig,NA
0.10053447294309796,-0.35492167881769954,0.063,0.103,1,PTPN14,-0,Not sig,NA
0.10068427445304064,-0.24602373119499488,0.28,0.342,1,ARHGAP32,-0,Not sig,NA
0.10097431729992036,-0.4463217466423988,0.063,0.103,1,TECR,-0,Not sig,NA
0.10101254999376191,-0.32145589671643354,0.108,0.156,1,MTHFD1L,-0,Not sig,NA
0.10112707169772187,0.24100399637904513,0.612,0.558,1,NTRK2,-0,Not sig,NA
0.10135711648006651,-0.32584767558966554,0.257,0.322,1,KSR2,-0,Not sig,NA
0.10157004671827302,-0.10568086089672779,0.142,0.199,1,CLVS2,-0,Not sig,NA
0.1018354451553143,-0.23197010959258124,0.332,0.409,1,TSPAN5,-0,Not sig,NA
0.10207471614830739,-0.6990352740331552,0.104,0.15,1,LONRF2,-0,Not sig,NA
0.10216284674627177,-0.881284975250473,0.097,0.143,1,ZNF516,-0,Not sig,NA
0.10244964943282023,-0.30376066005070923,0.284,0.352,1,ARIH1,-0,Not sig,NA
0.10283367546898771,-0.2605354294095126,0.071,0.113,1,TSGA10,-0,Not sig,NA
0.10311738054072397,0.8020390306205794,0.302,0.252,1,FARP1,-0,Not sig,NA
0.1033787849584405,-0.4262146509687361,0.187,0.243,1,TRPM3,-0,Not sig,NA
0.10356372997196883,0.40998277089533586,0.44,0.389,1,ATP8A1,-0,Not sig,NA
0.10361071146681498,0.7099611670759103,0.209,0.163,1,DOCK1,-0,Not sig,NA
0.10361575023269844,0.9687501602214463,0.138,0.096,1,GPRC5B,-0,Not sig,NA
0.10367602239649486,-0.7455355495784014,0.119,0.166,1,EXT2,-0,Not sig,NA
0.10418626760597853,-0.17256851940849982,0.481,0.528,1,GRM5,-0,Not sig,NA
0.10419547914622274,-0.18933890857256008,0.201,0.262,1,ARFGEF1,-0,Not sig,NA
0.10419553176610946,0.8267480728889638,0.153,0.11,1,HS3ST5,-0,Not sig,NA
0.10524933671033922,-0.22444915208895821,0.213,0.276,1,HNRNPA3,-0,Not sig,NA
0.10557873065875417,-0.4711482344828913,0.123,0.173,1,EXOC5,-0,Not sig,NA
0.10564704708228699,-0.32048858298410826,0.146,0.203,1,GABRA1,-0,Not sig,NA
0.10591745123428746,-0.8652165311498932,0.082,0.123,1,RBMS2,-0,Not sig,NA
0.10594095112379215,-0.327837897071546,0.216,0.276,1,ZMYND11,-0,Not sig,NA
0.10616215271445624,-0.897325731744882,0.157,0.206,1,NEK10,-0,Not sig,NA
0.10631333856763449,-0.37990561354185715,0.078,0.12,1,CREM,-0,Not sig,NA
0.10650312391065986,-0.41211970250155544,0.086,0.13,1,MLH3,-0,Not sig,NA
0.1068589966193216,-0.5213089456879696,0.34,0.409,1,LPP,-0,Not sig,NA
0.10734489730526697,-0.4275067347041974,0.112,0.159,1,HNRNPD,-0,Not sig,NA
0.10735483280905063,-0.2547971756170584,0.187,0.246,1,CLIP1,-0,Not sig,NA
0.1075950745488926,-0.3908142758931147,0.093,0.14,1,CALM3,-0,Not sig,NA
0.10762731627038315,-0.2384113738399295,0.09,0.136,1,MAPK9,-0,Not sig,NA
0.10816313896330658,-0.2633858137201923,0.25,0.316,1,RPS6KC1,-0,Not sig,NA
0.10864055519326515,-0.2904803264730038,0.265,0.329,1,SCN8A,-0,Not sig,NA
0.10897189669622208,0.7315975964164778,0.317,0.276,1,MTSS1,-0,Not sig,NA
0.10898646595004949,-0.7852114913350059,0.093,0.136,1,WDR41,-0,Not sig,NA
0.1089936646021979,0.8978152603761766,0.231,0.193,1,IGSF11,-0,Not sig,NA
0.10906825119704192,0.5298853815543767,0.422,0.385,1,PEX5L,-0,Not sig,NA
0.10908796108520162,0.9743322490913171,0.131,0.09,1,SYMPK,-0,Not sig,NA
0.10918618389133286,0.5483737926914514,0.216,0.166,1,NKAIN3,-0,Not sig,NA
0.10927306351099901,0.37880635352824354,0.254,0.203,1,SNRNP70,-0,Not sig,NA
0.10933464823012284,-0.43786360702667926,0.131,0.179,1,UCHL1,-0,Not sig,NA
0.1093919632948908,0.5031731908280284,0.112,0.073,1,AJAP1,-0,Not sig,NA
0.10960848597082465,-0.12631118050152942,0.134,0.189,1,STK3,-0,Not sig,NA
0.10963732885169682,-0.37274595604008653,0.276,0.336,1,SNAP91,-0,Not sig,NA
0.1098984748771558,1.0687401747536882,0.146,0.106,1,USP31,-0,Not sig,NA
0.10991498887563539,0.21938431896647792,0.75,0.698,1,ANK3,-0,Not sig,NA
0.10996097680013148,0.7658457995653827,0.187,0.143,1,KANK1,-0,Not sig,NA
0.11002986410355044,-0.16116922872899497,0.343,0.419,1,VTI1A,-0,Not sig,NA
0.11015262672395151,-0.34469626816521215,0.082,0.123,1,CEP95,-0,Not sig,NA
0.11021210559131295,-0.6458511693133673,0.116,0.159,1,GPR75-ASB3,-0,Not sig,NA
0.1103718269976953,0.3594030177438525,0.504,0.452,1,MARCH1,-0,Not sig,NA
0.11058999943409305,-0.6236312701587291,0.063,0.1,1,CDK5R1,-0,Not sig,NA
0.11105685565572272,-0.28962306691441597,0.097,0.143,1,WWP2,-0,Not sig,NA
0.11115774415054815,0.5983623655536838,0.216,0.169,1,FBXO34,-0,Not sig,NA
0.11126975774115626,-0.623814526328393,0.086,0.126,1,GOLPH3,-0,Not sig,NA
0.11143361868847133,-0.3047629660865292,0.16,0.216,1,CAMK2N1,-0,Not sig,NA
0.11170054120416505,-0.3350919100507799,0.157,0.209,1,NUTM2B-AS1,-0,Not sig,NA
0.11174637026405145,0.5267492315806861,0.246,0.193,1,MVB12B,-0,Not sig,NA
0.11190460843940048,-0.6192376293341684,0.071,0.11,1,WSCD2,-0,Not sig,NA
0.11227399873689269,-0.38035971386741,0.097,0.143,1,MTMR2,-0,Not sig,NA
0.11245930537940954,-0.247697632201286,0.164,0.219,1,EXOC2,-0,Not sig,NA
0.11277132520403761,0.4959011726699505,0.119,0.08,1,PGBD5,-0,Not sig,NA
0.11280823376685316,0.3886606169691912,0.198,0.146,1,YPEL2,-0,Not sig,NA
0.11286115490452138,0.48891834112630944,0.16,0.116,1,KIF3C,-0,Not sig,NA
0.11328145773105928,-0.3468713968810455,0.116,0.163,1,ARHGEF11,-0,Not sig,NA
0.11338743112749952,-0.17266433003746273,0.175,0.239,1,NFE2L2,-0,Not sig,NA
0.11355150284169713,-0.15511887848591832,0.354,0.432,1,UBR3,-0,Not sig,NA
0.11371532805791403,-0.407730906735317,0.179,0.236,1,SAMD4A,-0,Not sig,NA
0.11372751570397628,-0.11009517098585597,0.25,0.319,1,RCAN2,-0,Not sig,NA
0.11388532060862465,-0.28618251661977734,0.425,0.505,1,CCNH,-0,Not sig,NA
0.11390839876722438,0.41040222053876807,0.407,0.359,1,OTUD7A,-0,Not sig,NA
0.11392630721526639,-0.25619410351105787,0.067,0.106,1,DNAJC5,-0,Not sig,NA
0.11398205155636768,0.6667868245399732,0.142,0.1,1,SLC25A29,-0,Not sig,NA
0.11411739989540137,0.5116713422821668,0.299,0.246,1,HIPK2,-0,Not sig,NA
0.11411829422730817,-0.1937657663173431,0.149,0.199,1,LAMA2,-0,Not sig,NA
0.11459472310274035,-0.8958815583082722,0.075,0.113,1,NUP160,-0,Not sig,NA
0.11464622463491844,0.5557878241669905,0.123,0.083,1,PIGU,-0,Not sig,NA
0.11489897193311283,0.8183929574042993,0.265,0.223,1,SLAIN1,-0,Not sig,NA
0.11524546211105162,-0.15729871406229812,0.388,0.468,1,XKR6,-0,Not sig,NA
0.11537225048017809,-0.5937107353459733,0.112,0.156,1,MICAL2,-0,Not sig,NA
0.11542180486222664,-0.28587062721070333,0.093,0.136,1,PRR14L,-0,Not sig,NA
0.11552108933365968,0.22363688060163234,0.116,0.076,1,YPEL1,-0,Not sig,NA
0.1156218698037624,-0.11578243889647166,0.272,0.342,1,MON2,-0,Not sig,NA
0.1159139850884928,0.3545911013644395,0.149,0.106,1,CCDC66,-0,Not sig,NA
0.11598645227384666,-0.8785392423447516,0.075,0.113,1,RHEB,-0,Not sig,NA
0.11600016934634616,1.2020221861256863,0.108,0.073,1,AC012593.1,-0,Not sig,NA
0.11623283912991696,0.45925850389921896,0.5,0.465,1,SPOCK3,-0,Not sig,NA
0.11638788921794498,0.6278043318319761,0.142,0.1,1,MARK2,-0,Not sig,NA
0.11647819692546674,0.3193841149627882,0.149,0.103,1,SYNJ2,-0,Not sig,NA
0.11668238022737687,-0.24076834473926756,0.213,0.279,1,SASH1,-0,Not sig,NA
0.11690664806728283,-0.7721982945343787,0.164,0.213,1,REPS1,-0,Not sig,NA
0.11735477147161917,0.350722586004117,0.078,0.123,1,FAM78B,-0,Not sig,NA
0.1179945349061884,-0.11400452108912329,0.112,0.159,1,DDX10,-0,Not sig,NA
0.11819458110630687,-0.2994167102076185,0.239,0.306,1,TTC17,-0,Not sig,NA
0.11831095237268069,-0.18109384750302215,0.157,0.209,1,ELOVL7,-0,Not sig,NA
0.11898636148384341,0.2693585790203308,0.582,0.561,1,NCAM1,-0,Not sig,NA
0.11929338466995201,-0.522191499887341,0.093,0.136,1,TMEM130,-0,Not sig,NA
0.12006482904551113,0.8328514627970174,0.175,0.133,1,WDFY2,-0,Not sig,NA
0.12035027378246238,-0.18372363689009363,0.265,0.332,1,SGMS1,-0,Not sig,NA
0.12046583178817362,-0.3391299891492962,0.101,0.146,1,USP12,-0,Not sig,NA
0.12051648427673015,-0.2602063076199699,0.082,0.123,1,CKAP5,-0,Not sig,NA
0.1209847082976089,-0.2360163614781588,0.086,0.126,1,HUNK,-0,Not sig,NA
0.12114825446213408,-0.1936195997226769,0.16,0.216,1,ARHGEF3,-0,Not sig,NA
0.12158308627054054,-0.3912151459018762,0.265,0.329,1,DOK6,-0,Not sig,NA
0.12163984895765627,0.8711977074225197,0.146,0.106,1,MYO1E,-0,Not sig,NA
0.12172927274118454,-0.6611262963913671,0.16,0.206,1,CDC73,-0,Not sig,NA
0.12183703391823031,0.8360583790335852,0.198,0.159,1,SLC1A3,-0,Not sig,NA
0.12202693817826016,-0.9998623560218312,0.063,0.1,1,NNT-AS1,-0,Not sig,NA
0.12203087847191875,-0.22647564054236832,0.123,0.173,1,UPP2,-0,Not sig,NA
0.12247037216561159,-0.23768139831772042,0.108,0.156,1,CREB1,-0,Not sig,NA
0.12281032903770386,-0.43585187226142463,0.213,0.262,1,TTBK2,-0,Not sig,NA
0.12288927573132119,-0.15138109421232843,0.108,0.156,1,SOCS5,-0,Not sig,NA
0.12317002661893686,-0.20665251212935898,0.429,0.502,1,FAM172A,-0,Not sig,NA
0.12362185623750903,-0.8151025628284856,0.067,0.103,1,NEURL1,-0,Not sig,NA
0.12384566343306977,-0.4272213281522874,0.063,0.1,1,SELENOT,-0,Not sig,NA
0.12390410765194537,-0.26754880684414206,0.071,0.11,1,ITGB1BP1,-0,Not sig,NA
0.12390410765194537,-0.4586362992140779,0.071,0.11,1,NIPAL2,-0,Not sig,NA
0.12402895904476773,-0.2937830321148276,0.071,0.11,1,TMX4,-0,Not sig,NA
0.12403878793944019,-0.5876537318646264,0.112,0.159,1,UBE2E1,-0,Not sig,NA
0.1245376118442897,-0.34236088648095153,0.34,0.399,1,GNAS,-0,Not sig,NA
0.12481697323602486,0.1845421214894722,0.168,0.233,1,UBL3,-0,Not sig,NA
0.1248381891151213,-0.3266156136360427,0.116,0.159,1,BMPER,-0,Not sig,NA
0.12500333753358717,-0.1327539285692001,0.321,0.409,1,STXBP5,-0,Not sig,NA
0.12515763519019665,-0.5505803355268143,0.063,0.1,1,ORC5,-0,Not sig,NA
0.12527136779622008,-0.24204470830874458,0.134,0.186,1,ATP13A3,-0,Not sig,NA
0.12542132499342867,1.0389474618647676,0.101,0.066,1,TBC1D14,-0,Not sig,NA
0.12597797287464177,0.18887543104620563,0.187,0.249,1,SLC39A10,-0,Not sig,NA
0.12611959681187004,-0.4069026221999524,0.134,0.183,1,ETV6,-0,Not sig,NA
0.12650906883389562,1.2872014588673277,0.116,0.08,1,KIAA1147,-0,Not sig,NA
0.12687474077087443,-0.6400810648031252,0.142,0.186,1,AC007388.1,-0,Not sig,NA
0.12696880470396235,-0.5896476988377757,0.104,0.146,1,STIM2,-0,Not sig,NA
0.12735836741665063,-0.3498123496808163,0.493,0.565,1,APP,-0,Not sig,NA
0.12754645728117628,-0.5240529329614874,0.063,0.1,1,HLA-E,-0,Not sig,NA
0.12758495061564434,0.6380826737911498,0.22,0.176,1,FAM222B,-0,Not sig,NA
0.12786048296677677,0.7557972324718656,0.187,0.146,1,ATP11B,-0,Not sig,NA
0.12816867752661132,-0.2622986050049949,0.455,0.515,1,UBE2E2,-0,Not sig,NA
0.128202932142016,-0.25325830495269663,0.164,0.216,1,TTC37,-0,Not sig,NA
0.12854421772643332,-0.32828091943853877,0.134,0.186,1,OGT,-0,Not sig,NA
0.12855371404449245,-0.8063408914613213,0.131,0.173,1,LINC00623,-0,Not sig,NA
0.1285703576393013,-0.6896298369102994,0.119,0.163,1,CACUL1,-0,Not sig,NA
0.12858296105060804,-0.8230448053849502,0.09,0.13,1,FAM184A,-0,Not sig,NA
0.12867584526673287,-0.37957133479523464,0.254,0.306,1,ANKRD28,-0,Not sig,NA
0.12873221169295368,-0.18770002573729272,0.175,0.233,1,YWHAG,-0,Not sig,NA
0.12898169340875296,-0.48147495478404306,0.108,0.153,1,PDCD4,-0,Not sig,NA
0.12910074556540993,0.8160338936215876,0.108,0.073,1,AC104596.1,-0,Not sig,NA
0.12912326805301824,-0.33801002837697935,0.149,0.199,1,FAM208B,-0,Not sig,NA
0.1294513106758908,1.0271253730841,0.112,0.076,1,CNTN2,-0,Not sig,NA
0.12963102670550264,0.8479264056016725,0.116,0.08,1,NDRG1,-0,Not sig,NA
0.12984360305626116,-0.5190326757754541,0.119,0.163,1,UBQLN1,-0,Not sig,NA
0.12992074110967547,-0.24514366519590425,0.183,0.239,1,PREX2,-0,Not sig,NA
0.1302759750386338,-0.6997327350542524,0.164,0.213,1,CDKL5,-0,Not sig,NA
0.13051409263386546,-0.13606964832073232,0.063,0.1,1,PRKRA,-0,Not sig,NA
0.13058604025146972,-0.30788188595031907,0.142,0.193,1,CCNI,-0,Not sig,NA
0.1307028314045084,0.4010747672033226,0.463,0.425,1,PTPRK,-0,Not sig,NA
0.1307754744527174,0.5882764954453306,0.388,0.349,1,DGKB,-0,Not sig,NA
0.13081802854390837,0.6640090762982539,0.269,0.229,1,LRRFIP1,-0,Not sig,NA
0.13096464337994276,-0.24494502850470512,0.108,0.153,1,MIER1,-0,Not sig,NA
0.13153012808104847,-0.5379862641987014,0.119,0.166,1,AKAP13,-0,Not sig,NA
0.13177179708457618,0.8325769202689535,0.164,0.123,1,ABAT,-0,Not sig,NA
0.1320214280980445,0.79284273997569,0.201,0.159,1,PSAP,-0,Not sig,NA
0.13202884675348517,-0.4097333749847929,0.067,0.103,1,ZFAND5,-0,Not sig,NA
0.13237250750363067,0.19891101123394755,0.119,0.08,1,LRP8,-0,Not sig,NA
0.1324005853179226,-0.6780704727062363,0.127,0.169,1,CHD5,-0,Not sig,NA
0.13253725252521165,-0.2183033718486035,0.194,0.252,1,MXI1,-0,Not sig,NA
0.13361786190448452,0.1388624903510498,0.082,0.123,1,TBK1,-0,Not sig,NA
0.13428155904382608,-0.2507267290131422,0.187,0.243,1,EGFR,-0,Not sig,NA
0.13433968114689498,-0.43217037535585223,0.138,0.186,1,SENP5,-0,Not sig,NA
0.13457627375295697,-0.2686865160435876,0.541,0.608,1,CSMD3,-0,Not sig,NA
0.1346525461431369,0.89872335933025,0.198,0.156,1,PBRM1,-0,Not sig,NA
0.13480431309225765,-0.3159455459716135,0.078,0.116,1,BRINP2,-0,Not sig,NA
0.13534205305103622,-0.667787023662072,0.112,0.15,1,TBC1D32,-0,Not sig,NA
0.1354854954999073,-0.1051324357854928,0.063,0.1,1,GPR149,-0,Not sig,NA
0.1357376705966525,-0.2862651423591238,0.213,0.262,1,TUSC3,-0,Not sig,NA
0.13581392370214904,-0.3575556094588461,0.179,0.226,1,ZNF91,-0,Not sig,NA
0.13687069709592956,0.4290462220969107,0.489,0.449,1,DOCK4,-0,Not sig,NA
0.13700106222169475,-0.6069928402072451,0.183,0.229,1,KCNJ6,-0,Not sig,NA
0.13722467889382442,-0.21773533208174312,0.179,0.229,1,AC233296.1,-0,Not sig,NA
0.13769307006122766,0.7578638937465141,0.142,0.103,1,SFXN5,-0,Not sig,NA
0.13820702224021514,0.9883208986088114,0.153,0.113,1,ZZEF1,-0,Not sig,NA
0.13825176502358377,0.43674166792498936,0.332,0.289,1,SDCCAG8,-0,Not sig,NA
0.13829830585972597,-0.22210333264160814,0.097,0.14,1,CEP126,-0,Not sig,NA
0.13830843930999864,-0.4770278797432856,0.131,0.176,1,ACSL4,-0,Not sig,NA
0.13835598221405807,1.263223806432646,0.146,0.11,1,LINC00662,-0,Not sig,NA
0.138602022106545,0.719174513068767,0.149,0.11,1,PKD1,-0,Not sig,NA
0.13998121464585,-0.2538869012689205,0.172,0.219,1,PDE3B,-0,Not sig,NA
0.1405492266281698,-1.135172301531979,0.067,0.1,1,PGK1,-0,Not sig,NA
0.1408467019797736,-0.11275864666906454,0.086,0.126,1,ELOVL6,-0,Not sig,NA
0.1410288566017136,-0.25744204562242834,0.257,0.316,1,PUM1,-0,Not sig,NA
0.14108097344164372,-0.15937275734922252,0.071,0.106,1,NDUFS2,-0,Not sig,NA
0.14131520631126893,0.6585270714291129,0.257,0.216,1,RBM39,-0,Not sig,NA
0.1413742613004197,0.6631495306055976,0.306,0.272,1,DNER,-0,Not sig,NA
0.14165426429134195,-0.602302353859061,0.131,0.173,1,PIK3C2A,-0,Not sig,NA
0.14179768800885756,0.8036174763557051,0.175,0.136,1,TP53BP1,-0,Not sig,NA
0.14182012967467097,-0.2424150187214522,0.31,0.379,1,DLC1,-0,Not sig,NA
0.1421995456451474,-0.1648753441327681,0.097,0.14,1,SNED1,-0,Not sig,NA
0.1422805439951985,-0.47675030419622166,0.187,0.233,1,COMMD1,-0,Not sig,NA
0.14255237323867997,-0.22169621285507368,0.075,0.113,1,PPME1,-0,Not sig,NA
0.14264859570609853,0.9198689340037334,0.19,0.153,1,PLEKHM3,-0,Not sig,NA
0.1426704941389151,-0.33654252816683106,0.183,0.236,1,HIPK3,-0,Not sig,NA
0.14271990922448877,0.182771243287271,0.254,0.199,1,LUZP2,-0,Not sig,NA
0.14343982955848672,-0.23101566522023864,0.194,0.249,1,CDH11,-0,Not sig,NA
0.14387787927449644,-0.4015350391575808,0.138,0.186,1,SPOP,-0,Not sig,NA
0.14417797458367237,-0.315833396097139,0.082,0.12,1,SPATA7,-0,Not sig,NA
0.14419581582440907,-0.22711974735100104,0.157,0.209,1,RPAP2,-0,Not sig,NA
0.14435394316985398,0.48551496223718615,0.485,0.458,1,UNC5D,-0,Not sig,NA
0.1448094799009673,-0.14258970962911466,0.504,0.575,1,GPM6A,-0,Not sig,NA
0.14491327350376954,-0.26250946488237026,0.302,0.365,1,GLS,-0,Not sig,NA
0.14535487982596904,-0.8351457609504775,0.082,0.116,1,WDFY1,-0,Not sig,NA
0.1454314620223745,-0.20782491637067535,0.366,0.429,1,STAG1,-0,Not sig,NA
0.14544448407907803,-0.47123569403337867,0.16,0.206,1,DGKG,-0,Not sig,NA
0.14555669187947218,-0.1504597486941044,0.104,0.146,1,KPNA3,-0,Not sig,NA
0.14556925801317117,0.47024681757170694,0.101,0.066,1,UGGT1,-0,Not sig,NA
0.14585587181493676,0.9037946292158336,0.179,0.143,1,RETREG1,-0,Not sig,NA
0.14604211929694247,-0.27975635433561885,0.101,0.143,1,FSTL4,-0,Not sig,NA
0.14618892561529775,-0.8605350162986152,0.138,0.179,1,BASP1-AS1,-0,Not sig,NA
0.14685142662635767,-0.42441801026550446,0.097,0.136,1,KATNAL1,-0,Not sig,NA
0.14704829228582816,0.8775108308517632,0.149,0.113,1,TBC1D12,-0,Not sig,NA
0.14710227096073142,0.4597203244630002,0.235,0.186,1,ASXL1,-0,Not sig,NA
0.1471247819373278,-0.4197892493328557,0.127,0.173,1,LEMD3,-0,Not sig,NA
0.14716718756373856,-0.35073053013823785,0.071,0.106,1,UCK2,-0,Not sig,NA
0.14737076264127483,-0.13357589246053658,0.34,0.405,1,SCAPER,-0,Not sig,NA
0.14748808808573527,-0.5244971662829285,0.097,0.136,1,RIT2,-0,Not sig,NA
0.14774339412333662,-0.4830267230904563,0.071,0.106,1,CHORDC1,-0,Not sig,NA
0.1478711174755291,-0.2617505912026329,0.097,0.136,1,NDUFS4,-0,Not sig,NA
0.14804359549792395,-0.4430029467633232,0.112,0.156,1,PDCD6IP,-0,Not sig,NA
0.14833458900353363,0.23411920856543134,0.384,0.339,1,DIP2B,-0,Not sig,NA
0.1485451264223697,0.911345612016659,0.153,0.116,1,HTRA1,-0,Not sig,NA
0.14884201718773835,-0.9436705413764966,0.09,0.126,1,ADAMTSL3,-0,Not sig,NA
0.1492144833902574,-0.3217627479931262,0.284,0.329,1,SLIT2,-0,Not sig,NA
0.14937437273375154,-0.7820382645263128,0.09,0.126,1,ANKRD34C-AS1,-0,Not sig,NA
0.14937930100192282,0.5290836670937273,0.127,0.09,1,SHROOM4,-0,Not sig,NA
0.14960222442488588,-0.15046003553264264,0.09,0.13,1,ARMCX4,-0,Not sig,NA
0.1498885832531699,-0.224059907170471,0.127,0.173,1,MAP3K7,-0,Not sig,NA
0.15020044471649208,-0.26747761632836536,0.179,0.229,1,EXOC6,-0,Not sig,NA
0.15051731120497877,-0.2583061791601825,0.134,0.179,1,DIRC3,-0,Not sig,NA
0.15065472306574826,0.934432596829692,0.104,0.073,1,SNX30,-0,Not sig,NA
0.1506857724434605,-0.22640430810093615,0.216,0.272,1,OSBPL9,-0,Not sig,NA
0.1508400767826473,-0.348399131897168,0.082,0.12,1,SENP2,-0,Not sig,NA
0.15089097434836482,-0.2084339069518113,0.239,0.292,1,ADD1,-0,Not sig,NA
0.15096425407678707,-0.33000823046617855,0.142,0.189,1,MFSD14C,-0,Not sig,NA
0.15099149692689431,0.3001856032115531,0.354,0.302,1,WSB1,-0,Not sig,NA
0.15102670088252865,-0.25861932129110665,0.216,0.266,1,SEPT11,-0,Not sig,NA
0.15111690013307602,-0.4940555130685661,0.082,0.12,1,NUP50-DT,-0,Not sig,NA
0.15117476082436462,0.7046359825567294,0.194,0.153,1,TMEM132C,-0,Not sig,NA
0.1514888345570703,-0.12467643568965361,0.157,0.209,1,ZBTB38,-0,Not sig,NA
0.1516727221551273,-0.2478566053595319,0.078,0.116,1,AL645568.1,-0,Not sig,NA
0.15199688575410664,-0.40799507930062373,0.116,0.156,1,AES,-0,Not sig,NA
0.15236416334638217,0.5077825737983537,0.153,0.113,1,GREB1L,-0,Not sig,NA
0.15252111312028502,1.0380569040840042,0.116,0.083,1,NAPG,-0,Not sig,NA
0.15289847584686214,0.45840930436853744,0.116,0.08,1,DEAF1,-0,Not sig,NA
0.1530082132590893,0.432524255259204,0.216,0.169,1,TRERF1,-0,Not sig,NA
0.15346597262576758,-0.3388036669418064,0.362,0.419,1,FOXN3,-0,Not sig,NA
0.15379183256154555,-0.2910033229563871,0.209,0.259,1,NSD1,-0,Not sig,NA
0.15405588417904265,-0.5152878698812532,0.164,0.209,1,PIK3CB,-0,Not sig,NA
0.15492773193206183,-0.20716659500853796,0.41,0.482,1,SBF2,-0,Not sig,NA
0.1556078181896971,-0.38868602162060834,0.183,0.229,1,MCPH1,-0,Not sig,NA
0.15571544438922486,-0.44747065672788794,0.101,0.143,1,CCDC30,-0,Not sig,NA
0.156195499349945,-0.11309668529512229,0.295,0.359,1,PHF14,-0,Not sig,NA
0.15623770364784667,0.862995426569988,0.142,0.106,1,NQO2,-0,Not sig,NA
0.15636689461978134,0.11170070861454517,0.269,0.213,1,HNRNPC,-0,Not sig,NA
0.15663902205154823,0.5314819639636958,0.123,0.086,1,SEMA4D,-0,Not sig,NA
0.15670199911263963,0.18027165806389914,0.116,0.163,1,PLCE1,-0,Not sig,NA
0.15765390289264006,-0.20841858409668057,0.272,0.332,1,CHCHD3,-0,Not sig,NA
0.15793012511570312,-0.18093825112756529,0.104,0.146,1,SEC31A,-0,Not sig,NA
0.15858813115936066,-0.32358823460374353,0.224,0.272,1,ASPH,-0,Not sig,NA
0.1594261828711987,-0.15849020507281544,0.175,0.229,1,REV1,-0,Not sig,NA
0.15973907490320913,-0.17897302395584924,0.172,0.219,1,FAM189A1,-0,Not sig,NA
0.15975048120054144,0.5820844240978328,0.317,0.286,1,WNK1,-0,Not sig,NA
0.1597863417249901,0.7617542720135231,0.321,0.289,1,ALCAM,-0,Not sig,NA
0.1598583677395569,-0.7438222026292768,0.104,0.143,1,MAPRE3,-0,Not sig,NA
0.16037920523946197,0.927891566967922,0.101,0.07,1,SLC9A7,-0,Not sig,NA
0.16041121440060702,1.2011273704377945,0.108,0.076,1,ACO2,-0,Not sig,NA
0.16077281897558832,-0.7941973565291036,0.097,0.133,1,XPO4,-0,Not sig,NA
0.16126305216243703,-0.1761706969656739,0.093,0.133,1,MYSM1,-0,Not sig,NA
0.16180457827893302,1.3967971596881412,0.101,0.07,1,DSE,-0,Not sig,NA
0.1618375783243448,0.3368446165081743,0.086,0.126,1,HNRNPR,-0,Not sig,NA
0.1618777027602267,0.25456209572338917,0.41,0.365,1,TMEFF2,-0,Not sig,NA
0.16197413406325475,-0.4481994411576066,0.112,0.153,1,CD46,-0,Not sig,NA
0.16201491495638493,-0.17615218310937242,0.228,0.276,1,MAGI3,-0,Not sig,NA
0.16250069546070375,-0.2769462835258393,0.075,0.11,1,MARF1,-0,Not sig,NA
0.1626255956952292,-0.49593653429520623,0.224,0.269,1,LMBR1,-0,Not sig,NA
0.1632395529726703,-0.502748668390452,0.067,0.1,1,HIPK1,-0,Not sig,NA
0.16397856101282787,0.9020796351738218,0.119,0.086,1,AC087500.1,-0,Not sig,NA
0.16403086178704282,0.9784151623448514,0.116,0.083,1,H2AFY,-0,Not sig,NA
0.1640896269384084,-0.9908410039035209,0.071,0.103,1,CLINT1,-0,Not sig,NA
0.16413141533057946,-0.5327945820975387,0.104,0.143,1,YEATS2,-0,Not sig,NA
0.16425488132542146,-0.27310745990782437,0.22,0.272,1,SRSF11,-0,Not sig,NA
0.16430459969372355,0.1009501624010972,0.127,0.173,1,SACS,-0,Not sig,NA
0.16445227295311007,0.6110414042172708,0.179,0.14,1,FAM13C,-0,Not sig,NA
0.1647988942356099,-0.3742075278810889,0.075,0.11,1,CYB5B,-0,Not sig,NA
0.16487680528854085,0.670170991239671,0.194,0.156,1,EFCAB2,-0,Not sig,NA
0.16520427899963977,-0.150539151607905,0.216,0.272,1,PIK3C3,-0,Not sig,NA
0.16532380561474316,0.9327677760016666,0.22,0.186,1,TOM1L2,-0,Not sig,NA
0.16533863074132094,0.8155708110382631,0.108,0.076,1,ARHGAP22,-0,Not sig,NA
0.16605109910030755,-0.31863756962149015,0.216,0.269,1,ANKS1A,-0,Not sig,NA
0.16694560701571656,0.1753751121768643,0.082,0.12,1,IST1,-0,Not sig,NA
0.16747319138272782,-0.5371827343812025,0.101,0.14,1,MTF2,-0,Not sig,NA
0.16770733921394604,-0.11112438749090181,0.75,0.801,1,ANKS1B,-0,Not sig,NA
0.1678894795461498,-0.5274817498763424,0.101,0.14,1,GNAI2,-0,Not sig,NA
0.16798432717993933,-0.11083364361603354,0.254,0.316,1,NCALD,-0,Not sig,NA
0.1680621584934988,0.9198108006138322,0.146,0.11,1,WIPF2,-0,Not sig,NA
0.16836031852805858,-0.32457739422575344,0.146,0.189,1,NAA16,-0,Not sig,NA
0.16874711511432194,-0.5249758146510062,0.067,0.1,1,C2CD3,-0,Not sig,NA
0.16902806896284553,0.920005585684285,0.116,0.083,1,MARCH3,-0,Not sig,NA
0.16936417609597748,-0.56026656744741965,0.175,0.223,1,PRR16,-0,Not sig,NA
0.16936435694608112,-0.7346010406051509,0.101,0.136,1,REEP3,-0,Not sig,NA
0.16952290184970711,0.47191645239028945,0.41,0.365,1,SYN3,-0,Not sig,NA
0.1698387767585951,-0.788582816102274,0.071,0.103,1,RANGAP1,-0,Not sig,NA
0.17022304912522004,-0.3977509802837983,0.127,0.166,1,SIPA1L2,-0,Not sig,NA
0.17141895685966535,-0.25234736790606016,0.134,0.176,1,TMOD2,-0,Not sig,NA
0.17146228939882907,-0.5375803728371759,0.071,0.103,1,SCG2,-0,Not sig,NA
0.17182263790020996,-0.4279638641958621,0.157,0.199,1,RAD9A,-0,Not sig,NA
0.17190910360570555,-0.3364946114443884,0.078,0.113,1,FBXL4,-0,Not sig,NA
0.17219863103760558,-0.25058385971896946,0.157,0.203,1,FAM120B,-0,Not sig,NA
0.17220245358644984,-0.3296259533262173,0.086,0.123,1,MALT1,-0,Not sig,NA
0.1722725211286191,-0.24843199985472253,0.153,0.199,1,HOMER1,-0,Not sig,NA
0.1724031110320188,-0.5392192978450387,0.108,0.146,1,IGF2R,-0,Not sig,NA
0.17278221034242142,0.1493586010202051,0.16,0.216,1,XPO1,-0,Not sig,NA
0.17281293288940108,0.7101749767862553,0.142,0.106,1,GTF2IRD1,-0,Not sig,NA
0.17286551011690487,-0.12241968688278648,0.231,0.289,1,TRPC1,-0,Not sig,NA
0.1730519637556078,-0.5667841733106272,0.067,0.1,1,UPP1,-0,Not sig,NA
0.17309736283594748,0.8265588891929362,0.104,0.073,1,WIPF1,-0,Not sig,NA
0.1732154064803489,-0.604958218381698,0.104,0.143,1,SEC23A,-0,Not sig,NA
0.17337244919572803,1.1556821894877765,0.138,0.106,1,NIM1K,-0,Not sig,NA
0.1734111991901174,-0.25100473115566757,0.291,0.349,1,OSBPL1A,-0,Not sig,NA
0.17380649735522982,0.535720392505992,0.198,0.156,1,SLC39A11,-0,Not sig,NA
0.17392149871280185,-0.17683210725297732,0.127,0.169,1,SNRK,-0,Not sig,NA
0.17429439828287735,-0.4118260077422061,0.153,0.196,1,CRTC3,-0,Not sig,NA
0.17437250021655917,-0.49764981650230405,0.142,0.186,1,MGA,-0,Not sig,NA
0.17443081962237736,1.4565533112680327,0.134,0.103,1,DPP8,-0,Not sig,NA
0.17456105401409353,0.7071835663278706,0.101,0.07,1,ZNF589,-0,Not sig,NA
0.17462639010006928,-0.3708136151546148,0.119,0.163,1,PTPN9,-0,Not sig,NA
0.17472939914117147,0.9978692125128764,0.101,0.07,1,KIAA0556,-0,Not sig,NA
0.1748832640928778,-0.6169258202702839,0.075,0.106,1,BAZ2A,-0,Not sig,NA
0.1754860937761576,0.8024736263602184,0.183,0.146,1,ADGRV1,-0,Not sig,NA
0.1759089705159495,-0.14136948895357282,0.265,0.329,1,ARHGAP5,-0,Not sig,NA
0.17621786053656513,-0.30739294281073515,0.164,0.213,1,SLC12A2,-0,Not sig,NA
0.17639986850675565,0.7957071427370226,0.119,0.086,1,NSMF,-0,Not sig,NA
0.17657615756194148,0.28034053638128975,0.16,0.216,1,SLC38A1,-0,Not sig,NA
0.17677430544577868,0.7085367219471195,0.194,0.153,1,LHFPL3,-0,Not sig,NA
0.17709112864395263,0.8850466042150587,0.138,0.103,1,SPATA6,-0,Not sig,NA
0.17727688061262264,0.10585923398643615,0.291,0.369,1,ARNT2,-0,Not sig,NA
0.1773771805378319,0.4685053953348042,0.228,0.193,1,SH3KBP1,-0,Not sig,NA
0.17749664195310094,0.8208003492515564,0.108,0.076,1,SVOP,-0,Not sig,NA
0.17764524388827305,-0.3879608020776413,0.142,0.183,1,TASP1,-0,Not sig,NA
0.17794016016047498,-0.31685390248715395,0.28,0.326,1,MICU1,-0,Not sig,NA
0.17896242246330624,-0.2841916613923843,0.097,0.136,1,KDM1A,-0,Not sig,NA
0.17949885952889685,-0.21662710166833032,0.112,0.153,1,CYLD,-0,Not sig,NA
0.17960775089117362,-0.16487226972868885,0.157,0.203,1,SMG6,-0,Not sig,NA
0.1798906877868821,0.3983315045341531,0.164,0.123,1,PCDH19,-0,Not sig,NA
0.18009208510022334,-0.39720724223030257,0.071,0.103,1,APPL1,-0,Not sig,NA
0.18030303723864533,0.11714410546009923,0.142,0.103,1,CAND1,-0,Not sig,NA
0.18079061511954256,-0.26846593130737617,0.09,0.126,1,INTU,-0,Not sig,NA
0.18082755613649124,-0.12902211758877669,0.28,0.339,1,ZMYM2,-0,Not sig,NA
0.180998280534534,-0.40894289614091894,0.265,0.316,1,GALNT18,-0,Not sig,NA
0.1810454341576209,-0.19789047932626946,0.295,0.352,1,KIAA1217,-0,Not sig,NA
0.18142746457700193,-1.0469778821561446,0.093,0.126,1,NRIP1,-0,Not sig,NA
0.18185360620037339,-0.32471943153569505,0.108,0.146,1,RAB21,-0,Not sig,NA
0.18186523541095156,0.2659742228241394,0.291,0.246,1,CREBBP,-0,Not sig,NA
0.18241732454344828,0.1986872727906548,0.104,0.146,1,ABHD18,-0,Not sig,NA
0.18278723674826716,-0.4353553342717549,0.093,0.13,1,TMEM260,-0,Not sig,NA
0.183507319016845,-0.12489739684185353,0.201,0.252,1,CAMK2B,-0,Not sig,NA
0.1836479657715047,-0.18690975447524583,0.067,0.1,1,COL5A3,-0,Not sig,NA
0.183752795029631,-0.3022917686678781,0.306,0.359,1,LRBA,-0,Not sig,NA
0.18430476289998043,-0.36820095778583695,0.131,0.169,1,ISPD,-0,Not sig,NA
0.1843477269762359,0.5551322635203804,0.101,0.07,1,IRF2BP2,-0,Not sig,NA
0.1844009834546873,0.8311349724043975,0.216,0.183,1,RAB6A,-0,Not sig,NA
0.1844048963122278,-0.4316899222440529,0.284,0.336,1,PRICKLE2,-0,Not sig,NA
0.18452307515620536,0.15846466582563368,0.179,0.236,1,ATP2B2,-0,Not sig,NA
0.18507108579795128,-0.32607000608865006,0.097,0.133,1,PTPRB,-0,Not sig,NA
0.1862068918209703,1.3043196229802274,0.101,0.073,1,APIP,-0,Not sig,NA
0.18627168173278433,-0.27343631490637743,0.243,0.296,1,PSD3,-0,Not sig,NA
0.18641597608199922,-0.3329244739912503,0.078,0.113,1,DPY19L1,-0,Not sig,NA
0.1865586694101451,0.23977353988899575,0.093,0.133,1,CALY,-0,Not sig,NA
0.1867253859551198,-0.26529219191728637,0.082,0.116,1,PPP1CB,-0,Not sig,NA
0.18674284669233557,-0.593808449925632,0.16,0.199,1,CWC27,-0,Not sig,NA
0.18681243518528665,0.8450535491458161,0.101,0.07,1,VKORC1L1,-0,Not sig,NA
0.18750230177619984,-0.9241065667715551,0.104,0.14,1,CLIC4,-0,Not sig,NA
0.1876211336428568,0.8614013952343782,0.157,0.123,1,SF1,-0,Not sig,NA
0.1876950426801934,-0.45594813250413624,0.108,0.143,1,ARID4A,-0,Not sig,NA
0.18787333219759625,0.819502064626919,0.116,0.086,1,COL25A1,-0,Not sig,NA
0.18789844170451578,-0.5064811056496658,0.075,0.106,1,SRSF10,-0,Not sig,NA
0.18816377177969468,0.5636248425148692,0.116,0.083,1,WDR44,-0,Not sig,NA
0.18865697056168132,-0.10780855189299832,0.433,0.498,1,FAM19A2,-0,Not sig,NA
0.1892083727419072,-0.628757465754686,0.123,0.159,1,PARG,-0,Not sig,NA
0.1892320472048202,0.12169993416153524,0.776,0.797,1,AUTS2,-0,Not sig,NA
0.18942286853470122,-0.3200650534828231,0.078,0.113,1,NCS1,-0,Not sig,NA
0.18997339351365655,0.11441521211516559,0.746,0.724,1,KAZN,-0,Not sig,NA
0.19026352328634072,0.8263693819843785,0.239,0.203,1,LENG8,-0,Not sig,NA
0.19028148108486553,-0.48226672010937444,0.119,0.159,1,STX18-AS1,-0,Not sig,NA
0.1910912273140821,0.5564478554120742,0.299,0.266,1,CNTNAP4,-0,Not sig,NA
0.19147175161218602,-0.13286296488733007,0.295,0.352,1,PLXNA4,-0,Not sig,NA
0.19150478059889445,-0.34603547168970583,0.071,0.103,1,KCNMB2-AS1,-0,Not sig,NA
0.19188118496655965,-0.1689171322283699,0.209,0.259,1,CEP112,-0,Not sig,NA
0.1922238703326167,-0.11999457673792024,0.246,0.306,1,DLEU2,-0,Not sig,NA
0.19339542661864056,-0.40530057430805333,0.086,0.12,1,PDE5A,-0,Not sig,NA
0.19340617005219424,-0.1578514728374587,0.201,0.256,1,UBA6-AS1,-0,Not sig,NA
0.1934312257952425,0.6095327399107329,0.134,0.1,1,PARN,-0,Not sig,NA
0.19343997188731454,-0.6481090833807679,0.075,0.106,1,PRMT3,-0,Not sig,NA
0.19363576077425082,-0.33403058995715523,0.071,0.103,1,ST8SIA6,-0,Not sig,NA
0.19371820650153085,-0.13967607293447756,0.168,0.216,1,NEXMIF,-0,Not sig,NA
0.19450887181756385,-0.14219264899736006,0.187,0.236,1,DOPEY1,-0,Not sig,NA
0.1948334649455887,-0.15876354167666928,0.205,0.252,1,TPST1,-0,Not sig,NA
0.19490630139193546,-0.2611421187120385,0.246,0.299,1,LUC7L3,-0,Not sig,NA
0.19499447031616246,-0.2854575510838187,0.108,0.146,1,BOD1L1,-0,Not sig,NA
0.19528251942603758,-0.5099480074392011,0.093,0.126,1,USP7,-0,Not sig,NA
0.19571278291754746,-0.23232823568629368,0.175,0.223,1,TTC21B,-0,Not sig,NA
0.19588555084507733,0.25391360970083476,0.075,0.11,1,SLC38A11,-0,Not sig,NA
0.196061612838971,-0.1295698720951608,0.22,0.276,1,EPHA7,-0,Not sig,NA
0.19650484755346298,1.035519264071784,0.157,0.126,1,LRP6,-0,Not sig,NA
0.1966391955316296,0.5315708018197718,0.205,0.169,1,ATM,-0,Not sig,NA
0.19791433263069552,-0.2798742350245467,0.078,0.11,1,ST3GAL6,-0,Not sig,NA
0.19802691401299113,0.3925383142569012,0.246,0.206,1,SNX29,-0,Not sig,NA
0.19835265575572283,-0.13074995613595553,0.146,0.189,1,C11orf80,-0,Not sig,NA
0.19883453906526855,0.36150741607461256,0.261,0.219,1,TTC7B,-0,Not sig,NA
0.19923904442272652,-0.1214336140221653,0.168,0.216,1,DDX5,-0,Not sig,NA
0.19945836834246045,-0.24676074737197773,0.075,0.106,1,LRRC40,-0,Not sig,NA
0.20012286549919314,0.5023660459452725,0.134,0.1,1,CHFR,-0,Not sig,NA
0.20106918223142944,-0.4287771369179692,0.108,0.143,1,BTAF1,-0,Not sig,NA
0.20295927940428854,-0.16824174883112214,0.157,0.199,1,POM121,-0,Not sig,NA
0.2033214673771582,-0.5372390927528381,0.123,0.159,1,MTREX,-0,Not sig,NA
0.20381097847264057,-0.3810506507271206,0.116,0.153,1,IPO9,-0,Not sig,NA
0.2045165095369053,-0.5275311821506781,0.075,0.106,1,MIR2052HG,-0,Not sig,NA
0.2048307438127923,0.4859280195832218,0.198,0.159,1,FAM19A5,-0,Not sig,NA
0.20490559465293984,0.12418501086423017,0.866,0.841,1,LSAMP,-0,Not sig,NA
0.20506691113891928,0.42360009034874485,0.138,0.103,1,MROH1,-0,Not sig,NA
0.20663267965507914,-0.19379888498796277,0.09,0.123,1,SDHC,-0,Not sig,NA
0.20664450782873972,-0.20213175622303203,0.187,0.233,1,CSPP1,-0,Not sig,NA
0.20748397350309428,0.1993381794776128,0.082,0.116,1,WDR11-AS1,-0,Not sig,NA
0.20749860298970302,0.6513016715981094,0.149,0.116,1,SLC25A13,-0,Not sig,NA
0.20806215948567955,-0.31738557683146773,0.597,0.635,1,ROBO2,-0,Not sig,NA
0.20843586269536332,-0.414803550564106,0.078,0.11,1,LINC01551,-0,Not sig,NA
0.2085091173340782,0.1404132663248499,0.146,0.189,1,DCAF5,-0,Not sig,NA
0.2085489026832851,-0.453856156797533,0.104,0.14,1,CAPS2,-0,Not sig,NA
0.20864595232718225,-0.125568806769352,0.205,0.262,1,VEZT,-0,Not sig,NA
0.20866015752980693,0.7057247916415703,0.179,0.146,1,MIRLET7BHG,-0,Not sig,NA
0.20911740729392234,-0.16909103388021018,0.22,0.269,1,ACBD6,-0,Not sig,NA
0.20950622075064268,-0.1073747105406131,0.093,0.13,1,ZNF800,-0,Not sig,NA
0.2096655178473015,0.10853660474949411,0.213,0.266,1,UBR2,-0,Not sig,NA
0.2097624952211131,0.548782477129685,0.224,0.186,1,TRAPPC9,-0,Not sig,NA
0.21136933831879973,-0.5963141546646515,0.194,0.236,1,SMURF1,-0,Not sig,NA
0.2117744404163319,-0.33126543982571643,0.399,0.452,1,THRB,-0,Not sig,NA
0.21376691914823373,-0.17611717578101382,0.116,0.153,1,EEPD1,-0,Not sig,NA
0.21415370710775725,-0.37431589190519154,0.157,0.199,1,FRMD3,-0,Not sig,NA
0.2142041851473758,-0.8152810158618672,0.071,0.1,1,TSPAN14,-0,Not sig,NA
0.2148660010070386,-0.5343154465593388,0.078,0.11,1,SFXN1,-0,Not sig,NA
0.21492880503891545,-0.17496872106051597,0.209,0.259,1,DMXL1,-0,Not sig,NA
0.21503300106956857,-0.20211357209358527,0.243,0.299,1,TRIM44,-0,Not sig,NA
0.21515634169761247,0.7425997933912909,0.187,0.15,1,CLMN,-0,Not sig,NA
0.21598041133424636,-0.34748231449325717,0.153,0.193,1,DENND1B,-0,Not sig,NA
0.2160975584870341,-0.24207167621645065,0.104,0.14,1,KIAA1324,-0,Not sig,NA
0.2173763269752007,-0.14560183280945588,0.112,0.15,1,SARAF,-0,Not sig,NA
0.21750134285231354,-0.33395025236641235,0.198,0.236,1,RBM33,-0,Not sig,NA
0.21775543782973822,-0.433002875004704,0.108,0.143,1,SKAP2,-0,Not sig,NA
0.21822804581920136,-0.28254727279878933,0.078,0.11,1,RPL28,-0,Not sig,NA
0.21829287173758816,0.6095065439245686,0.119,0.09,1,DPYSL5,-0,Not sig,NA
0.2183754806023413,0.9097911518406371,0.153,0.123,1,PIKFYVE,-0,Not sig,NA
0.21885381137328533,0.3900049612378318,0.228,0.193,1,ZFR,-0,Not sig,NA
0.21969089426172972,-0.28614857227353796,0.231,0.276,1,KIAA2026,-0,Not sig,NA
0.22046653424712792,-0.24701508331514277,0.071,0.1,1,CCSAP,-0,Not sig,NA
0.22058604388411715,0.8147978805642324,0.108,0.08,1,TTC7A,-0,Not sig,NA
0.22110160192225942,-1.1193034812653018,0.149,0.179,1,UNC13C,-0,Not sig,NA
0.2212780523367255,-0.11223428032090277,0.257,0.312,1,SCMH1,-0,Not sig,NA
0.22203077140998523,-0.5774223938844776,0.082,0.113,1,MTPN,-0,Not sig,NA
0.2222837999351254,0.9339885484885431,0.187,0.153,1,TTLL11,-0,Not sig,NA
0.2224133675639601,-0.5510412292644487,0.108,0.143,1,ALS2,-0,Not sig,NA
0.22261475336221206,-0.5956225365591897,0.116,0.15,1,NGLY1,-0,Not sig,NA
0.22360812565501206,-0.2333107823383349,0.407,0.465,1,RAPGEF4,-0,Not sig,NA
0.223912905629077,-0.31997261594816595,0.239,0.289,1,PDS5A,-0,Not sig,NA
0.22410404187138996,-0.3187894495012679,0.149,0.189,1,CTNNA1,-0,Not sig,NA
0.2242302738760492,-0.5114967223326997,0.112,0.146,1,WDR26,-0,Not sig,NA
0.2243007179638652,-0.2548466187238293,0.257,0.306,1,UBE2H,-0,Not sig,NA
0.2247556287304377,-0.44671199747296164,0.276,0.319,1,HSP90AA1,-0,Not sig,NA
0.2251025530685193,-0.2036602013468265,0.097,0.13,1,LHFPL4,-0,Not sig,NA
0.2251025530685193,-0.4114225394212154,0.097,0.13,1,LIN7A,-0,Not sig,NA
0.22564849075505403,-0.17604903426095297,0.093,0.126,1,DOCK11,-0,Not sig,NA
0.2260078084742476,0.6611833779026023,0.127,0.096,1,CD99L2,-0,Not sig,NA
0.22639638664953862,0.2629444973193382,0.623,0.605,1,ARID1B,-0,Not sig,NA
0.2264614033295958,0.6515615165612226,0.257,0.226,1,KIF21A,-0,Not sig,NA
0.22670627761026527,0.596511074528536,0.142,0.11,1,CDK5RAP2,-0,Not sig,NA
0.2267277451777144,-0.18591492180432706,0.093,0.126,1,ZNF83,-0,Not sig,NA
0.22674013580495458,0.5371399614724497,0.209,0.176,1,SH3PXD2A,-0,Not sig,NA
0.22678649940011425,0.19438812281276086,0.567,0.488,1,DPP10,-0,Not sig,NA
0.22689078759212514,-0.10369939525524141,0.257,0.309,1,MAP2K5,-0,Not sig,NA
0.22725152885842242,0.8539187262489063,0.157,0.126,1,ATCAY,-0,Not sig,NA
0.22748251743605,-0.24040729550284218,0.138,0.176,1,ADCY1,-0,Not sig,NA
0.2277113378275518,0.5732993955583818,0.123,0.093,1,CDK18,-0,Not sig,NA
0.22778144209458887,-0.17053836220768126,0.358,0.409,1,TENM3,-0,Not sig,NA
0.22830446510196276,-0.123324146402401,0.104,0.14,1,CHKA,-0,Not sig,NA
0.22888363862539848,-0.4054284131596585,0.071,0.1,1,MGAT3,-0,Not sig,NA
0.22909946275992188,0.4486111716677189,0.104,0.076,1,SBNO1,-0,Not sig,NA
0.22937896512482375,-0.2994784590404518,0.19,0.229,1,CTNNB1,-0,Not sig,NA
0.2300176296652285,-0.5269810682569851,0.116,0.153,1,COG6,-0,Not sig,NA
0.2300671274623726,0.7468305272350406,0.306,0.276,1,GIGYF2,-0,Not sig,NA
0.23037185358686443,-0.4748033209475202,0.082,0.113,1,GAN,-0,Not sig,NA
0.23056881051042055,0.6476794959967463,0.235,0.203,1,ITCH,-0,Not sig,NA
0.23148006149748412,-0.6199960848465851,0.101,0.133,1,TXNRD1,-0,Not sig,NA
0.23206399332377436,0.2359402497954588,0.664,0.648,1,CTNNA2,-0,Not sig,NA
0.2329711890506292,-0.27912921465093365,0.071,0.1,1,AP1G2,-0,Not sig,NA
0.23299099812079133,-0.19696577389939107,0.325,0.375,1,ANO4,-0,Not sig,NA
0.23315933004315847,0.782287166321282,0.131,0.1,1,UIMC1,-0,Not sig,NA
0.23317688497827319,-0.34902852728640144,0.071,0.1,1,TRIM23,-0,Not sig,NA
0.23338337225911623,0.2914114954569351,0.507,0.498,1,CAMTA1,-0,Not sig,NA
0.23412693469111695,-0.1681681374780125,0.116,0.15,1,SP3,-0,Not sig,NA
0.23428563278952608,0.5809195579559376,0.213,0.179,1,ACTN4,-0,Not sig,NA
0.2343266804228985,0.21747555479573377,0.153,0.199,1,ATAD2B,-0,Not sig,NA
0.23458941787289325,0.3946315601802984,0.228,0.193,1,PTPRS,-0,Not sig,NA
0.23500454373994695,-0.3321373419279497,0.138,0.176,1,CHIC1,-0,Not sig,NA
0.2352635097040575,-0.5788201757943068,0.09,0.12,1,KDM5B,-0,Not sig,NA
0.23548167149722266,-0.12946829305748553,0.272,0.319,1,SEMA6D,-0,Not sig,NA
0.23553582763125147,-0.16884089597371071,0.157,0.196,1,LRPPRC,-0,Not sig,NA
0.23560662880186756,0.4212571348302614,0.321,0.296,1,MAPK8,-0,Not sig,NA
0.23561910313856696,0.30646594872780164,0.075,0.106,1,GMPS,-0,Not sig,NA
0.23563923647580406,-0.44265661945601187,0.138,0.176,1,AP3S1,-0,Not sig,NA
0.23613725615727504,-0.13413278467278844,0.287,0.339,1,CUX1,-0,Not sig,NA
0.2364176168150606,-0.11767453094451386,0.116,0.153,1,HS3ST4,-0,Not sig,NA
0.23716505312271138,-0.8204980536890212,0.123,0.153,1,PALLD,-0,Not sig,NA
0.23732146573820564,-0.6514381197768,0.231,0.279,1,GPC5,-0,Not sig,NA
0.23786169334841503,0.17151248649740575,0.138,0.183,1,NDUFA10,-0,Not sig,NA
0.2386517128472736,-0.8918105570102517,0.078,0.106,1,ZNF235,-0,Not sig,NA
0.23908472287972918,-0.41361063526191555,0.086,0.116,1,RBM41,-0,Not sig,NA
0.23970669587638463,0.4361702031463026,0.205,0.169,1,GAREM1,-0,Not sig,NA
0.23986498292350528,0.5163768041404264,0.209,0.176,1,PARD3B,-0,Not sig,NA
0.2400570153752479,-0.14206486187445205,0.075,0.103,1,SMAD1,-0,Not sig,NA
0.24063458115017405,-0.40690789989320036,0.112,0.146,1,LRRC37B,-0,Not sig,NA
0.24067650522618259,0.5907919132885628,0.108,0.08,1,CTBP1,-0,Not sig,NA
0.24067653535605696,0.26587754068998726,0.108,0.08,1,GPC1,-0,Not sig,NA
0.24099458060034806,-0.7845120524308878,0.097,0.126,1,GTF2F2,-0,Not sig,NA
0.24117917404562353,-0.17155165993017096,0.5,0.558,1,KCNMA1,-0,Not sig,NA
0.24130100810101132,-0.39664838997335594,0.071,0.1,1,ANXA7,-0,Not sig,NA
0.24130674632746868,-0.20340980683868043,0.082,0.113,1,WTAP,-0,Not sig,NA
0.24150908299574347,-0.2517328512436279,0.22,0.266,1,KCND3,-0,Not sig,NA
0.2421382936255655,-0.47393811217563503,0.09,0.12,1,ANKS6,-0,Not sig,NA
0.24233383108928327,0.28939605614749353,0.414,0.375,1,CDKAL1,-0,Not sig,NA
0.24274993278812665,-0.21964953749187388,0.25,0.296,1,MEG8,-0,Not sig,NA
0.24309885624128133,-0.649413097350203,0.101,0.13,1,NDUFAF2,-0,Not sig,NA
0.24326425703797,0.43906621235327703,0.213,0.179,1,PABPN1,-0,Not sig,NA
0.24399884172600228,-0.2245118181706649,0.075,0.103,1,METAP2,-0,Not sig,NA
0.2441767860362873,-0.5284145675684281,0.101,0.133,1,KIAA1549,-0,Not sig,NA
0.24420762409774321,-0.40371595559856766,0.075,0.103,1,ELP3,-0,Not sig,NA
0.2442562498939808,-0.11046076248371366,0.108,0.143,1,UNC13B,-0,Not sig,NA
0.24446101507342133,-0.3378777881294909,0.09,0.12,1,PODXL2,-0,Not sig,NA
0.24482704582145978,-0.12467807442901435,0.672,0.728,1,CCSER1,-0,Not sig,NA
0.24502798141568927,0.7857468236883827,0.168,0.14,1,UBASH3B,-0,Not sig,NA
0.2450694607670815,0.9848460178952256,0.172,0.143,1,ENTPD1-AS1,-0,Not sig,NA
0.24525307231835808,-0.5172735556856188,0.075,0.103,1,HOMER2,-0,Not sig,NA
0.24541291562167505,0.5214300127481946,0.123,0.093,1,FGFR2,-0,Not sig,NA
0.24550758884213514,-1.0041494017446868,0.082,0.11,1,PEX3,-0,Not sig,NA
0.24568800092794701,0.3171861160719138,0.437,0.402,1,RTN4,-0,Not sig,NA
0.24609492865172886,0.611194500550513,0.131,0.1,1,GRIK5,-0,Not sig,NA
0.24639675770207745,0.4840528309986065,0.373,0.349,1,TNRC6C,-0,Not sig,NA
0.24648047095043651,-0.40317111922536364,0.168,0.206,1,KIF3A,-0,Not sig,NA
0.24650743585961174,-0.23585960455809762,0.336,0.392,1,NFAT5,-0,Not sig,NA
0.24711172003381604,-0.34362299214041675,0.116,0.15,1,SCARB1,-0,Not sig,NA
0.24753872285883788,0.4754379490102151,0.112,0.083,1,FERMT2,-0,Not sig,NA
0.24807939649677002,-0.43039558558646623,0.101,0.133,1,USP13,-0,Not sig,NA
0.24931283126590217,-0.8426097967558311,0.078,0.106,1,ADCY3,-0,Not sig,NA
0.24983526963672648,0.49840224255210663,0.377,0.365,1,AK5,-0,Not sig,NA
0.2498815104906639,0.5421194345919869,0.131,0.1,1,UNC13A,-0,Not sig,NA
0.25027871518540107,0.26883411851439787,0.545,0.548,1,TCF12,-0,Not sig,NA
0.2506462295095995,0.3024133639303891,0.164,0.13,1,AF117829.1,-0,Not sig,NA
0.2507311636992374,-0.6295466186196099,0.09,0.12,1,PITPNM2,-0,Not sig,NA
0.2509937331532417,-0.6880383150252994,0.116,0.146,1,YPEL3,-0,Not sig,NA
0.2513101617134181,1.1187350842437123,0.104,0.08,1,XRRA1,-0,Not sig,NA
0.25155769629517327,0.47805028844610964,0.224,0.189,1,SLC23A2,-0,Not sig,NA
0.2527966428161673,-0.186179842503022,0.164,0.203,1,PWRN1,-0,Not sig,NA
0.2529182252153854,-0.5245047599479665,0.093,0.123,1,STAMBPL1,-0,Not sig,NA
0.2529459918853469,0.5430979292991189,0.228,0.196,1,CREB5,-0,Not sig,NA
0.2531070940998478,0.3573834574740544,0.418,0.392,1,FRYL,-0,Not sig,NA
0.25317179446019705,0.4990615275045094,0.325,0.299,1,MAP4K5,-0,Not sig,NA
0.25357536545351267,-0.3156850165907581,0.134,0.169,1,GAPVD1,-0,Not sig,NA
0.2540948846918526,-0.16170575826425942,0.127,0.163,1,SCARB2,-0,Not sig,NA
0.2542452210475389,0.16032091185792152,0.082,0.113,1,ZC4H2,-0,Not sig,NA
0.25440564967241747,-0.5792570812432551,0.101,0.13,1,USO1,-0,Not sig,NA
0.2546390533556819,-0.3640377406027838,0.276,0.322,1,LRRFIP2,-0,Not sig,NA
0.2558241017841073,-0.22328669978610438,0.101,0.133,1,SH3RF1,-0,Not sig,NA
0.25583133084485665,-0.4383088823359944,0.127,0.159,1,SCAMP1,-0,Not sig,NA
0.2564866895247737,-0.19073990441007505,0.444,0.498,1,PDE4DIP,-0,Not sig,NA
0.2570605755480619,0.20476236952794213,0.854,0.827,1,RBFOX1,-0,Not sig,NA
0.257259159227604,0.26833823177312477,0.101,0.073,1,LTBP1,-0,Not sig,NA
0.2573964975445613,-0.40643636426668683,0.19,0.226,1,DCUN1D4,-0,Not sig,NA
0.2574988843122963,0.22079211608109228,0.228,0.189,1,CAPZB,-0,Not sig,NA
0.25792187069056377,0.16204253375814576,0.104,0.14,1,WASL,-0,Not sig,NA
0.25838570011723017,0.12049725625771379,0.082,0.113,1,SCYL2,-0,Not sig,NA
0.2584518628421525,0.877270312762676,0.16,0.133,1,HBS1L,-0,Not sig,NA
0.2587547649841911,-0.32877843660356515,0.168,0.206,1,ADD2,-0,Not sig,NA
0.25954559115444376,-0.2907808636710304,0.168,0.206,1,TLK2,-0,Not sig,NA
0.26042809653120724,0.24159107262378798,0.231,0.189,1,ADNP,-0,Not sig,NA
0.2604795860517416,0.9139942572347295,0.108,0.083,1,SHLD2,-0,Not sig,NA
0.26062262699678423,0.2296521159151963,0.493,0.475,1,KIF1B,-0,Not sig,NA
0.26072072666491747,0.925998432146145,0.104,0.08,1,OLFM2,-0,Not sig,NA
0.26099499753888844,0.19334647717782794,0.392,0.475,1,CACNA2D3,-0,Not sig,NA
0.2612839772632324,0.730668498953934,0.213,0.183,1,TARBP1,-0,Not sig,NA
0.26143129188929753,-0.397085048228191,0.108,0.14,1,MFF,-0,Not sig,NA
0.26285188498140794,-0.12211862988944533,0.194,0.239,1,INVS,-0,Not sig,NA
0.2628853635424191,0.15737869916008285,0.108,0.08,1,AC106791.1,-0,Not sig,NA
0.2628855048068872,-0.11578436993288879,0.168,0.206,1,HNRNPA2B1,-0,Not sig,NA
0.2629351667663999,-0.7605816801811804,0.082,0.11,1,DNAJC3,-0,Not sig,NA
0.26310140600306503,-0.3894727660506696,0.078,0.106,1,RNPS1,-0,Not sig,NA
0.2635154250699228,0.4867714506332642,0.239,0.206,1,TAOK3,-0,Not sig,NA
0.26363538441810525,-0.9194820188574702,0.075,0.1,1,NCOA5,-0,Not sig,NA
0.2639261485996537,0.769728279108296,0.16,0.133,1,N4BP2L1,-0,Not sig,NA
0.264007011225926,-0.13449570184875415,0.116,0.153,1,MYH10,-0,Not sig,NA
0.26445786203264554,-0.10424542342646426,0.22,0.262,1,SLC22A23,-0,Not sig,NA
0.2645135054356009,-0.2655693645617263,0.16,0.196,1,CDC42SE2,-0,Not sig,NA
0.2654171175931186,-0.8285725780180615,0.075,0.1,1,MAP3K1,-0,Not sig,NA
0.265966734029531,0.6092637220548933,0.19,0.159,1,NSG2,-0,Not sig,NA
0.2664676233028517,0.3802013792688952,0.153,0.123,1,SPAST,-0,Not sig,NA
0.2666231434470413,-0.3080713623720027,0.112,0.143,1,EPS15L1,-0,Not sig,NA
0.2669417163150032,-0.47625290971266315,0.149,0.183,1,ACVR2A,-0,Not sig,NA
0.2673075595317099,-0.2616081128336418,0.306,0.355,1,KIF5C,-0,Not sig,NA
0.26855917090602743,0.1189245558393783,0.168,0.133,1,BACH1,-0,Not sig,NA
0.26879594696287473,-0.3312717875598843,0.175,0.209,1,FRRS1L,-0,Not sig,NA
0.26886834835981127,-0.10812346757479374,0.313,0.365,1,SLC35F1,-0,Not sig,NA
0.2690943286644418,0.21518138905140427,0.448,0.429,1,ADARB2,-0,Not sig,NA
0.26911851434883044,-0.5464204873597879,0.086,0.113,1,RAB11A,-0,Not sig,NA
0.26911915874945447,0.7673985806870159,0.16,0.133,1,HDAC2-AS2,-0,Not sig,NA
0.26932541480580524,-0.29951639873325153,0.187,0.223,1,ITM2B,-0,Not sig,NA
0.26950430283455223,-0.14833930284497032,0.104,0.136,1,PPP4R2,-0,Not sig,NA
0.270043066924875,0.17560936698172713,0.172,0.14,1,PALM2,-0,Not sig,NA
0.2707249302980066,0.11587373385342248,0.071,0.1,1,SELENOF,-0,Not sig,NA
0.27090519327540197,-0.18648120960395576,0.119,0.153,1,SSFA2,-0,Not sig,NA
0.27221194139291677,-0.12996730183329158,0.101,0.133,1,CSNK1E,-0,Not sig,NA
0.27224618327443406,-0.2978521147587392,0.593,0.654,1,JMJD1C,-0,Not sig,NA
0.272526541080974,0.2899606659499687,0.455,0.422,1,CELF4,-0,Not sig,NA
0.27283829437739837,-0.1909232537178166,0.179,0.219,1,SND1,-0,Not sig,NA
0.27311715374998397,-0.1692341486447328,0.187,0.226,1,PLEKHA1,-0,Not sig,NA
0.27324843275541166,-0.2618727830277049,0.112,0.146,1,ABCD3,-0,Not sig,NA
0.27333553669962346,-0.13926361091650563,0.228,0.272,1,CNOT2,-0,Not sig,NA
0.2735374405690032,0.7919354105181201,0.101,0.076,1,EFCAB6,-0,Not sig,NA
0.27450505600500164,0.29951198046307814,0.336,0.299,1,CAMSAP2,-0,Not sig,NA
0.2748326566411218,0.21971994270343043,0.392,0.365,1,EXT1,-0,Not sig,NA
0.27561774133207756,-0.24221730177202694,0.257,0.302,1,STAU2,-0,Not sig,NA
0.2759914648728954,0.1443623202648433,0.153,0.196,1,SLC16A7,-0,Not sig,NA
0.27623635044547346,-0.1869153580741941,0.153,0.193,1,PHTF2,-0,Not sig,NA
0.27721422170288007,-0.20315826766583922,0.082,0.11,1,CD81,-0,Not sig,NA
0.27732002579196396,-0.5548920644252378,0.097,0.126,1,RBPMS,-0,Not sig,NA
0.2779099907312981,-0.15771038606906718,0.507,0.555,1,AKAP6,-0,Not sig,NA
0.27792059808137054,-0.1906271499496448,0.243,0.286,1,UBE2K,-0,Not sig,NA
0.27804138460717676,-0.13467317482797014,0.373,0.432,1,MAST4,-0,Not sig,NA
0.27975668639029694,-0.45515060362524307,0.134,0.166,1,NEK7,-0,Not sig,NA
0.2808006749821314,0.16884302074828061,0.086,0.116,1,ORC3,-0,Not sig,NA
0.28090259487340885,0.6921190029653067,0.246,0.223,1,RC3H1,-0,Not sig,NA
0.28131598118687845,-0.1108967535506733,0.537,0.598,1,CNTN1,-0,Not sig,NA
0.2814492191235076,1.0578987330024052,0.123,0.1,1,IQCK,-0,Not sig,NA
0.2814878590388531,0.13196426546966888,0.634,0.628,1,DAB1,-0,Not sig,NA
0.2815507852384584,0.5680470929897181,0.112,0.086,1,SEC22A,-0,Not sig,NA
0.28155898893822656,-0.14211177852457615,0.16,0.196,1,RNF111,-0,Not sig,NA
0.28156140360878673,-0.19656120126576138,0.179,0.219,1,NELL1,-0,Not sig,NA
0.2815653981838347,-0.20526589557838276,0.209,0.246,1,GPBP1,-0,Not sig,NA
0.2819141578372085,0.34428911841533644,0.078,0.106,1,SLC38A9,-0,Not sig,NA
0.28225520674058724,0.413289912267377,0.545,0.551,1,ATXN1,-0,Not sig,NA
0.2824529078329621,-0.34380740910201446,0.112,0.143,1,FAM219A,-0,Not sig,NA
0.2827573004314389,0.9054435229159381,0.101,0.076,1,SLC27A1,-0,Not sig,NA
0.28309230284862646,-0.41160925293036466,0.093,0.123,1,DOK5,-0,Not sig,NA
0.2831230264699044,0.5585686731997799,0.313,0.289,1,PRKD1,-0,Not sig,NA
0.2832237921719925,-0.3758195955373351,0.075,0.1,1,YAP1,-0,Not sig,NA
0.2832446173498245,-0.3846510102635561,0.213,0.249,1,CIT,-0,Not sig,NA
0.28327575643627534,-0.32667938833802335,0.078,0.106,1,GABPB1-AS1,-0,Not sig,NA
0.2841528030905691,0.6098896940124942,0.187,0.156,1,RBM5,-0,Not sig,NA
0.28478602298010763,-0.11000265297828968,0.157,0.196,1,RAB30,-0,Not sig,NA
0.28547354394683017,-0.32731799837080566,0.328,0.359,1,DYRK1A,-0,Not sig,NA
0.28602099320898616,-0.48260798878820826,0.164,0.199,1,PELI2,-0,Not sig,NA
0.2874453810046149,-0.4283806701053604,0.075,0.1,1,NME5,-0,Not sig,NA
0.2877973494347912,-0.15883284378609663,0.328,0.365,1,BMPR2,-0,Not sig,NA
0.2879510945554387,0.11235917626984182,0.168,0.213,1,COMMD10,-0,Not sig,NA
0.2884312172911623,-0.1302202084381081,0.194,0.233,1,NEO1,-0,Not sig,NA
0.28849483838249185,0.7165366185990684,0.287,0.266,1,KLHL32,-0,Not sig,NA
0.28889641768930346,0.35210693592100734,0.269,0.243,1,SETD2,-0,Not sig,NA
0.28907876251206177,-0.10214252650490208,0.216,0.259,1,ZNF721,-0,Not sig,NA
0.29048962058168837,-0.13293701050430995,0.172,0.209,1,USP15,-0,Not sig,NA
0.29146089954591836,0.20544637571021068,0.172,0.219,1,ATP6V1H,-0,Not sig,NA
0.2917595437977813,0.549344650132562,0.131,0.103,1,RBBP4,-0,Not sig,NA
0.29198020246172773,-0.20127492043926143,0.347,0.395,1,PHIP,-0,Not sig,NA
0.2920823059967959,0.31017335981974453,0.093,0.123,1,ROR1,-0,Not sig,NA
0.2921775195657581,0.47040369254391456,0.313,0.286,1,SPTBN4,-0,Not sig,NA
0.29402451560626625,0.3238564552255938,0.086,0.116,1,RBAK-RBAKDN,-0,Not sig,NA
0.29403668635062796,-0.4288357345805579,0.093,0.12,1,SLC7A1,-0,Not sig,NA
0.2943465160575527,0.13408322571178277,0.146,0.183,1,SPATA5,-0,Not sig,NA
0.2947380627023113,0.5517329205093905,0.131,0.106,1,FOXN2,-0,Not sig,NA
0.29498817912260455,-0.5282796876039366,0.086,0.113,1,DHX9,-0,Not sig,NA
0.29524213530925464,-0.15488956834884876,0.112,0.143,1,RSU1,-0,Not sig,NA
0.29525728023127057,0.22704116043365463,0.597,0.595,1,DST,-0,Not sig,NA
0.2953121189025643,0.868698009609356,0.134,0.11,1,KPNA4,-0,Not sig,NA
0.29557606981582196,-0.17375451486281546,0.127,0.156,1,C15orf41,-0,Not sig,NA
0.29570595220946305,-0.3488668734135201,0.235,0.279,1,EPHA5,-0,Not sig,NA
0.2957435027299324,-0.39800678094400627,0.142,0.173,1,STAT5B,-0,Not sig,NA
0.29601537243604653,-0.3379379686904984,0.075,0.1,1,IGFL4,-0,Not sig,NA
0.29603457687735896,-0.7821113678158222,0.078,0.103,1,CGGBP1,-0,Not sig,NA
0.29610832119980274,-0.11429470841283906,0.231,0.272,1,SPECC1,-0,Not sig,NA
0.2961988517497437,0.35546963612696103,0.216,0.179,1,PLCXD3,-0,Not sig,NA
0.29626844758585125,0.4518939311408686,0.086,0.116,1,PRPSAP1,-0,Not sig,NA
0.29640987904955257,-0.2854197017589844,0.101,0.13,1,SLC4A4,-0,Not sig,NA
0.2968003715018916,-0.1190218743959448,0.086,0.113,1,APOO,-0,Not sig,NA
0.2988350849935092,-0.5133175705765327,0.157,0.189,1,IQSEC1,-0,Not sig,NA
0.29903541707263515,-0.1133994188916887,0.463,0.508,1,DTNA,-0,Not sig,NA
0.29935903973560163,0.8031526400599805,0.175,0.153,1,KIF1A,-0,Not sig,NA
0.29998281550220945,0.5650232402416304,0.168,0.14,1,USP48,-0,Not sig,NA
0.3004188031349139,-0.20508371870793363,0.194,0.236,1,SPAG16,-0,Not sig,NA
0.3008098040857318,0.1419931256659504,0.116,0.15,1,IREB2,-0,Not sig,NA
0.3013312072261389,0.9655577415175532,0.138,0.113,1,AC097376.2,-0,Not sig,NA
0.3019341870176264,0.37297373345636964,0.302,0.269,1,WDR70,-0,Not sig,NA
0.3022177657523576,-0.3737474466570522,0.078,0.103,1,HERPUD2,-0,Not sig,NA
0.3023883278917186,-0.17881391574459737,0.437,0.505,1,TBC1D5,-0,Not sig,NA
0.30256561134549986,0.19359145569967284,0.127,0.1,1,ZXDC,-0,Not sig,NA
0.30310266293435484,-0.10263222796787963,0.082,0.11,1,RAD18,-0,Not sig,NA
0.3035655571851875,-0.2296199997326239,0.127,0.159,1,KRIT1,-0,Not sig,NA
0.30441578964465665,0.6548708685270741,0.153,0.126,1,N4BP1,-0,Not sig,NA
0.3045096355331091,-0.25965558277389345,0.075,0.1,1,TRAF3IP1,-0,Not sig,NA
0.3046351834222372,0.6334930962819929,0.198,0.173,1,TMEM245,-0,Not sig,NA
0.30475960246459394,-0.33388269788192904,0.116,0.146,1,MINDY2,-0,Not sig,NA
0.3048775653606577,0.7054156386329293,0.142,0.116,1,RBMX,-0,Not sig,NA
0.30586321016873613,0.21085421878848684,0.146,0.116,1,CFAP161,-0,Not sig,NA
0.30609148251164625,-0.2931281702084063,0.582,0.611,1,LRRC4C,-0,Not sig,NA
0.30638318864834385,-0.3434843437818845,0.16,0.193,1,TAF3,-0,Not sig,NA
0.3065484509363929,-0.3658098001612733,0.078,0.103,1,CEP57,-0,Not sig,NA
0.30719352355322466,0.22494118074475178,0.142,0.113,1,IP6K1,-0,Not sig,NA
0.3086950036478411,-0.12688855717099046,0.187,0.219,1,RAB2A,-0,Not sig,NA
0.3089110752613748,0.16215878983328924,0.522,0.475,1,GRIA4,-0,Not sig,NA
0.3090542173483235,-0.6515623349356466,0.104,0.13,1,GLCE,-0,Not sig,NA
0.3095621052852352,0.4336627468624995,0.131,0.103,1,LPIN1,-0,Not sig,NA
0.3098377495937505,0.5711047432647736,0.112,0.086,1,U91319.1,-0,Not sig,NA
0.3104110366055197,-0.30113080017589233,0.224,0.262,1,CDH12,-0,Not sig,NA
0.31107530246143267,-0.3387771116047871,0.153,0.189,1,RCOR3,-0,Not sig,NA
0.3113612471861983,0.12538511019696252,0.257,0.219,1,SOX6,-0,Not sig,NA
0.3114865202806174,0.44215355410420926,0.172,0.143,1,C16orf45,-0,Not sig,NA
0.3115458642310075,-0.7299856223950656,0.146,0.173,1,MCU,-0,Not sig,NA
0.31167972176848646,0.15691089783363837,0.138,0.173,1,ABCC5,-0,Not sig,NA
0.3117348603318416,-0.24309150358718573,0.134,0.169,1,MIAT,-0,Not sig,NA
0.31198748482201305,0.5299674167060703,0.16,0.133,1,EP400,-0,Not sig,NA
0.31222052396232886,0.225893877139052,0.09,0.12,1,CXXC5,-0,Not sig,NA
0.31228527754763763,0.5154399413239182,0.153,0.126,1,STAU1,-0,Not sig,NA
0.3123895699971147,-0.48577338724640307,0.082,0.106,1,LINC00630,-0,Not sig,NA
0.3126091903354273,-0.11202809369116273,0.198,0.239,1,RAB28,-0,Not sig,NA
0.3127078845142543,-0.10271027008905742,0.108,0.14,1,PIGN,-0,Not sig,NA
0.3131963084055929,0.2563485157188625,0.101,0.133,1,GNB5,-0,Not sig,NA
0.31358288649098526,0.9230642094473198,0.127,0.103,1,BLCAP,-0,Not sig,NA
0.31369000162357136,-0.16089183219927455,0.134,0.169,1,STX18,-0,Not sig,NA
0.3137189532711943,-0.34254004551173356,0.093,0.12,1,IRAK1BP1,-0,Not sig,NA
0.31470608728396726,0.20674765153778868,0.123,0.096,1,ANAPC1,-0,Not sig,NA
0.3148290982388404,0.6766903012373824,0.116,0.093,1,PRIM2,-0,Not sig,NA
0.3152489858910647,-0.302837237348809,0.168,0.199,1,ATF2,-0,Not sig,NA
0.31557224290005487,0.5085160350038342,0.317,0.292,1,ANKIB1,-0,Not sig,NA
0.3158340367179926,-0.10526024806554912,0.254,0.296,1,PCSK2,-0,Not sig,NA
0.31600873952145453,0.3755263165535041,0.474,0.462,1,PTPRN2,-0,Not sig,NA
0.3161092437838248,-0.3945020283719568,0.157,0.186,1,CREBRF,-0,Not sig,NA
0.3161172075496045,-0.1279876027182658,0.328,0.375,1,ADAM22,-0,Not sig,NA
0.3169056587245766,-0.22108174813781706,0.172,0.206,1,TBCA,-0,Not sig,NA
0.31703513567151237,-0.3019916316422534,0.246,0.279,1,PI4KA,-0,Not sig,NA
0.3178492799210062,-0.30622681559630244,0.093,0.12,1,ST5,-0,Not sig,NA
0.3189119842697248,-0.15881962086519474,0.168,0.206,1,LINC01184,-0,Not sig,NA
0.31917482931576224,0.19180482968782575,0.108,0.083,1,AC124319.2,-0,Not sig,NA
0.31941256551159575,0.42501846851612957,0.127,0.163,1,G3BP1,-0,Not sig,NA
0.3200345314215185,-0.2398457984033021,0.078,0.103,1,GLT1D1,-0,Not sig,NA
0.32052537945938603,0.304643167995551,0.104,0.136,1,INPP5A,-0,Not sig,NA
0.320552097002075,0.1024148989472463,0.168,0.206,1,ANKRD13C,-0,Not sig,NA
0.3208002470790307,-0.2676822388019455,0.119,0.15,1,RAP1GAP2,-0,Not sig,NA
0.32127494090151903,-0.7523062310101003,0.086,0.11,1,CRMP1,-0,Not sig,NA
0.3221952223940355,0.1216408102454157,0.101,0.13,1,ARMC9,-0,Not sig,NA
0.32224585498673936,0.12604315839233304,0.146,0.116,1,CCDC84,-0,Not sig,NA
0.323196762912469,0.1313454181733038,0.28,0.336,1,MUC20-OT1,-0,Not sig,NA
0.3233885383303916,-0.13891130747913666,0.112,0.14,1,PAPSS1,-0,Not sig,NA
0.32394674590362826,0.4333027891945685,0.205,0.179,1,ABL1,-0,Not sig,NA
0.32442146813389416,0.1728023659602635,0.19,0.236,1,ZNF451,-0,Not sig,NA
0.3246876964194234,-0.20217471776404067,0.153,0.186,1,GALNT11,-0,Not sig,NA
0.3250670249429992,-0.6270769317207439,0.082,0.106,1,AL033504.1,-0,Not sig,NA
0.32508754746248514,0.4033182983350827,0.302,0.279,1,ACYP2,-0,Not sig,NA
0.32529415231124237,0.2614944221729728,0.101,0.076,1,SMIM14,-0,Not sig,NA
0.3256002176846042,0.9432858426670627,0.112,0.09,1,FEZ1,-0,Not sig,NA
0.32606819113359065,-0.2908481888755875,0.142,0.173,1,FP700111.1,-0,Not sig,NA
0.3260830158091217,0.7810573831611136,0.112,0.09,1,TRIM24,-0,Not sig,NA
0.3261193503950849,0.5865279331609209,0.172,0.15,1,POM121C,-0,Not sig,NA
0.32729465786526313,-0.12042814170409788,0.082,0.106,1,MARCH8,-0,Not sig,NA
0.32729936717970204,0.12745718334753808,0.078,0.103,1,SYNGR1,-0,Not sig,NA
0.3273065393230315,-0.14500099161385405,0.09,0.116,1,EIF3E,-0,Not sig,NA
0.3277743550150635,-0.15365525288766163,0.131,0.159,1,NAA25,-0,Not sig,NA
0.3278711147480172,0.5068784361162865,0.138,0.113,1,FAM66C,-0,Not sig,NA
0.32836895198952126,0.765492312690869,0.101,0.08,1,HPSE2,-0,Not sig,NA
0.3291313854140061,-0.5541637301885521,0.127,0.153,1,EEA1,-0,Not sig,NA
0.3293673222590715,0.28843382533895334,0.116,0.09,1,PCDH17,-0,Not sig,NA
0.3294042776647359,-0.26996191480068665,0.317,0.365,1,JAKMIP2,-0,Not sig,NA
0.32969890585882183,-0.31965789727043437,0.224,0.262,1,PKN2,-0,Not sig,NA
0.3297706111608601,-0.4636145012706836,0.134,0.163,1,VSTM2A,-0,Not sig,NA
0.3298083248303264,0.37067057337302,0.257,0.226,1,VPS8,-0,Not sig,NA
0.3298247848069071,0.11159277272529378,0.228,0.193,1,CPEB2,-0,Not sig,NA
0.33015687686508693,0.42514897713624306,0.183,0.156,1,RDX,-0,Not sig,NA
0.3307921001858191,-0.40373750484208193,0.168,0.196,1,HTT,-0,Not sig,NA
0.33096215095242565,0.5383049367328322,0.198,0.173,1,MORF4L1,-0,Not sig,NA
0.33123377742235616,-0.2247441651180306,0.104,0.133,1,ZNF521,-0,Not sig,NA
0.3312936388837255,0.43584278616433747,0.22,0.189,1,TET2,-0,Not sig,NA
0.331685257970334,-0.1557038611050549,0.104,0.133,1,SLC4A8,-0,Not sig,NA
0.3322266675468191,0.6149638824205372,0.257,0.233,1,SLC6A1,-0,Not sig,NA
0.3328237420042878,-0.1270446656771691,0.112,0.143,1,TXNIP,-0,Not sig,NA
0.33288143488170074,-0.36406427573123756,0.078,0.103,1,DNAJC7,-0,Not sig,NA
0.33323027445025993,-0.279386830345057,0.183,0.213,1,MAPK8IP3,-0,Not sig,NA
0.33345746799246384,0.21447303747681223,0.22,0.193,1,ZFHX3,-0,Not sig,NA
0.33351650532218435,-0.33446254078351667,0.216,0.249,1,MIB1,-0,Not sig,NA
0.3335253459955579,0.5065617764702817,0.16,0.136,1,WDR20,-0,Not sig,NA
0.33358340609409515,0.4187071580343683,0.224,0.196,1,TRIM33,-0,Not sig,NA
0.33370772552865086,-0.26898624190963805,0.123,0.153,1,LMO7,-0,Not sig,NA
0.33419755145178337,-0.1267560166086512,0.392,0.455,1,TMEM178B,-0,Not sig,NA
0.3347018261430393,0.38140533011059663,0.116,0.09,1,CPLX2,-0,Not sig,NA
0.33492978552864294,-0.2788644825929639,0.101,0.13,1,RARS2,-0,Not sig,NA
0.3349934320882342,-0.13002750001924257,0.09,0.116,1,TMEM87A,-0,Not sig,NA
0.33556881014092377,0.33883510538047257,0.366,0.339,1,HERC4,-0,Not sig,NA
0.3358694674242113,-0.140694900591903,0.142,0.173,1,SLC41A2,-0,Not sig,NA
0.33607596533513523,-0.46893649524233916,0.101,0.126,1,NDRG3,-0,Not sig,NA
0.3367428013390475,-0.3575555394975103,0.104,0.13,1,ZBTB1,-0,Not sig,NA
0.3369303103208523,0.254714967717969,0.291,0.262,1,NCOR1,-0,Not sig,NA
0.337483365489166,0.6599290186242537,0.287,0.262,1,CDH8,-0,Not sig,NA
0.3377290361135027,0.12317165110420067,0.149,0.12,1,SVEP1,-0,Not sig,NA
0.3378667154388435,0.5165305765575521,0.138,0.113,1,ARHGAP17,-0,Not sig,NA
0.33813472247120524,0.2503780415072354,0.119,0.153,1,NCK2,-0,Not sig,NA
0.33821335372679384,0.5687914660873861,0.231,0.206,1,CLEC16A,-0,Not sig,NA
0.33893623541696716,-0.15729659798992957,0.108,0.136,1,GOSR1,-0,Not sig,NA
0.3394212387937095,-0.10341902737080674,0.104,0.133,1,ABCA10,-0,Not sig,NA
0.3411098566333001,-0.1988190748304871,0.078,0.103,1,DLGAP3,-0,Not sig,NA
0.341453400037361,0.35749387669497446,0.142,0.116,1,SMAP2,-0,Not sig,NA
0.34209533403165987,-0.10410832936591907,0.19,0.226,1,CNTN3,-0,Not sig,NA
0.3421525502975528,-0.10430395675055973,0.138,0.169,1,VPS50,-0,Not sig,NA
0.3428187992489604,0.26692893750017344,0.187,0.156,1,CENPP,-0,Not sig,NA
0.344958491347757,-0.12564974229702103,0.082,0.106,1,AC091948.1,-0,Not sig,NA
0.3450574694097031,-0.11755705132918357,0.16,0.193,1,CLCN3,-0,Not sig,NA
0.3454798800894911,0.43664415617090285,0.239,0.216,1,MAPK1,-0,Not sig,NA
0.3459033224629122,-0.14061482290958804,0.243,0.282,1,STRN3,-0,Not sig,NA
0.3462364854318183,-0.24713811840107003,0.216,0.249,1,BICRAL,-0,Not sig,NA
0.34655802577111594,-0.28315121179894376,0.127,0.156,1,SYT11,-0,Not sig,NA
0.3467809279463652,-0.1434834110744897,0.146,0.176,1,CA10,-0,Not sig,NA
0.3472558198015862,0.758355881867658,0.194,0.173,1,SORL1,-0,Not sig,NA
0.34741061577085697,0.44416238861427254,0.179,0.153,1,COL21A1,-0,Not sig,NA
0.34751075134188864,0.4800296282007084,0.302,0.279,1,R3HDM2,-0,Not sig,NA
0.3479841351886994,1.2154113696409279,0.127,0.106,1,PCDH10,-0,Not sig,NA
0.3483444277525933,0.3710867787573166,0.123,0.1,1,LAMC1,-0,Not sig,NA
0.34904776333915766,0.3988376334055446,0.086,0.113,1,KITLG,-0,Not sig,NA
0.3497148364914648,0.6757454860527783,0.108,0.086,1,RTTN,-0,Not sig,NA
0.3497650079979301,0.14516174327162956,0.216,0.186,1,MOB3B,-0,Not sig,NA
0.3503427629729587,0.27755337874234354,0.19,0.233,1,FMN1,-0,Not sig,NA
0.35040862639481074,-0.1994174009436619,0.134,0.163,1,TBC1D1,-0,Not sig,NA
0.3508168697368907,0.6873143742803034,0.112,0.09,1,LSS,-0,Not sig,NA
0.35153432140289104,-0.15215835297922112,0.127,0.156,1,CSNK2A1,-0,Not sig,NA
0.351819620591461,-0.3943857076051305,0.127,0.153,1,TRIP11,-0,Not sig,NA
0.3538615464248948,-0.4651273621238541,0.149,0.176,1,ATP11A,-0,Not sig,NA
0.3542942703310144,0.6242137580012797,0.131,0.11,1,AC009690.1,-0,Not sig,NA
0.35437055858055877,0.20027345056684454,0.265,0.233,1,TBC1D22A,-0,Not sig,NA
0.35456643414308553,-0.8287545644800001,0.09,0.113,1,TERF1,-0,Not sig,NA
0.3550582021969886,0.5574578236381623,0.101,0.08,1,C12orf76,-0,Not sig,NA
0.3553784386272375,-0.15745289594888845,0.097,0.123,1,TMEM161B,-0,Not sig,NA
0.3554148264045844,-0.32102257738847506,0.086,0.11,1,CLK1,-0,Not sig,NA
0.35618724523487016,-0.2024709878138523,0.086,0.11,1,DCAF7,-0,Not sig,NA
0.35643002533782875,0.46235120918235817,0.082,0.11,1,ASXL2,-0,Not sig,NA
0.3566167292285202,0.36894160138530174,0.131,0.106,1,HGSNAT,-0,Not sig,NA
0.35669662258816043,-0.15360620337245917,0.116,0.143,1,DPY19L2,-0,Not sig,NA
0.35736045899501373,0.5135819696675109,0.246,0.219,1,UBE4B,-0,Not sig,NA
0.3575408715466519,0.44789838697035844,0.246,0.219,1,UBE3C,-0,Not sig,NA
0.3575474222877225,0.1430015237359985,0.552,0.515,1,NKAIN2,-0,Not sig,NA
0.35833006282510244,-0.4686758778143514,0.123,0.15,1,SMURF2,-0,Not sig,NA
0.35864718724921535,0.3987081102949239,0.366,0.346,1,C9orf3,-0,Not sig,NA
0.3589005958803541,-0.6041168048467884,0.082,0.103,1,ZDBF2,-0,Not sig,NA
0.35930195207633525,-0.4955092729331493,0.127,0.153,1,PRKAR1B,-0,Not sig,NA
0.3593533169164242,0.41727216682180346,0.119,0.096,1,KAT2A,-0,Not sig,NA
0.35944422442762336,-0.17913378711509687,0.108,0.136,1,SPOPL,-0,Not sig,NA
0.36026257235084,0.3074915567211687,0.287,0.256,1,SGCD,-0,Not sig,NA
0.3603285202552225,1.0563092737996953,0.116,0.096,1,GPR176,-0,Not sig,NA
0.360755083052697,0.7626994020895654,0.168,0.146,1,APPBP2,-0,Not sig,NA
0.3610936873586332,-0.1692606965988016,0.131,0.159,1,ENO2,-0,Not sig,NA
0.36132188351344985,0.23293116260119007,0.313,0.282,1,FNBP1,-0,Not sig,NA
0.3620035720637485,0.12143348442191707,0.164,0.136,1,PPP1R21,-0,Not sig,NA
0.3629488068421922,-0.12079913303633971,0.175,0.206,1,FBXL5,-0,Not sig,NA
0.3630307339495769,-0.24467460603334718,0.168,0.196,1,AKAP8L,-0,Not sig,NA
0.3631144704627083,0.1517899792307491,0.246,0.289,1,GRIA3,-0,Not sig,NA
0.3634348928817765,0.5133604680271443,0.243,0.219,1,SLC9A9,-0,Not sig,NA
0.3636847893812254,0.2433067654119116,0.108,0.136,1,FGFR1OP2,-0,Not sig,NA
0.36448027106731484,0.2426816476552851,0.142,0.173,1,SNCA,-0,Not sig,NA
0.36480259613037164,-0.10072171347140291,0.295,0.339,1,RNF130,-0,Not sig,NA
0.36489954423064136,0.14621800636734172,0.209,0.249,1,NEK1,-0,Not sig,NA
0.3654759976250214,0.3124263983357266,0.209,0.179,1,MYO1D,-0,Not sig,NA
0.36595536158151376,0.43351661209643977,0.104,0.133,1,RECK,-0,Not sig,NA
0.36612525573133825,0.18848525747527378,0.108,0.086,1,EIPR1,-0,Not sig,NA
0.3664126883119962,0.16857587494380272,0.101,0.126,1,SLC22A15,-0,Not sig,NA
0.3664350313575079,-0.44097391228302796,0.078,0.1,1,MGRN1,-0,Not sig,NA
0.3666362494987974,0.49643611774853175,0.116,0.093,1,TPTEP2-CSNK1E,-0,Not sig,NA
0.366675371771383,-0.14426122554789256,0.082,0.106,1,FIG4,-0,Not sig,NA
0.3672163388828996,-0.20159405341292774,0.097,0.123,1,AMMECR1,-0,Not sig,NA
0.36791898572728693,0.32243838110239265,0.09,0.116,1,ICE1,-0,Not sig,NA
0.368608619727688,-0.24625802211947345,0.466,0.488,1,FBXL17,-0,Not sig,NA
0.36916194308607786,-0.10733653297609269,0.407,0.445,1,ABLIM1,-0,Not sig,NA
0.3694177747155711,-0.13131043542196108,0.127,0.156,1,ORC4,-0,Not sig,NA
0.3698655494613796,0.5599463312349924,0.16,0.14,1,ARIH2,-0,Not sig,NA
0.37075243599240776,-0.4648899176583794,0.187,0.216,1,SORCS3,-0,Not sig,NA
0.3709055139248943,-0.13573458601470512,0.134,0.166,1,RBBP6,-0,Not sig,NA
0.37128688015515837,-0.11406257547535137,0.25,0.286,1,SMCHD1,-0,Not sig,NA
0.37196275898802444,0.24955147652148943,0.112,0.09,1,ADAMTS17,-0,Not sig,NA
0.37214756239046853,0.5591603721269972,0.231,0.213,1,OPHN1,-0,Not sig,NA
0.37235226644488767,0.19826597930924308,0.153,0.186,1,CBWD5,-0,Not sig,NA
0.37298587516530113,-0.13790147469547087,0.257,0.289,1,KIDINS220,-0,Not sig,NA
0.3730927788430273,0.5603086836372454,0.213,0.193,1,CELF5,-0,Not sig,NA
0.37394217282271475,0.660936788401157,0.131,0.11,1,SRPK1,-0,Not sig,NA
0.3740142372962683,0.2265303630143377,0.146,0.12,1,LRRC4B,-0,Not sig,NA
0.37469894098162293,-0.40850980866350883,0.078,0.1,1,ZNF529,-0,Not sig,NA
0.3747452101437123,-0.19749493318851297,0.172,0.199,1,MAPK14,-0,Not sig,NA
0.37479502375215235,0.36829642093112025,0.276,0.252,1,SCD5,-0,Not sig,NA
0.3748328547355338,-0.17500921860243102,0.418,0.475,1,IGF1R,-0,Not sig,NA
0.37483476625275697,-0.31242136484062155,0.149,0.176,1,LUC7L,-0,Not sig,NA
0.3755033408371878,0.36125731224499935,0.194,0.166,1,LRMDA,-0,Not sig,NA
0.3758123452827709,1.1086994138471764,0.104,0.086,1,FKBP3,-0,Not sig,NA
0.3763205139283784,0.36035129251703024,0.295,0.272,1,MGAT4C,-0,Not sig,NA
0.3764137694766295,0.3329202782248398,0.183,0.156,1,ACAP3,-0,Not sig,NA
0.37643823603681603,-0.21088679554561796,0.116,0.14,1,UHRF1BP1L,-0,Not sig,NA
0.3768946767596172,-0.10571472987306452,0.272,0.316,1,PPM1H,-0,Not sig,NA
0.37696714414375626,0.6039703511376914,0.183,0.159,1,KCNIP1,-0,Not sig,NA
0.3776926781082732,0.10453753598781423,0.093,0.116,1,HLTF,-0,Not sig,NA
0.3804212393479864,-0.27293227475563553,0.09,0.113,1,PIP5K1C,-0,Not sig,NA
0.38056644258441896,0.28172343612321793,0.34,0.306,1,TRAF3IP2-AS1,-0,Not sig,NA
0.38083176661278545,-0.5580428493458295,0.078,0.1,1,CMTM8,-0,Not sig,NA
0.3815421539286526,0.6512259955219863,0.119,0.1,1,L2HGDH,-0,Not sig,NA
0.3819533810453635,-0.37131585852846904,0.078,0.1,1,RPS2,-0,Not sig,NA
0.3830689384555987,0.6473260734942337,0.112,0.093,1,AF241726.2,-0,Not sig,NA
0.3831206938634611,-0.3722534299346781,0.101,0.123,1,UBE2O,-0,Not sig,NA
0.3831622766176417,0.6925021454816565,0.175,0.156,1,CASC15,-0,Not sig,NA
0.38326877465138803,0.25908219588382586,0.44,0.419,1,SRPK2,-0,Not sig,NA
0.3833395177586552,0.20289490321207976,0.183,0.219,1,CLTC,-0,Not sig,NA
0.3837753374142727,0.5995404080796858,0.146,0.123,1,ATG4C,-0,Not sig,NA
0.38408779864330944,-0.3031319159502449,0.108,0.133,1,KDM3B,-0,Not sig,NA
0.3848706388613227,-0.1882045025045811,0.112,0.136,1,SLC38A2,-0,Not sig,NA
0.3850901186163019,0.5916325750179015,0.231,0.213,1,RB1CC1,-0,Not sig,NA
0.38584416144265915,0.29784487422638,0.108,0.136,1,NISCH,-0,Not sig,NA
0.38591587987427656,0.23248469180543765,0.172,0.146,1,MARCH7,-0,Not sig,NA
0.3859574093174443,0.1555618243175969,0.586,0.591,1,DOCK3,-0,Not sig,NA
0.38605085059862876,0.24729131277366984,0.104,0.083,1,ZBED5,-0,Not sig,NA
0.38618383522326727,0.28234147819213806,0.504,0.502,1,LARGE1,-0,Not sig,NA
0.387193161607703,0.36888932740512326,0.302,0.276,1,WDPCP,-0,Not sig,NA
0.3877080331968247,-0.24195363713587353,0.16,0.186,1,AC007563.2,-0,Not sig,NA
0.38812569499324373,-0.17127921379728012,0.127,0.153,1,ANKFY1,-0,Not sig,NA
0.3881585818595659,-0.316700085586714,0.078,0.1,1,KCNH5,-0,Not sig,NA
0.38815861333227114,0.6576000846992722,0.101,0.08,1,HIC2,-0,Not sig,NA
0.3892933943807267,-0.15061496050813772,0.078,0.1,1,MARCH11,-0,Not sig,NA
0.3899090905036798,0.20419115303419022,0.28,0.252,1,ZNF608,-0,Not sig,NA
0.38994952776051545,-0.28962272672666733,0.082,0.103,1,TSPAN9,-0,Not sig,NA
0.39106781738598867,-0.38226781826731715,0.082,0.103,1,SH3BP5,-0,Not sig,NA
0.39106781738598867,-0.4011931228390101,0.082,0.103,1,GLB1,-0,Not sig,NA
0.3918474970738919,0.49004151804308194,0.317,0.302,1,BACH2,-0,Not sig,NA
0.3923910627299764,0.3380325586015174,0.138,0.116,1,CERS4,-0,Not sig,NA
0.39290389177967705,0.20365802740353778,0.328,0.296,1,SNRPN,-0,Not sig,NA
0.3930757907716097,0.7752114795023111,0.146,0.126,1,KPNA1,-0,Not sig,NA
0.3931677705548714,0.13155293372029486,0.134,0.163,1,EMSY,-0,Not sig,NA
0.39323250546182986,-0.17346099765208423,0.228,0.259,1,JUND,-0,Not sig,NA
0.3935366030655458,0.11701942369446874,0.123,0.153,1,NDUFS1,-0,Not sig,NA
0.3936246352717924,-0.512122640048023,0.104,0.126,1,PALM2-AKAP2,-0,Not sig,NA
0.3942467447834918,-0.553534024282445,0.086,0.106,1,TSPAN3,-0,Not sig,NA
0.39450967644954266,-0.16607372658713893,0.108,0.133,1,JMY,-0,Not sig,NA
0.3946443463475702,0.6520109605143527,0.127,0.106,1,PDPK1,-0,Not sig,NA
0.3948433384470875,0.628597095224996,0.138,0.116,1,BMP2K,-0,Not sig,NA
0.39512419571589286,0.6618981866771279,0.175,0.156,1,SRGAP1,-0,Not sig,NA
0.3962450883341601,0.22714471651645343,0.157,0.186,1,LRFN2,-0,Not sig,NA
0.3967185601893384,-0.11534070649111416,0.078,0.1,1,TMEM123,-0,Not sig,NA
0.3969009165531317,0.2704267141025186,0.22,0.196,1,WDR33,-0,Not sig,NA
0.3976757323731314,-0.35415529985156224,0.097,0.12,1,PRPF4B,-0,Not sig,NA
0.39774480407670815,0.20571654235840953,0.425,0.425,1,TMEM132B,-0,Not sig,NA
0.3993906355964514,0.3916942014406002,0.157,0.133,1,DDX6,-0,Not sig,NA
0.3996954707309035,0.3032958092684548,0.377,0.352,1,PLCL1,-0,Not sig,NA
0.4007020453234509,-0.288071980919562,0.123,0.15,1,LINC01250,-0,Not sig,NA
0.4016606360730662,0.18803578905956356,0.149,0.126,1,ANAPC16,-0,Not sig,NA
0.40286908957113016,-0.4239317778769185,0.209,0.236,1,EPS8,-0,Not sig,NA
0.40328713542902644,0.49555450278907065,0.127,0.156,1,MECOM,-0,Not sig,NA
0.4033580866544735,0.26304761697381684,0.209,0.183,1,AVL9,-0,Not sig,NA
0.4038834968873689,0.5974281388584846,0.131,0.11,1,PAXBP1,-0,Not sig,NA
0.40429562962210197,-0.2856992375019626,0.194,0.223,1,NDFIP1,-0,Not sig,NA
0.4047889250994256,0.22081034747955625,0.194,0.233,1,SPTAN1,-0,Not sig,NA
0.4048186643750486,0.7059198043824186,0.123,0.103,1,KDM2B,-0,Not sig,NA
0.4048426575954232,0.1881877551352671,0.239,0.209,1,OSBP2,-0,Not sig,NA
0.40591837532609415,-0.10410026986325516,0.507,0.558,1,OXR1,-0,Not sig,NA
0.4077017582996746,-0.10503407638421258,0.343,0.389,1,CAMK2D,-0,Not sig,NA
0.40799314459022046,0.19730059182454407,0.235,0.209,1,DENND5A,-0,Not sig,NA
0.4085477984140573,-0.5485101902395368,0.127,0.15,1,ULK4,-0,Not sig,NA
0.4093283632893245,-0.2154051794990952,0.254,0.286,1,WAC,-0,Not sig,NA
0.40934143038363263,0.3506211653816039,0.16,0.14,1,MAP3K4,-0,Not sig,NA
0.4096913638733743,-0.2813042663394834,0.108,0.133,1,TIMP2,-0,Not sig,NA
0.41001795145554454,0.39508760200213355,0.097,0.123,1,MTMR1,-0,Not sig,NA
0.41040398632524616,-0.46503310908492035,0.09,0.11,1,ETFDH,-0,Not sig,NA
0.41142895236185467,-0.17522239752021496,0.261,0.296,1,ATP9B,-0,Not sig,NA
0.41192281910071077,-0.20541939645092278,0.097,0.116,1,ARMC2,-0,Not sig,NA
0.41263135757776515,-0.3800877320242767,0.093,0.113,1,NUCB2,-0,Not sig,NA
0.4129787754839366,0.45126388997758715,0.201,0.179,1,LRCH3,-0,Not sig,NA
0.4129787754839366,0.3996846105663697,0.201,0.179,1,TBC1D19,-0,Not sig,NA
0.41324965698193167,0.4730078256049055,0.313,0.296,1,CEP170,-0,Not sig,NA
0.4133028297005403,1.1537204772495975,0.101,0.083,1,ABHD12,-0,Not sig,NA
0.41332132438489494,-0.3977995508076026,0.086,0.106,1,CCDC149,-0,Not sig,NA
0.4136834714779376,-0.19873198505578804,0.138,0.166,1,PCSK5,-0,Not sig,NA
0.41426916269574343,-0.15052471777123566,0.41,0.442,1,SMARCA2,-0,Not sig,NA
0.41539062059337656,-0.4368053228448161,0.093,0.113,1,UBXN7,-0,Not sig,NA
0.4155269271795827,-0.15776859694941647,0.44,0.462,1,USP34,-0,Not sig,NA
0.41614203235640174,0.12481559553940147,0.187,0.216,1,FAM214A,-0,Not sig,NA
0.4164325085075903,-0.11352573041475642,0.134,0.159,1,TCF7L2,-0,Not sig,NA
0.4167885045748348,-0.1609500104096363,0.112,0.136,1,MINDY3,-0,Not sig,NA
0.4174981006388702,0.36430618229313966,0.134,0.113,1,ZNF586,-0,Not sig,NA
0.4176095755785697,0.423036079798126,0.231,0.216,1,USP54,-0,Not sig,NA
0.4183637245974355,-0.19836795690942433,0.157,0.189,1,FRAS1,-0,Not sig,NA
0.4184605005082519,-0.2631975916611754,0.086,0.106,1,CBX6,-0,Not sig,NA
0.418794381484476,-0.33433182285587293,0.123,0.146,1,SKI,-0,Not sig,NA
0.41906042665316834,0.3339434827531389,0.142,0.12,1,BMT2,-0,Not sig,NA
0.41947586882026094,0.2800053861898464,0.123,0.153,1,CCP110,-0,Not sig,NA
0.419945724562804,0.2408897607853393,0.082,0.103,1,GSPT1,-0,Not sig,NA
0.4201697524033003,0.5317198661182262,0.175,0.153,1,ZNF438,-0,Not sig,NA
0.4207432246003644,0.21086270009534225,0.825,0.831,1,MAGI2,-0,Not sig,NA
0.42094588258455456,-0.5053457862645556,0.108,0.13,1,INO80,-0,Not sig,NA
0.42130993203095846,0.17271408103418656,0.19,0.226,1,ANO10,-0,Not sig,NA
0.42131112314965513,0.4926219731546822,0.09,0.113,1,AC096711.2,-0,Not sig,NA
0.42297195172338814,0.1827306098379089,0.291,0.336,1,SLC25A12,-0,Not sig,NA
0.4232928725302427,0.6870086656152345,0.101,0.083,1,RAB40B,-0,Not sig,NA
0.42422847082130893,-0.9168502972472239,0.09,0.106,1,TMEM63B,-0,Not sig,NA
0.42624914643559797,-0.31026142383161126,0.123,0.146,1,TET3,-0,Not sig,NA
0.4263928395180013,0.11454957808497457,0.228,0.266,1,MYO6,-0,Not sig,NA
0.426475721546526,0.2598982157498262,0.537,0.528,1,NCOA1,-0,Not sig,NA
0.42648787421296797,0.392963180300326,0.104,0.086,1,PLS3,-0,Not sig,NA
0.4272716392155026,-0.28552546976663296,0.466,0.502,1,AC092691.1,-0,Not sig,NA
0.42777759242638447,-0.23955700427882343,0.101,0.123,1,IGFBP7,-0,Not sig,NA
0.42794262253197,0.776780941579598,0.16,0.143,1,KCNQ2,-0,Not sig,NA
0.4283021198058075,-0.35058635011415307,0.138,0.159,1,CUL3,-0,Not sig,NA
0.42890256780666114,0.4795551805878818,0.134,0.113,1,PRMT2,-0,Not sig,NA
0.42903567278397875,-0.18827229941906637,0.142,0.116,1,DNAJB6,-0,Not sig,NA
0.4293685451911426,-0.24045302164973947,0.108,0.13,1,AC005726.1,-0,Not sig,NA
0.4295193314240886,0.7688042455946031,0.153,0.136,1,BIN1,-0,Not sig,NA
0.4298316593380272,0.6469463751372763,0.101,0.083,1,SLC9A6,-0,Not sig,NA
0.4302381562308036,0.42314602846532834,0.082,0.103,1,SLC36A4,-0,Not sig,NA
0.43052977477988075,0.29078987250042587,0.478,0.495,1,KANSL1,-0,Not sig,NA
0.4305575771157865,0.3568695252459009,0.116,0.096,1,ENTPD3,-0,Not sig,NA
0.43190765805297465,-0.13146529377421312,0.231,0.266,1,GNB1,-0,Not sig,NA
0.4324152908048027,0.19015717241611474,0.172,0.206,1,KIF9-AS1,-0,Not sig,NA
0.4325467415273743,-0.10277708155714138,0.28,0.319,1,GUCY1A2,-0,Not sig,NA
0.43256890131484965,-0.6433412205143527,0.112,0.133,1,NECTIN3,-0,Not sig,NA
0.4332234998483636,0.3059023041900565,0.123,0.103,1,CMTM4,-0,Not sig,NA
0.43421068469472207,-0.26983315310131395,0.287,0.312,1,VPS13D,-0,Not sig,NA
0.43431771153444243,0.1861991863705298,0.261,0.302,1,AHCYL2,-0,Not sig,NA
0.43545782466479227,0.27320119720774305,0.231,0.209,1,NIN,-0,Not sig,NA
0.43585664375712774,-0.4798852330859947,0.119,0.14,1,SPATA6L,-0,Not sig,NA
0.4377296994721129,0.5633565412312543,0.123,0.106,1,ITPK1,-0,Not sig,NA
0.4381001650370876,0.31736468782522165,0.19,0.226,1,ELP4,-0,Not sig,NA
0.4382380141635655,0.46399636040296066,0.101,0.083,1,UBXN2B,-0,Not sig,NA
0.43912822563566445,0.8985235620955175,0.216,0.196,1,GRM3,-0,Not sig,NA
0.4391438053689722,-0.17367749142941236,0.328,0.365,1,RGS6,-0,Not sig,NA
0.43954485149778905,0.2774466993534508,0.366,0.355,1,MLLT10,-0,Not sig,NA
0.4404508073030682,-0.5881592551587314,0.09,0.106,1,FMR1,-0,Not sig,NA
0.4426852936606087,0.15658022466319016,0.142,0.169,1,LIMS1,-0,Not sig,NA
0.4428879966069431,0.10378820568116887,0.179,0.209,1,ATF7IP,-0,Not sig,NA
0.44337611605937544,-0.18747079534760447,0.243,0.272,1,PTPRJ,-0,Not sig,NA
0.44398475556164846,0.18090179746041568,0.231,0.269,1,UTRN,-0,Not sig,NA
0.4444602557254371,-0.43397417530832827,0.123,0.143,1,C2CD2,-0,Not sig,NA
0.44549475527748195,0.17766286374488394,0.082,0.103,1,NUP93,-0,Not sig,NA
0.4459940938199572,-0.18495320373743535,0.153,0.179,1,SPEN,-0,Not sig,NA
0.4461939818767232,0.3857576078956826,0.34,0.326,1,ACACA,-0,Not sig,NA
0.4465084356707135,0.4197565586206258,0.097,0.12,1,APPL2,-0,Not sig,NA
0.44657686445660527,-0.20085969354857847,0.198,0.226,1,TOX,-0,Not sig,NA
0.4470070615545496,0.21844648439669667,0.511,0.515,1,PTK2,-0,Not sig,NA
0.44781028401871054,-0.10454971421550052,0.728,0.754,1,FRMD4A,-0,Not sig,NA
0.44794399868330076,0.22929529225314194,0.22,0.196,1,MAF,-0,Not sig,NA
0.4490095418807759,-0.11996483859939522,0.254,0.289,1,GMDS,-0,Not sig,NA
0.44934674067495317,0.26864592499957446,0.09,0.11,1,KIAA1671,-0,Not sig,NA
0.4500858917723581,0.42525337041533373,0.239,0.216,1,JARID2,-0,Not sig,NA
0.4507264731669062,-0.32114720810945024,0.142,0.163,1,LARP1B,-0,Not sig,NA
0.4509197897722274,1.146325445988079,0.142,0.126,1,ZNRF3,-0,Not sig,NA
0.45160717558424585,-0.2860466078680357,0.205,0.233,1,MAP3K5,-0,Not sig,NA
0.45180459636882486,0.5101701841350217,0.175,0.156,1,FNIP2,-0,Not sig,NA
0.4524341476608108,-0.14975974795213953,0.116,0.136,1,NSL1,-0,Not sig,NA
0.4524341476608108,-0.40636977892240755,0.116,0.136,1,SH3BGRL,-0,Not sig,NA
0.45288651771211097,0.4605983037887299,0.179,0.159,1,CSGALNACT1,-0,Not sig,NA
0.4535828876982214,0.3917047530086627,0.201,0.183,1,KIAA0319,-0,Not sig,NA
0.4543309865487954,-0.4190136552596664,0.097,0.116,1,POT1-AS1,-0,Not sig,NA
0.4549979204864456,0.4314697451570261,0.201,0.186,1,FANCL,-0,Not sig,NA
0.45562468049553073,0.4358095692546564,0.116,0.096,1,AP2M1,-0,Not sig,NA
0.455764297977699,-0.2555716299787917,0.108,0.13,1,SNX25,-0,Not sig,NA
0.45644579099856714,0.27775074927932,0.194,0.229,1,SRGAP2,-0,Not sig,NA
0.45689696599638735,0.1698409592868797,0.336,0.316,1,ZNF609,-0,Not sig,NA
0.4573640892848765,0.23219804251011478,0.216,0.259,1,PCGF5,-0,Not sig,NA
0.457611694999436,-0.12798392965417887,0.123,0.146,1,LMO3,-0,Not sig,NA
0.4578845703497542,0.12133887570782087,0.086,0.106,1,AQP4-AS1,-0,Not sig,NA
0.4579225490104225,-0.3389502108342299,0.104,0.123,1,SUGT1,-0,Not sig,NA
0.45822553642774394,0.11999116631348938,0.448,0.419,1,PICALM,-0,Not sig,NA
0.4585037347098849,-0.1438013204250863,0.205,0.236,1,RNF115,-0,Not sig,NA
0.4587501453294059,0.26868341341720736,0.112,0.093,1,TBL1X,-0,Not sig,NA
0.45932561986266063,0.3510415887946466,0.104,0.086,1,SLC13A3,-0,Not sig,NA
0.45952216950594393,0.33783338031919363,0.183,0.163,1,MTMR7,-0,Not sig,NA
0.459757208679273,-0.1392259194830695,0.213,0.239,1,PWAR6,-0,Not sig,NA
0.45999974446196495,0.27794658399495775,0.213,0.193,1,GATAD2B,-0,Not sig,NA
0.4604400131739518,-0.21412470787661847,0.153,0.179,1,AKAP11,-0,Not sig,NA
0.46112181502113203,0.39716381388696753,0.246,0.226,1,NXPH1,-0,Not sig,NA
0.4617084397890048,-0.6208842348011855,0.123,0.14,1,CERS5,-0,Not sig,NA
0.46216670260620424,0.15524124195767242,0.216,0.252,1,RAP1GDS1,-0,Not sig,NA
0.4624303583780827,-0.19476121721340434,0.261,0.292,1,PDE1A,-0,Not sig,NA
0.4626872686251632,0.12066318613413535,0.183,0.213,1,USP9X,-0,Not sig,NA
0.46305766161609385,0.11567323553222139,0.149,0.13,1,RNLS,-0,Not sig,NA
0.46306211130784136,-0.33261300660479126,0.108,0.126,1,DGKZ,-0,Not sig,NA
0.464020941318008,-0.10419740180825354,0.231,0.259,1,HMBOX1,-0,Not sig,NA
0.46493174682778,0.16059761665619887,0.239,0.282,1,CHD6,-0,Not sig,NA
0.46556940856006357,0.5058894145737233,0.127,0.11,1,KIAA0319L,-0,Not sig,NA
0.46565173086970385,0.2936437937689609,0.149,0.13,1,TTC39C,-0,Not sig,NA
0.46591808899115206,0.4940738894770569,0.097,0.12,1,NMT1,-0,Not sig,NA
0.46604917978564125,-0.1041132546828838,0.179,0.209,1,HYDIN,-0,Not sig,NA
0.4665271053852906,0.40375299387148195,0.153,0.133,1,STX7,-0,Not sig,NA
0.4670727262566068,0.10501617250400508,0.321,0.296,1,SHANK2,-0,Not sig,NA
0.467093461890129,-0.1368658764468752,0.254,0.279,1,CASC4,-0,Not sig,NA
0.46797548617024276,0.7656563542183836,0.19,0.169,1,FAT3,-0,Not sig,NA
0.46964853016296015,0.3061173727294826,0.101,0.083,1,MRPS27,-0,Not sig,NA
0.4718568690377801,0.5088194798049076,0.123,0.15,1,ARL8B,-0,Not sig,NA
0.47212008040649955,-0.3871729418609996,0.127,0.146,1,DENND6A,-0,Not sig,NA
0.47233453878574944,0.8515382841058048,0.123,0.106,1,ARHGAP18,-0,Not sig,NA
0.47279355484247787,0.4050524533145792,0.101,0.083,1,CCDC138,-0,Not sig,NA
0.4755419912345308,0.6533931710370161,0.116,0.1,1,EML1,-0,Not sig,NA
0.47582773798354466,0.4094799220415335,0.291,0.276,1,NSMCE2,-0,Not sig,NA
0.4762863644466173,-0.16086794213237587,0.108,0.13,1,NCOR2,-0,Not sig,NA
0.47681674556128634,0.12173857070731975,0.302,0.349,1,MEF2A,-0,Not sig,NA
0.4769408871150531,0.62942767458841,0.09,0.113,1,AKAP7,-0,Not sig,NA
0.47713586094152044,-0.15909896102801996,0.172,0.196,1,RPTOR,-0,Not sig,NA
0.4773442022343366,0.46707405763283,0.101,0.123,1,UQCC1,-0,Not sig,NA
0.47746503748814906,0.6954838029688025,0.179,0.163,1,PRKAG2,-0,Not sig,NA
0.477542679596373,0.8690828023972401,0.101,0.086,1,MCCC1,-0,Not sig,NA
0.4786206740740877,0.20779927313114022,0.325,0.306,1,GLG1,-0,Not sig,NA
0.4786744472617394,0.6335765427890486,0.179,0.163,1,THADA,-0,Not sig,NA
0.47923671643525784,0.23409397682415278,0.563,0.591,1,AGAP1,-0,Not sig,NA
0.47938250470450217,0.33775301900284305,0.138,0.166,1,AHCYL1,-0,Not sig,NA
0.47978939247794955,-0.22906575832943465,0.138,0.163,1,SPART,-0,Not sig,NA
0.48071795071415535,0.21026970003367818,0.291,0.269,1,NUTM2A-AS1,-0,Not sig,NA
0.48101008261080563,0.30004687739284885,0.332,0.316,1,DPYD,-0,Not sig,NA
0.48129326261482736,0.4686094293235672,0.175,0.156,1,FLNB,-0,Not sig,NA
0.48199113183534437,-0.1281768466636235,0.216,0.243,1,ECPAS,-0,Not sig,NA
0.4823357407511161,0.8042643042292261,0.116,0.1,1,PAFAH1B2,-0,Not sig,NA
0.4831828741327286,-0.29476685098517674,0.19,0.209,1,ME3,-0,Not sig,NA
0.4839357590647508,-0.3174782829024736,0.216,0.243,1,PID1,-0,Not sig,NA
0.4840994807031172,-0.5529691018014731,0.104,0.123,1,GRK5,-0,Not sig,NA
0.4841635997759827,0.7732298182763999,0.082,0.103,1,ZNF708,-0,Not sig,NA
0.48443260982791864,-0.41340366774221005,0.153,0.179,1,RIMKLB,-0,Not sig,NA
0.4862603121352409,0.27843360952691565,0.25,0.299,1,PTPRA,-0,Not sig,NA
0.48669538979498755,0.1731257824447313,0.138,0.163,1,ARHGAP20,-0,Not sig,NA
0.48682202390273027,0.2952350257166024,0.157,0.186,1,KLF7,-0,Not sig,NA
0.4869440331460091,-0.12715603534599412,0.112,0.093,1,CPM,-0,Not sig,NA
0.48715802698939775,-0.11577177773976244,0.642,0.621,1,CTNND2,-0,Not sig,NA
0.48775091776094315,0.34323827091825243,0.142,0.123,1,THSD7B,-0,Not sig,NA
0.48779069561971183,-0.2229309130062027,0.127,0.146,1,PAK2,-0,Not sig,NA
0.48811917600947885,0.4295088337192775,0.22,0.206,1,DYNC2H1,-0,Not sig,NA
0.4883172799485079,-0.11888885673220916,0.116,0.136,1,SLC22A17,-0,Not sig,NA
0.48887267871933715,0.3278010250831681,0.231,0.213,1,MPRIP,-0,Not sig,NA
0.4893999173643825,0.2922484655896527,0.425,0.415,1,CCDC88A,-0,Not sig,NA
0.48949920756524745,0.35625380268712936,0.224,0.206,1,MTMR3,-0,Not sig,NA
0.49017983953867167,0.19563654183189083,0.235,0.213,1,TMEM117,-0,Not sig,NA
0.49042379869042035,0.4228607425842066,0.28,0.266,1,CBFA2T2,-0,Not sig,NA
0.49100048400108876,-0.2079209570409244,0.086,0.103,1,RAB12,-0,Not sig,NA
0.49139612976529173,-0.1555625467845363,0.276,0.306,1,CMSS1,-0,Not sig,NA
0.4917478760535797,0.510969219337594,0.086,0.106,1,SSR1,-0,Not sig,NA
0.49241456203081674,-0.13604798615532648,0.101,0.12,1,TTC1,-0,Not sig,NA
0.49251821490355313,0.32963644440072115,0.313,0.302,1,AGTPBP1,-0,Not sig,NA
0.49332665678077936,-0.27141135389272647,0.116,0.136,1,KCNC1,-0,Not sig,NA
0.4935976918000091,-0.42237497965657034,0.101,0.12,1,ADARB1,-0,Not sig,NA
0.4941646917608508,0.11598794617448327,0.254,0.286,1,SIK2,-0,Not sig,NA
0.49416874088450236,-0.1833637064800393,0.231,0.256,1,FKBP5,-0,Not sig,NA
0.49421198544333333,0.14773052821188803,0.112,0.133,1,AC104806.2,-0,Not sig,NA
0.49421813702024797,-0.34385324432809083,0.108,0.126,1,AL445623.2,-0,Not sig,NA
0.494667689188152,1.2090009291473272,0.101,0.086,1,ZNF277,-0,Not sig,NA
0.49509472314228264,0.29382319922593314,0.254,0.292,1,KIAA1109,-0,Not sig,NA
0.49528736619859814,0.16088114657310132,0.157,0.183,1,TTC19,-0,Not sig,NA
0.4959255280305134,-0.3207220353645711,0.157,0.179,1,SPATS2,-0,Not sig,NA
0.49615892565525616,0.18938477787832397,0.22,0.199,1,GAS7,-0,Not sig,NA
0.496438832679548,0.29743145851049535,0.478,0.478,1,GNAQ,-0,Not sig,NA
0.4974388350385066,0.494975637642113,0.112,0.136,1,MTSS1L,-0,Not sig,NA
0.4997873604824765,0.15194758152955545,0.127,0.106,1,ZFR2,-0,Not sig,NA
0.5005812142755244,-0.2685262074945347,0.108,0.126,1,HIF1A,-0,Not sig,NA
0.5013484185524406,-0.11311499475834563,0.257,0.286,1,ZSWIM5,-0,Not sig,NA
0.5016142404098521,0.15141400996306564,0.082,0.1,1,ZBTB46,-0,Not sig,NA
0.5019959973081434,0.2720205742378041,0.25,0.233,1,PTPRE,-0,Not sig,NA
0.5024127920124368,-0.310586675854095,0.146,0.166,1,CHSY1,-0,Not sig,NA
0.5031838416551604,-0.10400682589536786,0.179,0.203,1,TSC22D2,-0,Not sig,NA
0.5037306488174806,-0.16223491845409604,0.134,0.156,1,GHR,-0,Not sig,NA
0.5041912547434269,0.4088908841041218,0.142,0.126,1,LATS1,-0,Not sig,NA
0.5042436723806087,0.4429787002746246,0.116,0.1,1,TSEN2,-0,Not sig,NA
0.5051387336307944,-0.18534078921856542,0.104,0.123,1,SGPP2,-0,Not sig,NA
0.5058040329258591,0.55581960105296635,0.131,0.156,1,VCL,-0,Not sig,NA
0.5063027522083197,-0.12886166820632683,0.086,0.103,1,IPO7,-0,Not sig,NA
0.5068652859391614,0.25065153557739456,0.164,0.146,1,PEBP1,-0,Not sig,NA
0.5070954849510375,0.3838879265060965,0.172,0.206,1,ZDHHC17,-0,Not sig,NA
0.5080026742138863,0.14309897935707008,0.187,0.169,1,ZNF248,-0,Not sig,NA
0.5080457652728665,0.39577382466460076,0.284,0.276,1,TAOK1,-0,Not sig,NA
0.5083304670417743,-0.18003717673779557,0.157,0.176,1,DUBR,-0,Not sig,NA
0.5087420520525852,-0.2563733668364773,0.108,0.126,1,RNF10,-0,Not sig,NA
0.5091000234521481,0.20565303738961316,0.205,0.186,1,DLGAP4,-0,Not sig,NA
0.5091206830529129,-0.20226877921185782,0.25,0.279,1,PACRG,-0,Not sig,NA
0.5104062800773025,-0.20180684059551246,0.093,0.11,1,GLRX3,-0,Not sig,NA
0.5117677227601605,0.2730925569377285,0.384,0.379,1,FRY,-0,Not sig,NA
0.5121439612727887,-0.17035872130003593,0.616,0.611,1,LRRC7,-0,Not sig,NA
0.5132298105559934,0.3493471855828489,0.149,0.133,1,GDI1,-0,Not sig,NA
0.51386824366775,-0.13942304940360573,0.09,0.106,1,GMCL1,-0,Not sig,NA
0.5138924343286535,0.2434591989013055,0.142,0.126,1,KCTD3,-0,Not sig,NA
0.5139617192409676,0.10688271853038955,0.392,0.449,1,KMT2C,-0,Not sig,NA
0.5143708472313275,0.2945883249086557,0.086,0.103,1,APLP1,-0,Not sig,NA
0.5153754771182195,0.2524036053759261,0.082,0.1,1,LCMT1,-0,Not sig,NA
0.5155651719400924,0.5190826730160234,0.142,0.126,1,MFN1,-0,Not sig,NA
0.5168273144705795,0.5815164508360735,0.153,0.14,1,ERO1B,-0,Not sig,NA
0.5185664670834746,-0.18952936951710997,0.093,0.11,1,DTWD2,-0,Not sig,NA
0.5187180701072303,0.8735311813037817,0.179,0.169,1,SERINC5,-0,Not sig,NA
0.5193433744907963,0.13652859284442087,0.119,0.143,1,CSTF3,-0,Not sig,NA
0.5204731965684254,0.3751166822262215,0.183,0.166,1,ZNF280D,-0,Not sig,NA
0.5206295330010127,0.7157006313949138,0.101,0.086,1,DTNBP1,-0,Not sig,NA
0.5208165380856271,0.5761761463992152,0.127,0.11,1,SLC12A6,-0,Not sig,NA
0.5209904250135033,-0.29525079085176087,0.157,0.173,1,GAD1,-0,Not sig,NA
0.5212874573467675,0.406126821140694,0.101,0.086,1,VLDLR-AS1,-0,Not sig,NA
0.5223190467674279,-0.13463190237093392,0.343,0.375,1,ANKRD36,-0,Not sig,NA
0.52342534120171,0.30111702105026267,0.104,0.126,1,GNA12,-0,Not sig,NA
0.5237837620693298,0.2769679322821263,0.127,0.11,1,CBX5,-0,Not sig,NA
0.5240582800188196,0.26754203412842015,0.134,0.159,1,RUSC2,-0,Not sig,NA
0.5243194736712877,0.10660028480393685,0.134,0.116,1,BCAP29,-0,Not sig,NA
0.5246358310117478,0.3544921907853381,0.104,0.09,1,GNAI3,-0,Not sig,NA
0.5246999757217734,0.6989212720508281,0.127,0.113,1,TPPP,-0,Not sig,NA
0.5256746234449875,0.13065672287852714,0.422,0.399,1,DLG1,-0,Not sig,NA
0.526417914141897,0.30650056790468966,0.112,0.133,1,PACSIN2,-0,Not sig,NA
0.5274212386262831,0.986968767991663,0.142,0.13,1,FBXW4,-0,Not sig,NA
0.5278901571640601,-0.49700339017293077,0.086,0.1,1,LRIG1,-0,Not sig,NA
0.5282608731074262,0.36050501624432285,0.209,0.189,1,SNX9,-0,Not sig,NA
0.5287876803734772,0.18144604900661743,0.209,0.243,1,CCPG1,-0,Not sig,NA
0.5293301413031242,0.20184725889429334,0.082,0.1,1,TBC1D23,-0,Not sig,NA
0.529489448525457,-0.10998890162413025,0.153,0.176,1,ARMC8,-0,Not sig,NA
0.5301078003942832,0.3066785752294049,0.22,0.203,1,CDK17,-0,Not sig,NA
0.5306129633393968,-0.1792015493654867,0.093,0.11,1,NARS2,-0,Not sig,NA
0.5320783730392786,0.10967202095619721,0.194,0.176,1,ZHX2,-0,Not sig,NA
0.5327227996843453,-0.4027364371631733,0.138,0.156,1,JAK1,-0,Not sig,NA
0.5328588406821035,0.6845103445538312,0.168,0.156,1,TYW1,-0,Not sig,NA
0.5332096260963157,0.22432176699067294,0.116,0.136,1,FAM208A,-0,Not sig,NA
0.5337453224638196,0.1116551605964447,0.112,0.096,1,BCL2L1,-0,Not sig,NA
0.5342977060682174,0.14096807846619264,0.362,0.346,1,RBM6,-0,Not sig,NA
0.5343637935870016,0.5865305136861284,0.149,0.136,1,GALNT2,-0,Not sig,NA
0.5345303720610246,-0.2680337233286668,0.187,0.206,1,SCLT1,-0,Not sig,NA
0.53463370933142,0.7268527942223798,0.131,0.116,1,TRAPPC10,-0,Not sig,NA
0.534910428944768,-0.3756585997493509,0.097,0.113,1,MBTPS1,-0,Not sig,NA
0.5354155475409772,0.6851219775611961,0.216,0.209,1,HSD17B12,-0,Not sig,NA
0.5354447912989586,0.4343211067833314,0.108,0.093,1,ABCA3,-0,Not sig,NA
0.5355369265394808,0.5554425570866102,0.134,0.12,1,NAP1L4,-0,Not sig,NA
0.5365389745819569,-0.29829561206371524,0.593,0.585,1,DMD,-0,Not sig,NA
0.5367657566856376,0.32335121860835236,0.168,0.15,1,ZYG11B,-0,Not sig,NA
0.5384273429002104,0.43206077623227235,0.123,0.146,1,SLIT1,-0,Not sig,NA
0.5396632718655661,0.1904959367913195,0.336,0.329,1,ADCY2,-0,Not sig,NA
0.5398428035256972,0.2097043760460484,0.287,0.279,1,ATG7,-0,Not sig,NA
0.5402350530484938,0.4573048523886863,0.224,0.206,1,LARP1,-0,Not sig,NA
0.5406309099643499,0.10432312935534771,0.086,0.103,1,ZFP36L1,-0,Not sig,NA
0.5411987364123401,0.21002312489380826,0.563,0.601,1,WWOX,-0,Not sig,NA
0.5415450219572091,0.1292788748228213,0.224,0.203,1,CHST11,-0,Not sig,NA
0.5426551218909368,0.23796108597431864,0.422,0.415,1,KCNQ3,-0,Not sig,NA
0.542913703412981,0.32267658402479504,0.131,0.116,1,GALNT1,-0,Not sig,NA
0.5436503394223513,0.47174295320568566,0.175,0.163,1,NT5DC1,-0,Not sig,NA
0.5436503548423535,0.13176585234521263,0.157,0.179,1,TOP2B,-0,Not sig,NA
0.5443865815086188,0.523971846883498,0.127,0.113,1,CKB,-0,Not sig,NA
0.5444029619543234,0.20527993356663543,0.235,0.219,1,RNF144A,-0,Not sig,NA
0.5451360117211486,0.33391086833661343,0.328,0.319,1,PPP1R12B,-0,Not sig,NA
0.5461277627825589,-0.10057316152789159,0.119,0.136,1,ZC3H6,-0,Not sig,NA
0.5472965124775033,0.3797518050500994,0.153,0.136,1,RIF1,-0,Not sig,NA
0.5493449745910529,0.11509240348909877,0.44,0.485,1,EPHA6,-0,Not sig,NA
0.5495856937545209,0.1891795117189235,0.116,0.1,1,MFSD6,-0,Not sig,NA
0.5500988615808371,-0.27071433164272835,0.142,0.159,1,RIC8B,-0,Not sig,NA
0.5515500517370253,-0.23030604870850402,0.41,0.435,1,SLC2A13,-0,Not sig,NA
0.5517585415395776,-0.11705408783115073,0.201,0.223,1,RUNDC3B,-0,Not sig,NA
0.5524225831463502,0.4685492330050429,0.366,0.369,1,CELF1,-0,Not sig,NA
0.5529710180610243,-0.1486336893269543,0.183,0.203,1,PIBF1,-0,Not sig,NA
0.5532656545860246,0.1592754155869643,0.131,0.113,1,ELMOD1,-0,Not sig,NA
0.5533342039323393,0.6045521987208101,0.119,0.106,1,SAMD4B,-0,Not sig,NA
0.5540413685348022,0.5290001570799745,0.116,0.103,1,FASTKD1,-0,Not sig,NA
0.5566778563965575,0.23974913501834882,0.172,0.153,1,PDSS2,-0,Not sig,NA
0.5570804734814483,-0.2366058441719311,0.104,0.12,1,AMOTL1,-0,Not sig,NA
0.5571223687492228,0.265538649486404,0.123,0.143,1,ACTR2,-0,Not sig,NA
0.5571614342736867,0.39465618850050754,0.164,0.15,1,CCDC7,-0,Not sig,NA
0.5572085860876719,-0.21950023823131026,0.101,0.116,1,FAM185A,-0,Not sig,NA
0.5573898971256805,0.4618985182463204,0.175,0.159,1,ANKRD6,-0,Not sig,NA
0.5574396435408177,-0.6064167232002698,0.086,0.1,1,CALU,-0,Not sig,NA
0.5580540676434331,0.13568646435157383,0.175,0.156,1,USP9Y,-0,Not sig,NA
0.5583319625932712,-0.19082200546782352,0.104,0.12,1,USP11,-0,Not sig,NA
0.5593757279499203,0.35431627885615824,0.183,0.169,1,PXK,-0,Not sig,NA
0.5593857939609663,-0.31061251052790484,0.116,0.133,1,INO80D,-0,Not sig,NA
0.5594628405969369,0.31759781832955364,0.09,0.106,1,LINC02389,-0,Not sig,NA
0.5597907936115005,0.6082240720340847,0.112,0.1,1,TMEM120B,-0,Not sig,NA
0.5599969608904931,0.34632505891503174,0.119,0.103,1,TAPT1,-0,Not sig,NA
0.5610816840921682,-0.18313926293295268,0.097,0.113,1,OSBPL10,-0,Not sig,NA
0.5611797117595958,0.5447843812918253,0.194,0.179,1,FAR1,-0,Not sig,NA
0.562418194061423,0.15365453583793554,0.354,0.339,1,GTDC1,-0,Not sig,NA
0.5624507384488702,-0.17236478331770122,0.164,0.183,1,HECTD1,-0,Not sig,NA
0.562842291757509,0.6743786173454899,0.172,0.159,1,STX8,-0,Not sig,NA
0.5632828653766428,0.29621887657851387,0.384,0.439,1,GRIN2A,-0,Not sig,NA
0.5636511788765811,-0.3004454782528129,0.09,0.103,1,IRS2,-0,Not sig,NA
0.5659063400017222,0.10500733060970291,0.108,0.126,1,SIDT1,-0,Not sig,NA
0.566353363090168,0.1588391912992695,0.19,0.176,1,FOXO1,-0,Not sig,NA
0.5667628020261468,0.5650316717587237,0.116,0.103,1,LNX1,-0,Not sig,NA
0.5671961351651822,0.9441835878617569,0.131,0.12,1,TMEM59L,-0,Not sig,NA
0.5682038151773243,0.4612676249518692,0.179,0.169,1,BRD4,-0,Not sig,NA
0.568904178182309,0.47805626364712517,0.108,0.096,1,NCDN,-0,Not sig,NA
0.5693237943981038,0.5632964472673346,0.116,0.103,1,N4BP2,-0,Not sig,NA
0.5695737356812824,-0.10614290238129764,0.205,0.229,1,PPP2R2C,-0,Not sig,NA
0.5696177322718122,0.21079854458845343,0.108,0.126,1,NFIC,-0,Not sig,NA
0.5699649046400878,0.35801514630718156,0.116,0.103,1,PLXNC1,-0,Not sig,NA
0.571357701994387,0.2849808114496652,0.164,0.15,1,ARHGEF4,-0,Not sig,NA
0.5715472285896142,-0.19272226354562083,0.093,0.11,1,PTCHD1-AS,-0,Not sig,NA
0.5721878060448571,-0.3710611707999987,0.104,0.12,1,ZNF827,-0,Not sig,NA
0.5726614658461531,0.641541762949068,0.086,0.103,1,GLMN,-0,Not sig,NA
0.5735333186404192,0.6315680158760524,0.108,0.096,1,TRA2B,-0,Not sig,NA
0.5737741930064802,0.22057487842540935,0.131,0.153,1,UBXN4,-0,Not sig,NA
0.5738765052893642,-0.22918381474431154,0.127,0.143,1,DACH1,-0,Not sig,NA
0.5746068441251485,0.3095061838351696,0.455,0.452,1,XKR4,-0,Not sig,NA
0.5748443035905038,-0.26081865839545987,0.119,0.136,1,GIT2,-0,Not sig,NA
0.5748592313853392,0.3922852650730215,0.108,0.096,1,ZNF519,-0,Not sig,NA
0.5748743075138618,-0.1599547641216726,0.112,0.13,1,LRRC1,-0,Not sig,NA
0.5749952723255609,0.3109104522554188,0.254,0.236,1,ATP1B1,-0,Not sig,NA
0.5753757260790244,0.2254202218139626,0.097,0.113,1,CHIC2,-0,Not sig,NA
0.5753766269778421,0.15096715007475514,0.198,0.223,1,NBEAL1,-0,Not sig,NA
0.5759735621269645,0.2130862682624684,0.194,0.179,1,NFATC3,-0,Not sig,NA
0.5763089980528995,-0.10783943680621122,0.299,0.326,1,MEF2C-AS1,-0,Not sig,NA
0.5763513384755642,-0.10689808477252138,0.369,0.399,1,MPDZ,-0,Not sig,NA
0.5771588489681745,0.8407607675511413,0.142,0.133,1,TIMM23B,-0,Not sig,NA
0.5771829986839077,0.837805671999764,0.093,0.11,1,GPCPD1,-0,Not sig,NA
0.5778042554443501,0.16734924587969324,0.216,0.243,1,CACNG2,-0,Not sig,NA
0.5782961225339533,-0.23932836865692753,0.138,0.153,1,PSMD14,-0,Not sig,NA
0.5783117048275169,0.3662069347815846,0.231,0.272,1,UBN2,-0,Not sig,NA
0.5786519385728649,-0.21432770803243514,0.134,0.15,1,HCG17,-0,Not sig,NA
0.5790866651198571,0.21780992372320168,0.142,0.126,1,MITF,-0,Not sig,NA
0.5791869281181297,0.27793211584098726,0.168,0.15,1,RAB7A,-0,Not sig,NA
0.579802485682279,0.3284453519494217,0.149,0.136,1,NOS1AP,-0,Not sig,NA
0.579827717886408,0.14037081897469217,0.384,0.369,1,BICD1,-0,Not sig,NA
0.5800259623851178,0.32719555126220273,0.112,0.133,1,LINC00894,-0,Not sig,NA
0.5801958909115232,0.899225279597389,0.123,0.113,1,PTPN2,-0,Not sig,NA
0.5809160840013732,0.5619291439548514,0.116,0.103,1,PPP4R3A,-0,Not sig,NA
0.5809773478476813,0.32734379048316525,0.157,0.143,1,DENND2A,-0,Not sig,NA
0.5829627730928704,0.6593742637305553,0.134,0.123,1,PDE7A,-0,Not sig,NA
0.5832604980177796,0.2167134975610406,0.134,0.15,1,MAN1A1,-0,Not sig,NA
0.5840725270371152,0.10569854652243649,0.287,0.319,1,CDH10,-0,Not sig,NA
0.5843400163058402,0.562300971202412,0.101,0.09,1,CTTN,-0,Not sig,NA
0.5843400163058402,0.9581146725448018,0.101,0.09,1,ST13,-0,Not sig,NA
0.5848899300850571,0.23318817040874829,0.097,0.113,1,GOLGA8B,-0,Not sig,NA
0.5854533214654449,-0.16755655264780023,0.381,0.385,1,ST6GALNAC3,-0,Not sig,NA
0.5858776567011136,0.11096423635766994,0.407,0.462,1,GTF2I,-0,Not sig,NA
0.5860479541605612,-0.37489359567001,0.097,0.11,1,ZNF736,-0,Not sig,NA
0.5863790095299728,0.3311253120682021,0.168,0.193,1,LGI1,-0,Not sig,NA
0.5872534994485896,-0.38947643943616383,0.153,0.166,1,FBN1,-0,Not sig,NA
0.5872994095913961,0.570427943613387,0.246,0.243,1,CLIP4,-0,Not sig,NA
0.5873069547168066,-0.14969325698539257,0.134,0.15,1,SETX,-0,Not sig,NA
0.5873312942380702,0.10381350019583421,0.153,0.173,1,LINC00599,-0,Not sig,NA
0.5877222319528934,0.36723595782621343,0.269,0.259,1,TLN2,-0,Not sig,NA
0.5879718028692114,-0.1263269766834429,0.116,0.1,1,GTF3C1,-0,Not sig,NA
0.5881920413887374,0.40037747129059986,0.213,0.199,1,SEC14L1,-0,Not sig,NA
0.5884881558625173,0.584998613464965,0.101,0.09,1,AMN1,-0,Not sig,NA
0.5885769125280798,0.6608163483921408,0.164,0.153,1,TANK,-0,Not sig,NA
0.5886587661666518,-0.26814551644232165,0.093,0.106,1,BCL2L13,-0,Not sig,NA
0.5890405463402282,-0.3934513565520801,0.097,0.11,1,SMAD9,-0,Not sig,NA
0.5894983197422796,0.9861784725325364,0.172,0.166,1,CPQ,-0,Not sig,NA
0.5898284216143361,0.305265280451562,0.257,0.296,1,TUT4,-0,Not sig,NA
0.5911864476914577,0.23499665632149108,0.194,0.216,1,RALGPS2,-0,Not sig,NA
0.5912427936303318,0.6642143099055644,0.131,0.12,1,CRYL1,-0,Not sig,NA
0.5918248767017491,0.37463366080315397,0.112,0.1,1,SAFB,-0,Not sig,NA
0.5918248767017491,0.5389054413130014,0.112,0.1,1,TMEM50B,-0,Not sig,NA
0.5918597524811365,0.3453479850954597,0.224,0.213,1,CLIP2,-0,Not sig,NA
0.5918602332502559,0.2340146577557945,0.123,0.143,1,CAPN7,-0,Not sig,NA
0.5931233210285423,0.10432467166202919,0.459,0.498,1,CNTNAP5,-0,Not sig,NA
0.5934676454182286,0.693438004841659,0.187,0.176,1,TAB2,-0,Not sig,NA
0.5942455860452143,0.5835964860889118,0.108,0.096,1,G2E3,-0,Not sig,NA
0.5945473837818094,0.16422527229261571,0.123,0.14,1,MYO9B,-0,Not sig,NA
0.5947954647241713,0.3706110920153082,0.16,0.146,1,ADGRL1,-0,Not sig,NA
0.5947954647241713,-0.3212196482788916,0.146,0.159,1,GALK2,-0,Not sig,NA
0.5950482369419032,-0.12275860758465057,0.172,0.189,1,TERF2IP,-0,Not sig,NA
0.5957689542555682,-0.12464197363950852,0.138,0.153,1,AKAP10,-0,Not sig,NA
0.5977989787679527,0.37563863370058476,0.112,0.1,1,CABIN1,-0,Not sig,NA
0.598450421875719,0.6786273065135822,0.123,0.113,1,MUM1,-0,Not sig,NA
0.600266982931666,0.3442299650925655,0.157,0.183,1,TAX1BP1,-0,Not sig,NA
0.60102719465598,-0.23221762596907602,0.104,0.12,1,AC008014.1,-0,Not sig,NA
0.6013800441262502,0.4416595573917182,0.19,0.183,1,ARHGAP35,-0,Not sig,NA
0.6017128151064917,0.6080766298146426,0.101,0.09,1,USP37,-0,Not sig,NA
0.6018487023685051,0.24856138050625387,0.325,0.312,1,SYT14,-0,Not sig,NA
0.6024643557805744,0.2904754611794598,0.112,0.1,1,STK38,-0,Not sig,NA
0.6030305041376303,-0.23564134686055077,0.112,0.126,1,KCNN2,-0,Not sig,NA
0.603199213015204,0.1272217649999443,0.302,0.282,1,POGZ,-0,Not sig,NA
0.603468697616111,0.22204054387571148,0.131,0.15,1,EYA3,-0,Not sig,NA
0.6040143999147293,0.1760872667181962,0.123,0.11,1,SETD3,-0,Not sig,NA
0.6044251846740396,0.34106404471458074,0.276,0.262,1,NAALADL2,-0,Not sig,NA
0.6045171297151477,0.20381920443339752,0.444,0.442,1,SSH2,-0,Not sig,NA
0.6050561509067223,0.2145279251663345,0.09,0.103,1,DNAH14,-0,Not sig,NA
0.605797958033307,0.27258885225562435,0.313,0.349,1,FAM49B,-0,Not sig,NA
0.6058067748092556,0.256300044884917,0.112,0.1,1,WASHC4,-0,Not sig,NA
0.6058874095441016,0.10993408883887171,0.164,0.15,1,GBF1,-0,Not sig,NA
0.6094798547309059,-0.18731474342582957,0.116,0.13,1,TIMP3,-0,Not sig,NA
0.6098919043300535,0.26766621205176594,0.187,0.176,1,ARHGEF9,-0,Not sig,NA
0.6104110724343783,-0.11787251811381844,0.142,0.159,1,NEMF,-0,Not sig,NA
0.6108142793007587,0.14394914356448463,0.205,0.229,1,CYFIP2,-0,Not sig,NA
0.6111573908482193,0.9725434890569372,0.104,0.096,1,FARSB,-0,Not sig,NA
0.6116797239147966,-0.12508495956212673,0.09,0.103,1,STXBP3,-0,Not sig,NA
0.6120285713768092,0.3215950710950596,0.25,0.239,1,USP24,-0,Not sig,NA
0.6120291754682611,0.24181021011516723,0.09,0.103,1,XXYLT1,-0,Not sig,NA
0.6124020177057714,0.2658086271722922,0.157,0.143,1,AP1G1,-0,Not sig,NA
0.6125654267376583,0.5905379813956548,0.116,0.106,1,SUN1,-0,Not sig,NA
0.6127147715968352,0.27097777772898435,0.142,0.163,1,ALMS1,-0,Not sig,NA
0.6130396261700927,0.14349181668716926,0.261,0.286,1,PDZD2,-0,Not sig,NA
0.6131066740039313,0.46045710333731876,0.142,0.13,1,SLC25A26,-0,Not sig,NA
0.6145356521973095,0.15563792075998245,0.112,0.1,1,CORO1C,-0,Not sig,NA
0.6155372289442195,0.1965857995150596,0.209,0.236,1,KLHL24,-0,Not sig,NA
0.6162652815868029,-0.1008504208052492,0.414,0.435,1,ADGRL2,-0,Not sig,NA
0.6170164427895921,-0.2234603419009371,0.414,0.442,1,NFIA,-0,Not sig,NA
0.6171804718738718,0.24277787722541688,0.194,0.179,1,ELAVL2,-0,Not sig,NA
0.6176883478981201,0.3030858042048933,0.187,0.213,1,ZC3H13,-0,Not sig,NA
0.6186077646071257,-0.10448100890047995,0.216,0.236,1,CNTNAP3B,-0,Not sig,NA
0.6213869888344301,0.5357968191139986,0.194,0.186,1,TLE4,-0,Not sig,NA
0.6222726779606383,0.4474004478794177,0.153,0.14,1,DIP2A,-0,Not sig,NA
0.6227246892766437,0.12895955552159022,0.123,0.11,1,GPBP1L1,-0,Not sig,NA
0.6227640568611779,-0.12594137999355404,0.112,0.126,1,NETO2,-0,Not sig,NA
0.624578051429755,0.1950012355579167,0.399,0.392,1,ZBTB16,-0,Not sig,NA
0.6252161098101523,0.24603635436784801,0.153,0.14,1,PHF20,-0,Not sig,NA
0.625322839409131,-0.24940702059564002,0.093,0.106,1,PPARD,-0,Not sig,NA
0.6259006653306908,0.3000414191928763,0.138,0.126,1,UBAP1,-0,Not sig,NA
0.6268799104471934,0.2539007606132398,0.198,0.186,1,ABI1,-0,Not sig,NA
0.6270164542632632,0.14585957419230744,0.325,0.329,1,CACNA1E,-0,Not sig,NA
0.6278428592077979,0.647622120932378,0.101,0.09,1,RAI1,-0,Not sig,NA
0.6284336586519523,0.44547704729753096,0.153,0.143,1,GPATCH2L,-0,Not sig,NA
0.6285973486615556,0.4099772858460026,0.179,0.169,1,ABLIM2,-0,Not sig,NA
0.6297244066718407,-0.14140356540258397,0.209,0.223,1,KCNB1,-0,Not sig,NA
0.6298974181721523,0.2598670959138045,0.302,0.332,1,FOCAD,-0,Not sig,NA
0.629922280859827,0.6902661617704088,0.104,0.093,1,P3H2,-0,Not sig,NA
0.6304846080133351,0.14731875113734305,0.175,0.196,1,HSD17B4,-0,Not sig,NA
0.6306989383284811,0.7316979678466441,0.231,0.226,1,ENAH,-0,Not sig,NA
0.6307080335471986,0.28228234179225065,0.396,0.389,1,DNAJC6,-0,Not sig,NA
0.6324361586744427,0.12531244218229867,0.19,0.176,1,PPIG,-0,Not sig,NA
0.6324377924925513,0.12783071236534527,0.228,0.256,1,AGO3,-0,Not sig,NA
0.6326224961426039,1.1328986866042383,0.112,0.103,1,USP10,-0,Not sig,NA
0.6326316080071006,0.18249705876633282,0.746,0.791,1,DLGAP1,-0,Not sig,NA
0.6334367582822946,0.349092789836844,0.153,0.143,1,CNR1,-0,Not sig,NA
0.6335105729051786,0.17472557747570705,0.257,0.246,1,LCORL,-0,Not sig,NA
0.6346379403649954,0.12340274873546454,0.134,0.123,1,RAB1A,-0,Not sig,NA
0.6350538521821205,0.2120767910536676,0.146,0.133,1,CDH4,-0,Not sig,NA
0.6356655986214597,-0.12941980260997998,0.377,0.405,1,UNC79,-0,Not sig,NA
0.6362017654564363,-0.1238811035731538,0.153,0.169,1,CHPT1,-0,Not sig,NA
0.6377752631434505,0.3278525868153186,0.157,0.143,1,HIF3A,-0,Not sig,NA
0.6389691853674555,0.4130882652794707,0.201,0.193,1,LINGO1,-0,Not sig,NA
0.6389768302555232,0.5863134286803215,0.123,0.113,1,LPIN2,-0,Not sig,NA
0.639291104042897,0.18498312563991948,0.101,0.09,1,MTMR9,-0,Not sig,NA
0.6397108361543591,0.3402643304050337,0.086,0.1,1,ANKFN1,-0,Not sig,NA
0.6403128950098147,0.1591074103192638,0.205,0.223,1,SH3D19,-0,Not sig,NA
0.6403687021685259,0.20902770886195632,0.384,0.382,1,TANC2,-0,Not sig,NA
0.6403704564876971,0.5193441446045587,0.112,0.13,1,ZNF782,-0,Not sig,NA
0.6407128849341635,0.5178652706912181,0.157,0.183,1,DZIP1,-0,Not sig,NA
0.6416534529478475,0.41577318768329935,0.149,0.136,1,SLC25A36,-0,Not sig,NA
0.6436028018935211,0.4991691568079444,0.172,0.189,1,GLIS3,-0,Not sig,NA
0.6440662019967046,0.350888541326638,0.134,0.123,1,THRAP3,-0,Not sig,NA
0.6443987069926305,0.16931190690330444,0.149,0.169,1,LIPA,-0,Not sig,NA
0.6444152811379555,0.7505152500705669,0.108,0.1,1,EIF2AK2,-0,Not sig,NA
0.6449582177180815,0.29070486370174087,0.269,0.269,1,MAML2,-0,Not sig,NA
0.6449744998992867,0.16397517909713807,0.108,0.123,1,EIF3H,-0,Not sig,NA
0.6453277036161473,0.3157306180681143,0.134,0.123,1,CTDSPL2,-0,Not sig,NA
0.6465553523264217,0.34933540876398117,0.213,0.203,1,PPP6R2,-0,Not sig,NA
0.6466885790722223,-0.48929662249642014,0.138,0.15,1,GPD2,-0,Not sig,NA
0.6470676677335849,0.10128206597391498,0.19,0.209,1,PPM1B,-0,Not sig,NA
0.6471811388772917,-0.1769945897055445,0.138,0.153,1,SMC5,-0,Not sig,NA
0.6473924954168105,0.3676681928831913,0.119,0.11,1,ACTG1,-0,Not sig,NA
0.6477123889727034,0.21913917035274044,0.093,0.106,1,MAPK1IP1L,-0,Not sig,NA
0.6484831354243203,0.1431909741143518,0.104,0.12,1,ITGA8,-0,Not sig,NA
0.6489349299892593,0.37432886741776195,0.108,0.123,1,KIAA0586,-0,Not sig,NA
0.6504936120333129,0.40898648776530283,0.104,0.12,1,DGCR2,-0,Not sig,NA
0.650503340570109,0.2335712574887756,0.216,0.206,1,DNM1,-0,Not sig,NA
0.6506485548609791,0.4072950293472235,0.272,0.269,1,FARS2,-0,Not sig,NA
0.6512733531526242,0.4827798288988341,0.287,0.286,1,GDAP1,-0,Not sig,NA
0.6515491704875822,0.15685221233702196,0.201,0.223,1,SUMF1,-0,Not sig,NA
0.65171613864638,0.6253311362189764,0.101,0.093,1,LIPE-AS1,-0,Not sig,NA
0.6523855559720586,0.6053739960688759,0.112,0.103,1,ZFAND6,-0,Not sig,NA
0.6526790716708699,0.5929744808862707,0.101,0.116,1,TCAF1,-0,Not sig,NA
0.6531854763117395,0.2205419251148273,0.369,0.362,1,AC073050.1,-0,Not sig,NA
0.6534395908014871,0.559401847467153,0.205,0.199,1,FUS,-0,Not sig,NA
0.6535835652424986,0.2376560704161128,0.261,0.296,1,PUM2,-0,Not sig,NA
0.654820629319077,0.5087427300005727,0.149,0.14,1,PDXK,-0,Not sig,NA
0.6554560826553575,-0.5512331260486961,0.123,0.133,1,EFR3B,-0,Not sig,NA
0.6556701803793811,0.46529359540972154,0.09,0.103,1,CNN3,-0,Not sig,NA
0.6566814186624526,0.19441741010648372,0.265,0.252,1,TMEM132D,-0,Not sig,NA
0.6568418230116483,-0.11518426519753433,0.093,0.103,1,UBA2,-0,Not sig,NA
0.6571111361578508,0.14542694447575213,0.142,0.159,1,ANK1,-0,Not sig,NA
0.6579342923307911,0.10117614115093149,0.116,0.13,1,TAF1,-0,Not sig,NA
0.6585858503132112,0.10312244101077916,0.299,0.286,1,PHACTR3,-0,Not sig,NA
0.6595325085766253,-0.31384169426734687,0.09,0.1,1,AL592183.1,-0,Not sig,NA
0.6603389435858782,0.22729655163343265,0.239,0.229,1,MBOAT2,-0,Not sig,NA
0.6607793049428821,0.16925710834092877,0.291,0.279,1,ATP9A,-0,Not sig,NA
0.6607933800193875,0.3649330927056105,0.407,0.435,1,FAF1,-0,Not sig,NA
0.6610994041619884,0.47955239718336695,0.153,0.143,1,LINC01004,-0,Not sig,NA
0.662011270140922,0.3852546438972111,0.403,0.429,1,SETBP1,-0,Not sig,NA
0.6643366452211477,0.448866585316617,0.16,0.153,1,TNKS2,-0,Not sig,NA
0.6647858297465177,-0.3169512795388592,0.198,0.209,1,CDC27,-0,Not sig,NA
0.6654382813513822,-0.4948032802618332,0.093,0.103,1,KYAT1,-0,Not sig,NA
0.6656772927002865,0.17698291031415597,0.112,0.126,1,NAPEPLD,-0,Not sig,NA
0.6659836153246104,0.12772656871606314,0.187,0.203,1,TENM1,-0,Not sig,NA
0.666590447441522,0.5211825965368369,0.175,0.166,1,DYNC1I2,-0,Not sig,NA
0.6668234213390969,-0.3264645340765635,0.09,0.1,1,ZNF318,-0,Not sig,NA
0.6669958775422005,0.3137985007700245,0.112,0.126,1,RANBP2,-0,Not sig,NA
0.6676555561901044,0.21358609776488213,0.112,0.126,1,RAD21,-0,Not sig,NA
0.6680259073975473,-0.3214988190593729,0.112,0.1,1,YY1,-0,Not sig,NA
0.6686172436190108,0.3689519951210688,0.153,0.143,1,CCAR1,-0,Not sig,NA
0.6690377038742918,0.4914177206205712,0.16,0.153,1,SGCE,-0,Not sig,NA
0.6691481443278315,0.2674312138662792,0.213,0.236,1,AL139260.1,-0,Not sig,NA
0.6694214142638595,0.6638358422240788,0.097,0.113,1,CNTRL,-0,Not sig,NA
0.6694578457098191,0.10018523404563084,0.138,0.153,1,PRKDC,-0,Not sig,NA
0.6709972217363268,0.13885233388685791,0.392,0.445,1,SPTBN1,-0,Not sig,NA
0.6710278240041094,0.6051103200466378,0.187,0.183,1,RAB11FIP3,-0,Not sig,NA
0.6720070868924305,0.3760848960007401,0.097,0.11,1,CLASRP,-0,Not sig,NA
0.6730455498388934,-0.26201762875605283,0.09,0.1,1,GON4L,-0,Not sig,NA
0.6732700999237089,0.17105839889183244,0.19,0.206,1,CDK8,-0,Not sig,NA
0.6759436916818307,0.35566533826499097,0.127,0.143,1,PPFIA1,-0,Not sig,NA
0.6760644398439676,0.21447341911176565,0.343,0.339,1,PPP6R3,-0,Not sig,NA
0.6769178133248455,0.1390746242445497,0.112,0.126,1,AQR,-0,Not sig,NA
0.6769554613192728,0.17869767967041844,0.134,0.15,1,PSIP1,-0,Not sig,NA
0.6780793695198903,0.3610090313455864,0.239,0.236,1,YWHAZ,-0,Not sig,NA
0.678285816286873,0.21839503457680967,0.142,0.159,1,BTBD8,-0,Not sig,NA
0.6787277480666838,0.18741384432315256,0.354,0.395,1,CSRNP3,-0,Not sig,NA
0.6804115425562427,0.2518360101895363,0.138,0.156,1,AP3B1,-0,Not sig,NA
0.6811666172827111,-0.12373772164242292,0.168,0.183,1,WDR59,-0,Not sig,NA
0.6816590572264829,0.10095762515787199,0.213,0.229,1,MIR137HG,-0,Not sig,NA
0.6818452402002355,-0.10515814397066703,0.313,0.339,1,MKL1,-0,Not sig,NA
0.6821615042526286,0.16341198246565974,0.127,0.116,1,PTAR1,-0,Not sig,NA
0.6822844921430218,-0.11702539294574126,0.112,0.123,1,GAD2,-0,Not sig,NA
0.6831878958528705,-0.34394136349773613,0.101,0.113,1,AC024901.1,-0,Not sig,NA
0.6832595806890289,-0.12531004948813892,0.187,0.199,1,ABL2,-0,Not sig,NA
0.6836137933837869,0.8425783977367005,0.101,0.093,1,RFX3-AS1,-0,Not sig,NA
0.6839207270152552,0.19215669678077446,0.205,0.223,1,MICU3,-0,Not sig,NA
0.6846172561015358,0.3294246994793413,0.291,0.269,1,SLC24A3,-0,Not sig,NA
0.6865513112616022,0.36323448275007597,0.175,0.166,1,PCBP2,-0,Not sig,NA
0.6865626533146232,0.7295608247873894,0.123,0.116,1,SAMD5,-0,Not sig,NA
0.6870815995426707,0.17923639031385663,0.228,0.216,1,FAM69A,-0,Not sig,NA
0.6872162865768519,0.4937256839042811,0.108,0.1,1,PTH1R,-0,Not sig,NA
0.6874503251085501,-0.39719509270217235,0.097,0.106,1,USP8,-0,Not sig,NA
0.6875734343081936,0.2886914566896174,0.25,0.282,1,ACAP2,-0,Not sig,NA
0.6897800181528111,-0.1992357712534099,0.116,0.126,1,RAB11B,-0,Not sig,NA
0.6898347819539876,0.2952459965419375,0.101,0.113,1,RAB14,-0,Not sig,NA
0.6900316404144249,-0.8140674332074497,0.093,0.103,1,IL1RAPL2,-0,Not sig,NA
0.6906315796355906,0.33092750463673354,0.142,0.159,1,DNM1L,-0,Not sig,NA
0.6910335954702824,-0.2681530983379394,0.097,0.106,1,DISC1,-0,Not sig,NA
0.6914690630657019,-0.460449276663953,0.138,0.146,1,TENT4B,-0,Not sig,NA
0.6915124623860274,0.1520654395773971,0.108,0.12,1,OXSR1,-0,Not sig,NA
0.6923362062149234,0.6946301290068351,0.149,0.143,1,ANAPC10,-0,Not sig,NA
0.6923618480051904,0.2884259095539672,0.235,0.269,1,DAPK1,-0,Not sig,NA
0.6933467012078712,0.21585345207753878,0.131,0.146,1,EPB41L1,-0,Not sig,NA
0.693581998949701,0.2680320904727803,0.164,0.183,1,WRN,-0,Not sig,NA
0.6942086992403301,0.24646550342173912,0.28,0.276,1,RGS12,-0,Not sig,NA
0.6954027607411482,0.1843068502138278,0.104,0.116,1,IL6ST,-0,Not sig,NA
0.6958580321337638,0.29188129068903446,0.302,0.336,1,SHISA9,-0,Not sig,NA
0.6972011670340239,0.12756371410007394,0.153,0.166,1,NUDCD3,-0,Not sig,NA
0.6992706676994545,-0.1905781825073274,0.09,0.1,1,GUCY1A1,-0,Not sig,NA
0.6994700604988873,0.37457985347763056,0.291,0.289,1,AC006148.1,-0,Not sig,NA
0.7000853930661338,0.22707447257650104,0.381,0.375,1,BAZ2B,-0,Not sig,NA
0.7007824697642048,0.23835997231260087,0.19,0.206,1,RNF19A,-0,Not sig,NA
0.7010235933442494,0.13327734870328456,0.612,0.631,1,MACROD2,-0,Not sig,NA
0.7010344286167625,0.16050941003466676,0.149,0.14,1,KLHL2,-0,Not sig,NA
0.701776408707073,0.6142254603153021,0.138,0.156,1,HNRNPK,-0,Not sig,NA
0.7027196557565731,0.35938249145208945,0.131,0.123,1,TECPR2,-0,Not sig,NA
0.7029113203905202,0.17755385508488192,0.108,0.1,1,LYPD6B,-0,Not sig,NA
0.7045432342341411,0.41565911614695567,0.127,0.12,1,CEMIP2,-0,Not sig,NA
0.7047190649526069,0.17681371524678546,0.466,0.515,1,INPP4B,-0,Not sig,NA
0.7055407675201408,0.5600677303049737,0.127,0.12,1,BCR,-0,Not sig,NA
0.7060094686297709,0.26657281854996573,0.254,0.279,1,KDM6A,-0,Not sig,NA
0.7060258140023419,0.21981688145280764,0.112,0.103,1,TXLNG,-0,Not sig,NA
0.7066050970016505,-0.11929516398340612,0.347,0.375,1,NOVA1,-0,Not sig,NA
0.7077515359360403,0.5087965027706223,0.146,0.136,1,NTNG1,-0,Not sig,NA
0.7077924179230273,0.1706082087050166,0.157,0.173,1,MGAT4A,-0,Not sig,NA
0.7079839139149366,0.2940823403990168,0.138,0.13,1,DNAJB14,-0,Not sig,NA
0.7092617257486018,0.22843813089072285,0.328,0.329,1,PLD5,-0,Not sig,NA
0.7095646215734295,0.15006822223250849,0.287,0.269,1,SORT1,-0,Not sig,NA
0.7095694336457528,0.4576255799588522,0.287,0.282,1,TULP4,-0,Not sig,NA
0.7096231497118781,0.10039962773502964,0.313,0.329,1,CACNA2D1,-0,Not sig,NA
0.7098529268428562,0.6205106400611503,0.104,0.12,1,IFT88,-0,Not sig,NA
0.7102174224854655,0.37149109293387106,0.175,0.169,1,SV2A,-0,Not sig,NA
0.711404964078476,0.5087494760024929,0.205,0.199,1,YLPM1,-0,Not sig,NA
0.7118190681651564,0.2706309903506665,0.205,0.196,1,ZFYVE9,-0,Not sig,NA
0.7119976562308206,0.5492657921003525,0.09,0.103,1,OTUD7B,-0,Not sig,NA
0.713111949521904,0.3762581289428787,0.101,0.093,1,KLF9,-0,Not sig,NA
0.7133593727066581,0.24407158542117346,0.343,0.339,1,CCDC91,-0,Not sig,NA
0.7135271958894553,0.3803889026935983,0.131,0.146,1,BCL11A,-0,Not sig,NA
0.7135443504479182,0.36378327855503656,0.295,0.299,1,GARNL3,-0,Not sig,NA
0.7139821869132019,0.4712032728316048,0.198,0.189,1,NECAB1,-0,Not sig,NA
0.7140368736585769,0.3323989046043859,0.239,0.233,1,ADD3,-0,Not sig,NA
0.7155875635055748,0.3227881620138344,0.209,0.199,1,ST8SIA5,-0,Not sig,NA
0.7156946604863712,0.11424453924042755,0.093,0.103,1,GPALPP1,-0,Not sig,NA
0.7165563428614727,0.3935140390437297,0.257,0.256,1,TAF15,-0,Not sig,NA
0.7165834553159439,0.3548152127017712,0.369,0.379,1,SOBP,-0,Not sig,NA
0.7177880417809721,0.32813109423198034,0.134,0.126,1,TANGO6,-0,Not sig,NA
0.7205310041942619,0.11095231536747852,0.537,0.615,1,TNRC6B,-0,Not sig,NA
0.7205659557817059,0.23620309019436236,0.444,0.508,1,ZFAND3,-0,Not sig,NA
0.7218743709583285,-0.225879417840946,0.164,0.15,1,RELN,-0,Not sig,NA
0.7221769656673933,0.2577310163643449,0.16,0.153,1,NFKB1,-0,Not sig,NA
0.7227945845939117,0.2252760812424035,0.101,0.093,1,RHBDD1,-0,Not sig,NA
0.7230850538693943,0.15215961203119582,0.149,0.163,1,SF3B1,-0,Not sig,NA
0.7243100194047472,0.21406092929818987,0.157,0.173,1,RSRP1,-0,Not sig,NA
0.725817096028012,0.16413141953746463,0.131,0.123,1,ANKAR,-0,Not sig,NA
0.7259810501043856,0.6779846708844743,0.123,0.116,1,ILKAP,-0,Not sig,NA
0.7283302020286289,0.50966266490684,0.138,0.13,1,CEP290,-0,Not sig,NA
0.7291270623037452,-0.23657284812383028,0.25,0.259,1,C8orf34,-0,Not sig,NA
0.7310320280556539,0.6625038855116346,0.142,0.136,1,GABBR1,-0,Not sig,NA
0.7313700491565629,0.13099052004797584,0.172,0.163,1,NNT,-0,Not sig,NA
0.7317409428036423,-0.12264205461062638,0.19,0.179,1,JAM3,-0,Not sig,NA
0.7317810903084081,0.12204819590706645,0.146,0.136,1,AGO2,-0,Not sig,NA
0.7326851468342881,0.22462585956668235,0.459,0.472,1,MAP7,-0,Not sig,NA
0.7335341848367499,0.1453505510658908,0.25,0.269,1,ADAM10,-0,Not sig,NA
0.7338597318684592,0.23052723279772835,0.239,0.233,1,PCMTD1,-0,Not sig,NA
0.7340251854456854,-0.3366371396374685,0.138,0.126,1,YAF2,-0,Not sig,NA
0.7342205681375258,0.5318576289738165,0.138,0.153,1,ATP2B4,-0,Not sig,NA
0.7342261609235956,0.9096363529549767,0.101,0.096,1,ZNF251,-0,Not sig,NA
0.7345573553606839,0.141268518844812,0.112,0.123,1,FAM193B,-0,Not sig,NA
0.7350071131910134,1.0992546513667367,0.134,0.13,1,PKIA,-0,Not sig,NA
0.7354128282629894,0.3417918726214857,0.175,0.173,1,THOC2,-0,Not sig,NA
0.7360602667991936,0.2550445117953103,0.09,0.1,1,HEATR5B,-0,Not sig,NA
0.7366099486554614,0.22486847844279684,0.16,0.176,1,RNF149,-0,Not sig,NA
0.7374700634800797,-0.14678883178813218,0.19,0.203,1,MICU2,-0,Not sig,NA
0.7376534557340579,0.2494035108453831,0.112,0.123,1,MTURN,-0,Not sig,NA
0.7386052767614433,0.377554074924075,0.123,0.116,1,GLUD1,-0,Not sig,NA
0.7389390942627287,0.6884284320702954,0.134,0.13,1,SLF2,-0,Not sig,NA
0.7399809445862596,0.3236496794211925,0.418,0.439,1,TNKS,-0,Not sig,NA
0.7407435185855589,0.24250100844008368,0.175,0.189,1,LNPEP,-0,Not sig,NA
0.7409559124488564,0.4448258804710927,0.164,0.183,1,DYNC1H1,-0,Not sig,NA
0.7409559217680227,0.4858074885032205,0.164,0.183,1,LIFR,-0,Not sig,NA
0.7414863687909363,-0.370180280115532,0.201,0.206,1,SLMAP,-0,Not sig,NA
0.7416760938561552,0.14186311240051142,0.138,0.13,1,TPP2,-0,Not sig,NA
0.7419940138553738,0.4239572068527459,0.116,0.11,1,PHLDB1,-0,Not sig,NA
0.7420240797510363,0.15351540519005152,0.157,0.15,1,TRPC4AP,-0,Not sig,NA
0.7424300726781341,0.1720352555627287,0.093,0.103,1,SCRN1,-0,Not sig,NA
0.7425556656438328,0.12329257428041751,0.22,0.209,1,NFIX,-0,Not sig,NA
0.7446427400123985,-0.18596098519780374,0.194,0.179,1,VPS53,-0,Not sig,NA
0.7455197209793931,0.48922298473438125,0.146,0.14,1,SRSF4,-0,Not sig,NA
0.7457658660046786,-0.14590790168443757,0.549,0.542,1,KCNQ5,-0,Not sig,NA
0.7465784794982608,0.11872148877923061,0.198,0.189,1,PLCL2,-0,Not sig,NA
0.7465795236430814,0.129363418889886,0.31,0.306,1,RASGRF2,-0,Not sig,NA
0.7472369711804615,0.33338607805040754,0.198,0.216,1,TMEM135,-0,Not sig,NA
0.7474020677217769,0.5317147233700874,0.112,0.106,1,RAD23B,-0,Not sig,NA
0.7476586376817397,0.2341503085895945,0.112,0.123,1,ST7L,-0,Not sig,NA
0.7477364799537227,0.3175082431885921,0.149,0.143,1,ADAR,-0,Not sig,NA
0.7480600706241458,0.39471298149205314,0.104,0.116,1,IFT43,-0,Not sig,NA
0.7480698891094397,0.1172707532634365,0.209,0.203,1,PEAK1,-0,Not sig,NA
0.7483819409910059,0.2236055933436941,0.134,0.126,1,COLGALT2,-0,Not sig,NA
0.748415047532875,0.18463849766475587,0.093,0.103,1,CYFIP1,-0,Not sig,NA
0.748479470662485,-0.2964695484090287,0.112,0.12,1,ARHGAP6,-0,Not sig,NA
0.7497340671345822,0.1275853152898599,0.112,0.123,1,WDR11,-0,Not sig,NA
0.749909997783289,0.1810542114484595,0.142,0.153,1,AC090517.4,-0,Not sig,NA
0.7509300040062812,-0.1392722636311574,0.119,0.126,1,ACTR3,-0,Not sig,NA
0.7509470460173394,0.12175040622003097,0.493,0.502,1,TJP1,-0,Not sig,NA
0.7516356575123404,0.42366382628189214,0.481,0.502,1,ERC2,-0,Not sig,NA
0.7524520503589387,0.3610026419455332,0.108,0.12,1,CNOT1,-0,Not sig,NA
0.7529432711849815,0.6536402144320665,0.093,0.106,1,TSHZ3,-0,Not sig,NA
0.7530712639399233,0.17246400284784852,0.213,0.229,1,XRCC5,-0,Not sig,NA
0.7533155675096548,0.20228478725409726,0.104,0.096,1,INPP5B,-0,Not sig,NA
0.75392929125184,-0.11886132578658676,0.146,0.153,1,YWHAE,-0,Not sig,NA
0.7539931309587495,0.5144531404618032,0.108,0.103,1,CNOT6,-0,Not sig,NA
0.7540603751482451,-0.11043633915838025,0.104,0.096,1,SEL1L,-0,Not sig,NA
0.7541029778516047,0.40457553945744024,0.119,0.13,1,PURG,-0,Not sig,NA
0.7549076978631143,-0.18206643953643886,0.16,0.15,1,KIF26B,-0,Not sig,NA
0.7552136802503756,0.5888238234740301,0.175,0.169,1,MTR,-0,Not sig,NA
0.7557753352047554,0.4775812626739985,0.138,0.133,1,CYTH3,-0,Not sig,NA
0.7571395458857569,0.21800382471767632,0.272,0.296,1,CPSF6,-0,Not sig,NA
0.7571743531908443,0.19673211108555488,0.321,0.346,1,SOS1,-0,Not sig,NA
0.7571791995753719,0.4746774568215064,0.146,0.159,1,RNF157,-0,Not sig,NA
0.7573412595903657,0.4127468941238408,0.134,0.126,1,MSH2,-0,Not sig,NA
0.7591783831102898,0.22967510020550438,0.119,0.13,1,GUCY1B1,-0,Not sig,NA
0.7604302373659644,-0.14071421076697882,0.093,0.103,1,AL445250.1,-0,Not sig,NA
0.7613149444114305,0.27798519019441126,0.224,0.243,1,SLC16A1-AS1,-0,Not sig,NA
0.7619997973633558,0.1646676938301496,0.134,0.126,1,XYLT1,-0,Not sig,NA
0.7631101183975924,0.36310707589667135,0.101,0.11,1,FOXK1,-0,Not sig,NA
0.7633621307639127,0.2432392053861715,0.216,0.213,1,TLK1,-0,Not sig,NA
0.7643119763955208,0.1335134764752403,0.112,0.123,1,FEZ2,-0,Not sig,NA
0.7649959542068068,-0.27108052431300456,0.093,0.1,1,ADAM9,-0,Not sig,NA
0.7650619244980347,0.17399207805699168,0.299,0.299,1,PCNX2,-0,Not sig,NA
0.7671382299123708,0.12337029461311026,0.179,0.173,1,GNAL,-0,Not sig,NA
0.7672145007774039,0.4160873739128449,0.093,0.103,1,PHTF1,-0,Not sig,NA
0.7677264235264647,0.3856006908368426,0.179,0.173,1,MSH3,-0,Not sig,NA
0.7679488830870111,0.5161163901754345,0.108,0.12,1,TLE1,-0,Not sig,NA
0.7681803783955149,0.2568930317225399,0.116,0.11,1,HIBADH,-0,Not sig,NA
0.7686089397771059,0.1713054797218038,0.179,0.173,1,ZBTB8OS,-0,Not sig,NA
0.768644881763412,0.1020878525842974,0.172,0.163,1,CDS2,-0,Not sig,NA
0.7702635982562389,0.500175189723232,0.172,0.169,1,SEMA6A,-0,Not sig,NA
0.7707257712461582,0.23446349692524257,0.164,0.156,1,FAM120A,-0,Not sig,NA
0.7709856425880237,0.2970626610701439,0.246,0.272,1,AKAP9,-0,Not sig,NA
0.7732375621189872,-0.10111736089010173,0.194,0.183,1,MAP3K2,-0,Not sig,NA
0.7732599768552988,0.35845966943391505,0.093,0.103,1,PDE4A,-0,Not sig,NA
0.7734653289063499,0.45075391390784336,0.09,0.1,1,BCAT1,-0,Not sig,NA
0.7737270568398887,0.7079655974689192,0.108,0.103,1,EML2,-0,Not sig,NA
0.7739104659249016,0.4210852635616959,0.179,0.173,1,FGD4,-0,Not sig,NA
0.7740775475155577,0.31409415796858225,0.112,0.123,1,PRKCI,-0,Not sig,NA
0.7743074337940762,0.176932336383236,0.168,0.163,1,NR6A1,-0,Not sig,NA
0.7744678311330639,0.7388860480881269,0.104,0.1,1,EPG5,-0,Not sig,NA
0.7758955655944879,0.10764335421938198,0.321,0.316,1,ATXN10,-0,Not sig,NA
0.7766771732549391,0.2642819130443686,0.157,0.169,1,RIPOR2,-0,Not sig,NA
0.7767320404668595,0.14043930102426339,0.116,0.11,1,TDRP,-0,Not sig,NA
0.7767703876644906,0.18148420137725277,0.16,0.173,1,FAM182B,-0,Not sig,NA
0.7778227891332136,0.5186681411138957,0.104,0.1,1,CYB5R4,-0,Not sig,NA
0.7778995707714342,0.3748362247339114,0.119,0.113,1,ATP6V0B,-0,Not sig,NA
0.7785610907692315,0.4237746533776251,0.093,0.103,1,MSL2,-0,Not sig,NA
0.7791326962211862,0.5857831400017242,0.216,0.219,1,SLC20A2,-0,Not sig,NA
0.7792856572857838,0.3373608968777785,0.134,0.13,1,SH3YL1,-0,Not sig,NA
0.7807043886352274,-0.1440989731938811,0.526,0.555,1,RABGAP1L,-0,Not sig,NA
0.7807939209020078,0.23718298278130956,0.205,0.216,1,AUH,-0,Not sig,NA
0.7810638453856406,0.16851893349255026,0.123,0.116,1,LYPLAL1,-0,Not sig,NA
0.7825536114325604,-0.32596682365132457,0.134,0.14,1,RNF145,-0,Not sig,NA
0.7834379720299935,0.17199069600120875,0.34,0.365,1,VPS13C,-0,Not sig,NA
0.7853064931557278,-0.16380851200946922,0.112,0.12,1,ZFP90,-0,Not sig,NA
0.7855380484663768,0.7200004752023719,0.123,0.12,1,FUBP3,-0,Not sig,NA
0.7857335427235804,0.15719371569470408,0.119,0.13,1,GSE1,-0,Not sig,NA
0.7864096111160134,0.22663913548797066,0.164,0.176,1,KCNH1,-0,Not sig,NA
0.7881175497955798,0.5918748691020197,0.09,0.1,1,LEPR,-0,Not sig,NA
0.7882554458018591,0.30419987975320645,0.157,0.169,1,DPH6,-0,Not sig,NA
0.7889618311579752,-0.13908334350615448,0.862,0.834,1,CNTNAP2,-0,Not sig,NA
0.7894896998315712,0.16247717249769522,0.466,0.505,1,BCAS3,-0,Not sig,NA
0.7896354221736211,0.36117030137646444,0.138,0.133,1,LAMA3,-0,Not sig,NA
0.7898182863241683,0.33228308251311867,0.187,0.183,1,FAM171B,-0,Not sig,NA
0.791666516271182,0.27930928184424064,0.228,0.223,1,CAP2,-0,Not sig,NA
0.7921221483360139,0.10453955646314819,0.146,0.156,1,CRB1,-0,Not sig,NA
0.7922393521719319,0.5241348176804393,0.101,0.096,1,USP49,-0,Not sig,NA
0.7926594561596481,-0.28160224984677373,0.123,0.113,1,MTM1,-0,Not sig,NA
0.7932388897900743,0.10061250555468892,0.101,0.11,1,NFYC,-0,Not sig,NA
0.7950865384920358,0.40499450368943124,0.101,0.11,1,GNPTAB,-0,Not sig,NA
0.7965940733287881,0.10521235926455136,0.205,0.219,1,GPR137C,-0,Not sig,NA
0.7968525216358662,0.14476409800839357,0.119,0.126,1,PGM2L1,-0,Not sig,NA
0.797007581825059,0.3050697995581628,0.127,0.136,1,ARHGAP12,-0,Not sig,NA
0.7979303026819758,0.3379700424377209,0.146,0.14,1,DHX15,-0,Not sig,NA
0.7994277921079311,0.13846662516039587,0.093,0.1,1,GFPT1,-0,Not sig,NA
0.7998106269183713,-0.14618604960902395,0.112,0.106,1,ADAMTS6,-0,Not sig,NA
0.8002482906157635,0.22070981464902723,0.205,0.223,1,SESN3,-0,Not sig,NA
0.8004702636782646,0.6092996946299644,0.112,0.11,1,NRSN1,-0,Not sig,NA
0.8009238683242641,0.1402134654979601,0.153,0.163,1,KANTR,-0,Not sig,NA
0.8011930844005748,0.12538397527715917,0.22,0.216,1,CDC14B,-0,Not sig,NA
0.8029299131729095,0.12779301255284467,0.187,0.183,1,TFCP2,-0,Not sig,NA
0.8030079007825743,-0.32821303246375483,0.108,0.113,1,LRRC3B,-0,Not sig,NA
0.8033526692916733,0.21559965370515066,0.235,0.229,1,NCOA7,-0,Not sig,NA
0.8041128987583144,0.2705723207572426,0.313,0.319,1,MNAT1,-0,Not sig,NA
0.8048803754302083,0.3196234083422728,0.194,0.196,1,RAB10,-0,Not sig,NA
0.8058629671456399,0.1594688973171532,0.112,0.12,1,AMD1,-0,Not sig,NA
0.8069265306339927,0.20413233902779437,0.25,0.269,1,MED13,-0,Not sig,NA
0.8071166471322858,0.29493296114988643,0.112,0.106,1,PTCD3,-0,Not sig,NA
0.8079306288875127,-0.13588306693136593,0.119,0.126,1,CRTC1,-0,Not sig,NA
0.8100284781276913,0.38392677636384936,0.198,0.193,1,ATXN7L1,-0,Not sig,NA
0.8105255863942415,0.5289573564523937,0.22,0.219,1,KLHL29,-0,Not sig,NA
0.8106698800720548,0.42948878298657767,0.116,0.113,1,ZNF462,-0,Not sig,NA
0.8110016839348329,0.21070039230670878,0.429,0.442,1,ANKRD12,-0,Not sig,NA
0.8111866520559549,-0.14638336688526454,0.776,0.751,1,LRP1B,-0,Not sig,NA
0.8119837540119266,0.2932204917620865,0.209,0.209,1,FOXJ3,-0,Not sig,NA
0.812463182671102,-0.572048480789428,0.119,0.11,1,RAB27B,-0,Not sig,NA
0.8133674215635995,0.14294353923143555,0.108,0.116,1,TGFBR3,-0,Not sig,NA
0.8138945362478482,0.19177499833665768,0.198,0.216,1,CLSTN2,-0,Not sig,NA
0.8147783098046887,0.4226941362013684,0.123,0.12,1,FOXK2,-0,Not sig,NA
0.8148347697724003,0.1481786448726323,0.127,0.136,1,DZIP3,-0,Not sig,NA
0.8148347954727507,0.1329949598194739,0.127,0.136,1,SYNJ1,-0,Not sig,NA
0.8149506478898632,0.2680520053560153,0.146,0.156,1,MPP6,-0,Not sig,NA
0.8154843980346311,0.16722010176513313,0.108,0.103,1,SYNRG,-0,Not sig,NA
0.8157434349943096,0.18020494001357024,0.104,0.1,1,GRIN3A,-0,Not sig,NA
0.8159708358862608,-0.17496606123097436,0.19,0.196,1,CCDC3,-0,Not sig,NA
0.816491464379831,0.35783587240649817,0.179,0.193,1,STXBP6,-0,Not sig,NA
0.8169826282514645,0.10475072269766672,0.108,0.116,1,UHRF2,-0,Not sig,NA
0.8174272287188714,-0.15003876841800778,0.784,0.751,1,PTPRD,-0,Not sig,NA
0.8180107660615206,0.5463687388863586,0.097,0.106,1,EIF2AK4,-0,Not sig,NA
0.8192192377492669,0.19901095494143053,0.149,0.159,1,KDM4B,-0,Not sig,NA
0.8202804149870624,0.1430911832299281,0.093,0.1,1,LINC00486,-0,Not sig,NA
0.8203052694162505,0.11455656156159977,0.116,0.123,1,ASCC1,-0,Not sig,NA
0.8204886005156361,0.5136853885518233,0.127,0.123,1,RABL6,-0,Not sig,NA
0.8207479283451858,0.10199770047663592,0.325,0.349,1,SRGAP3,-0,Not sig,NA
0.8225900946282543,0.3780116156655595,0.131,0.123,1,FAM153C,-0,Not sig,NA
0.8227508410362697,-0.22914048043639446,0.101,0.106,1,AP3B2,-0,Not sig,NA
0.8230887133205664,-0.12180290335630195,0.138,0.143,1,SOGA1,-0,Not sig,NA
0.8232575695742509,0.5664517389633102,0.127,0.123,1,TIAL1,-0,Not sig,NA
0.8253010648635711,0.31764174450831806,0.19,0.206,1,SRRM2,-0,Not sig,NA
0.8255793639255059,0.495860159786597,0.097,0.106,1,C5orf30,-0,Not sig,NA
0.8265267831854981,0.14257219538107002,0.175,0.186,1,RYK,-0,Not sig,NA
0.8270671782827358,0.1863209501026155,0.201,0.216,1,ICA1L,-0,Not sig,NA
0.8270930531214018,0.19857791762384625,0.272,0.269,1,UVRAG,-0,Not sig,NA
0.8276085252119112,0.2673540318075208,0.138,0.146,1,FUBP1,-0,Not sig,NA
0.8276379461814731,-0.15506763217218555,0.604,0.608,1,MIR99AHG,-0,Not sig,NA
0.8282067527266338,0.12196641017916898,0.157,0.15,1,SLC35F4,-0,Not sig,NA
0.830491324454548,0.5133735994445181,0.164,0.166,1,ZKSCAN1,-0,Not sig,NA
0.8310286183572853,0.35349084819304966,0.328,0.336,1,ARHGEF7,-0,Not sig,NA
0.8311285114097496,0.11880313444385754,0.179,0.193,1,NME7,-0,Not sig,NA
0.8312319052542794,0.26449323549375003,0.239,0.239,1,SH3RF3,-0,Not sig,NA
0.8312521146606111,0.5599700471440663,0.108,0.106,1,TAF2,-0,Not sig,NA
0.8313774865838307,0.31590452157593885,0.187,0.183,1,ARFGEF2,-0,Not sig,NA
0.8323020879687575,0.3175550880554357,0.179,0.193,1,SCFD2,-0,Not sig,NA
0.8324050113761616,0.11864315330115205,0.104,0.1,1,NACC2,-0,Not sig,NA
0.8324460781922214,0.18941345777401153,0.194,0.203,1,PPP1R13B,-0,Not sig,NA
0.8330029151520647,0.10725156798689284,0.313,0.336,1,GNAO1,-0,Not sig,NA
0.8331790833318159,0.5067409671614271,0.138,0.136,1,FAM85B,-0,Not sig,NA
0.8333133466319647,0.5154848713234247,0.127,0.123,1,SEC63,-0,Not sig,NA
0.8342540900526889,-0.12264856488754461,0.093,0.1,1,CMC2,-0,Not sig,NA
0.8346339801216487,0.17471605142051283,0.22,0.236,1,CEP85L,-0,Not sig,NA
0.8365824951119458,0.1335213938699894,0.104,0.1,1,LRRC6,-0,Not sig,NA
0.8373908527269218,0.26715982999712007,0.134,0.143,1,RAB11FIP4,-0,Not sig,NA
0.8380548469413114,0.16200924659502824,0.142,0.136,1,PDHX,-0,Not sig,NA
0.8381720721390618,0.1366436930707573,0.201,0.196,1,HDAC4,-0,Not sig,NA
0.8398848630117262,0.24606590185819222,0.134,0.13,1,AP1S2,-0,Not sig,NA
0.839944279549047,0.1947387779133884,0.164,0.176,1,WWP1,-0,Not sig,NA
0.8407202364224612,0.18871444122224168,0.336,0.369,1,OSBPL8,-0,Not sig,NA
0.8414779534737512,0.33899859653724185,0.224,0.219,1,UBE2R2,-0,Not sig,NA
0.8423378984274624,-0.21632220054376633,0.101,0.106,1,ARHGAP28,-0,Not sig,NA
0.8425840410810346,0.13897761446241397,0.534,0.548,1,EXOC6B,-0,Not sig,NA
0.8431994609438136,-0.17485759211151275,0.164,0.169,1,NRXN2,-0,Not sig,NA
0.8433708563374266,0.1689925273327045,0.142,0.136,1,SPG11,-0,Not sig,NA
0.8443722848220246,0.19735547787386742,0.228,0.239,1,ATP6V0A1,-0,Not sig,NA
0.8447381905728873,0.12796581873397214,0.168,0.166,1,PDXDC1,-0,Not sig,NA
0.8449381735765572,0.44170726892119633,0.157,0.169,1,MIGA1,-0,Not sig,NA
0.8452321202091719,0.2968068678247893,0.101,0.096,1,CCDC146,-0,Not sig,NA
0.8458043845351579,0.563378681738943,0.131,0.13,1,SSH1,-0,Not sig,NA
0.845937999396059,0.4027775778354718,0.131,0.126,1,ATRN,-0,Not sig,NA
0.8460037763605549,0.3858802174551581,0.134,0.13,1,ICA1,-0,Not sig,NA
0.8460526977533778,0.12137742159213583,0.22,0.216,1,NUMB,-0,Not sig,NA
0.8466475725874668,0.3208623604041426,0.112,0.12,1,CDC42,-0,Not sig,NA
0.8471790439362902,0.6037907627597496,0.112,0.11,1,ZNF780B,-0,Not sig,NA
0.8477228335656017,0.3678755255138376,0.228,0.236,1,SFMBT2,-0,Not sig,NA
0.8480811027770772,0.2773257580664594,0.213,0.229,1,RBPJ,-0,Not sig,NA
0.8482734576098389,0.12819922064865946,0.127,0.123,1,EPHB1,-0,Not sig,NA
0.8499262219060173,-0.24715247310990107,0.209,0.216,1,SEMA5A,-0,Not sig,NA
0.8500403480114916,0.21330738883031708,0.116,0.123,1,NAIP,-0,Not sig,NA
0.8502808648404736,0.3566807446572882,0.194,0.199,1,ADCY9,-0,Not sig,NA
0.8508778968600234,-0.10146743749276776,0.388,0.395,1,HDAC9,-0,Not sig,NA
0.85226253441152,0.17620839498679342,0.287,0.289,1,GOLGA4,-0,Not sig,NA
0.8532352727280967,0.3699347101611357,0.138,0.136,1,DGKD,-0,Not sig,NA
0.8533115745135795,0.14245016550945566,0.377,0.372,1,SYNPR,-0,Not sig,NA
0.8537481889282903,0.10433862917250047,0.093,0.1,1,CASKIN1,-0,Not sig,NA
0.8546385585729569,0.3932239784909841,0.321,0.346,1,SDK1,-0,Not sig,NA
0.8555705347454282,0.10860813394721436,0.231,0.226,1,CLVS1,-0,Not sig,NA
0.8559421233328299,0.34037733260220576,0.183,0.183,1,KIZ,-0,Not sig,NA
0.8571595951825794,0.1381908210234229,0.123,0.13,1,XRN2,-0,Not sig,NA
0.8573587683503723,0.16019789294202436,0.142,0.136,1,PCNX4,-0,Not sig,NA
0.8578437642105269,0.3410518570097227,0.146,0.156,1,BCLAF1,-0,Not sig,NA
0.858388388876565,0.2990043494225132,0.134,0.133,1,PWWP2A,-0,Not sig,NA
0.8584986487779245,0.16274992365036423,0.131,0.14,1,LRRC49,-0,Not sig,NA
0.8588269087655185,0.331543116353721,0.131,0.13,1,SLC8A3,-0,Not sig,NA
0.8590930030584648,0.43989403102030544,0.119,0.13,1,DYNC1LI2,-0,Not sig,NA
0.8596340899986632,0.5025141021222838,0.127,0.136,1,ST6GAL1,-0,Not sig,NA
0.8607889374887415,0.22187058910810534,0.157,0.153,1,HECTD2,-0,Not sig,NA
0.861608906760663,-0.1318926290379282,0.116,0.12,1,EEFSEC,-0,Not sig,NA
0.8626774796617404,-0.4046762735920537,0.097,0.1,1,ENC1,-0,Not sig,NA
0.8632999022274128,-0.11414055841012682,0.134,0.14,1,STT3B,-0,Not sig,NA
0.8634859798825629,0.20618682915370146,0.265,0.282,1,NUCKS1,-0,Not sig,NA
0.8641087463718982,0.1361072771323319,0.123,0.13,1,RMND5A,-0,Not sig,NA
0.864183433011028,0.19053120372357496,0.146,0.143,1,MAST2,-0,Not sig,NA
0.8642263032367783,0.515573049726539,0.213,0.226,1,LPGAT1,-0,Not sig,NA
0.8644788161990644,0.1351525741707149,0.116,0.12,1,PKIG,-0,Not sig,NA
0.8653876094359148,0.8082488726065953,0.123,0.126,1,ARHGAP24,-0,Not sig,NA
0.8657568089660483,0.30021522558812147,0.112,0.12,1,KIAA0355,-0,Not sig,NA
0.8657839627390778,0.1438377226423262,0.407,0.419,1,ASH1L,-0,Not sig,NA
0.8669054856830251,-0.2696084994345611,0.119,0.123,1,HNRNPM,-0,Not sig,NA
0.8671040447261247,0.3913874711502495,0.272,0.279,1,DCLK2,-0,Not sig,NA
0.867128942518463,0.1084521276350876,0.343,0.349,1,LCOR,-0,Not sig,NA
0.8671941112463446,0.10326339929662032,0.291,0.312,1,C20orf194,-0,Not sig,NA
0.8678870309039859,0.5710874775799849,0.16,0.173,1,KLHDC10,-0,Not sig,NA
0.8687995092255499,-0.19763599521258005,0.149,0.153,1,IBTK,-0,Not sig,NA
0.8693571141462004,0.3337646361493777,0.19,0.203,1,USP22,-0,Not sig,NA
0.8694247974849314,0.2789265311366018,0.295,0.319,1,RPRD2,-0,Not sig,NA
0.8697760755903635,-0.10913371724325804,0.328,0.329,1,LDLRAD4,-0,Not sig,NA
0.8705113978480421,0.155961827518022,0.127,0.133,1,PDZRN4,-0,Not sig,NA
0.8707720959055062,0.1391656119531699,0.231,0.243,1,PKD2,-0,Not sig,NA
0.8710470520382535,-0.1317034575546182,0.112,0.116,1,RSBN1L,-0,Not sig,NA
0.8718375875739545,0.21805438686448048,0.175,0.186,1,PKNOX2,-0,Not sig,NA
0.8726270559479677,0.46055926029037975,0.112,0.12,1,ZNRF1,-0,Not sig,NA
0.8727136730253028,0.3843801944638897,0.138,0.136,1,SELENOW,-0,Not sig,NA
0.8735550682335869,1.027743574593475,0.108,0.11,1,SLC11A2,-0,Not sig,NA
0.8736486894329523,-0.33289463144592707,0.131,0.133,1,TCF25,-0,Not sig,NA
0.8741170577666894,0.29104323582034364,0.093,0.1,1,CCNT2-AS1,-0,Not sig,NA
0.8742354213924783,0.14826918887643564,0.183,0.179,1,MAGED1,-0,Not sig,NA
0.8755227026521902,0.4350790260030965,0.112,0.12,1,AKT2,-0,Not sig,NA
0.8756404151209948,0.8114088386310949,0.123,0.133,1,BBS2,-0,Not sig,NA
0.8760235101896007,0.12727617104309163,0.31,0.316,1,TENM4,-0,Not sig,NA
0.8770240665466409,0.10621420074784282,0.578,0.618,1,MAGI1,-0,Not sig,NA
0.8772597379731304,0.2394109459351894,0.205,0.206,1,CDH9,-0,Not sig,NA
0.8782002689270576,0.11725915519041541,0.541,0.558,1,PHACTR1,-0,Not sig,NA
0.8784769195903627,0.2039091916447589,0.213,0.219,1,CHD2,-0,Not sig,NA
0.8788016834383605,0.5847610218681585,0.175,0.176,1,CLU,-0,Not sig,NA
0.8791940736009369,0.3243050066078307,0.201,0.216,1,SYBU,-0,Not sig,NA
0.8797431975099981,-0.13357986445786407,0.101,0.103,1,TRAP1,-0,Not sig,NA
0.8802822479921657,0.13994110717046437,0.31,0.302,1,TRA2A,-0,Not sig,NA
0.8804037019268992,0.18939206544112785,0.272,0.286,1,ZNF148,-0,Not sig,NA
0.8814572115759565,0.16994768472737976,0.384,0.399,1,PRKG1,-0,Not sig,NA
0.8826115643722766,0.308594998256733,0.187,0.196,1,PPP2R2A,-0,Not sig,NA
0.8832555680459092,0.26902271913532405,0.153,0.153,1,YTHDC1,-0,Not sig,NA
0.8834142568655955,0.10080773859975967,0.485,0.505,1,PBX1,-0,Not sig,NA
0.8835239415619427,0.3503121053320821,0.104,0.11,1,USP6NL,-0,Not sig,NA
0.8836993390721967,0.3593964262073721,0.104,0.103,1,KCMF1,-0,Not sig,NA
0.8855573341658467,0.22574275437746344,0.168,0.166,1,PPP1R16B,-0,Not sig,NA
0.8866716317638551,0.266765167146642,0.284,0.299,1,SPPL3,-0,Not sig,NA
0.8870968485488526,0.10503657915677977,0.31,0.312,1,BPTF,-0,Not sig,NA
0.8875045653337151,0.3749005210871711,0.216,0.219,1,LONP2,-0,Not sig,NA
0.8876015826423698,-0.29908341629325336,0.134,0.136,1,SPOCK2,-0,Not sig,NA
0.8877012357220048,0.3586260211509752,0.246,0.249,1,DICER1,-0,Not sig,NA
0.888407253578522,0.23867504914657456,0.104,0.11,1,SH3GLB1,-0,Not sig,NA
0.888603515375759,0.43091580540869634,0.254,0.269,1,XIST,-0,Not sig,NA
0.8896083512366519,0.1515632357549398,0.265,0.286,1,TRIP12,-0,Not sig,NA
0.8900586883250922,0.18767136331207052,0.194,0.193,1,C1QTNF3-AMACR,-0,Not sig,NA
0.8918837695323942,0.2371463629952843,0.146,0.143,1,TSPYL2,-0,Not sig,NA
0.8923909190381498,0.36644576545772156,0.231,0.243,1,CRADD,-0,Not sig,NA
0.8940904642696295,0.11275118096443304,0.142,0.14,1,ZDHHC11B,-0,Not sig,NA
0.8948386727494105,0.11276568353543365,0.198,0.206,1,HUWE1,-0,Not sig,NA
0.8963613578525209,0.4466203643218155,0.224,0.233,1,REPS2,-0,Not sig,NA
0.8970139682667262,0.5542736137260184,0.101,0.1,1,LHFPL2,-0,Not sig,NA
0.8976763429238193,0.19393585282842243,0.134,0.14,1,NAA15,-0,Not sig,NA
0.8989049151152804,-0.15993554186744757,0.127,0.13,1,TRAK2,-0,Not sig,NA
0.8999793326530048,0.261689207007874,0.354,0.372,1,HIVEP3,-0,Not sig,NA
0.9005038152850577,-0.15805293650720376,0.104,0.1,1,RCAN1,-0,Not sig,NA
0.900627898246568,0.17286051900511823,0.112,0.116,1,TRAF3,-0,Not sig,NA
0.9010618222908071,-0.22774145885362107,0.239,0.236,1,ADIPOR2,-0,Not sig,NA
0.9019057170386577,0.8026933811407888,0.108,0.11,1,RNMT,-0,Not sig,NA
0.9031685444053095,1.08589180792833,0.101,0.106,1,SH3BGRL2,-0,Not sig,NA
0.903231431741135,0.384393803622468,0.231,0.243,1,STXBP1,-0,Not sig,NA
0.9039820219894568,-0.3063444548080254,0.201,0.196,1,TRHDE,-0,Not sig,NA
0.9051951125162727,0.15193255957943497,0.112,0.11,1,RBL2,-0,Not sig,NA
0.90532809148722,0.26513422310056534,0.332,0.352,1,DTNB,-0,Not sig,NA
0.9053608659001464,0.20316531364338092,0.157,0.163,1,SEPT2,-0,Not sig,NA
0.9056126467233003,0.4056195639323025,0.093,0.1,1,METTL16,-0,Not sig,NA
0.9058912880114032,0.23396784347323996,0.25,0.269,1,AC025159.1,-0,Not sig,NA
0.9062786817729397,0.1928336675574156,0.299,0.312,1,RASA1,-0,Not sig,NA
0.9068045863143296,0.25101978020276483,0.142,0.14,1,UBR4,-0,Not sig,NA
0.9068176889489005,0.2615279557933655,0.213,0.226,1,LMBRD1,-0,Not sig,NA
0.9076879002409928,0.33896950125085,0.254,0.269,1,ARHGAP44,-0,Not sig,NA
0.9084441094554934,-0.25215460354721886,0.104,0.106,1,SNX4,-0,Not sig,NA
0.9086464858987253,0.10268104300425535,0.157,0.156,1,MAML3,-0,Not sig,NA
0.9089506731735137,0.6267567104630518,0.224,0.246,1,SORCS1,-0,Not sig,NA
0.9109976494923794,0.15474464112319158,0.104,0.11,1,KPNB1,-0,Not sig,NA
0.9125751053721194,0.6877475432721692,0.116,0.116,1,DNMT3A,-0,Not sig,NA
0.9132220447229791,0.27561459533965993,0.175,0.176,1,ANKRD36B,-0,Not sig,NA
0.9138206791364802,-0.22791641495517184,0.164,0.166,1,CDR2,-0,Not sig,NA
0.9142556012754908,0.18283075785364564,0.119,0.123,1,C6orf62,-0,Not sig,NA
0.9150739709302176,0.18506237125592914,0.164,0.166,1,KIAA1958,-0,Not sig,NA
0.9165159698782054,-0.15198253484052998,0.138,0.133,1,AGPS,-0,Not sig,NA
0.9168264521821246,0.12822029937535917,0.224,0.223,1,AGPAT4,-0,Not sig,NA
0.9192417144790167,0.1793076879613995,0.131,0.13,1,KIF13B,-0,Not sig,NA
0.9192998335052559,0.3869301492608901,0.104,0.11,1,HS2ST1,-0,Not sig,NA
0.9195758707093739,0.3564260160616133,0.201,0.216,1,VGLL4,-0,Not sig,NA
0.9198190339494836,0.24899924269486115,0.131,0.136,1,MAP3K3,-0,Not sig,NA
0.9203304647483161,0.3460598369917918,0.101,0.1,1,RAVER2,-0,Not sig,NA
0.9205602264142307,0.2035423141140303,0.101,0.103,1,GALNT14,-0,Not sig,NA
0.920996164319966,0.10120896353275399,0.16,0.166,1,SUSD4,-0,Not sig,NA
0.9211672659643739,0.1673698807307884,0.172,0.179,1,ADCY8,-0,Not sig,NA
0.9214406414822877,0.5519227196653997,0.127,0.126,1,ASAP2,-0,Not sig,NA
0.921559441164398,0.3040297644268911,0.108,0.113,1,GSTA4,-0,Not sig,NA
0.9216704180100599,0.30391689515624193,0.127,0.133,1,FNBP4,-0,Not sig,NA
0.9219294082166164,0.10244384328872991,0.104,0.103,1,C1GALT1,-0,Not sig,NA
0.922064289007385,-0.21171174389879255,0.239,0.246,1,PCDH15,-0,Not sig,NA
0.922364465902339,0.2219530392384767,0.127,0.133,1,OCIAD1,-0,Not sig,NA
0.9232736309425629,-0.25516718328334986,0.22,0.223,1,RBFOX3,-0,Not sig,NA
0.9236045172884317,0.42570814151802117,0.235,0.239,1,EHMT1,-0,Not sig,NA
0.9241235705791739,-0.20947841311001253,0.164,0.159,1,TRRAP,-0,Not sig,NA
0.9247207737349495,0.2737766003690294,0.213,0.226,1,KLHL5,-0,Not sig,NA
0.9252025920240885,0.34724424556474026,0.112,0.116,1,LYRM4,-0,Not sig,NA
0.9253990295851903,0.2328935659973514,0.127,0.13,1,WDR19,-0,Not sig,NA
0.9265309383754882,0.13464224030467334,0.104,0.103,1,EPB41L4A,-0,Not sig,NA
0.9280553149246814,0.17125063868645984,0.407,0.412,1,MSI2,-0,Not sig,NA
0.9285409392978347,0.18182886643493792,0.157,0.159,1,RASSF8,-0,Not sig,NA
0.930067102879486,0.8836359902576221,0.097,0.103,1,ZNF507,-0,Not sig,NA
0.9303501799657852,0.20685951839372424,0.127,0.133,1,KLHL7,-0,Not sig,NA
0.930459950727623,-0.19804566787983968,0.198,0.199,1,VWC2L,-0,Not sig,NA
0.9308949085761016,0.1804736400662743,0.302,0.316,1,FOXO3,-0,Not sig,NA
0.9309567375199286,0.277536842662633,0.172,0.179,1,MDM4,-0,Not sig,NA
0.9313209413237413,0.31089196867094077,0.142,0.143,1,TRAPPC12,-0,Not sig,NA
0.9319105292550965,0.17081527641800598,0.377,0.392,1,APBB2,-0,Not sig,NA
0.9321447193643445,0.17532992007537906,0.119,0.123,1,NSRP1,-0,Not sig,NA
0.9322856185307299,0.3671112882458143,0.216,0.223,1,CTDSPL,-0,Not sig,NA
0.932431984090389,0.27612109942505664,0.119,0.12,1,ZBTB4,-0,Not sig,NA
0.9336439654680797,0.2472529885379332,0.228,0.226,1,LRRC8B,-0,Not sig,NA
0.9344166682519728,0.6185063786301284,0.104,0.11,1,NDUFAF6,-0,Not sig,NA
0.934416671947259,0.38141778992752073,0.104,0.11,1,USP53,-0,Not sig,NA
0.9345327153937227,0.13450154319744162,0.116,0.12,1,ARL3,-0,Not sig,NA
0.9356101119891556,0.3241471412535434,0.134,0.133,1,MPHOSPH9,-0,Not sig,NA
0.9357745536304176,0.35193389406940667,0.194,0.199,1,LMCD1-AS1,-0,Not sig,NA
0.9362904953487748,0.20850007900963052,0.25,0.256,1,GAB2,-0,Not sig,NA
0.936322643823081,0.13305231495440392,0.134,0.14,1,POLK,-0,Not sig,NA
0.9368406043632018,0.19893557069148282,0.123,0.123,1,NR1D2,-0,Not sig,NA
0.9373827069719411,0.4101133023412951,0.198,0.203,1,AC098850.3,-0,Not sig,NA
0.9389086763664597,0.24478188204553014,0.183,0.186,1,SCAMP5,-0,Not sig,NA
0.9392223450114546,0.2741653602652922,0.187,0.196,1,DMTF1,-0,Not sig,NA
0.9401463207876235,-0.2008354689817502,0.108,0.11,1,ST8SIA3,-0,Not sig,NA
0.9401809509312311,0.37341952604968554,0.179,0.186,1,ARID1A,-0,Not sig,NA
0.9404020950518313,0.29715997345181566,0.123,0.123,1,EGLN1,-0,Not sig,NA
0.9407764691683951,0.39097742302581906,0.216,0.229,1,USP33,-0,Not sig,NA
0.9410809066441514,0.3423980440474271,0.134,0.14,1,ME1,-0,Not sig,NA
0.94146120367766,0.24566195488532772,0.119,0.123,1,TTC27,-0,Not sig,NA
0.9415889146888451,-0.4178379296192888,0.149,0.146,1,MECP2,-0,Not sig,NA
0.9429462800029572,0.2466556843506217,0.187,0.189,1,DENND4C,-0,Not sig,NA
0.9436448368408411,0.39033096648388765,0.261,0.269,1,PACS1,-0,Not sig,NA
0.944524631033245,0.32422629483111465,0.239,0.259,1,APC,-0,Not sig,NA
0.9451014063750917,-0.12343193096345706,0.601,0.605,1,ZBTB20,-0,Not sig,NA
0.9451264079665591,0.5319280192555369,0.183,0.189,1,KCNMB4,-0,Not sig,NA
0.9471546176837217,0.16963842694767806,0.269,0.272,1,SPIN1,-0,Not sig,NA
0.9473153296045868,-0.2994113049941672,0.146,0.143,1,TMEM181,-0,Not sig,NA
0.9475067077161166,0.17229625110048863,0.541,0.542,1,MDGA2,-0,Not sig,NA
0.9479111871808599,-0.2034551133022997,0.28,0.269,1,CDH13,-0,Not sig,NA
0.9486194038943255,0.8226873831408016,0.131,0.14,1,PITPNB,-0,Not sig,NA
0.9498758954799624,-0.23106450548620855,0.112,0.113,1,MB21D2,-0,Not sig,NA
0.9506829064609151,0.10427564065121464,0.478,0.492,1,RBFOX2,-0,Not sig,NA
0.950738441430518,0.23035861259791982,0.134,0.133,1,GRB2,-0,Not sig,NA
0.9510610448221107,0.12081065367349655,0.149,0.15,1,PRKAA2,-0,Not sig,NA
0.9511155498344189,0.4819148544382368,0.183,0.189,1,SMG1,-0,Not sig,NA
0.951475633015036,-0.1633172967745517,0.149,0.146,1,RERG,-0,Not sig,NA
0.9521147054975054,0.23373594211201526,0.131,0.136,1,KMT5B,-0,Not sig,NA
0.9523732572316264,0.2605154473252585,0.149,0.15,1,KIF2A,-0,Not sig,NA
0.952698802254334,0.13394123836495309,0.201,0.209,1,C11orf49,-0,Not sig,NA
0.9527944647503523,0.19119040813435248,0.146,0.15,1,UPF3A,-0,Not sig,NA
0.9534173004645957,0.5740092301159636,0.101,0.106,1,ZMAT1,-0,Not sig,NA
0.9551013864408673,0.42024624321230414,0.157,0.159,1,FAIM2,-0,Not sig,NA
0.9551306325795403,0.178628569037252,0.299,0.306,1,INSR,-0,Not sig,NA
0.9559467408290034,0.2398219913149815,0.34,0.346,1,MICAL3,-0,Not sig,NA
0.9566914576616655,0.36229095670466327,0.116,0.12,1,LUZP1,-0,Not sig,NA
0.9577251035463795,0.2488980894500591,0.131,0.133,1,NSUN6,-0,Not sig,NA
0.9578678220440229,0.44512760947360547,0.138,0.143,1,SREBF2,-0,Not sig,NA
0.9581836550040763,0.1036789067658398,0.198,0.199,1,PRRC2B,-0,Not sig,NA
0.9582716420687987,0.399492906115993,0.254,0.266,1,MAP4,-0,Not sig,NA
0.9595825251975151,0.19850370182428478,0.41,0.429,1,BIRC6,-0,Not sig,NA
0.9599891560278311,-0.17592039355091948,0.254,0.252,1,DLX6-AS1,-0,Not sig,NA
0.9600662624959166,0.17312877744585187,0.235,0.246,1,ZNF518A,-0,Not sig,NA
0.9600998443701692,0.38837122212484854,0.179,0.186,1,ASXL3,-0,Not sig,NA
0.9601670120404239,0.5351444077123739,0.343,0.362,1,DYNC1I1,-0,Not sig,NA
0.9608968519456194,0.12802537150300597,0.101,0.1,1,KIF5A,-0,Not sig,NA
0.9616291712331321,0.24338671669179446,0.239,0.249,1,DOCK7,-0,Not sig,NA
0.961716607638085,0.1878917868789547,0.302,0.306,1,RAPGEF5,-0,Not sig,NA
0.9625455852949776,-0.1026018037620895,0.224,0.223,1,LARP4B,-0,Not sig,NA
0.9626006852064827,0.7558317497595699,0.108,0.113,1,AC239809.3,-0,Not sig,NA
0.9632675096449687,0.16162525130280314,0.209,0.216,1,AMBRA1,-0,Not sig,NA
0.9648612502022144,0.1869226227985059,0.328,0.342,1,CDK13,-0,Not sig,NA
0.9653284257587909,0.14293955111101142,0.336,0.349,1,NIPBL,-0,Not sig,NA
0.9687542591241568,-0.12278938758666813,0.243,0.239,1,SHISA6,-0,Not sig,NA
0.9697920247694176,0.10024136040727516,0.84,0.857,1,NRXN3,-0,Not sig,NA
0.970767472046136,0.30213658018440315,0.269,0.282,1,PIK3R1,-0,Not sig,NA
0.9720845462825597,0.4199107927264451,0.131,0.136,1,SLC30A9,-0,Not sig,NA
0.9723912747036392,0.20052778934863813,0.25,0.262,1,ANKRD11,-0,Not sig,NA
0.9726909826622478,0.4641754679258073,0.138,0.143,1,HPRT1,-0,Not sig,NA
0.9737687926023137,0.31414055698966337,0.153,0.156,1,SHC2,-0,Not sig,NA
0.9741516051760021,0.513672717832949,0.131,0.136,1,MIR4435-2HG,-0,Not sig,NA
0.9743685476809345,0.1515693242788061,0.112,0.113,1,DIAPH1,-0,Not sig,NA
0.9748098522031191,0.21870063301715303,0.373,0.389,1,FUT8,-0,Not sig,NA
0.9754767900444419,0.11108393522419535,0.272,0.282,1,SPAG9,-0,Not sig,NA
0.9755936527491147,0.2855255194421424,0.138,0.14,1,SECISBP2,-0,Not sig,NA
0.9755936527491147,0.1974554266107415,0.138,0.14,1,CORO2B,-0,Not sig,NA
0.9758787343598659,0.11409381185165612,0.362,0.365,1,PAK3,-0,Not sig,NA
0.9759438610399946,0.5643827437060697,0.127,0.133,1,NUP98,-0,Not sig,NA
0.976150026223216,0.18265353332009565,0.172,0.173,1,TMEM65,-0,Not sig,NA
0.9764293368394897,0.34215819383801505,0.131,0.133,1,ATL1,-0,Not sig,NA
0.9774563875311297,0.4129691649935734,0.354,0.389,1,CALN1,-0,Not sig,NA
0.9780438421067739,0.10172963899221832,0.224,0.229,1,MIR29B2CHG,-0,Not sig,NA
0.9780822383985148,-0.25790760965865056,0.112,0.113,1,CECR2,-0,Not sig,NA
0.9796645742900603,0.7268877354692911,0.131,0.136,1,BTBD7,-0,Not sig,NA
0.9802668539963717,-0.43104174647519805,0.108,0.106,1,SNX19,-0,Not sig,NA
0.9809506146050716,0.5144064450911331,0.119,0.123,1,ERI3,-0,Not sig,NA
0.9816500691426008,0.26368715788466524,0.104,0.106,1,SCN3B,-0,Not sig,NA
0.9817600232725695,0.10612915701321679,0.325,0.339,1,GRIK1,-0,Not sig,NA
0.982353379250836,0.2207497816767787,0.157,0.159,1,SUZ12,-0,Not sig,NA
0.9823863736057605,0.11888671692051478,0.198,0.196,1,VMP1,-0,Not sig,NA
0.9831106892497568,0.43165505515383595,0.131,0.136,1,UBP1,-0,Not sig,NA
0.9840250960951985,0.26061313469711433,0.112,0.113,1,TRANK1,-0,Not sig,NA
0.9848827479838963,0.3630003157044027,0.146,0.153,1,CCDC6,-0,Not sig,NA
0.9852631207310412,0.3321814462814661,0.119,0.123,1,VPS36,-0,Not sig,NA
0.9854114406318543,0.5345346554612894,0.097,0.1,1,RAD54L2,-0,Not sig,NA
0.9855414102347348,0.15781116193272382,0.183,0.186,1,RPS6KA5,-0,Not sig,NA
0.9857693476294113,0.1106616758365937,0.276,0.276,1,FIGN,-0,Not sig,NA
0.9860245154795926,-0.12112182404905611,0.138,0.136,1,FAT4,-0,Not sig,NA
0.98619715366755,-0.1150862561362771,0.149,0.15,1,B4GALT6,-0,Not sig,NA
0.9869051396834504,0.4750877021571961,0.157,0.163,1,SMARCAD1,-0,Not sig,NA
0.9877976063033647,0.2320532485237536,0.198,0.206,1,RABEP1,-0,Not sig,NA
0.9883212685362167,0.18334116041055676,0.142,0.146,1,SLC38A6,-0,Not sig,NA
0.9885654780017723,0.22982371574673022,0.097,0.1,1,WDR27,-0,Not sig,NA
0.9888213250140534,0.47967370106845053,0.157,0.163,1,COA1,-0,Not sig,NA
0.9898119535162008,0.6316832929301097,0.146,0.153,1,BDP1,-0,Not sig,NA
0.991524410906186,0.3471177867886648,0.138,0.14,1,OLFM1,-0,Not sig,NA
0.9926560432886264,0.25601535921140206,0.175,0.179,1,VPS41,-0,Not sig,NA
0.9941728876515198,0.2597075799579722,0.134,0.136,1,TM9SF3,-0,Not sig,NA
0.9943199464591571,0.20368137173678258,0.123,0.126,1,AL357153.2,-0,Not sig,NA
0.994755470979232,0.3573436795902148,0.172,0.176,1,GRAMD1B,-0,Not sig,NA
0.9949540376065733,0.18797489950781887,0.101,0.103,1,ORC2,-0,Not sig,NA
0.9951465405177135,0.39571997789552116,0.131,0.133,1,PRELID2,-0,Not sig,NA
0.9958252740638392,0.846375037316828,0.104,0.11,1,PSMD11,-0,Not sig,NA
0.9978699643555945,0.48881975021273416,0.123,0.126,1,EPB41L4B,-0,Not sig,NA
0.9980565991320093,-0.350274285472073,0.157,0.153,1,NUBPL,-0,Not sig,NA
0.9980592340954285,0.13756499326162197,0.101,0.103,1,MAST1,-0,Not sig,NA
0.9989004116354503,-0.10507157117424515,0.116,0.116,1,HMG20A,-0,Not sig,NA
1,0.16278350299567035,0.418,0.432,1,PRKACB,-0,Not sig,NA
1,0.2853051644012134,0.123,0.126,1,BAALC,-0,Not sig,NA
1,0.23859480505954045,0.101,0.103,1,PCMT1,-0,Not sig,NA
