p_val,avg_log2FC,pct.1,pct.2,p_val_adj,gene,neg_log10_pval,Significance,label
0,-1.9966751118224426,0.275,0.628,1e-300,ADAMTS9,300,Sig Down,ADAMTS9
1.9496187661453462e-259,1.385855215023882,0.648,0.448,4.90991990066044e-255,SLC39A10,254.30892559280267,Sig Up,SLC39A10
1.612474604840834e-218,-1.829479589483164,0.14,0.387,4.060856044831156e-214,ELL2,213.39138240574354,Sig Down,ELL2
2.8029956876223713e-189,-1.7224226580518154,0.174,0.405,7.05906433970818e-185,CP,184.15125285971746,Sig Down,CP
3.8459963207432964e-188,-1.2126266611618663,0.262,0.508,9.685757134159917e-184,BACE2,183.0138664248844,Sig Down,BACE2
2.8005353652424085e-148,-2.2437060202772723,0.052,0.213,7.052868263826482e-144,AC092957.1,143.15163422799824,Sig Down,AC092957.1
4.217493045782702e-132,-0.9572392239686813,0.218,0.429,1.0621334486499157e-127,IL4R,126.97382091416672,Sig Down,NA
1.3859913965560971e-130,-1.663199755601804,0.073,0.235,3.490480733086875e-126,ARRDC3,125.45711475488926,Sig Down,NA
2.6207458872670657e-130,-1.3096633414164511,0.189,0.378,6.600086442493378e-126,HIF1A-AS2,125.18045037638964,Sig Down,NA
3.8648157593631606e-121,-0.8533195600800854,0.336,0.535,9.733152008380184e-117,PITPNC1,116.01174649393838,Sig Down,NA
3.9080467911247527e-118,-1.287528035598478,0.128,0.3,9.842025038768577e-114,PLOD2,113.00691553442638,Sig Down,NA
7.254282345245257e-113,-0.35872405690324083,0.998,1,1.8269184658265656e-108,MALAT1,107.73828083449298,Sig Down,NA
9.8717279214509e-106,-1.0943977443640003,0.179,0.35,2.486095959738195e-101,AKAP12,100.60448211222676,Sig Down,NA
2.7071685082030484e-105,-0.9209994030815283,0.379,0.551,6.817733171058557e-101,AFF3,100.16635999996905,Sig Down,NA
2.128495281293011e-104,-0.622805750989063,0.6,0.744,5.360402516408318e-100,GALNT18,99.27080259760359,Sig Down,NA
2.871046699334624e-104,1.020171836428886,0.307,0.153,7.230444007604317e-100,XIST,99.14083503270109,Sig Up,XIST
7.06113909628404e-104,-0.4930218726721183,0.878,0.927,1.7782772700081727e-99,FLT1,98.75000052264234,Sig Down,NA
5.178556873670972e-102,-0.8095545118995149,0.212,0.4,1.3041677630652976e-97,YBX3,96.8846665390587,Sig Down,NA
2.6865780243140126e-101,-0.7884086402358219,0.208,0.39,6.765878096432409e-97,SLC2A3,96.16967583133723,Sig Down,NA
4.795227962293844e-99,-0.769261711335687,0.315,0.504,1.2076302100240815e-94,FKBP5,93.91806603122144,Sig Down,NA
4.9710472912267225e-98,-0.659069365209838,0.421,0.6,1.2519085498225378e-93,PDE10A,92.90242739457449,Sig Down,NA
4.591001092158662e-91,0.9074205188097846,0.502,0.38,1.1561977150492373e-86,ABCG2,85.93696789324017,Sig Up,ABCG2
1.336311372836874e-88,-0.6659902587215363,0.241,0.416,3.3653665613523833e-84,PLSCR4,83.47296762478254,Sig Down,NA
1.7878744067084443e-86,-1.275483346027763,0.072,0.197,4.502582905854546e-82,TCAF2,81.34653828179023,Sig Down,NA
6.00118185825667e-84,-1.1440306985033668,0.092,0.224,1.51133763918336e-79,TTTY14,78.82063850160831,Sig Down,NA
9.426624632055209e-84,0.6988329697551667,0.571,0.455,2.3740011473367838e-79,A2M,78.62451907549014,Sig Up,A2M
7.687565277195931e-83,0.5362124705049252,0.744,0.674,1.9360364394090234e-78,FP236383.1,77.71308647280999,Sig Up,NA
1.27146734505487e-80,-0.6426857157198729,0.364,0.535,3.202063361786185e-76,PDZD2,75.49457007859978,Sig Down,NA
1.3161341180112493e-80,0.3209166789104714,0.962,0.949,3.3145521627995303e-76,PTPRG,75.4795751418787,Sig Up,NA
3.3222076293890425e-78,1.6763765241569253,0.148,0.056,8.366647693853364e-74,NCALD,73.07744851807497,Sig Up,NCALD
5.233820158218445e-78,-0.6307355120833025,0.257,0.429,1.3180852686457333e-73,SLCO4A1,72.88005649375985,Sig Down,NA
5.1227443942521966e-76,-0.8302027564227774,0.172,0.321,1.2901119482484733e-71,ACER2,70.88937260257121,Sig Down,NA
5.615510000057771e-76,-0.6337642270185944,0.319,0.487,1.4142100384145492e-71,PON2,70.84948608435086,Sig Down,NA
1.2181283196975346e-74,-0.8429269700550834,0.201,0.348,3.067734360326271e-70,MYOF,69.51318224929906,Sig Down,NA
1.5054643880793834e-74,-0.8864454847423929,0.137,0.275,3.791361514939119e-70,ZMYND8,69.42120480263301,Sig Down,NA
2.4662396859665023e-74,-3.217830376253751,0.021,0.102,6.21097802513804e-70,PCBP3,69.2068400073151,Sig Down,PCBP3
1.3371317721277047e-73,0.8960179174942575,0.413,0.294,3.3674326549264117e-69,EMCN,68.47270108094612,Sig Up,NA
2.6668387065827576e-73,-1.200025243065063,0.145,0.276,6.716166598658017e-69,ABCD3,68.17287853945768,Sig Down,NA
2.9994335770397966e-72,-0.7708920248381328,0.378,0.528,7.553773520417024e-68,RNF144B,67.1218360404653,Sig Down,NA
9.686662556411716e-72,-1.2707049917807742,0.064,0.171,2.4394890982067267e-67,SMAD7,66.61270111835894,Sig Down,NA
2.09539502458925e-70,-0.3808766582750813,0.603,0.734,5.277042829925567e-66,VWF,65.27760938095555,Sig Down,NA
3.1660192831073725e-70,-0.8001782050996564,0.207,0.352,7.973302962577607e-66,CNKSR3,65.09836173365204,Sig Down,NA
3.027991321491268e-67,-0.5768036446409028,0.304,0.466,7.625693344043609e-63,RPGR,62.11772066322016,Sig Down,NA
2.3478298876189055e-66,-0.5384972599955935,0.233,0.391,5.912774788979452e-62,FOSL2,61.228208662480036,Sig Down,NA
3.210086429208089e-66,0.5305072248301563,0.814,0.76,8.08428166331765e-62,ARL15,61.09235856370032,Sig Up,NA
3.7926413479878574e-65,-0.8787271890249151,0.129,0.251,9.55138797077262e-61,DEPP1,60.019933513835305,Sig Down,NA
5.3169689215669984e-64,-0.7006988433856534,0.194,0.33,1.3390254532074328e-59,ABCC4,58.87321116751191,Sig Down,NA
1.702839108097486e-63,-0.7290305802774382,0.195,0.331,4.288430009832709e-59,TNS1,58.36770167351719,Sig Down,NA
3.488441452106667e-63,-0.8740294920204775,0.13,0.251,8.78529095298543e-59,RFTN1,58.05624385088085,Sig Down,NA
4.1252533913823254e-63,-1.005723199272909,0.096,0.208,1.0389038140857249e-58,ATP1A1,57.983424659320114,Sig Down,NA
4.1945030596418394e-63,-0.6583871828508294,0.298,0.441,1.0563436505402008e-58,CFH,57.9761947737962,Sig Down,NA
4.8139279009211464e-63,1.1639997430670874,0.294,0.188,1.2123396025679816e-58,ZNF385B,57.91637570784122,Sig Up,NA
2.6071838867343696e-62,-0.5377033642846127,0.325,0.484,6.565931900351836e-58,PECAM1,57.182703625940334,Sig Down,NA
3.070441439275685e-62,-0.4321795114997431,0.647,0.758,7.732599720671885e-58,CCNY,57.111674470567166,Sig Down,NA
8.570965336773392e-61,-1.1731452490896388,0.058,0.151,2.158511910413011e-56,RBM20,55.6658455506156,Sig Down,NA
9.980741446081453e-61,-0.5274388931529965,0.398,0.548,2.513549925781153e-56,CHSY1,55.59971248410771,Sig Down,NA
1.1917213441629224e-60,-1.0941383061883063,0.075,0.175,3.0012310331399037e-56,EDN1,55.52270057153424,Sig Down,NA
5.707705760371302e-60,-0.9478206332082284,0.073,0.173,1.4374286186919087e-55,ERO1A,54.842413712744715,Sig Down,NA
1.2585152850714088e-58,-0.6216044139739054,0.312,0.442,3.169444893923836e-54,TSHZ2,53.49901679475897,Sig Down,NA
4.649439358372157e-58,-0.2789734757617284,0.931,0.964,1.170914808012444e-53,NEAT1,52.93147470164498,Sig Down,NA
1.5903032004333287e-57,0.7202783490373874,0.504,0.417,4.005019579971295e-53,ST6GAL1,52.39739535637058,Sig Up,NA
4.2590705211367107e-57,0.36915918947573356,0.86,0.838,1.0726043200430691e-52,ABCB1,51.9695604581961,Sig Up,NA
5.248777700209403e-56,-1.3205293822597213,0.06,0.148,1.321852176020736e-51,MT1X,50.87881710969764,Sig Down,NA
4.316827430637801e-55,-1.48165305534078,0.06,0.147,1.087149820131824e-50,MT1M,49.963710601660765,Sig Down,NA
4.547629861378849e-55,-0.7658695224698593,0.111,0.219,1.1452751042896493e-50,SLC26A2,49.94109017976583,Sig Down,NA
4.260266842874455e-54,-0.7850428929046391,0.201,0.321,1.0729056017095027e-49,CACNA1C,48.969438487223364,Sig Down,NA
6.8034961328405e-54,-0.8132432170479964,0.093,0.193,1.7133924660945514e-49,CEBPD,48.76614314705392,Sig Down,NA
6.975474880519634e-54,-0.6793702818705225,0.109,0.219,1.7567035939100646e-49,UTY,48.755301510211396,Sig Down,NA
2.112907220945539e-53,0.860870781874274,0.335,0.234,5.321145545229245e-49,KLF12,48.27399486198761,Sig Up,NA
8.494627631115834e-53,-0.7626418986550876,0.125,0.234,2.1392870226202115e-48,SULF2,47.66973094334917,Sig Down,NA
8.84312163297012e-53,-0.4002862743827986,0.549,0.686,2.227051752047195e-48,TRIO,47.65226969074891,Sig Down,NA
1.0835993368228944e-52,-1.590357432153413,0.04,0.115,2.728936569854777e-48,ZIC1,47.564006558753775,Sig Down,NA
1.4627268109275534e-51,0.41304410062685726,0.798,0.772,3.68373120063995e-47,COBLL1,46.43371206749198,Sig Up,NA
2.1068389632146713e-51,-0.4844787755415285,0.353,0.496,5.305863244959828e-47,IRAK3,46.275243947856275,Sig Down,NA
2.6201511995927726e-51,-0.6301664941681606,0.181,0.303,6.598588781054439e-47,BACH1,46.18054893569055,Sig Down,NA
8.875584104598461e-51,-0.9729204392075715,0.096,0.19,2.2352271009020766e-46,SNTG2,45.65067834561569,Sig Down,NA
5.2279357100323e-50,-0.4661547288220893,0.24,0.377,1.3166033292145344e-45,PARVB,44.88054505106859,Sig Down,NA
7.0998396561812e-50,-0.9532301245948245,0.068,0.154,1.7880236190126735e-45,ANKRD37,44.747626748661396,Sig Down,NA
8.56489748101988e-50,-0.6950983884345515,0.165,0.28,2.1569837816200468e-45,WDR60,44.66615312034919,Sig Down,NA
6.125870088778352e-49,-0.6708700052001069,0.149,0.26,1.54273912315794e-44,DHRSX,43.81170750682843,Sig Down,NA
7.610624490671928e-49,-0.7198723861129313,0.126,0.231,1.9166596717308184e-44,ACSL5,43.717454995004424,Sig Down,NA
1.2452731635432461e-48,-0.6939552991795161,0.157,0.269,3.136095935067311e-44,RPS6KA5,43.50361066045409,Sig Down,NA
2.0588439371997545e-48,-0.4874349508788307,0.282,0.419,5.184992571443862e-44,CMIP,43.28525186148965,Sig Down,NA
3.4847086754644415e-48,-0.4472050134314023,0.295,0.435,8.775890328289649e-44,OSMR,43.05670881274832,Sig Down,NA
1.7234965269065545e-47,0.7032217063683679,0.395,0.297,4.3404536533614665e-43,STXBP6,42.36246487674204,Sig Up,NA
1.8345639067160545e-47,-0.613372224147551,0.159,0.273,4.620165742673712e-43,EMP2,42.335342444392474,Sig Down,NA
2.1326046889295107e-47,-0.5026385384416754,0.332,0.464,5.370751648600079e-43,SORT1,42.2699649295713,Sig Down,NA
7.48581126502802e-47,-0.39835866940345843,0.603,0.708,1.8852267089846565e-42,ANO2,41.72463641599362,Sig Down,NA
1.1270260683752229e-46,-0.49766332695551707,0.246,0.375,2.8383024505961612e-42,PLSCR1,41.54694132782632,Sig Down,NA
1.1449404536962952e-46,-0.7039399272542775,0.36,0.484,2.88341803858875e-42,MT2A,41.540092388936465,Sig Down,NA
1.2481519775772356e-46,-0.6579624354366702,0.146,0.254,3.14334594033051e-42,CHIC2,41.502607820156776,Sig Down,NA
1.4399732615544225e-46,-0.5634426708866065,0.35,0.477,3.626428661898657e-42,NAMPT,41.4405208614391,Sig Down,NA
3.289295413567187e-46,-0.5568435182982518,0.238,0.359,8.283761569527604e-42,ATP11A,41.08177240984241,Sig Down,NA
3.722697210172959e-46,-1.6423037092224766,0.048,0.119,9.37524065409958e-42,RNF152,41.0280175755036,Sig Down,NA
4.1036151311240915e-46,0.328155239674512,0.853,0.835,1.0334544346222912e-41,MECOM,40.98570866681448,Sig Up,NA
4.223749043566468e-46,-0.7909178425264372,0.103,0.198,1.0637089591317793e-41,UGP2,40.97317718288051,Sig Down,NA
5.444019787841851e-46,-0.5307958574568103,0.231,0.355,1.3710219433700917e-41,RELL1,40.86295559421976,Sig Down,NA
6.861302258827539e-46,-1.1829937030555666,0.099,0.189,1.7279503608631273e-41,ATP1B3,40.76246873773263,Sig Down,NA
1.9338089149381535e-45,1.1988290145979599,0.144,0.072,4.870104371380246e-41,RASGRP3,40.31246173130512,Sig Up,NA
4.7659533083263143e-45,1.3434165331785781,0.184,0.106,1.200257681168899e-40,GPR85,39.92072550603899,Sig Up,GPR85
6.019005884243917e-45,-0.4153723597940995,0.407,0.539,1.515826441887988e-40,CAMK2D,39.81935052142514,Sig Down,NA
1.8555093803863096e-44,-1.005976052649779,0.054,0.128,4.672914823564882e-40,CERK,39.33041213508801,Sig Down,NA
3.1447469187386863e-44,-0.3682254107310574,0.366,0.505,7.919730640151508e-40,FNDC3B,39.10128958905257,Sig Down,NA
6.062797323650793e-44,-0.3869724530963383,0.471,0.603,1.5268548779882158e-39,NXN,38.81620223909552,Sig Down,NA
6.285448125498781e-44,-0.6349502457749099,0.104,0.197,1.582927255925613e-39,AL136531.2,38.80053904286096,Sig Down,NA
8.765648574610569e-44,-0.7635830648233781,0.23,0.341,2.2075409370299256e-39,TFRC,38.656091234041966,Sig Down,NA
9.44132943745584e-44,1.3428452759725682,0.168,0.094,2.377704405528879e-39,SLCO1A2,38.6238421375336,Sig Up,SLCO1A2
1.075255929147031e-43,-1.40243130198565,0.075,0.152,2.7079245319638828e-39,SGIP1,38.56736344331347,Sig Down,NA
2.1595115338676785e-43,0.4594584155426378,0.625,0.573,5.438513846892361e-39,APBB2,38.264519761381266,Sig Up,NA
2.639850091516266e-43,-1.083219025244331,0.088,0.171,6.648198470474565e-39,DCLK1,38.1772960239193,Sig Down,NA
7.38462307850642e-43,-1.0399430736827184,0.051,0.122,1.8597434760910568e-38,IGFBP3,37.73054695610533,Sig Down,NA
1.0545374746656558e-42,0.4381165859292877,0.693,0.661,2.6557471761979876e-38,TBC1D4,37.575813271626444,Sig Up,NA
1.7605633436293516e-42,-0.49840336019609266,0.422,0.545,4.433802724596159e-38,MTUS1,37.35322363407342,Sig Down,NA
1.854304024141432e-42,-0.5734844742822136,0.233,0.347,4.6698792543977823e-38,GALNT15,37.33069434851883,Sig Down,NA
3.925028174774389e-42,-0.8964583034421796,0.062,0.138,9.88479095535182e-38,SOCS3,37.00503251076074,Sig Down,NA
1.5589018817364787e-41,-0.6580235839067674,0.141,0.238,3.925938498965148e-37,NDRG1,36.40605650803944,Sig Down,NA
3.108207426996896e-41,-0.8157754438452562,0.101,0.187,7.827709584148984e-37,GALNT17,36.10636529547459,Sig Down,NA
1.5535822285326982e-40,-0.9592618843160043,0.067,0.142,3.912541484336747e-36,CHD1L,35.4075410446345,Sig Down,NA
3.0321465922041525e-40,-0.6710256541169906,0.042,0.107,7.636157977806937e-36,DUSP5,35.117125095445985,Sig Down,NA
3.6837520915945154e-40,-0.3907227173701804,0.57,0.683,9.277161267471628e-36,ARHGAP26,35.032584893875274,Sig Down,NA
3.9819291722602464e-40,-0.41188371292701964,0.309,0.436,1.0028090427420204e-35,SVIL,34.99878175848401,Sig Down,NA
4.095877133041536e-40,-0.47374631745151286,0.547,0.658,1.0315056971851804e-35,MEF2A,34.986528369000325,Sig Down,NA
7.132889779517846e-40,-0.8877924008349201,0.069,0.145,1.7963469620737743e-35,CD99,34.74560977615371,Sig Down,NA
7.2473885431603414e-40,0.35289535008333806,0.741,0.722,1.8251823307095004e-35,UTRN,34.738693744212604,Sig Up,NA
8.457217576837231e-40,-0.6379042175867251,0.111,0.201,2.1298656745506884e-35,SSH1,34.67164778559457,Sig Down,NA
3.751470423646273e-39,-1.1012133248719462,0.13,0.218,9.447703114910774e-35,PDE7B,34.024673762471366,Sig Down,NA
3.783205519028314e-39,-0.4017292218581514,0.389,0.517,9.527624779120907e-35,RPS6KA2,34.02101535475429,Sig Down,NA
8.627016114298784e-39,-0.7480063632441966,0.109,0.196,2.172627738225006e-34,ATP7B,33.663014680069,Sig Down,NA
1.0527215858686911e-38,-0.8999529464224214,0.077,0.153,2.6511740418517117e-34,DUSP6,33.57656176116363,Sig Down,NA
1.267408526488618e-38,-0.46148078475437826,0.378,0.495,3.1918416331089356e-34,HIPK3,33.49595866480662,Sig Down,NA
1.326773932487868e-38,-0.5526339365449354,0.165,0.266,3.341347471577447e-34,PPP2R5C,33.47607835909937,Sig Down,NA
1.3458163175806075e-38,-0.8447863074259605,0.118,0.204,3.389303814195002e-34,CHST15,33.469889499644616,Sig Down,NA
1.4878253475572917e-38,-0.7223981755181316,0.097,0.18,3.7469393552882833e-34,ADAMTS1,33.42632333596326,Sig Down,NA
1.6136761840991745e-38,-0.5079573883929049,0.234,0.345,4.063882102035361e-34,HIVEP1,33.391058899931366,Sig Down,NA
1.701370835578591e-38,0.6346482751747478,0.426,0.341,4.284732312321123e-34,CDH2,33.36807630534248,Sig Up,NA
1.7346680121660302e-38,-1.0095572608709176,0.124,0.209,4.368587921838931e-34,FAM13A,33.359658919289465,Sig Down,NA
2.2921999548766585e-38,0.38845864456056756,0.701,0.677,5.772676366361376e-34,QKI,33.23862278967671,Sig Up,NA
8.573901618316626e-38,-0.7626379530564433,0.075,0.15,2.159251383556859e-33,ASRGL1,32.66569679345261,Sig Down,NA
1.814761341882181e-37,-0.4944274847089245,0.322,0.435,4.570294963396085e-33,SCARB1,32.34005576998673,Sig Down,NA
2.3501180567344082e-37,-0.5404548130258169,0.148,0.244,5.918537314079934e-33,NFKBIA,32.227785609985254,Sig Down,NA
3.620717709299892e-37,-0.6566628394070224,0.122,0.209,9.118415479100847e-33,PRKX,32.040080623126606,Sig Down,NA
4.945297666341741e-37,-0.5568695744293857,0.139,0.232,1.245423764291504e-32,FAM107A,31.90468285163678,Sig Down,NA
5.433823989518139e-37,-0.35645714712489474,0.429,0.554,1.368454233520248e-32,USP34,31.863769722522747,Sig Down,NA
1.620945333970788e-36,-0.6401918108733478,0.108,0.192,4.082188729072032e-32,HIF1A,31.38910692071259,Sig Down,NA
1.7132041880105665e-36,-1.22068761405757,0.049,0.111,4.3145334270858106e-32,SULT1B1,31.365066161941318,Sig Down,NA
5.1377366234273593e-36,0.5935643560131743,0.412,0.332,1.2938875912439462e-31,EPHA4,30.888103452124046,Sig Up,NA
5.2622089362363346e-36,0.7243748595652983,0.348,0.265,1.3252346985017584e-31,SPOCK3,30.877707201547576,Sig Up,NA
9.887348769949517e-36,-0.7604049953260696,0.075,0.147,2.4900299142240862e-31,MTHFD1L,30.603795435432612,Sig Down,NA
1.0132776088530395e-35,-0.3227238265945469,0.333,0.462,2.5518383301354947e-31,STAT3,30.593146843490892,Sig Down,NA
1.5393361372361216e-35,-0.9591167407789238,0.059,0.125,3.8766641280154484e-31,CCDC3,30.411541824390845,Sig Down,NA
1.7310756232874463e-35,0.7859018857740516,0.313,0.234,4.359540849687105e-31,KLF2,30.360559248563458,Sig Up,NA
1.8957129083292983e-35,-0.31408523871682714,0.569,0.684,4.774163388336505e-31,CADPS2,30.32110272201994,Sig Down,NA
2.0567935304250237e-35,-0.5272550460196481,0.22,0.322,5.17982882702238e-31,KCNT2,30.285684591742786,Sig Down,NA
2.1082224990572256e-35,-0.6926483056477428,0.12,0.205,5.309347541625717e-31,C22orf34,30.274958845487593,Sig Down,NA
2.1484513472351726e-35,-0.14494735383729473,0.579,0.709,5.410659872877058e-31,CRIM1,30.266749766007432,Not sig,NA
3.022951623659728e-35,-0.5747705510224497,0.108,0.19,7.613001369024659e-31,SLC4A7,30.118444092108724,Sig Down,NA
3.128977108271765e-35,-0.4878174071537297,0.152,0.247,7.880015949471613e-31,NAP1L1,30.103472903479926,Sig Down,NA
5.977764272261429e-35,-0.7855288685244427,0.058,0.124,1.5054401543263182e-30,UPP1,29.822336504291002,Sig Down,NA
1.4131993793444455e-34,-0.4560456092506726,0.199,0.301,3.559001316941051e-30,UBE2E2,29.448671851293675,Sig Down,NA
1.6045950872707818e-34,-0.47681129233164654,0.449,0.556,4.041012267782737e-30,BSG,29.393509831115814,Sig Down,NA
2.1779967846357368e-34,-0.7259524719790756,0.098,0.175,5.4850671024266394e-30,TIPARP,29.260818055047274,Sig Down,NA
4.491886748507974e-34,0.6280599211684974,0.392,0.313,1.1312367587442482e-29,DACH1,28.946446491223615,Sig Up,NA
1.366804541819334e-33,-0.3498667484923028,0.28,0.396,3.442160558117811e-29,TGM2,28.463168876054272,Sig Down,NA
1.612309280115607e-33,-0.36747154240532787,0.334,0.451,4.0604396910431447e-29,NPAS2,28.391426935621215,Sig Down,NA
1.7094345698301398e-33,-0.4119727910028097,0.175,0.274,4.305040020660224e-29,PXN,28.36602280688835,Sig Down,NA
1.7474616439860795e-33,-0.28392578521074974,0.446,0.57,4.4008074042145426e-29,SEC14L1,28.356467637371413,Sig Down,NA
2.3984606861348848e-33,-0.4356896439533975,0.176,0.273,6.040283391962094e-29,VMP1,28.218942685107653,Sig Down,NA
3.578637374340655e-33,0.49716879266937086,0.545,0.491,9.012440363539506e-29,LEF1,28.045157596044653,Sig Up,NA
5.080776829463643e-33,-0.4754215690938046,0.254,0.36,1.279542836732124e-28,SAT1,27.892945170155873,Sig Down,NA
5.3856375657315564e-33,-1.0013073250314237,0.101,0.175,1.3563189645538351e-28,IL1R1,27.86763816573738,Sig Down,NA
1.6207213574954323e-32,-0.2930363246933183,0.595,0.712,4.081624666716497e-28,ASAP1,27.389166934129598,Sig Down,NA
5.744768410969417e-32,-0.4944380684043338,0.146,0.234,1.446762476618538e-27,ECE1,26.83960276367102,Sig Down,NA
8.831759539162515e-32,0.7421748155876053,0.308,0.236,2.224190322342688e-27,SRGAP2B,26.652828053238043,Sig Up,NA
1.236018322485538e-31,-0.758254034290469,0.071,0.137,3.112788543347579e-27,FRAS1,26.506850380626982,Sig Down,NA
1.4416289381114826e-31,-0.4163064380126035,0.104,0.182,3.630598317739958e-27,WARS,26.4400217979169,Sig Down,NA
1.588708218133774e-31,0.3925202124297824,0.613,0.566,4.0010027765480966e-27,NFIA,26.397831147236573,Sig Up,NA
1.6209079527419852e-31,-0.8630420747550976,0.047,0.103,4.0820945881854154e-27,BCL6,26.389116936256144,Sig Down,NA
3.1224889849282245e-31,-0.3594748067961102,0.224,0.326,7.86367625964324e-27,VGLL4,26.104374374314354,Sig Down,NA
3.372189042897077e-31,-0.31226350950225346,0.362,0.477,8.492520885632e-27,CNOT6L,26.07096337639746,Sig Down,NA
5.051913673639227e-31,-0.4019031730964193,0.198,0.295,1.272273939569303e-26,ZFYVE28,25.895419368534817,Sig Down,NA
5.396513892071834e-31,-0.37782963343675613,0.191,0.287,1.359058058579371e-26,CREM,25.866761989932655,Sig Down,NA
8.508563132810272e-31,-0.6717018930974753,0.15,0.231,2.142796539366939e-26,ABCA1,25.669019063687575,Sig Down,NA
9.161422678514265e-31,-0.4829698519082521,0.118,0.197,2.3072126873570325e-26,SH3BP4,25.636912368769785,Sig Down,NA
9.431051651194224e-31,-0.8562027826773003,0.049,0.105,2.3751160478367536e-26,ANKRD33B,25.624315165953274,Sig Down,NA
1.0669413505127931e-30,-0.3335562105988372,0.326,0.442,2.6869850971314184e-26,RBMS2,25.570734742294608,Sig Down,NA
1.7215939442672882e-30,-0.411374422420991,0.405,0.518,4.3356621892427386e-26,GRB10,25.36294456296945,Sig Down,NA
2.1032222157870506e-30,-0.2770425317889256,0.534,0.651,5.296754828238108e-26,ARHGAP29,25.27599012885929,Sig Down,NA
2.565786017519698e-30,-0.4165914478435213,0.664,0.735,6.461675506521608e-26,TACC1,25.189654855242164,Sig Down,NA
6.1800861821031385e-30,-0.3571781970844641,0.366,0.473,1.5563929041008545e-25,SLC1A1,24.807880757897124,Sig Down,NA
7.660029868391566e-30,-0.8846413797151995,0.048,0.103,1.929101922055732e-25,RNF24,24.714644826261225,Sig Down,NA
8.114482419008846e-29,-0.3732546417352005,0.248,0.347,2.0435512524031878e-24,AKAP13,23.68961446568091,Sig Down,NA
8.339113710925524e-29,-0.33257863198750437,0.198,0.293,2.100122396959484e-24,TMEM165,23.677755393468424,Sig Down,NA
9.709387891782447e-29,-0.6597777551714691,0.101,0.171,2.4452122466664916e-24,CHKA,23.6116834377447,Sig Down,NA
1.65445067420818e-28,-0.5025625570036899,0.156,0.239,4.1665685779258805e-24,DISC1,23.380221465687676,Sig Down,NA
1.7149487443859437e-28,-0.4838230600693273,0.122,0.199,4.318926917861561e-24,AC018816.1,23.364624144745736,Sig Down,NA
2.3247038222707215e-28,-0.6322888440254987,0.092,0.159,5.854534106006585e-24,PDLIM1,23.232507659642177,Sig Down,NA
2.522969810443192e-28,-0.6218783238248969,0.096,0.164,6.353847170620134e-24,NUAK1,23.196963235488504,Sig Down,NA
2.7544539991292995e-28,-0.26919901533580326,0.659,0.748,6.936816951407228e-24,MKL2,23.158839765503732,Sig Down,NA
3.081864121673113e-28,-0.2691127776191975,0.285,0.392,7.761366604021567e-24,EVA1C,23.110061802410545,Sig Down,NA
4.24632956645563e-28,-0.42066164686577867,0.217,0.311,1.0693956380161859e-23,PIAS2,22.970861591686365,Sig Down,NA
5.588443371395419e-28,-0.5308752802250531,0.12,0.194,1.4073935786522224e-23,MIR4435-2HG,22.851584434808032,Sig Down,NA
7.284837114769007e-28,-0.4064351204500628,0.155,0.24,1.834613378983427e-23,RAC1,22.73645544370889,Sig Down,NA
1.2210272743398828e-27,-0.6660537630181343,0.114,0.184,3.075035087697561e-23,MTUS2,22.51214992434174,Sig Down,NA
1.4138708762796923e-27,1.0791307479644012,0.147,0.091,3.560692414822777e-23,CADM2,22.448465540595524,Sig Up,NA
3.0013822976647687e-27,-0.4445000176552337,0.169,0.253,7.558681178438954e-23,RNF145,22.12155397260598,Sig Down,NA
1.0451924693905873e-26,-0.30521691421930575,0.215,0.311,2.632212714913255e-22,MOSMO,21.579679017345242,Sig Down,NA
1.0740058857887663e-26,-0.5475985476317347,0.077,0.139,2.704776422770429e-22,PPP1CB,21.567868627921573,Sig Down,NA
1.337168714068152e-26,-0.37681976009967977,0.148,0.228,3.367525689509234e-22,SNX9,21.472689082533098,Sig Down,NA
1.414871668920607e-26,-0.4841202250622575,0.144,0.222,3.5632128110096565e-22,CMSS1,21.448158238865044,Sig Down,NA
1.7353225213056463e-26,-0.34354066071865863,0.186,0.273,4.370236237656139e-22,GBE1,21.35949508615602,Sig Down,NA
2.5988329952300015e-26,-0.5322524358869758,0.132,0.205,6.544901015187235e-22,MXI1,21.184096917315372,Sig Down,NA
3.3518684971806856e-26,-0.41460337927645075,0.331,0.429,8.441345623299839e-22,IFITM3,21.073588317569556,Sig Down,NA
3.557995964342631e-26,-0.5900059985843025,0.135,0.208,8.960457036600482e-22,SDK1,21.047669838171416,Sig Down,NA
3.6404524295649086e-26,-0.311049481930187,0.319,0.423,9.168115398616267e-22,TCF7L2,21.03771992889906,Sig Down,NA
4.545392673479877e-26,-0.631885752022111,0.063,0.119,1.1447116908891722e-21,SPATA6L,20.94130388172805,Sig Down,NA
4.957593316545409e-26,-0.408279107655954,0.248,0.338,1.2485203008387958e-21,REV3L,20.90360439166218,Sig Down,NA
7.181581120133861e-26,-0.3808562274972558,0.202,0.29,1.8086093892945113e-21,CD46,20.742655218873455,Sig Down,NA
7.477760772339428e-26,0.33605138585387584,0.703,0.703,1.8831992729059615e-21,NCOA1,20.725103722179586,Sig Up,NA
1.1791929941769424e-25,-0.35747780754272007,0.304,0.403,2.9696796365352118e-21,MCC,20.52729039902937,Sig Down,NA
1.2057543655555978e-25,-0.7868041977196407,0.059,0.112,3.0365717942152175e-21,BNIP3L,20.517616446317177,Sig Down,NA
1.4136895409401552e-25,-0.2888674312191051,0.598,0.694,3.560235739903687e-21,ESYT2,20.4485212444008,Sig Down,NA
1.6854299915555115e-25,0.6318612856720867,0.346,0.284,4.2445868907334e-21,GAB1,20.37216457156969,Sig Up,NA
1.705594930420198e-25,-0.28821420928468156,0.458,0.565,4.295370272770227e-21,RAPGEF4,20.366999392836306,Sig Down,NA
1.8837598426370136e-25,-0.2740217240812042,0.389,0.496,4.744060787697055e-21,GLIS3,20.32384975480563,Sig Down,NA
2.20458974311296e-25,-0.3264354267563514,0.231,0.324,5.552038809055679e-21,HIVEP2,20.25554750680035,Sig Down,NA
2.4922844342016445e-25,0.29165910382488525,0.737,0.728,6.276569119093422e-21,FOXP1,20.20227768425722,Sig Up,NA
2.594512488274594e-25,-0.17779308632927737,0.825,0.895,6.534020250470738e-21,ELOVL7,20.184819523877405,Not sig,NA
2.733111540422843e-25,-0.35091534104679756,0.354,0.447,6.883068103400888e-21,KCTD8,20.1622179333687,Sig Down,NA
3.122513000682434e-25,0.6310144504676065,0.375,0.318,7.863736740918641e-21,ACVR1,20.10437103407217,Sig Up,NA
4.292164148626624e-25,-0.7233484160311963,0.086,0.146,1.0809386191901289e-20,TFPI,19.966198966642317,Sig Down,NA
4.429091538003675e-25,-0.4148928096316473,0.242,0.33,1.1154224129308457e-20,SFMBT2,19.9525606331864,Sig Down,NA
5.142341658244147e-25,-0.5683355139142614,0.082,0.143,1.2950473232122059e-20,ANXA2,19.887714361440324,Sig Down,NA
5.286432090949287e-25,-0.366482632936437,0.151,0.229,1.3313350577846683e-20,PPP4R1,19.87571263165177,Sig Down,NA
5.296032787415505e-25,-0.444675245251692,0.315,0.406,1.3337528971827208e-20,MCTP1,19.874924624190452,Sig Down,NA
6.416125192863526e-25,-0.4571574104018109,0.123,0.195,1.6158369685707505e-20,PITPNM2,19.791602459911605,Sig Down,NA
7.135850689442777e-25,-0.25990071482919186,0.413,0.527,1.797092637629269e-20,ELF2,19.745429535036692,Sig Down,NA
9.990269097374969e-25,-0.32969327749066757,0.322,0.416,2.515949369482912e-20,RALGAPA2,19.59929810280365,Sig Down,NA
1.1638295699413038e-24,-0.7919669800779113,0.06,0.113,2.9309883889401796e-20,PDK4,19.532985902008235,Sig Down,NA
1.3368675580635697e-24,-0.3871251016750732,0.258,0.349,3.366767258227294e-20,SERINC5,19.472786904984424,Sig Down,NA
2.10219458482013e-24,-0.35559137910598837,0.467,0.561,5.294166842411015e-20,ITGA1,19.27620237629559,Sig Down,NA
2.4958811319694897e-24,-0.26578297904699966,0.365,0.475,6.285627042751963e-20,UBR5,19.20165139138717,Sig Down,NA
2.517137021511176e-24,-0.30284337627333935,0.265,0.359,6.339157874973746e-20,NAV2,19.197968432109374,Sig Down,NA
2.592213961562261e-24,-0.3900416262277415,0.172,0.252,6.528231640798398e-20,ACER3,19.185204443939288,Sig Down,NA
2.748644653083138e-24,-0.73902865474914,0.22,0.299,6.922186694324575e-20,ADGRL3,19.15975669177671,Sig Down,NA
3.9219114228616865e-24,-0.3891358640001804,0.163,0.242,9.876941727334871e-20,SELENOW,19.005377508504512,Sig Down,NA
4.853252577876862e-24,-0.2735120690831674,0.213,0.302,1.222243129212509e-19,ANKRD11,18.912842395425127,Sig Down,NA
5.5454396304403836e-24,-0.3005305376190901,0.189,0.271,1.3965635165301063e-19,P4HA1,18.854939307545333,Sig Down,NA
8.364878609305363e-24,-0.2720080335353865,0.364,0.469,2.1066110289674627e-19,TEAD1,18.676415646436407,Sig Down,NA
1.0910658285124668e-23,-0.38964373877802594,0.14,0.214,2.7477401825257966e-19,UBA6,18.561024335160504,Sig Down,NA
1.1004680873831242e-23,0.3793988066869307,0.343,0.268,2.77141883126566e-19,HSPA1A,18.557297836411095,Sig Up,NA
3.6284956993681775e-23,-0.732015172767352,0.065,0.117,9.138003569288818e-19,CHPT1,18.03914867664559,Sig Down,NA
4.4469525406211974e-23,-0.47780021165369235,0.105,0.168,1.1199205278300424e-18,BCR,17.950812794784692,Sig Down,NA
5.429969056351878e-23,-0.44643390818243167,0.124,0.192,1.367483407151657e-18,GGT5,17.864077934629773,Sig Down,NA
6.682968524826196e-23,-0.44789806234786766,0.094,0.156,1.683038793292229e-18,TPM3,17.773905873615035,Sig Down,NA
7.175412811732582e-23,-0.5424609654354349,0.157,0.228,1.8070559625067336e-18,C1GALT1,17.743028397615312,Sig Down,NA
8.40765964664655e-23,-0.4276535743790022,0.097,0.158,2.117385005411467e-18,GAPDH,17.674200166768863,Sig Down,NA
9.447835862860514e-23,-0.3966272649377088,0.113,0.179,2.379342983702792e-18,CLIP1,17.623542949642875,Sig Down,NA
1.0902825586257678e-22,-0.40736766183034767,0.48,0.563,2.7457675956431337e-18,NR3C2,17.56133622463791,Sig Down,NA
1.1383098073276672e-22,-0.5050779289930413,0.091,0.151,2.866719418773997e-18,CDK5RAP2,17.54261481170691,Sig Down,NA
1.2483735928933127e-22,-0.34784715114629083,0.182,0.261,3.1439040563425188e-18,GMDS-DT,17.502530715952226,Sig Down,NA
1.4430985656382558e-22,-0.4743412916547656,0.147,0.217,3.6342994277033835e-18,EGLN1,17.4395792942976,Sig Down,NA
1.5675447916534017e-22,-0.44530979999242254,0.09,0.149,3.947704803299927e-18,BACH2,17.40365532993631,Sig Down,NA
1.5876349667568306e-22,-0.22177052751693171,0.193,0.278,3.9982999002804024e-18,BHLHE40,17.398124633891705,Not sig,NA
1.734703241224522e-22,-0.4059332082105855,0.117,0.183,4.368676642699836e-18,MID1,17.35965009937105,Sig Down,NA
2.0261096854293164e-22,-0.3683881088060006,0.176,0.253,5.10255463178519e-18,ITPR2,17.29221233670384,Sig Down,NA
2.2131801793502164e-22,-0.520510844688941,0.055,0.104,5.5736729636755845e-18,CDKN1A,17.25385851718673,Sig Down,NA
2.435511014986721e-22,-0.5369487928870188,0.096,0.155,6.133590940142559e-18,PHF10,17.21228519124279,Sig Down,NA
2.5030707860015354e-22,-0.25264238088457125,0.433,0.539,6.3037334674662666e-18,SASH1,17.200402157836987,Sig Down,NA
2.54470269533949e-22,-0.5113585900883273,0.072,0.126,6.4085792679429714e-18,TUBB6,17.193238239511043,Sig Down,NA
3.250945583613498e-22,-0.3651004562327267,0.569,0.646,8.187181357772233e-18,SORBS2,17.086865589260206,Sig Down,NA
3.451357994686958e-22,-0.2590258701505741,0.374,0.479,8.691899973819635e-18,RBMS1,17.060885280173434,Sig Down,NA
3.8092333179904737e-22,-0.25545543609584564,0.352,0.451,9.59317318802721e-18,FOXO1,17.018037715029077,Sig Down,NA
4.1581151585239535e-22,-0.3829823319873189,0.161,0.235,1.0471797215226725e-17,B4GALT5,16.979978776422996,Sig Down,NA
4.619442806407446e-22,-0.4817117832647615,0.087,0.145,1.1633604763656512e-17,ETFA,16.934285694867956,Sig Down,NA
5.053332293127756e-22,-0.4747243577025742,0.101,0.161,1.2726312047012941e-17,SLC5A6,16.8952974321422,Sig Down,NA
9.347388102582158e-22,-0.37968109466807287,0.186,0.263,2.3540462197542908e-17,ARHGEF7,16.628185014395225,Sig Down,NA
1.516868601026387e-21,-0.44069343078781453,0.131,0.197,3.820081884824853e-17,ACSL4,16.417927327730585,Sig Down,NA
2.7365783008179453e-21,-0.6021108897813061,0.154,0.219,6.891798792779913e-17,ADAMTS6,16.161667410339067,Sig Down,NA
3.3047593088190863e-21,-0.3830328692858175,0.138,0.206,8.322705843329987e-17,ACTN1,16.07973545474542,Sig Down,NA
3.338852449249609e-21,-0.1512573743090746,0.552,0.659,8.408566008190216e-17,SORBS1,16.075278062208138,Not sig,NA
5.573293066056322e-21,-0.5266993062015897,0.089,0.145,1.4035781257556242e-16,MAP3K13,15.852763408722273,Sig Down,NA
6.00424250488368e-21,-0.40911487111335976,0.146,0.214,1.512108432429906e-16,TSHZ1,15.8204170647095,Sig Down,NA
6.0825578791310175e-21,-0.4155235896195303,0.131,0.196,1.5318313762803554e-16,SNX25,15.814789039129991,Sig Down,NA
6.4806324413898195e-21,-0.23166483231327817,0.366,0.467,1.632082474039612e-16,CDYL2,15.787257898820336,Not sig,NA
7.188870698878325e-21,-0.4043419436536557,0.137,0.202,1.8104451968055174e-16,BNC2,15.742214616986258,Sig Down,NA
8.105910636213102e-21,-0.1959871916364846,0.463,0.569,2.0413925346239077e-16,LDLRAD3,15.69007347777786,Not sig,NA
8.61922193068028e-21,-0.3754989905323999,0.06,0.108,2.1706648510225219e-16,JUNB,15.66340722610229,Sig Down,NA
8.640257189749985e-21,-0.37954589551285056,0.14,0.207,2.1759623706666363e-16,IQSEC1,15.66234861924644,Sig Down,NA
1.1031480160239033e-20,-0.31010053364650336,0.152,0.223,2.778167963554598e-16,ZKSCAN1,15.556241501060681,Sig Down,NA
1.1924819900512367e-20,-0.27780580791559517,0.367,0.467,3.0031466437450345e-16,INSR,15.522423460670037,Sig Down,NA
1.3258235025028451e-20,-0.39089708329205,0.158,0.229,3.338953908703165e-16,MAP3K5,15.476389575954325,Sig Down,NA
1.5296712107546348e-20,-0.22738861438244462,0.276,0.364,3.852323977164472e-16,CCNH,15.414277196215679,Not sig,NA
1.6931115807967005e-20,-0.4127453732325232,0.081,0.134,4.2639322050784106e-16,PHC2,15.37018970904584,Sig Down,NA
1.986789825794541e-20,-0.366079508936743,0.246,0.326,5.003531497280973e-16,PELI2,15.300723361982444,Sig Down,NA
1.9877573265363853e-20,-0.47009024933617355,0.104,0.162,5.005968051149233e-16,ARID5B,15.300511926452499,Sig Down,NA
2.032390137996462e-20,-0.3902496234031888,0.151,0.22,5.11837132353029e-16,LRRFIP1,15.29086821045539,Sig Down,NA
3.5171696187392606e-20,-0.2592731456947379,0.366,0.466,8.857639967832954e-16,PODXL,15.052681976248275,Sig Down,NA
3.692938146705746e-20,-0.5167637810376494,0.069,0.119,9.30029542866375e-16,GRAMD1A,15.031503255639546,Sig Down,NA
3.892740195521421e-20,-0.21134343444186765,0.31,0.407,9.803476908401146e-16,MYO9A,15.008619869783852,Not sig,NA
5.3552345473814895e-20,-0.3920504854473408,0.1,0.158,1.3486622684125544e-15,PGK1,14.870096792602675,Sig Down,NA
6.343060305573843e-20,-0.2132819323008861,0.391,0.496,1.5974363073557168e-15,ZNF638,14.796576448922549,Not sig,NA
7.538103605231264e-20,-0.5529456118634644,0.118,0.177,1.8983960119414417e-15,FRMD3,14.72161318713461,Sig Down,NA
7.750170521412048e-20,-0.11205573649948697,0.26,0.348,1.95180294411241e-15,PELI1,14.709564031241353,Not sig,NA
8.433304325188765e-20,-0.2484486860492532,0.366,0.464,2.1238433612555388e-15,SPARCL1,14.67287751671058,Not sig,NA
8.71581216617769e-20,-0.4927151518336548,0.102,0.159,2.1949901359301895e-15,ATOH8,14.658567427094166,Sig Down,NA
8.963220989020924e-20,-0.5208724834518281,0.104,0.16,2.2572975738750294e-15,LARP4,14.646411185196422,Sig Down,NA
1.101688168572968e-19,-0.20271671257773738,0.193,0.272,2.7744914837341622e-15,SRGN,14.556816603909082,Not sig,NA
1.1294362150856413e-19,-0.198581696678362,0.281,0.376,2.8443721640716792e-15,SLC2A1,14.546013580154545,Not sig,NA
1.1641868655124588e-19,0.9572327024146694,0.124,0.08,2.931888202106576e-15,CCM2L,14.532852594103863,Sig Up,NA
1.5473956394466641e-19,-0.3994142484842095,0.107,0.166,3.896961178382479e-15,UBXN4,14.409273920637448,Sig Down,NA
1.7164544995622336e-19,0.29047880138678694,0.633,0.606,4.322719011697529e-15,LIMCH1,14.364242993852272,Sig Up,NA
1.8085661672908887e-19,0.5264515323070627,0.386,0.338,4.554693035705374e-15,NR3C1,14.341540887053556,Sig Up,NA
1.8280867858657242e-19,-0.5432986519719298,0.061,0.108,4.6038537615242396e-15,TAF1D,14.33687847991013,Sig Down,NA
2.1260031829713734e-19,-0.41084731327772656,0.085,0.137,5.354126415995107e-15,EMP1,14.271311378924029,Sig Down,NA
2.2200052217089207e-19,-0.4239787520169409,0.094,0.149,5.590861150351746e-15,S1PR1,14.252521293358363,Sig Down,NA
2.588735411267459e-19,-0.49692476976163724,0.221,0.292,6.519471259735969e-15,NPIPB5,14.185787624864771,Sig Down,NA
2.8217049316180766e-19,-0.2084511638600297,0.452,0.559,7.106181699786964e-15,CFLAR,14.148363692117451,Not sig,NA
3.163790507472723e-19,-0.5106179342190876,0.064,0.11,7.967690014019305e-15,PDK1,14.098667570646063,Sig Down,NA
3.8468322728434266e-19,0.37770091149546436,0.554,0.525,9.687862395928885e-15,BBS9,14.013772038435729,Sig Up,NA
5.487002169479726e-19,0.63463413934398,0.286,0.235,1.3818466263617741e-14,FRY,13.859540157411283,Sig Up,NA
5.741104809585258e-19,-0.20676115627275427,0.173,0.247,1.4458398352459512e-14,SMAD6,13.839879813902803,Not sig,NA
5.842549855982922e-19,-0.5206401548843649,0.066,0.113,1.471387755730739e-14,NUDCD1,13.832272862294268,Sig Down,NA
6.185615558050579e-19,-0.41819895213791386,0.095,0.15,1.5577854221394576e-14,TTC7A,13.807492364634395,Sig Down,NA
7.854405069068249e-19,-0.21008762159994854,0.398,0.496,1.9780533725941477e-14,NKTR,13.703761994280597,Not sig,NA
1.081756814889267e-18,0.2962765479312228,0.705,0.698,2.72429636261713e-14,RAPGEF2,13.564745649458143,Sig Up,NA
1.0834272736674352e-18,-0.2118597790111414,0.308,0.4,2.728503246004069e-14,MT-CO3,13.564075525215701,Not sig,NA
1.1061718597594804e-18,-0.43756136180009575,0.078,0.127,2.7857832116182755e-14,PCDH11Y,13.55505268319604,Sig Down,NA
1.1327618841727151e-18,-0.6191669562728565,0.117,0.172,2.8527475291005657e-14,CPE,13.544736662121487,Sig Down,NA
1.2479123955544437e-18,-0.3798998876168094,0.161,0.228,3.1427425769643106e-14,RBMS3-AS3,13.502691190723581,Sig Down,NA
1.3328320270061796e-18,-0.3700965265037727,0.096,0.151,3.356604176812363e-14,SENP5,13.474099869345245,Sig Down,NA
1.3737616298993052e-18,-0.24358805479926482,0.204,0.28,3.45968128873841e-14,STX12,13.460963907252749,Not sig,NA
1.491480874781059e-18,0.8134689063689543,0.139,0.094,3.756145435048619e-14,IL1RAPL1,13.425257600533644,Sig Up,NA
1.5658637047066893e-18,-0.20104081774083937,0.393,0.493,3.9434711539333264e-14,CSNK1A1,13.404121331643687,Not sig,NA
1.6146739035574313e-18,-0.45827198718948625,0.086,0.138,4.0663947587190353e-14,DARS,13.390790463078337,Sig Down,NA
1.7091045124535864e-18,-0.27312519461159357,0.194,0.267,4.304208804163112e-14,IFI16,13.366106668499608,Sig Down,NA
1.7388662327382935e-18,-0.2773456868226345,0.195,0.269,4.379160720528119e-14,PARP14,13.358609115379329,Sig Down,NA
2.052036789307801e-18,0.37558680269183586,0.516,0.485,5.1678494501927664e-14,PTPRB,13.28669014669697,Sig Up,NA
2.118462150386683e-18,-0.25449234306926805,0.339,0.43,5.335135079533823e-14,ITGAV,13.272854580259475,Sig Down,NA
2.3218556132109462e-18,-0.5047364917772875,0.064,0.109,5.847361176310447e-14,SYTL4,13.233040080092218,Sig Down,NA
2.3231932959828477e-18,-0.2266022772370837,0.245,0.329,5.850729996603204e-14,SUSD6,13.232789943538744,Not sig,NA
2.4828663936738423e-18,-0.2577460425970881,0.236,0.312,6.252850725828204e-14,FAM155A,13.203921939098466,Sig Down,NA
2.8264134221402092e-18,-0.22439003557333725,0.511,0.607,7.118039562317903e-14,ERG,13.147639602501236,Not sig,NA
4.3759888121720794e-18,-0.2630818180968699,0.224,0.302,1.1020490224574165e-13,VPS13D,12.957799086328869,Sig Down,NA
4.38525114319236e-18,-0.3188906740433235,0.131,0.192,1.1043816479015639e-13,CRTC3,12.95688081887568,Sig Down,NA
5.010088038447155e-18,0.5571767864091284,0.293,0.239,1.2617405716025314e-13,STOX2,12.899029931861795,Sig Up,NA
5.3623231262023334e-18,-0.42357140274452776,0.081,0.131,1.3504474561027955e-13,CASP4,12.86952230889863,Sig Down,NA
7.854680823966264e-18,-0.19088591399689925,0.32,0.413,1.9781228187076638e-13,CMTM8,12.703746747202391,Not sig,NA
8.551814806928794e-18,-0.43253220727265557,0.078,0.126,2.1536890409769475e-13,HK1,12.66681700184432,Sig Down,NA
8.742570324597486e-18,0.6268430036636305,0.332,0.288,2.201728910546631e-13,USP54,12.657236154892587,Sig Up,NA
8.792938969719147e-18,0.712953669144605,0.225,0.175,2.21441375013407e-13,FMNL3,12.654741230515961,Sig Up,NA
1.2494997303122085e-17,0.3695853918684846,0.569,0.545,3.146740120818266e-13,EBF1,12.502139122595201,Sig Up,NA
1.288251394572952e-17,-0.22307524841544635,0.18,0.249,3.2443323120925223e-13,ECPAS,12.488874668050126,Not sig,NA
1.3247997828416427e-17,0.4975799542315804,0.388,0.348,3.336375773108393e-13,SRGAP2,12.476725041068844,Sig Up,NA
1.3787186834090134e-17,-0.4623382006734226,0.091,0.142,3.4721651322972594e-13,CACNA2D1,12.459399628443677,Sig Down,NA
1.4875655085996338e-17,-0.298821208106518,0.364,0.446,3.746284976857318e-13,TMSB10,12.42639918927547,Sig Down,NA
1.5443350477271567e-17,0.5548816822477951,0.33,0.282,3.8892533841960717e-13,HEG1,12.410133761719235,Sig Up,NA
3.204916012547027e-17,-0.2615851411877843,0.192,0.262,8.071260485998433e-13,SLC38A2,12.093058636360203,Sig Down,NA
3.6599334639008975e-17,-0.2636372706828971,0.169,0.235,9.21717643548802e-13,TOP1,12.035402099151577,Sig Down,NA
3.721593399199728e-17,-0.6918002487260284,0.108,0.158,9.372460816544594e-13,C2orf83,12.02814636655795,Sig Down,NA
4.202054493858528e-17,-0.46069404704444666,0.079,0.127,1.0582454037333317e-12,CD109,11.975413609116732,Sig Down,NA
4.337382987219395e-17,-0.32080242366028233,0.134,0.193,1.0923265315013323e-12,HACE1,11.961647517646687,Sig Down,NA
4.729397584302174e-17,-0.34635828430932186,0.116,0.171,1.1910514876306595e-12,KATNBL1,11.924069464117087,Sig Down,NA
5.954371797566708e-17,-0.5268399559737179,0.083,0.13,1.4995489934991997e-12,IER3,11.824039340335428,Sig Down,NA
6.02661124472891e-17,-0.3777489320247797,0.088,0.138,1.5177417758725287e-12,TUBA1B,11.81880211174301,Sig Down,NA
6.200859121522436e-17,-0.32874821645700747,0.101,0.153,1.5616243611642104e-12,PTPN1,11.806423424679519,Sig Down,NA
6.242181657604785e-17,-0.1460830809495215,0.14,0.201,1.572031028651189e-12,PRKG1,11.803538886134396,Not sig,NA
9.022156522029888e-17,-0.6037213506932712,0.113,0.165,2.272139898508007e-12,MT1E,11.643564932080928,Sig Down,NA
1.1586967870462741e-16,-0.3563568241359796,0.076,0.123,2.918061988497337e-12,TRIM22,11.534905486611043,Sig Down,NA
1.2062030849910296e-16,-0.3194553243571747,0.177,0.242,3.037701849241409e-12,CRYBG3,11.517454854430941,Sig Down,NA
1.2606253427938782e-16,-0.28764586857802543,0.222,0.294,3.174758863292103e-12,FAT4,11.49828925566922,Sig Down,NA
1.2618927771253021e-16,0.9110095817322901,0.119,0.079,3.177950769912361e-12,SLC16A14,11.497852834794154,Sig Up,NA
1.2907214326673274e-16,-0.1753332317342715,0.332,0.424,3.2505528560293976e-12,PTPN12,11.488042767666258,Not sig,NA
1.407294646396112e-16,-0.4144452736583626,0.189,0.251,3.5441308374839688e-12,CALD1,11.450490253785985,Sig Down,NA
1.4398541317089636e-16,-0.20720005367475447,0.187,0.256,3.6261286452958538e-12,ZHX2,11.440556792366532,Not sig,NA
1.4623298330810967e-16,0.6315650108825277,0.224,0.175,3.682731451631434e-12,SLC39A8,11.43382994916758,Sig Up,NA
1.625344977149615e-16,-0.2834189007677944,0.125,0.182,4.093268790453591e-12,HIPK2,11.387929735838988,Sig Down,NA
2.0872190545039022e-16,-0.16063721017404875,0.368,0.464,5.256452466862627e-12,KAT6A,11.279307258477942,Not sig,NA
2.68894806025694e-16,-0.43352566107876866,0.152,0.211,6.771846794951078e-12,TM4SF1,11.169292875852529,Sig Down,NA
2.820237510207496e-16,-0.21923112160992586,0.256,0.335,7.1024861457065576e-12,DENND4A,11.148589604750265,Not sig,NA
2.927497174394282e-16,0.37590651999886227,0.532,0.503,7.372608883994559e-12,AUTS2,11.132378804755302,Sig Up,NA
2.9473737563194445e-16,0.7628371824462409,0.122,0.082,7.422666067914888e-12,PROM1,11.129440077117266,Sig Up,NA
3.299535650573846e-16,-0.5247201577448096,0.09,0.137,8.309550582405174e-12,NGLY1,11.080422464165288,Sig Down,NA
3.8048363736819254e-16,-0.17962040675824564,0.392,0.486,9.58209992348056e-12,NF1,11.018539304570552,Not sig,NA
3.821122935298614e-16,-0.45798847083217165,0.095,0.144,9.623116000256029e-12,RPL10,11.016684279043519,Sig Down,NA
4.275073132056818e-16,-0.32537002476352783,0.105,0.157,1.076634417577189e-11,EHD2,10.967931740882086,Sig Down,NA
4.690935266256755e-16,-0.7500003309678067,0.09,0.135,1.1813651374541013e-11,CTNNA2,10.927615849488657,Sig Down,NA
4.699919678484083e-16,-0.326261292693196,0.093,0.143,1.1836277718294315e-11,TNFRSF10B,10.926784853404294,Sig Down,NA
4.732010465327178e-16,-0.4240801891441139,0.096,0.145,1.1917095155879964e-11,IL6R,10.92382959287722,Sig Down,NA
5.32231388364093e-16,-0.17337169992239887,0.261,0.343,1.3403715284561318e-11,PRRC2C,10.87277480581865,Not sig,NA
6.717135156416501e-16,-0.42689704252010235,0.072,0.115,1.6916433177919316e-11,KPNB1,10.771691202434374,Sig Down,NA
7.305093578464652e-16,-0.5887066990719414,0.063,0.103,1.8397147668005378e-11,ARHGAP42,10.73524950568993,Sig Down,NA
8.64051008002296e-16,0.49483457554769883,0.383,0.341,2.1760260585529822e-11,TSPAN5,10.662335908138378,Sig Up,NA
8.7863072981253e-16,-0.524896247842525,0.062,0.103,2.2127436299598755e-11,SMYD2,10.65506890082352,Sig Down,NA
9.625826560931495e-16,-0.2606996645845303,0.579,0.656,2.4241681611049876e-11,PDE4D,10.615437257068926,Sig Down,NA
1.1327702027688129e-15,-0.29983813919311175,0.182,0.245,2.8527684786529782e-11,SIK2,10.544733472830632,Sig Down,NA
1.2650171432103964e-15,-0.3867626515013821,0.101,0.15,3.185819173461062e-11,MFAP3,10.49677887831415,Sig Down,NA
1.27789894373964e-15,-0.26218349350573655,0.247,0.321,3.218260699913909e-11,PDE8A,10.492378778152426,Sig Down,NA
1.2935875903528885e-15,-0.23945258211252662,0.421,0.506,3.2577709875447145e-11,LPP,10.487079448677411,Not sig,NA
1.5173247011271254e-15,-0.5845957888125441,0.091,0.136,3.8212305273185524e-11,GRAMD2B,10.41779676138974,Sig Down,NA
1.5662248251597573e-15,0.7289343031684733,0.183,0.139,3.944380599682333e-11,SLC38A5,10.40402118592988,Sig Up,NA
2.1807912375997817e-15,-0.5363607205577766,0.098,0.144,5.49210465277129e-11,GPC5,10.260261195818375,Sig Down,NA
2.1923458828152515e-15,0.37481607538018347,0.487,0.458,5.5212038712819296e-11,ELMO1,10.25796621617483,Sig Up,NA
2.300078329785041e-15,-0.6120854586515145,0.062,0.101,5.792517265730647e-11,AC008014.1,10.237132663036412,Sig Down,NA
2.3586346123272586e-15,-0.19146831117687224,0.233,0.304,5.939985407684968e-11,CBLB,10.226214621916059,Not sig,NA
2.4908879166031848e-15,-0.24750736738531898,0.191,0.258,6.27305212917346e-11,IFITM2,10.202521103452892,Not sig,NA
2.829610387926829e-15,-0.29882802390192303,0.116,0.168,7.126090800954926e-11,TAF1,10.147148648150813,Sig Down,NA
2.962397260928577e-15,0.5359621761401812,0.276,0.228,7.460501261922529e-11,MIR181A1HG,10.12723199183384,Sig Up,NA
3.354886125183659e-15,0.8857173973273327,0.105,0.069,8.448945217662527e-11,NKAIN2,10.073197505812646,Sig Up,NA
3.3570038687427443e-15,-0.16643215375020537,0.222,0.296,8.454278543041728e-11,SMAD9,10.072923447574757,Not sig,NA
3.413074399982375e-15,-0.23049697837024508,0.203,0.27,8.595486568915613e-11,REEP3,10.065729533960754,Not sig,NA
3.4811620176774073e-15,0.6839061666838022,0.194,0.149,8.766958425318782e-11,HLF,10.057151052952616,Sig Up,NA
3.4911856716184127e-15,-0.200437695150407,0.48,0.569,8.79220199540381e-11,ZBTB16,10.055902342822792,Not sig,NA
3.6532811414682996e-15,-0.19139721617836414,0.152,0.213,9.200423226673765e-11,BRD4,10.036192194308645,Not sig,NA
3.967120970011312e-15,-0.13532012792329162,0.351,0.441,9.990797450876488e-11,CTNNA1,10.000399845638565,Not sig,NA
4.437779390236447e-15,-0.38272335144573705,0.073,0.115,1.1176103616371468e-10,FAM241A,9.951709580425572,Sig Down,NA
4.4759271259932176e-15,-0.2777689612305234,0.166,0.227,1.127217487410132e-10,CAST,9.94799228229507,Sig Down,NA
5.720795116352111e-15,-0.23790587684897135,0.163,0.225,1.4407250421021156e-10,SRSF4,9.841418895030461,Not sig,NA
5.828974624655619e-15,-0.2868945205305864,0.099,0.147,1.4679689694732711e-10,MIR222HG,9.83328312461679,Sig Down,NA
5.902738898742832e-15,0.6512848198167784,0.397,0.36,1.486545764259395e-10,TIMP3,9.82782171622064,Sig Up,NA
6.1413578018632876e-15,-0.20178321631701124,0.304,0.381,1.5466395488212503e-10,EPS8,9.810610888755647,Not sig,NA
6.969707875935579e-15,-0.19951760249744288,0.171,0.235,1.7552512314756162e-10,KIF1B,9.755660713594311,Not sig,NA
6.9975265120115075e-15,-0.31536848781182175,0.091,0.137,1.762257076784978e-10,LSS,9.753930736738244,Sig Down,NA
7.34859514024663e-15,-0.32132501197236973,0.076,0.119,1.8506702001197114e-10,CD47,9.732670968081026,Sig Down,NA
7.386310409580658e-15,-0.233976574916811,0.232,0.302,1.860168413548793e-10,IL6ST,9.730447734403674,Not sig,NA
8.153587563159173e-15,-0.19526831804692613,0.217,0.287,2.053399491906006e-10,AFF4,9.687526549775932,Not sig,NA
8.222004979252048e-15,-0.295806679342848,0.262,0.331,2.0706297339748359e-10,TMTC1,9.683897553867572,Sig Down,NA
8.236903474664601e-15,-0.38225455819077014,0.084,0.129,2.0743817710595332e-10,DNAJC5,9.683111312649734,Sig Down,NA
8.74855354281489e-15,-0.4056653048526051,0.072,0.114,2.2032357242225018e-10,SBNO2,9.656939035190401,Sig Down,NA
9.597070088521391e-15,-0.601343411708464,0.075,0.115,2.416926131093227e-10,PDE3A,9.61673662280246,Sig Down,NA
1.0008500358163988e-14,-0.4131545802426695,0.15,0.205,2.520540730200019e-10,ANGPT2,9.598506280269792,Sig Down,NA
1.0056110430036404e-14,-0.45945024520065725,0.096,0.142,2.532530850700368e-10,ITGA2,9.596445255461335,Sig Down,NA
1.1296395553202577e-14,-0.33996840956237756,0.106,0.154,2.844884256118537e-10,PRKAR1A,9.545935398144682,Sig Down,NA
1.1946921173488134e-14,-0.16858462072302105,0.34,0.426,3.008712628331252e-10,WSB1,9.52161929112001,Not sig,NA
1.4700582896312425e-14,0.8384220615860644,0.103,0.068,3.702194796607321e-10,AC011997.1,9.43154073391754,Sig Up,NA
1.5120938126462753e-14,-0.26907611061689024,0.109,0.159,3.80805705776838e-10,FAM219A,9.419296553016473,Sig Down,NA
1.6546526268977588e-14,-0.4279916700704249,0.074,0.116,4.1670771755793156e-10,DLL4,9.380168456197904,Sig Down,NA
1.679639863670284e-14,-0.3035910265479418,0.149,0.206,4.230005032667243e-10,AHI1,9.373659115920864,Sig Down,NA
1.7182727287423607e-14,-0.18568609621479704,0.154,0.213,4.3272980400647613e-10,IL18R1,9.36378319199842,Not sig,NA
1.8508014139084864e-14,-0.1635829085655569,0.253,0.328,4.661058280787132e-10,MKL1,9.331515466716414,Not sig,NA
2.3426549206950846e-14,-0.789042322703627,0.063,0.1,5.899742152278501e-10,CPM,9.229166968745934,Sig Down,NA
2.4369336735190824e-14,0.7415178950110768,0.143,0.103,6.137173763390457e-10,PRTG,9.21203158024983,Sig Up,NA
2.7222984720340613e-14,-0.3643358879995332,0.083,0.126,6.85583647197058e-10,TIMM23B,9.163939549919135,Sig Down,NA
3.7496771822775707e-14,-0.13120393566098043,0.393,0.487,9.443187015847834e-10,SIK3,9.02488140932406,Not sig,NA
3.795463632410726e-14,-0.30184047074158293,0.297,0.366,9.558495611863173e-10,BTBD9,9.019610454886886,Sig Down,NA
3.986624616796637e-14,-0.19621693541782204,0.576,0.649,1.003991543494065e-9,NFIB,8.99826994518834,Not sig,NA
4.183838220516181e-14,-0.30053328373052424,0.08,0.123,1.053657817454795e-9,GJA1,8.97730040631446,Sig Down,NA
5.4811607871799503e-14,-0.22093121790448178,0.385,0.464,1.3803755326433986e-9,ADD1,8.860002747245034,Not sig,NA
7.05715165189114e-14,-0.181576063219403,0.194,0.259,1.7772730720122647e-9,DNM2,8.750245839185771,Not sig,NA
7.690004927454147e-14,-0.26835065863616736,0.114,0.164,1.9366508409300525e-9,NUP98,8.712948671240605,Sig Down,NA
8.298996255122622e-14,-0.15649504157022887,0.231,0.301,2.090019216890081e-9,VAPA,8.679849720706672,Not sig,NA
8.639205002466114e-14,-0.1655584541132349,0.335,0.416,2.175697387821066e-9,NEDD9,8.662401509680969,Not sig,NA
9.770317348625291e-14,-0.16437942166713837,0.212,0.28,2.460556721077793e-9,TAGLN2,8.608966619100878,Not sig,NA
1.0432810589123965e-13,0.6296084826352528,0.2,0.157,2.6273990187649797e-9,FGD6,8.580473966616905,Sig Up,NA
1.1137862051280991e-13,0.5042193614366954,0.219,0.174,2.804959178994605e-9,MAML3,8.552073454716693,Sig Up,NA
1.181013260940226e-13,-0.16856647820155546,0.422,0.511,2.974263796351865e-9,ANKRD12,8.526620515229249,Not sig,NA
1.4670491884833113e-13,-0.2608022176414527,0.159,0.215,3.694616676276371e-9,MT-CO1,8.432430613835795,Sig Down,NA
1.5350303683320853e-13,-0.2456460032974357,0.154,0.21,3.865820479607523e-9,STK24,8.412758317541318,Not sig,NA
1.6044039726075954e-13,-0.31508791458112106,0.133,0.185,4.0405309646149685e-9,ZCCHC2,8.393561560668974,Sig Down,NA
1.6729302627856232e-13,-0.36640398318278133,0.08,0.121,4.213107573799314e-9,ABCG1,8.3753974518366,Sig Down,NA
1.6780974985101618e-13,-0.3896318336978287,0.071,0.11,4.226120740247992e-9,GOLM1,8.374058099315324,Sig Down,NA
1.8501687083022718e-13,-0.32742695633849933,0.097,0.142,4.659464874988441e-9,MAP2K1,8.3316639578131,Sig Down,NA
1.8892012174299266e-13,-0.2874377501337204,0.126,0.177,4.757764345975527e-9,TBC1D8,8.322597072550323,Sig Down,NA
2.0858470060019e-13,-0.302735589159398,0.079,0.12,5.252997099915185e-9,SLC25A36,8.279592838962964,Sig Down,NA
2.455628023311561e-13,-0.2758765287828187,0.078,0.118,6.184253613907835e-9,FLNA,8.208712708471651,Sig Down,NA
2.8911184200885794e-13,-0.2497404198594677,0.18,0.238,7.280992629151078e-9,RNF217,8.137809408602383,Not sig,NA
3.058463884497091e-13,0.5964779376177494,0.218,0.176,7.702435446717473e-9,PPM1H,8.113371932771082,Sig Up,NA
3.076109968702264e-13,0.7538521809896133,0.348,0.323,7.746875345179781e-9,GPCPD1,8.110873432201098,Sig Up,NA
3.250437001192164e-13,-0.2550563841991325,0.111,0.159,8.185900543802346e-9,COL18A1,8.086933536204336,Sig Down,NA
3.3127677256931506e-13,0.5511629527407063,0.248,0.207,8.342874240385631e-9,SRGAP2C,8.07868430287647,Sig Up,NA
3.4441540170695993e-13,-0.13214770726746217,0.953,0.97,8.673757476588078e-9,ST6GALNAC3,8.061792725149214,Not sig,NA
3.453517783510817e-13,-0.14645921460031563,0.277,0.353,8.697339185993641e-9,CELF2,8.060613592621333,Not sig,NA
3.8573465512286526e-13,0.2912173399506308,0.539,0.514,9.714341554614239e-9,FOXN3,8.01258663087364,Sig Up,NA
3.8895945145418985e-13,-0.2784477191544003,0.071,0.11,9.795554825422317e-9,SMIM3,8.008970960302708,Sig Down,NA
4.0679322841208556e-13,-0.1118622218237646,0.293,0.374,1.0244680664329963e-8,APOLD1,7.989501574391222,Not sig,NA
4.3280124593642233e-13,-0.1837236499698207,0.257,0.327,1.089966657766286e-8,BTNL9,7.962586786985607,Not sig,NA
4.547807444368621e-13,0.7360659779386836,0.123,0.087,1.1453198267897935e-8,FRMD4B,7.94107322108425,Sig Up,NA
4.637652923169524e-13,-0.3106107135807199,0.07,0.109,1.1679465121710129e-8,WBP1L,7.932577045923006,Sig Down,NA
4.842021466539679e-13,-0.32074865497596083,0.134,0.183,1.2194146861333529e-8,LRRC1,7.913848578816913,Sig Down,NA
4.85888738980233e-13,-0.21223429134823202,0.208,0.271,1.2236622002478188e-8,TMEM87B,7.912338455406032,Not sig,NA
5.085936666262848e-13,-0.14334191018077114,0.231,0.299,1.2808422900316357e-8,DICER1,7.892504341594556,Not sig,NA
5.087628526067681e-13,-0.3075432985325224,0.162,0.214,1.2812683680048847e-8,ZNF385D,7.89235989559745,Sig Down,NA
5.423322171892285e-13,-0.27653192379316616,0.134,0.185,1.365809455769353e-8,SCMH1,7.864609884900498,Sig Down,NA
5.521948966750771e-13,-0.17928625730856562,0.282,0.355,1.3906476277865143e-8,RTN4,7.856782900701405,Not sig,NA
5.610457978869475e-13,-0.2482245480041576,0.148,0.201,1.4129377373984885e-8,TTBK2,7.849876975377228,Not sig,NA
5.780556087796912e-13,-0.21066186941068732,0.165,0.222,1.4557752451507744e-8,CHD1,7.8369056698892745,Not sig,NA
6.084902797765903e-13,-0.16113857423288858,0.599,0.682,1.532421920589365e-8,ADIPOR2,7.814621644262106,Not sig,NA
6.352042417978475e-13,-0.3291183217255357,0.114,0.16,1.599698362543699e-8,CCDC149,7.795961899739447,Sig Down,NA
7.073348226021681e-13,-0.13006014633516094,0.266,0.342,1.7813520172413003e-8,HNRNPA2B1,7.7492502500825005,Not sig,NA
7.12217889870521e-13,-0.14130154828038588,0.42,0.511,1.79364953384992e-8,STK3,7.74626241100432,Not sig,NA
7.397066325264789e-13,-0.3514613069272111,0.096,0.139,1.8628771833546843e-8,TPD52L1,7.729815776531333,Sig Down,NA
7.437653020121489e-13,-0.19052139728124495,0.187,0.247,1.873098536587396e-8,GOLPH3,7.727439375443481,Not sig,NA
7.854625155643996e-13,0.6672732333901727,0.181,0.142,1.9781087991973842e-8,RASSF3,7.703749825179892,Sig Up,NA
7.982816869444217e-13,-0.16194901280735308,0.231,0.298,2.0103926004008314e-8,JAK1,7.696719122908815,Not sig,NA
8.606526556383891e-13,-0.2056104469621054,0.168,0.223,2.167467647959719e-8,LIMS1,7.664047376166599,Not sig,NA
8.856450098148248e-13,-0.1876792574095103,0.16,0.216,2.2304083927176547e-8,STAT5B,7.651615609389066,Not sig,NA
9.227236921253085e-13,-0.25896673160396133,0.142,0.193,2.323787346248377e-8,SCFD2,7.63380361749363,Sig Down,NA
9.489046507687014e-13,-0.15770506611213087,0.378,0.463,2.3897214724958977e-8,SRPK2,7.621652714117582,Not sig,NA
1.0144517540519537e-12,-0.28641086177681707,0.084,0.124,2.5547952974044402e-8,LARP1,7.592643891916425,Sig Down,NA
1.0648015362685946e-12,0.7562781038229909,0.134,0.098,2.6815961889388285e-8,LMCD1,7.571606620264918,Sig Up,NA
1.0667040463657489e-12,-0.19411335941450136,0.147,0.201,2.686387470367502e-8,PIP5K1C,7.570831346802715,Not sig,NA
1.1223241967682363e-12,0.16127274351355325,0.821,0.832,2.8264612571411262e-08,ZBTB20,7.548756963122716,Not sig,NA
1.2374855850650732e-12,-0.1416124563388106,0.265,0.337,3.1164836974278805e-8,TPM1,7.506335140594742,Not sig,NA
1.2683951136285178e-12,-0.15638979135848796,0.39,0.474,3.1943262541620595e-8,KMT2E,7.4956207290409225,Not sig,NA
1.274847703446183e-12,-0.22587190211318486,0.122,0.17,3.210576456358867e-8,NEMF,7.493416983377328,Not sig,NA
1.2957903882463083e-12,-0.20074030524718112,0.136,0.188,3.2633185137595024e-8,NSRP1,7.486340535155673,Not sig,NA
1.4031451820426339e-12,-0.21942949315397475,0.135,0.186,3.5336808264561694e-8,PTTG1IP,7.451772679947749,Not sig,NA
1.440279262501486e-12,-0.1583936821075298,0.569,0.649,3.627199294683742e-8,AC016831.7,7.440428581666993,Not sig,NA
1.619171713440678e-12,-0.5214799288597551,0.065,0.1,4.077722043129004e-8,HES4,7.389582381120273,Sig Down,NA
1.6284279292137366e-12,-0.15846065700706347,0.198,0.26,4.101032896931874e-8,MARCH6,7.387106746952778,Not sig,NA
1.959505636258821e-12,-0.3263437916913853,0.069,0.106,4.934818994354215e-8,IPO7,7.306728772314469,Sig Down,NA
2.049730964743948e-12,-0.13882934606799768,0.19,0.252,5.162042461611159e-8,RAB1A,7.287178427384639,Not sig,NA
2.075053665814153e-12,-0.3184206500069966,0.109,0.153,5.225815151986363e-8,PLEKHA7,7.28184595624132,Sig Down,NA
2.0936662598551802e-12,-0.1259793244851044,0.183,0.244,5.272689108819286e-8,SND1,7.277967835022545,Not sig,NA
2.1113925368567005e-12,-0.21938368647478657,0.13,0.18,5.317330964819915e-8,RBM25,7.274306307201029,Not sig,NA
2.2802373630142738e-12,0.794122864123743,0.174,0.135,5.742549775015147e-8,SESN3,7.240895231758408,Sig Up,NA
2.6327676832471197e-12,0.5675206245834161,0.251,0.211,6.630362133489546e-8,LIFR,7.1784627508891585,Sig Up,NA
2.7363520711082474e-12,-0.4063405258033987,0.073,0.11,6.89122905587901e-8,FTH1,7.161703314437216,Sig Down,NA
2.9344615239071515e-12,-0.30743590918375063,0.1,0.143,7.39014790180777e-8,ABHD2,7.131346869819489,Sig Down,NA
3.006080676084242e-12,-0.3665946673601368,0.074,0.111,7.570513574650554e-8,GCC2,7.120874657478641,Sig Down,NA
3.21653123829272e-12,0.2018253021622871,0.682,0.69,8.100512270516386e-8,MBNL1,7.091487515785086,Not sig,NA
3.3682008506880663e-12,-0.1406566955703643,0.213,0.277,8.482477022372826e-8,ATF6,7.071477308113167,Not sig,NA
3.3822093864789817e-12,0.6882099033167598,0.13,0.095,8.517756118908668e-8,LRRK2,7.069674798839459,Sig Up,NA
3.607176328431838e-12,0.4620267837006484,0.276,0.235,9.084312865522741e-8,NRP1,7.041707917007313,Sig Up,NA
3.808698108102769e-12,-0.2972217980597931,0.094,0.136,9.591825315446013e-8,ALPK1,7.018098739128211,Sig Down,NA
4.336793343210398e-12,-0.14643081129779878,0.188,0.247,1.0921780355541067e-7,NT5C2,6.961706561671165,Not sig,NA
4.5311059366128635e-12,-0.17836919769282922,0.318,0.389,1.1411137190765836e-7,IGFBP7,6.942671073279878,Not sig,NA
4.698779662135006e-12,0.5286613411172398,0.304,0.268,1.1833406701120799e-7,HERPUD1,6.926890209005993,Sig Up,NA
4.706587236383919e-12,-0.30385246321524484,0.127,0.174,1.1853069296109262e-7,FENDRR,6.926169176593585,Sig Down,NA
4.727170374496622e-12,-0.2584289703804527,0.107,0.151,1.1904905871132292e-7,FAM126A,6.924274034094418,Sig Down,NA
4.7987013962416634e-12,-0.17330143803730502,0.222,0.285,1.2085049596295006e-7,PDS5A,6.9177515629350195,Not sig,NA
4.805803118085872e-12,-0.20902969026047746,0.128,0.175,1.210293457258746e-7,FAM222B,6.917109314463703,Not sig,NA
4.87359374754833e-12,-0.16221742575438003,0.152,0.206,1.2273658493825715e-7,RB1CC1,6.911025964831652,Not sig,NA
5.007432666432763e-12,-0.2997076356494474,0.093,0.134,1.261071842714427e-7,ATR,6.899260171154379,Sig Down,NA
5.893767648231592e-12,-0.13688721853078856,0.132,0.181,1.4842864445306441e-7,VEGFC,6.8284822787911645,Not sig,NA
6.241194157932024e-12,0.5777962615380736,0.273,0.237,1.571782336733601e-7,LAMA3,6.803607596019606,Sig Up,NA
6.318346147314014e-12,-0.2349817632110075,0.158,0.21,1.5912122937395615e-7,PDCD4,6.798271874502381,Not sig,NA
6.812951641992546e-12,0.6099969045550241,0.176,0.139,1.7157737415194028e-7,SLC9A3R2,6.7655399829723155,Sig Up,NA
6.8133845504050366e-12,-0.3275491266129138,0.078,0.116,1.7158827651740045e-7,NDUFV2,6.765512387919306,Sig Down,NA
7.0885210017886875e-12,-0.14071519668732257,0.263,0.329,1.785173129090463e-7,SLC16A1,6.7483196589005,Not sig,NA
7.589744081487178e-12,-0.24878846198276836,0.08,0.119,1.911401149481731e-7,ARID5A,6.718648157150417,Not sig,NA
7.622868467274002e-12,-0.21721205479379274,0.122,0.168,1.9197431947982846e-7,MBD2,6.716756863245071,Not sig,NA
7.715754457042673e-12,-0.31425294607665,0.072,0.108,1.9431356024616267e-7,PNPLA8,6.7114968909360435,Sig Down,NA
8.009172473113209e-12,-0.20235162921982752,0.194,0.251,2.0170299956288305e-7,GNB4,6.695287643265064,Not sig,NA
8.129695727389649e-12,-0.18309575156729802,0.108,0.153,2.0473825719858091e-7,IL13RA1,6.688800997895293,Not sig,NA
8.374065976529945e-12,-0.2135194202208473,0.136,0.185,2.1089247755293013e-7,NPEPPS,6.675938911088004,Not sig,NA
8.922604020297914e-12,-0.14863726300693747,0.436,0.521,2.2470685964718266e-7,SPIDR,6.648383669630506,Not sig,NA
9.01376374666391e-12,-0.16621628066408523,0.303,0.377,2.2700262619598392e-7,AP3S1,6.643969118419975,Not sig,NA
9.457144205287322e-12,0.42151144235699967,0.429,0.411,2.3816871966595592e-7,USP6NL,6.623115277985592,Sig Up,NA
1.011066378023185e-11,-0.1955441799126525,0.15,0.202,2.546269566413589e-7,OSBPL9,6.594095620710364,Not sig,NA
1.0885840046781114e-11,-0.1277754594840934,0.232,0.3,2.741489957381356e-7,PNISR,6.562013340683965,Not sig,NA
1.1026753378616634e-11,-0.15140022906846595,0.258,0.325,2.776977570870813e-7,CYTH1,6.5564276279509945,Not sig,NA
1.11213561989021e-11,-0.2687636841773935,0.103,0.146,2.800802345131505e-7,PKM,6.552717538605047,Sig Down,NA
1.1262090858838604e-11,-0.10540094548815393,0.229,0.295,2.836244961889914e-7,MARCH7,6.54725626255711,Not sig,NA
1.1982868708355717e-11,-0.33353578675082307,0.106,0.148,3.017765655512304e-7,WRN,6.520314488374019,Sig Down,NA
1.2096766183537797e-11,-0.10151675960156958,0.26,0.332,3.046449595662159e-7,HNRNPU,6.516206003000493,Not sig,NA
1.3491964689008823e-11,-0.28075613219998125,0.065,0.1,3.397816387279982e-7,TOX2,6.468800093432141,Sig Down,NA
1.3969820819791116e-11,-0.12636531780041027,0.225,0.288,3.518159675256195e-7,CRIP2,6.453684453534337,Not sig,NA
1.6414400461155248e-11,-0.3175713695730242,0.105,0.147,4.133802612137338e-7,ARSB,6.383650264647815,Sig Down,NA
1.7415765053148207e-11,0.3980022220834063,0.413,0.389,4.3859862709848443e-7,ADGRF5,6.357932732085048,Sig Up,NA
1.9376486097190803e-11,-0.3055830407673774,0.088,0.126,4.879774258716532e-7,GOLGB1,6.311600268255766,Sig Down,NA
2.1339612417654832e-11,0.8687210169160824,0.114,0.083,5.374167991262193e-7,MBP,6.269688762067742,Sig Up,NA
2.187088002912715e-11,-0.14806520031713766,0.294,0.366,5.507962426535381e-7,ZBTB38,6.2590090310156965,Not sig,NA
2.194773575784047e-11,-0.16324821563093406,0.225,0.286,5.527317773254544e-7,MAP3K20,6.257485566501316,Not sig,NA
2.245827345461966e-11,-0.2867587646861997,0.094,0.133,5.655891586811415e-7,LUC7L,6.247498923769292,Sig Down,NA
2.363376012028616e-11,-0.14111308084835494,0.462,0.549,5.951926148692867e-7,RERE,6.2253424661406305,Not sig,NA
2.3746273996414518e-11,-0.20172032043993227,0.216,0.273,5.980261643257032e-7,ANO6,6.2232798147177775,Not sig,NA
2.473788548755288e-11,0.24066564464997864,0.546,0.517,6.229989081185317e-7,SAMD12,6.20551271449414,Not sig,NA
2.520536720055548e-11,-0.18243330501714988,0.098,0.14,6.347719675787893e-7,PRSS23,6.197382260547719,Not sig,NA
2.596588071394642e-11,-0.2579718621775181,0.094,0.135,6.539247399000266e-7,NOL10,6.184472231686302,Sig Down,NA
2.6080851633621854e-11,-0.19761222590520922,0.117,0.161,6.568201675411327e-7,RAMP3,6.182553520752562,Not sig,NA
2.6627170279864903e-11,0.34114222129027194,0.458,0.436,6.705786563281178e-7,TBC1D5,6.173550273732188,Sig Up,NA
2.6643362650875308e-11,-0.24553537772368694,0.115,0.159,6.709864449996438e-7,TNFRSF10D,6.173286253186177,Not sig,NA
2.697611734124629e-11,-0.19638638000483477,0.13,0.176,6.793665391219466e-7,FAM135A,6.167895847269585,Not sig,NA
3.193612235810635e-11,-0.2481784296753619,0.098,0.138,8.042793054665504e-7,SOCS5,6.094593105781243,Not sig,NA
3.206728860147893e-11,-0.16196880408807623,0.154,0.204,8.075825961396454e-7,TNPO1,6.092813048918541,Not sig,NA
3.251110645039527e-11,-0.1820861546969783,0.159,0.211,8.187597048467545e-7,MPRIP,6.086843539230494,Not sig,NA
3.392465447041125e-11,-0.13561340347773232,0.481,0.564,8.54358498182837e-7,SBF2,6.06835985634542,Not sig,NA
4.248719122431148e-11,-0.27107300895115094,0.076,0.112,1.0699974237930602e-6,RAB5A,5.970617267953861,Sig Down,NA
4.385149660800615e-11,0.6386376199962102,0.146,0.112,1.104356090576027e-6,KAT2B,5.956890869326903,Sig Up,NA
5.269120261521711e-11,-0.25476645799586334,0.095,0.133,1.3269752466616278e-6,PLA1A,5.877137178370328,Sig Down,NA
6.120861753260976e-11,-0.13289427808944354,0.202,0.262,1.541477823941244e-6,XRN1,5.812062718754031,Not sig,NA
6.498220318574424e-11,-0.2757959206736763,0.078,0.114,1.6365118050297828e-6,LARP1B,5.786080857547665,Sig Down,NA
6.590077079884477e-11,-0.1893364768998448,0.093,0.133,1.6596450117981067e-6,STARD4,5.779984795034649,Not sig,NA
6.654643583802248e-11,-0.1286367791695926,0.341,0.417,1.675905440144758e-6,UVRAG,5.775750489274882,Not sig,NA
6.910581743655405e-11,-0.17541899431341257,0.261,0.325,1.740360906322177e-6,RASA2,5.759360680814418,Not sig,NA
7.092052574184662e-11,-0.153228824655538,0.224,0.285,1.7860625202826652e-6,EXOC2,5.7481033429062975,Not sig,NA
7.40352144056452e-11,-0.14993586008384296,0.281,0.348,1.8645028395917687e-6,EGFR,5.729436950882402,Not sig,NA
7.635172951766398e-11,0.34969744782210377,0.463,0.434,1.9228419561728495e-6,SLC7A1,5.7160564101883065,Sig Up,NA
9.493054131562962e-11,-0.2825057074681744,0.071,0.105,2.3907307524928165e-6,CLINT1,5.621469331994201,Sig Down,NA
1.052874435100938e-10,-0.40506846167791655,0.112,0.152,2.651558977358202e-6,COL4A1,5.576498708633532,Sig Down,NA
1.1137607154003257e-10,-0.15984293816775896,0.133,0.179,2.8048949856641805e-6,PPP4R2,5.552083393944474,Not sig,NA
1.1322365701342476e-10,-0.24482945748853868,0.106,0.147,2.851424578226089e-6,CYSTM1,5.544938111258753,Not sig,NA
1.1525196889832599e-10,-0.1484728672982667,0.162,0.213,2.902505584735442e-6,SLC19A3,5.537226935958914,Not sig,NA
1.1688953613612238e-10,0.29868674636379566,0.545,0.544,2.943746078052106e-6,FRYL,5.531099654136443,Sig Up,NA
1.2191473511046208e-10,-0.18514066149473618,0.145,0.192,3.070300689021877e-6,PIK3C3,5.512819089933813,Not sig,NA
1.3021784433781778e-10,-0.2196510098879329,0.132,0.177,3.279406191803603e-6,DHX15,5.484204787681519,Not sig,NA
1.3024187719480067e-10,-0.20174820124667936,0.158,0.207,3.28001143527386e-6,MGLL,5.484124642182321,Not sig,NA
1.3059894860978636e-10,-0.19503159253365288,0.133,0.178,3.28900392178886e-6,HOOK3,5.48293560866686,Not sig,NA
1.348093328452723e-10,-0.162798250724989,0.194,0.248,3.3950382383753374e-6,SIPA1L2,5.469155329889552,Not sig,NA
1.4052102649896404e-10,-0.13091632363182304,0.13,0.175,3.5388815313499103e-6,ARHGAP21,5.451133975690314,Not sig,NA
1.4347995625892866e-10,-0.28466052964754446,0.085,0.122,3.6133992184248594e-6,PSMF1,5.442084053715406,Sig Down,NA
1.55047031221865e-10,-0.22367195858053923,0.115,0.157,3.904704434291449e-6,IRF2,5.4084118343639735,Not sig,NA
1.631219612584374e-10,-0.17681040219045285,0.206,0.262,4.108063472332488e-6,ATAD2B,5.3863628548822575,Not sig,NA
1.652515944305505e-10,-0.1875838618327073,0.122,0.166,4.161696154138984e-6,WTAP,5.3807296308514045,Not sig,NA
1.7057761006009392e-10,-0.15942356700909832,0.141,0.188,4.2958265317534055e-6,CCNL1,5.366953264045774,Not sig,NA
1.8576712352609943e-10,-0.19060708905749202,0.242,0.301,4.678359238881288e-6,RNF19A,5.329906432917275,Not sig,NA
1.8607769986018774e-10,-0.22001319552195514,0.076,0.111,4.686180793278968e-6,FSTL1,5.329180960295438,Not sig,NA
1.8936639873064963e-10,-0.14455661276676254,0.109,0.151,4.7690033856326806e-6,HNRNPDL,5.3215723692497,Not sig,NA
1.9552435058396915e-10,-0.16459772593672167,0.116,0.159,4.924085245106679e-6,KLF9,5.307674437227524,Not sig,NA
1.9605491400646487e-10,0.7747978690882122,0.112,0.083,4.937446954338812e-6,RNASE1,5.306497557200763,Sig Up,NA
2.072660936205884e-10,-0.22100804053810674,0.112,0.154,5.219789301740898e-6,ITGA5,5.282347027062501,Not sig,NA
2.2680916024417984e-10,-0.22985769048885596,0.076,0.111,5.711961891589425e-6,SERBP1,5.243214698698205,Not sig,NA
2.330793022878209e-10,0.6315255005204244,0.189,0.154,5.869869148816482e-6,PGM5,5.231371579941543,Sig Up,NA
2.6233757235139844e-10,-0.1522290913218458,0.231,0.292,6.606709422097618e-6,PCAT19,5.18001479401728,Not sig,NA
2.6434022450907974e-10,-0.12387788187737292,0.193,0.248,6.6571442140366645e-6,TPT1,5.176712034804084,Not sig,NA
2.6487524328842345e-10,-0.16041436142775378,0.165,0.214,6.670618126975656e-6,TUT4,5.175833920701673,Not sig,NA
2.687213001817264e-10,-0.13094363904484108,0.275,0.338,6.767477223776597e-6,PIK3C2A,5.169573197190967,Not sig,NA
2.7364840680448387e-10,-0.2251508952618185,0.088,0.124,6.8915614769641215e-6,PARP4,5.161682365320618,Not sig,NA
2.8619949226879156e-10,-0.24667958408167998,0.085,0.121,7.2076480132972465e-6,TFG,5.142206430355196,Not sig,NA
2.90806599244368e-10,-0.3243484909177262,0.069,0.102,7.323673395370164e-6,GAN,5.135271031622013,Sig Down,NA
2.9134289238718095e-10,-0.16300506564254758,0.124,0.167,7.337179401878765e-6,CAPZB,5.134470861831121,Not sig,NA
3.1612573066390444e-10,-0.32604298842020596,0.094,0.131,7.96131040103977e-6,PHACTR2,5.099015443179133,Sig Down,NA
3.257799745649577e-10,-0.2599887543805651,0.115,0.156,8.204442879443896e-6,RAB21,5.085950904263297,Sig Down,NA
3.290538513483419e-10,-0.2077357331965859,0.132,0.176,8.286892192356642e-6,SEPT2,5.081608311037942,Not sig,NA
3.452684354883591e-10,-0.3203025009717065,0.074,0.107,8.695240279338836e-6,PREP,5.060718412448025,Sig Down,NA
3.4811368183725526e-10,0.36033911289971865,0.425,0.399,8.766894963389436e-6,EXOC6,5.057154196718576,Sig Up,NA
3.775049384783214e-10,-0.10879614392051229,0.185,0.239,9.507084370638047e-6,SMARCC1,5.0219526519257425,Not sig,NA
4.5187924292389065e-10,-0.16526737614735665,0.102,0.142,1.1380126853795263e-5,PRKAR2A,4.943852896851648,Not sig,NA
4.793319566814246e-10,-0.3236828056278675,0.084,0.119,1.2071495997064996e-5,SH3RF1,4.918238905295329,Sig Down,NA
4.864669724493239e-10,0.41788061047335545,0.309,0.277,1.2251184234163773e-5,ZFP36L1,4.911821929135804,Sig Up,NA
5.044057976110429e-10,-0.19295094666400794,0.088,0.125,1.2702955607036503e-5,EEFSEC,4.89609521963566,Not sig,NA
5.509974782864559e-10,-0.20018100450117388,0.097,0.135,1.3876320493166105e-5,NCOR2,4.857725678071392,Not sig,NA
5.798633790132963e-10,-0.22352983973782614,0.083,0.118,1.4603279337070855e-5,MTR,4.835549607361313,Not sig,NA
6.012876727002153e-10,-0.22105651381275737,0.091,0.128,1.5142828749282221e-5,SLC39A11,4.819792989072989,Not sig,NA
6.371161658325101e-10,-0.29253399155524723,0.109,0.147,1.6045133520325933e-5,ADGRG6,4.79465666455168,Sig Down,NA
7.470054276250858e-10,-0.10794639666795769,0.297,0.366,1.881258468931016e-5,NEK7,4.725551531978105,Not sig,NA
7.624967839031469e-10,-0.14252731991486867,0.172,0.222,1.920271900581685e-5,LRRFIP2,4.716637273087206,Not sig,NA
7.766148772361833e-10,-0.10461082034532132,0.147,0.195,1.955826906831604e-5,PRDM2,4.708669583461639,Not sig,NA
8.103923935036893e-10,-0.15740179382585673,0.182,0.233,2.040892203799691e-5,G3BP1,4.690179933319839,Not sig,NA
8.218769598004394e-10,0.38935987566674823,0.375,0.349,2.0698149355614265e-5,MAP4K4,4.684068483556347,Sig Up,NA
8.289507769959152e-10,-0.1437821637897443,0.214,0.27,2.087629636786513e-5,PIP4K2A,4.680346546362715,Not sig,NA
8.426909919768269e-10,-0.2201322069805528,0.122,0.163,2.122232994194441e-5,MIA2,4.6732069378059435,Not sig,NA
8.498119688567887e-10,-0.14733378966869265,0.116,0.158,2.1401664623689367e-5,MYEF2,4.669552445867307,Not sig,NA
9.537498301378596e-10,-0.27529749271357606,0.072,0.104,2.4019235722191856e-5,RNPC3,4.619440815705612,Sig Down,NA
1.0005675319650878e-9,-0.12447008291486239,0.216,0.271,2.519829272500877e-5,PAFAH1B1,4.5986288832353415,Not sig,NA
1.0339499358840877e-9,-0.12241571012808206,0.195,0.249,2.6038995185304865e-5,TMCC3,4.584375778702046,Not sig,NA
1.1026580671457092e-9,-0.22240687317021868,0.072,0.104,2.776934076299754e-5,RAB11FIP3,4.556434430166587,Not sig,NA
1.1446178159345995e-9,-0.18658505234834374,0.102,0.14,2.8826055076496953e-5,RCL1,4.540214787918264,Not sig,NA
1.2014147183063597e-9,-0.11456552729780389,0.159,0.207,3.0256428265827362e-5,PRKD3,4.519182341216867,Not sig,NA
1.215226786368206e-9,-0.13292810721061427,0.125,0.168,3.06042713878969e-5,PABPC1,4.514217955520538,Not sig,NA
1.2985062926876216e-9,-0.2248507185744078,0.118,0.157,3.270158247504506e-5,RNF216,4.4854312307173645,Not sig,NA
1.3358912437512624e-9,-0.2231044903794065,0.139,0.182,3.364308508263179e-5,TET2,4.473104186092625,Not sig,NA
1.3437986146700136e-09,-0.2749642876926675,0.101,0.138,3.3842224311849625e-5,EVL,4.470541100283848,Sig Down,NA
1.3937522961023659e-9,-0.10800055366240661,0.09,0.127,3.510025782504198e-5,GSPT1,4.454689693460621,Not sig,NA
1.4289015798306026e-9,0.4391646500535542,0.334,0.307,3.5985457386453895e-5,FUT8,4.443872972922281,Sig Up,NA
1.4372846059603461e-9,0.45256317792824574,0.266,0.232,3.619657551650535e-5,LDLRAD4,4.441332515230231,Sig Up,NA
1.499842236595603e-9,-0.12689248618022408,0.17,0.219,3.777202688642367e-5,XRCC5,4.422829709851563,Not sig,NA
1.5571966117244556e-9,-0.1158573323819031,0.168,0.217,3.921643946966869e-5,LARP4B,4.4065318392472745,Not sig,NA
1.6755331506875052e-9,-0.2247762236325678,0.115,0.154,4.219662686691413e-5,FBXL5,4.374722264479952,Not sig,NA
1.6955250664639152e-9,-0.1327512962237427,0.315,0.379,4.270010327382724e-5,PHACTR1,4.369571074595607,Not sig,NA
1.7044571759142627e-9,-0.2715427597114972,0.213,0.262,4.292504951822479e-5,ZNF366,4.367289195165779,Sig Down,NA
1.7579744839524925e-9,-0.19313095819176163,0.126,0.167,4.427282940385957e-5,JAG1,4.35386272208672,Not sig,NA
1.7775322824309982e-9,-0.1411833620334788,0.176,0.225,4.476537300074226e-5,STAG2,4.3490577924624985,Not sig,NA
1.7924242441625726e-9,-0.12931982661109775,0.231,0.288,4.5140412164990226e-5,ZNF292,4.34543447981378,Not sig,NA
1.8400723127126675e-9,-0.36800115352736684,0.071,0.103,4.6340381123355816e-5,NFX1,4.334040398705524,Sig Down,NA
1.88596987801606e-9,-0.1763951050185053,0.121,0.162,4.749626540795646e-5,EIF1,4.323340537248393,Not sig,NA
1.8861071292749705e-9,-0.26218347818621723,0.082,0.115,4.749972194366086e-5,INPP5F,4.323308932663285,Sig Down,NA
2.143372783661963e-9,-0.11539916826102159,0.137,0.181,5.397870018374288e-5,CRBN,4.267777577538387,Not sig,NA
2.229018303962694e-9,-0.23534004270032205,0.135,0.177,5.613559696699649e-5,FARP1,4.250761654543189,Not sig,NA
2.2448238378687065e-9,-0.15494984661041267,0.126,0.167,5.6533643532885505e-5,HDAC4,4.247693023822832,Not sig,NA
2.282033026623702e-9,0.2803329245185253,0.496,0.485,5.747071974249132e-5,PLCB4,4.240553363885355,Sig Up,NA
2.3540337293050457e-9,-0.12771706055878496,0.169,0.218,5.928398543881827e-5,ZNF83,4.227062608066751,Not sig,NA
2.4458494172390784e-9,0.49356987718870016,0.217,0.183,6.159627172374895e-5,BST2,4.210445573855122,Sig Up,NA
2.525196310186469e-9,0.6523512722076661,0.173,0.142,6.359454387573603e-5,NET1,4.196580143255776,Sig Up,NA
2.6176981179422857e-9,-0.1276716932106594,0.182,0.232,6.592410940225852e-5,ABL1,4.180955728569755,Not sig,NA
2.710668066576907e-9,-0.25600733430232925,0.077,0.109,6.826546458867283e-5,TERF2IP,4.165798949785536,Sig Down,NA
2.743506147246495e-9,-0.16066153851727671,0.107,0.144,6.909245881225573e-5,SHROOM2,4.160569351684415,Not sig,NA
2.799733740967339e-9,0.191959998665308,0.659,0.664,7.050849453252146e-5,GNAQ,4.151758558095594,Not sig,NA
3.028695405322394e-9,-0.1429867950903766,0.163,0.21,7.627466508763917e-5,USP24,4.117619690613245,Not sig,NA
3.241592055329381e-9,-0.14032794625623124,0.198,0.25,8.163625432141514e-5,JAK2,4.088116930032143,Not sig,NA
3.2735146487165507e-9,-0.11475390888391246,0.466,0.548,8.244019291327761e-5,SYNE2,4.083861000625553,Not sig,NA
3.4997464482577684e-9,-0.13425282214545975,0.074,0.106,8.813761455292363e-5,NR2C1,4.0548387078597,Not sig,NA
3.5715823635589024e-9,-0.22507044694954284,0.074,0.106,8.994673024386739e-5,SLC38A6,4.0460146195653,Not sig,NA
3.6119951251951605e-9,-0.13110900726963592,0.144,0.189,9.096448523291492e-5,CUL1,4.041128133809758,Not sig,NA
3.6967311985359787e-9,-0.11373263164126612,0.268,0.324,9.309847850393009e-5,CDH11,4.0310574165777,Not sig,NA
3.9359432576946696e-9,-0.2774037988552822,0.072,0.103,9.912279500178256e-5,N4BP2L1,4.003826460498648,Sig Down,NA
4.040526028678368e-9,0.49848809511040604,0.27,0.24,1.0175660750623602e-4,RUNDC3B,3.992437380527043,Sig Up,NA
4.1997586058572125e-9,-0.11566989759097712,0.182,0.231,1.0576672072990804e-4,GATAD2B,3.975650960627179,Not sig,NA
4.242802056120799e-9,-0.19233416264112238,0.089,0.124,1.0685072698134621e-4,DIAPH1,3.971222518676205,Not sig,NA
4.262109692685655e-9,-0.19838949213912901,0.083,0.117,1.0733697050059554e-4,CBR4,3.9692506664874156,Not sig,NA
4.284684070464271e-9,-0.12467500088929784,0.178,0.228,1.079054836305722e-4,LHFPL2,3.9669564844182528,Not sig,NA
4.413609019159123e-9,0.3454919899355957,0.452,0.436,1.1115232953850335e-4,DLEU2,3.9540814308946746,Sig Up,NA
4.4146577779462336e-9,-0.19436135885812936,0.075,0.107,1.1117874147979794e-4,GNA14,3.9539782463927335,Not sig,NA
4.428598057786085e-9,-0.12168336387270628,0.17,0.217,1.1152981348728477e-4,SHOC2,3.9526090240750946,Not sig,NA
4.931114316664269e-9,-0.10221170631294219,0.217,0.272,1.2418518295087295e-4,ZNF207,3.905930218543897,Not sig,NA
5.756838759513199e-9,-0.2015457228780444,0.276,0.333,1.449802273195804e-4,RAPGEF5,3.8386912236377086,Not sig,NA
6.049792403133476e-9,-0.21930151071017248,0.091,0.125,1.5235797188051348e-4,DAP,3.817134817101693,Not sig,NA
6.191859727416382e-9,-0.12043226719332267,0.153,0.198,1.5593579537525416e-4,DENND3,3.8070541801957845,Not sig,NA
6.708856181507974e-9,-0.1570150095188111,0.126,0.165,1.6895583407509682e-4,PRPF4B,3.772226807364217,Not sig,NA
7.184613841696714e-9,-0.21900770338119313,0.087,0.12,1.8093731498929004e-4,TPR,3.742471858663884,Not sig,NA
7.255063364129931e-9,-0.2071129371418097,0.089,0.123,1.8271151576224818e-4,BAZ1A,3.7382340794980937,Not sig,NA
7.46180668326098e-9,-0.1536113499521019,0.132,0.173,1.8791813951124452e-4,UGGT2,3.726031295953737,Not sig,NA
7.473451829539682e-9,0.3415658056190205,0.335,0.303,1.8821141087512736e-4,PBX1,3.7253540497192184,Sig Up,NA
7.489174519364074e-9,-0.10906602463875403,0.678,0.751,1.8860737109566484e-4,JMJD1C,3.7244413383027344,Not sig,NA
7.593499658737641e-9,0.5869643921389305,0.141,0.111,1.9123469540564876e-4,RAPGEF3,3.7184333115564967,Sig Up,NA
7.705662009723297e-9,-0.17010767894248613,0.173,0.22,1.940593920528715e-4,TULP4,3.7120653335061413,Not sig,NA
8.00946240165057e-9,-0.12310609447397036,0.22,0.274,2.0171030112316798e-4,PACS1,3.695271922279484,Not sig,NA
8.257885635627802e-9,-0.21951639442375773,0.112,0.15,2.0796659184765058e-4,FAM208A,3.6820064253330482,Not sig,NA
8.291708582879211e-9,-0.17504661112477893,0.139,0.181,2.0881838895123005e-4,KHDRBS1,3.6802312591736266,Not sig,NA
8.354203273799216e-9,-0.12224689866633787,0.123,0.162,2.1039225524735946e-4,YTHDC2,3.676970251045113,Not sig,NA
8.390023630678887e-9,-0.1021212292847038,0.262,0.323,2.112943551150171e-4,MARK3,3.675112105291019,Not sig,NA
8.507518197619451e-9,0.3139585968244192,0.493,0.486,2.1425333828884827e-4,KANSL1,3.669072402594351,Sig Up,NA
8.637633612926975e-9,0.32612427153583257,0.503,0.495,2.1753016490795295e-4,DNM3,3.6624805109175775,Sig Up,NA
9.228176597626288e-9,-0.16307219913626017,0.084,0.117,2.3240239943462043e-4,CD55,3.6337593923925677,Not sig,NA
1.0190396809285999e-8,-0.10671365867313254,0.395,0.473,2.5663495324505857e-4,NFAT5,3.5906841937613185,Not sig,NA
1.0205706622915053e-8,-0.24577172610062256,0.074,0.105,2.570205155914927e-4,AASS,3.590032209538065,Not sig,NA
1.0364044359590702e-8,-0.16430025394384015,0.083,0.115,2.6100809315193226e-4,TNFAIP1,3.5833460261608283,Not sig,NA
1.055161087031829e-8,-0.2057296819903015,0.082,0.114,2.6573176815809584e-4,RAB8B,3.5755565227028936,Not sig,NA
1.0582650777366109e-8,-0.1532267405382191,0.11,0.147,2.665134771771881e-4,RNF169,3.574280824477215,Not sig,NA
1.0755718021841438e-8,-0.10746434529856544,0.088,0.122,2.708720026620548e-4,TOR1AIP2,3.567235881337219,Not sig,NA
1.3994684944247358e-8,-0.14746597797263863,0.098,0.133,3.524421456359255e-4,SUN1,3.4529121634759767,Not sig,NA
1.4362253419556402e-8,-0.13244477290907275,0.08,0.111,3.616989901181084e-4,PUM3,3.441652703808867,Not sig,NA
1.4893777934865522e-8,-0.10139537921635233,0.132,0.173,3.7508490351165333e-4,CLEC16A,3.4258704150642156,Not sig,NA
1.510937140766781e-8,-0.17381126613336964,0.075,0.105,3.8051440953070615e-4,PIP5K1A,3.4196288924776903,Not sig,NA
1.5599866853198243e-8,-0.1566211049743016,0.453,0.52,3.9286704683094454e-4,AFDN,3.40575439770811,Not sig,NA
1.562973142842899e-8,-0.13015268410478154,0.192,0.24,3.936191562935556e-4,SNX13,3.4049237738836347,Not sig,NA
1.5731998047715607e-8,0.5411877521056692,0.178,0.147,3.961946388336698e-4,BMP2K,3.4020914054777007,Sig Up,NA
1.582986201100791e-8,-0.15375836557125971,0.103,0.138,3.986592448852232e-4,MAPK1IP1L,3.3993981601895027,Not sig,NA
1.620914083711488e-8,-0.11521126816493421,0.19,0.24,4.0821100284190115e-4,SMG1,3.3891152935711406,Not sig,NA
1.6887173966149745e-8,-0.19108448033416436,0.074,0.104,0.00042528658916351516,GDI2,3.3713183119582366,Not sig,NA
1.6898329481040022e-8,-0.17145286822129102,0.076,0.107,4.2556752965051194e-4,DUSP22,3.371031515655599,Not sig,NA
1.759675193308485e-8,-0.1338068339154983,0.176,0.223,4.4315660068280883e-4,DNAJB6,3.3534427776272393,Not sig,NA
1.8115603597082052e-8,-0.10605416016404412,0.3,0.362,4.562233609889144e-4,B2M,3.340822480372784,Not sig,NA
1.847384692816869e-8,-0.141263559672822,0.114,0.15,4.6524536103900027e-4,IGF2R,3.3323179485254233,Not sig,NA
1.9276907166732743e-8,-0.21354486189268737,0.086,0.118,4.8546963008699737e-4,RPS2,3.3138379334144252,Not sig,NA
1.9630835980743433e-8,-0.1597586348777562,0.231,0.284,4.943829733390426e-4,SLC22A23,3.30593649486146,Not sig,NA
1.985171209100007e-8,-0.11795934669905006,0.202,0.251,4.999455172997458e-4,ANKRD28,3.3010773213146165,Not sig,NA
2.0353705616926617e-8,-0.14699392033603498,0.089,0.121,5.125877222566799e-4,TCERG1,3.2902318004538285,Not sig,NA
2.084786136855949e-8,-0.20978773205623447,0.083,0.114,5.250325407058022e-4,PDZD8,3.279813778858785,Not sig,NA
2.1564226674986195e-8,-0.12867686451858268,0.091,0.124,5.430734845828524e-4,BNIP2,3.265141401001275,Not sig,NA
2.241823989357063e-8,0.3836256421576818,0.322,0.295,5.645809534796828e-4,CXorf36,3.2482737771600507,Sig Up,NA
2.2819577791733706e-8,-0.1578911694462013,0.218,0.268,5.746882471070217e-4,KALRN,3.2405676844893394,Not sig,NA
2.5214095703056666e-8,0.24642162587776584,0.602,0.605,6.349917861857791e-4,SPTBN1,3.1972318924045013,Not sig,NA
2.6056447970498166e-8,-0.17032771452962214,0.101,0.134,6.562055856890258e-4,BAG3,3.182960077175212,Not sig,NA
2.629286840189523e-8,-0.11093232685749194,0.119,0.157,6.621595978333294e-4,KCMF1,3.1790373215805308,Not sig,NA
2.8045050954707084e-8,-0.1416234183674189,0.098,0.131,7.062865632433432e-4,HSPG2,3.1510190559104907,Not sig,NA
2.9005698680331134e-8,0.46726806128810905,0.275,0.247,7.304795155654593e-4,CYYR1,3.1363919582397752,Sig Up,NA
2.9364391122141366e-8,0.3145282439238275,0.433,0.413,7.395128260200081e-4,WWOX,3.13105428925139,Sig Up,NA
2.9591196985207393e-8,-0.13021811973603786,0.107,0.143,7.45224704875463e-4,AK3,3.127712756280832,Not sig,NA
2.981650501784361e-8,-0.12476076349277321,0.189,0.236,7.508988623693735e-4,INTS6,3.1244185536386584,Not sig,NA
3.033760828315836e-8,-0.19401991286678422,0.09,0.123,7.640223270030601e-4,RAB27A,3.1168939498633876,Not sig,NA
3.1713996524479255e-8,0.5538756781081675,0.144,0.115,7.986852884724855e-4,KIAA1324L,3.0976243150592806,Sig Up,NA
3.2796069406426575e-8,-0.212663045697088,0.113,0.149,8.259362119314469e-4,UBR4,3.0830534924809703,Not sig,NA
3.336719385539754e-8,-0.10596132668311986,0.29,0.35,8.403194100543316e-4,PAPSS2,3.075555604822671,Not sig,NA
3.353791428283022e-8,-0.1154034678611402,0.179,0.225,8.446188332987963e-4,FOXJ3,3.0733392389109304,Not sig,NA
3.5384459504077855e-8,0.6330996291998624,0.138,0.111,8.911222281506967e-4,LMO2,3.050062723156473,Sig Up,NA
3.563389290489309e-8,-0.1735374057601255,0.117,0.153,8.974039589168276e-4,STK38,3.0470120188992893,Not sig,NA
3.709016674707293e-8,0.3190208374511583,0.499,0.499,9.340787593582847e-4,HERC2,3.0296165035208404,Sig Up,NA
3.788087466430955e-8,-0.11106483485746868,0.086,0.118,9.539919475459718e-4,CLEC1A,3.020455291072749,Not sig,NA
3.9994670471838164e-8,-0.18064135740758647,0.214,0.26,0.0010072257811627723,MTSS1,2.996873166465094,Not sig,NA
4.0739894584910064e-8,-0.11084616139464837,0.124,0.162,0.001025993505226375,LAMA5,2.9888553883989335,Not sig,NA
4.2340170624170124e-8,0.4750995443084296,0.256,0.228,0.0010662948569991003,ADK,2.972122685496251,Sig Up,NA
4.406800011799568e-8,-0.25274030943294756,0.085,0.116,0.0011098085149716032,PKIG,2.954751947398052,Sig Down,NA
4.466634164647103e-8,0.4257758142955834,0.237,0.205,0.0011248771480247264,PRKACB,2.9488949058622507,Sig Up,NA
4.843192062113497e-8,-0.1275480975242631,0.137,0.175,0.0012197094889226632,PACSIN2,2.913743597507163,Not sig,NA
4.913626643751451e-8,-0.159260183299054,0.116,0.153,0.0012374477339623655,AGO2,2.9074731352882073,Not sig,NA
4.9901812024765396e-8,-0.17146243360559815,0.094,0.126,0.0012567272340316918,DGLUCY,2.900758973395662,Not sig,NA
5.266190085055855e-8,-0.14614536002299494,0.082,0.113,0.0013262373110204666,PPM1B,2.8773787582500034,Not sig,NA
5.707574320183401e-8,0.2560752092667249,0.529,0.527,0.0014373955167949876,SGMS1,2.8424237140320985,Sig Up,NA
5.833159822613749e-8,0.4685133055470395,0.172,0.142,0.0014690229697270464,GFAP,2.832971413503333,Sig Up,NA
5.8721586396824654e-8,-0.13285254227118773,0.088,0.12,0.001478844431817632,HBP1,2.8300775095437953,Not sig,NA
5.890116654978657e-8,-0.22114923889040994,0.213,0.259,0.001483366978389825,IFNGR1,2.8287513931567085,Not sig,NA
5.994805115439312e-8,-0.11705778066232503,0.117,0.154,0.0015097317202722362,PSMD1,2.8211002200955084,Not sig,NA
6.085822870533354e-8,-0.15163592879651086,0.093,0.126,0.0015326536317151198,DERA,2.8145559813694394,Not sig,NA
6.196498914160484e-8,-0.10031721479273237,0.135,0.174,0.0015605262865421763,TM9SF3,2.806728911392071,Not sig,NA
6.280489423119902e-8,-0.17888295762938822,0.13,0.167,0.0015816784563185162,MTDH,2.8008818007624674,Not sig,NA
6.351000942137348e-8,-0.1420119873265031,0.131,0.169,0.0015994360772678697,ASPH,2.7960331121566644,Not sig,NA
6.805049518734751e-8,-0.23271015770403455,0.075,0.104,0.0017137836707981598,TPST1,2.76604399951202,Not sig,NA
7.198295447829953e-8,-0.1458352215256825,0.127,0.164,0.0018128187255814954,NSUN6,2.7416456213957754,Not sig,NA
7.351415581937181e-8,-0.13158629167461383,0.08,0.11,0.0018513805001550599,EOGT,2.7325043148314583,Not sig,NA
7.513824797311643e-8,0.6871060921442164,0.108,0.083,0.001892281636954964,AIF1L,2.7230142250839307,Sig Up,NA
8.26201358148977e-8,-0.11368452413421654,0.077,0.107,0.002080705500362384,NDUFS1,2.6817893847660086,Not sig,NA
8.383566468053753e-8,-0.18763496599459129,0.112,0.146,0.002111317379314657,TRAF3IP2-AS1,2.675446477386542,Not sig,NA
9.317673198488459e-8,-0.17746540494657204,0.117,0.152,0.0023465628183073333,ACACA,2.6295678150806943,Not sig,NA
9.36519880842759e-8,-0.1509442255866076,0.096,0.128,0.002358531667914404,TNFRSF1B,2.6273582881237503,Not sig,NA
1.005688240865888e-7,-0.18285315708903868,0.084,0.114,0.0025327252657966525,YIPF4,2.5964119172049407,Not sig,NA
1.0570765275039335e-7,-0.2843080646569697,0.076,0.104,0.002662141526865906,GHR,2.574768859942085,Sig Down,NA
1.2579786894949254e-7,0.3963940671047037,0.275,0.247,0.0031680935316240203,MBNL2,2.499202005217464,Sig Up,NA
1.265442920953624e-7,0.17279700436169287,0.612,0.594,0.003186891452129607,LRMDA,2.4966327286643177,Not sig,NA
1.3284538628616182e-7,-0.12686993316422013,0.161,0.203,0.0033455782082306993,ATE1,2.4755288133391664,Not sig,NA
1.406392672224153e-7,-0.15517951598948782,0.093,0.124,0.003541859305729307,GALNT2,2.4507686944048324,Not sig,NA
1.5241522590110308e-7,-0.11475764745922468,0.116,0.151,0.00383842504909338,RLF,2.4158469352142147,Not sig,NA
1.5621187759384712e-7,0.5800651602656006,0.141,0.114,0.003934039925323446,KIAA1671,2.4051612368773645,Sig Up,NA
1.6204396644735725e-7,-0.29071234930847467,0.13,0.165,0.004080915251010245,NHS,2.389242424192858,Sig Down,NA
1.7738513849147959e-7,-0.15949466082401434,0.1,0.132,0.004467267327769422,TBC1D9,2.349958057937545,Not sig,NA
1.8142283276010425e-7,-0.4220879195444811,0.081,0.108,0.004568952620230465,SLC1A3,2.340183345529139,Sig Down,NA
1.937732506047665e-7,-0.12212989741146703,0.086,0.117,0.00487998554323044,GPATCH2L,2.31158146457609,Not sig,NA
1.942503450100128e-7,-0.10808738077636704,0.075,0.103,0.004892000688732162,TENT4A,2.3105134904925477,Not sig,NA
2.024844934455938e-7,-0.12813693844901797,0.078,0.106,0.005099369482933834,LBR,2.2924835193943958,Not sig,NA
2.1900014766158026e-7,-0.12446068409534572,0.077,0.105,0.0055152997187092375,KPNA6,2.258430881656309,Not sig,NA
2.2287617905355652e-7,-0.12288042792197729,0.124,0.16,0.005612913693284767,ENSA,2.250811635638576,Not sig,NA
2.3463512226126845e-7,-0.12069330602214179,0.128,0.164,0.005909050919027784,ZNF721,2.228482267634564,Not sig,NA
2.7510222193585195e-7,-0.15049803862576466,0.113,0.146,0.006928174357232496,SLC25A29,2.159381191222939,Not sig,NA
2.8144661712160246e-7,-0.13771390928353397,0.103,0.134,0.007087951605590437,POMP,2.1494792563434633,Not sig,NA
2.852231388827827e-7,-0.25894765534303715,0.074,0.101,0.007183059529624,SEC24D,2.1436905343351706,Sig Down,NA
2.881384141016808e-7,-0.16744524488508744,0.112,0.145,0.007256477820736729,BTAF1,2.1392741278116625,Not sig,NA
2.9277961164653e-7,-0.11708546017108398,0.082,0.11,0.007373361739706211,EIF3A,2.132334458935027,Not sig,NA
3.1956083338142046e-7,0.45160083645002735,0.215,0.187,0.008047820027877692,SPTAN1,2.0943217442381425,Sig Up,NA
3.58726350462672e-7,-0.10027903627520507,0.252,0.303,0.00903416441005193,SLC7A11,2.044112010107522,Not sig,NA
3.620729382206684e-7,-0.17743127884865526,0.086,0.115,0.009118444876149313,PATJ,2.0400792229978926,Not sig,NA
3.631907098087153e-7,-0.11523194401118288,0.092,0.122,0.009146594835822686,KDM4B,2.0387405583112237,Not sig,NA
3.6461854534390115e-7,0.3661436819778392,0.355,0.332,0.009182553445940806,RUNX1T1,2.037036535216851,Sig Up,NA
3.7227763329401126e-7,-0.10267063663799125,0.111,0.144,0.00937543991687638,WIPF1,2.028008345041363,Not sig,NA
3.90002542396826e-7,-0.17745179966182636,0.08,0.108,0.009821824027721667,VAPB,2.007807851152701,Not sig,NA
3.9451749180636406e-7,-0.1265059503647666,0.092,0.122,0.009935528513651473,GAPVD1,2.0028090259414357,Not sig,NA
4.034882917899569e-7,-0.11918189940378632,0.242,0.291,0.010161449140438275,PTMA,1.9930443522078922,Not sig,NA
4.091619305550204e-7,-0.11095695506145165,0.167,0.208,0.010304334059097635,RBM5,1.9869800702413465,Not sig,NA
4.1329314225123784e-7,-0.1540567262324672,0.127,0.162,0.010408374494455174,TXNRD1,1.9826170902022895,Not sig,NA
4.1617371016489313e-7,-0.12326159051806387,0.09,0.119,0.01048091871679267,UBE2Q2,1.9796006471093668,Not sig,NA
4.269598618769241e-7,-0.10327595650135502,0.166,0.206,0.010752557161508455,CDYL,1.968488240021328,Not sig,NA
4.2816912237168525e-7,-0.1665204832955935,0.097,0.127,0.010783011177808522,RANBP2,1.9672599445950096,Not sig,NA
4.374466632913176e-7,-0.20757858456530034,0.083,0.111,0.011016656768328543,PPM1D,1.9579501811063749,Not sig,NA
4.597746439075034e-7,-0.13349908635146746,0.098,0.129,0.011578964632166566,PRKDC,1.9363302726154743,Not sig,NA
4.848381903673175e-7,-0.16599366058761325,0.074,0.101,0.012210164986210524,GLRX3,1.9132784677408894,Not sig,NA
4.975320686180729e-7,-0.198383684541444,0.084,0.112,0.012529847616077549,RPL35,1.9020542107216583,Not sig,NA
5.142593740501964e-7,0.580700270600863,0.153,0.127,0.012951108076080147,NRG3,1.8876930724522383,Sig Up,NA
5.15645432540225e-7,-0.11267167820895356,0.084,0.113,0.012986014573093025,FOXK2,1.8865241140914522,Not sig,NA
5.216881755888395e-7,-0.1479239566983852,0.089,0.118,0.013138195014029335,ARHGDIA,1.8814642960617858,Not sig,NA
5.367509666556234e-7,-0.15341846225185835,0.121,0.155,0.01351753634425522,TTN-AS1,1.8691024540742707,Not sig,NA
5.500095261612441e-7,0.5564863266247135,0.139,0.113,0.013851439906844771,PPP1R16B,1.8585050777841783,Sig Up,NA
5.504911084209915e-7,-0.1277882031356867,0.1,0.13,0.01386356807447425,SECISBP2L,1.8581249807178635,Not sig,NA
6.239964442337909e-7,-0.10165729461167067,0.132,0.168,0.01571472645158379,ZNF451,1.8036931744047007,Not sig,NA
6.341642382553583e-7,0.48947413772629034,0.193,0.165,0.015970792176222944,ENTPD1,1.7966735416429964,Sig Up,NA
6.379514182085119e-7,-0.15903238464091274,0.083,0.111,0.016066168516163163,UBA2,1.7940876820846798,Not sig,NA
7.407484663028996e-7,-0.10989341006947394,0.081,0.108,0.018655009375372223,LGALS3,1.729204528361485,Not sig,NA
7.469544613468057e-7,-0.19971778601811876,0.092,0.12,0.018811301154557952,KLHL20,1.7255811637956562,Not sig,NA
9.219304624726033e-7,-0.12426560011013063,0.117,0.15,0.02321789676691004,TRAPPC8,1.6341771241278433,Not sig,NA
9.368032180958238e-7,-0.12531289004850277,0.14,0.176,0.023592452244525226,ODF2L,1.627226915370666,Not sig,NA
9.451954127680841e-7,0.5875151369790328,0.172,0.147,0.023803801275151432,SLC44A1,1.623353684077946,Sig Up,NA
9.835714099538977e-7,-0.12818243965634332,0.089,0.117,0.024770262388278962,YWHAG,1.6060693929628866,Not sig,NA
9.89122735768589e-7,0.5762388238769954,0.138,0.114,0.024910066977596144,FAXDC2,1.6036251047412409,Sig Up,NA
1.0026679754906099e-6,-0.13660737437694537,0.081,0.108,0.02525119029475552,SEMA3F,1.597718145218183,Not sig,NA
1.0382044930080163e-6,-0.10363383953757932,0.163,0.202,0.026146141951913882,PHF3,1.5825923852902715,Not sig,NA
1.1401101586840974e-6,0.3907904941615987,0.388,0.376,0.028712534236300307,MT-ND3,1.5419284739518173,Sig Up,NA
1.1965603516214109e-6,-0.1835073298710752,0.081,0.108,0.030134175895233612,CRY1,1.5209406810517676,Not sig,NA
1.2070098930072509e-6,-0.12447924010579625,0.108,0.139,0.030397337145494606,PPP4R3B,1.5171644596040854,Not sig,NA
1.2619347051077578e-6,0.25423599619832205,0.443,0.424,0.031780563613433774,CCDC85A,1.4978384050508002,Sig Up,NA
1.2739599681669854e-6,-0.13731451069519565,0.075,0.101,0.03208340783831736,POC1B,1.493719508007201,Not sig,NA
1.3222444841765753e-6,-0.1282356920450036,0.099,0.129,0.033299405089502875,IFNAR1,1.4775635253121195,Not sig,NA
1.3349867862908136e-6,0.5335807892698474,0.154,0.129,0.033620307225947846,DENND1B,1.4733983222491887,Sig Up,NA
1.4253344654781153e-6,0.36889852862036787,0.325,0.302,0.03589562317860086,MLLT3,1.444958502543215,Sig Up,NA
1.4323284310674504e-6,0.22003373106941604,0.555,0.564,0.03607175920800267,RBFOX2,1.4428326767640485,Not sig,NA
1.5376695255457302e-6,-0.11896062309370789,0.104,0.134,0.03872466933134367,NDUFAF2,1.41201228197898,Not sig,NA
1.5791769966434177e-6,0.32461987189765784,0.425,0.413,0.03976999348346783,SMARCA2,1.4004444801755533,Sig Up,NA
1.6227395085626237e-6,-0.18413843459267362,0.082,0.109,0.040867071783641115,SSBP3,1.3886264793367489,Not sig,NA
1.690961227321579e-6,-0.17726076058867957,0.074,0.1,0.04258516754886665,WDR37,1.3707416397087024,Not sig,NA
1.7549735079500144e-6,0.4703093691172715,0.183,0.157,0.04419725282421316,AFAP1L2,1.354604724324293,Sig Up,NA
1.7678294126214912e-6,-0.1366724757964155,0.372,0.329,0.044521015927459634,HSPB1,1.3514349340350904,Not sig,NA
1.9387561664076253e-6,-0.1434731667653013,0.433,0.494,0.048825635294809634,PLPP1,1.3113520971801955,Not sig,NA
1.9514741912427354e-6,-0.1388216555954227,0.098,0.126,0.04914592603225705,MTREX,1.3085124773240453,Not sig,NA
1.957490831062227e-6,-0.11566370118344971,0.132,0.165,0.049297449089471125,MERTK,1.3071755528328903,Not sig,NA
1.9861102826134087e-6,-0.10859278592613464,0.795,0.839,0.05001820135733608,PTPRM,1.300871929451348,Not sig,NA
2.1574619651061375e-6,-0.1485720362167284,0.094,0.122,0.05433352212923297,CAPN7,1.2649321412443864,Not sig,NA
2.3728820410787314e-6,-0.12165152201529804,0.085,0.112,0.059758661322526774,ASCC1,1.223599139886625,Not sig,NA
2.3773528321107088e-6,0.2905307789059268,0.43,0.421,0.05987125372387609,ARHGAP31,1.2227816474888513,Not sig,NA
2.431344588916984e-6,-0.13305164923569207,0.079,0.105,0.06123098212728533,ABHD18,1.2130287745502248,Not sig,NA
2.75734866971392e-6,0.4388256742430554,0.212,0.188,0.06944106889807536,NT5DC1,1.158383602737051,Not sig,NA
2.7994900815319155e-6,-0.11955138341968213,0.105,0.135,0.07050235821329975,UBAP2,1.1517963561732163,Not sig,NA
3.042162601451173e-6,-0.10989375131176327,0.107,0.137,0.07661382295494634,ZNF91,1.115692866249103,Not sig,NA
3.2603050306909605e-6,-0.114027708558369,0.094,0.121,0.08210752189292116,PRKRIP1,1.0856170552197535,Not sig,NA
3.310710111170889e-6,0.560190837929348,0.18,0.157,0.08337692343972768,FOCAD,1.0789541341293722,Not sig,NA
3.6069819423428216e-6,-0.17276611046316354,0.084,0.11,0.09083823323596162,PARP11,1.041731321208516,Not sig,NA
3.6514875098721903e-6,-0.12021262254481363,0.08,0.106,0.09195906144862125,DCP1A,1.0364054698708407,Not sig,NA
4.074143615619692e-6,0.5220038769065696,0.201,0.179,0.10260323281576632,NPTN,0.9888389552872667,Not sig,NA
4.2221972556062e-6,-0.10293331428129793,0.113,0.143,0.10633181568518654,TAPBP,0.9733367701977719,Not sig,NA
4.698532421277026e-6,-0.11183837001373065,0.139,0.172,0.11832784049744062,MARCH3,0.9269130613576859,Not sig,NA
4.768337160183509e-6,0.2661521125882773,0.501,0.494,0.12008580304206148,ST8SIA6,0.9205083333543044,Not sig,NA
5.259154943459386e-6,-0.16026903921263816,0.102,0.129,0.13244655809608116,CLIC2,0.8779593232806935,Not sig,NA
5.261982464452677e-6,-0.11207652153511094,0.107,0.135,0.13251776638477622,ATP10D,0.8777258928545321,Not sig,NA
5.512311090409733e-6,-0.1508383892153627,0.085,0.111,0.1388220425008787,RANBP17,0.857541570073875,Not sig,NA
5.785351313076653e-6,0.26905646245730974,0.407,0.393,0.14569828746852242,ITGA6,0.8365455528788893,Not sig,NA
5.787492320376415e-6,-0.16495322185338834,0.152,0.185,0.14575220659635962,CACHD1,0.8363848615749956,Not sig,NA
6.4600316873099804e-6,-0.1241755483409162,0.081,0.106,0.16268943801321456,RGS5,0.788640641048837,Not sig,NA
6.970307893721098e-6,-0.15693973428833807,0.083,0.108,0.17554023399547214,NEK5,0.7556233270636562,Not sig,NA
6.9975881895550615e-6,-0.15830011912112996,0.083,0.108,0.17622726096575467,NPIPB13,0.7539269088000817,Not sig,NA
7.360577567585789e-6,0.5846303785717218,0.112,0.091,0.18536878546208052,CCDC85B,0.7319633955577185,Not sig,NA
7.489535509158697e-6,0.5277383709927532,0.172,0.149,0.1886164622626526,ITPKB,0.7244204051415262,Not sig,NA
8.779709082950051e-6,0.5962699448043199,0.11,0.09,0.2211081935450141,NLRC5,0.6553951635929075,Not sig,NA
9.615732607661078e-6,-0.14302013639827707,0.095,0.121,0.2421626099913366,FOXC1,0.61589291126718,Not sig,NA
9.713250987093513e-6,-0.1179523692899672,0.105,0.133,0.24461851285896305,STAU1,0.6115106784189187,Not sig,NA
1.0328597768107816e-5,-0.10326189939980338,0.114,0.142,0.2601154061920272,ZMIZ1,0.5848339245206302,Not sig,NA
1.1250133153248436e-5,-0.33901927874305876,0.088,0.112,0.2833233533314086,PIP5K1B,0.5477176266621969,Not sig,NA
1.1401868951447963e-5,-0.11570632883743004,0.105,0.132,0.2871446676732655,ANKRD13C,0.5418992442324708,Not sig,NA
1.2388517380820648e-5,-0.16004183210230255,0.088,0.113,0.3119924217185872,LRRC8B,0.5058559548462084,Not sig,NA
1.3139588646648785e-5,0.29248735289418715,0.397,0.391,0.330907400477203,GSK3B,0.4802935200856189,Not sig,NA
1.4104710241982625e-5,-0.10248394145478512,0.086,0.111,0.35521302273409044,ATG2B,0.4495111206021091,Not sig,NA
1.4672804927792059e-5,-0.10737702687929798,0.107,0.134,0.36951991930151523,ITPR3,0.4323621456059307,Not sig,NA
1.5956511766113283e-5,0.1310958502391435,0.251,0.306,0.4018487923177969,DUSP1,0.3959373325258693,Not sig,NA
1.6000538437363607e-5,-0.11250545011754692,0.078,0.101,0.4029575600065651,RPS16,0.3947406918875224,Not sig,NA
1.6732805666588086e-5,0.3593414027677875,0.273,0.254,0.42139897790735437,RNF220,0.3753065220970081,Not sig,NA
1.7433970879178665e-5,-0.1208735942984221,0.132,0.162,0.4390571226212355,DOCK7,0.35747897309426807,Not sig,NA
1.850790952369096e-5,0.3951794049344184,0.292,0.277,0.4661031934446332,LIMS2,0.33151792154578513,Not sig,NA
2.0138927121619344e-5,-0.19819793703245037,0.093,0.118,0.5071787406308615,DMD,0.29483895903052065,Not sig,NA
2.231184221625847e-5,-0.11017312511789817,0.083,0.107,0.5619014343742533,ZFP36,0.25033985927362107,Not sig,NA
2.5591179351667797e-5,-0.11179491147215201,0.082,0.105,0.6444882607924018,CENPC,0.19078498881409012,Not sig,NA
2.6836518719248702e-5,0.24103396529088683,0.15,0.183,0.6758508874255593,SAMD4A,0.17014911161987395,Not sig,NA
2.981618178101536e-5,-0.1398021889462062,0.095,0.119,0.7508907219730908,YPEL2,0.12442326179381251,Not sig,NA
3.2150224728723324e-5,0.1743335556810921,0.587,0.59,0.8096712595681682,PTPRK,0.09169127634995314,Not sig,NA
3.217254547515669e-5,0.19212933663583698,0.446,0.433,0.8102333852463461,LDB2,0.0913898659049009,Not sig,NA
3.7269632014312594e-5,0.3617482399089488,0.183,0.161,0.9385984126484483,ZNF704,0.027520184598915823,Not sig,NA
3.7665445972500384e-5,0.3896082855283526,0.21,0.189,0.9485665913714496,NBEA,0.022932175318273372,Not sig,NA
3.800283720750463e-5,0.26332266512784797,0.456,0.448,0.9570634522337966,PLCB1,0.01905926803142758,Not sig,NA
4.159236267152506e-5,-0.12534510890219902,0.08,0.103,1,MYSM1,-0,Not sig,NA
4.207134193372632e-5,0.1598184200163506,0.612,0.631,1,DDX17,-0,Not sig,NA
4.242455431249516e-5,0.39822065170100585,0.254,0.236,1,CCND3,-0,Not sig,NA
4.3639702694291427e-5,0.5441841872779906,0.115,0.096,1,VWA8,-0,Not sig,NA
4.411923012590009e-5,0.14199826968130536,0.71,0.735,1,AKT3,-0,Not sig,NA
4.8835219760326564e-5,-0.12440995709666441,0.079,0.101,1,UHMK1,-0,Not sig,NA
5.1279414107349616e-5,0.6092469862617936,0.106,0.087,1,CTNNA3,-0,Not sig,NA
5.171708911187215e-5,0.5934238911692576,0.104,0.085,1,GAS6,-0,Not sig,NA
5.2261557850567084e-5,0.47256719279761017,0.165,0.145,1,OCLN,-0,Not sig,NA
5.250863085339734e-5,0.43526471514359755,0.224,0.204,1,MEF2C-AS1,-0,Not sig,NA
5.9788129071350556e-5,0.42380586462980074,0.196,0.176,1,MFHAS1,-0,Not sig,NA
6.763737010277943e-5,0.4821323173267358,0.168,0.149,1,EML1,-0,Not sig,NA
6.865989297636521e-5,0.6118423118317218,0.157,0.139,1,IQCJ-SCHIP1,-0,Not sig,NA
7.39275720012388e-5,0.27096520822100967,0.451,0.451,1,BCAS3,-0,Not sig,NA
7.398570449420881e-5,0.19827350021044987,0.551,0.568,1,APP,-0,Not sig,NA
7.726339357712652e-5,0.4259096229026339,0.106,0.087,1,KIAA1549L,-0,Not sig,NA
7.834798960789429e-5,0.2042792041060144,0.548,0.546,1,IMMP2L,-0,Not sig,NA
7.961202268529107e-5,-0.10712617139277514,0.299,0.341,1,PHF21A,-0,Not sig,NA
9.00799238507336e-5,0.6592914690454788,0.102,0.085,1,IER2,-0,Not sig,NA
1.2447148233916098e-4,0.46577370320864253,0.161,0.143,1,LRP8,-0,Not sig,NA
1.2583694287310914e-4,-0.12011538502698871,0.095,0.117,1,SH3KBP1,-0,Not sig,NA
1.3798964764411936e-4,-0.19082143924699413,0.095,0.117,1,FAM117B,-0,Not sig,NA
1.466614248616195e-4,-0.17650362368963346,0.13,0.155,1,TXNIP,-0,Not sig,NA
1.4956242027651327e-4,-0.14147575148430258,0.464,0.505,1,ADAMTS9-AS2,-0,Not sig,NA
1.565280178595202e-4,0.21671846352009805,0.589,0.607,1,EGFL7,-0,Not sig,NA
1.7223107992758537e-4,0.5672509427583479,0.107,0.09,1,MLLT6,-0,Not sig,NA
2.0109263865560062e-4,0.5003657115502982,0.104,0.087,1,PLLP,-0,Not sig,NA
2.159118699589723e-4,0.5637657212706181,0.121,0.105,1,SNRNP70,-0,Not sig,NA
2.1603960089432964e-4,0.5043867837688683,0.148,0.131,1,MGAT1,-0,Not sig,NA
2.2794258103333082e-4,0.4389006516489369,0.123,0.105,1,ACACB,-0,Not sig,NA
2.5701093750157627e-4,0.3116775320267071,0.324,0.312,1,MYO10,-0,Not sig,NA
2.654480055343248e-4,0.5083096086245246,0.107,0.091,1,STK10,-0,Not sig,NA
3.6314140665185486e-4,-0.11231019939266693,0.099,0.12,1,MORC3,-0,Not sig,NA
4.1524116220142835e-4,-0.13869725458024387,0.081,0.1,1,INPP4A,-0,Not sig,NA
4.3246983295817194e-4,0.3770474046682466,0.21,0.193,1,PCDH9,-0,Not sig,NA
4.346982830350607e-4,-0.17142785809913563,0.096,0.117,1,PIK3R1,-0,Not sig,NA
4.609048554660949e-4,0.1522434748166135,0.613,0.631,1,NEBL,-0,Not sig,NA
5.181104758975126e-4,-0.1076354984607667,0.088,0.107,1,FAR2,-0,Not sig,NA
7.777210979306305e-4,0.25720880544180913,0.297,0.284,1,NOVA1,-0,Not sig,NA
8.525180312378387e-4,0.395104037706423,0.237,0.225,1,PPP1R13B,-0,Not sig,NA
9.050969951051881e-4,0.14988137805266222,0.628,0.653,1,EXOC6B,-0,Not sig,NA
9.594124244988114e-4,0.3825839483285486,0.158,0.141,1,PLEKHA5,-0,Not sig,NA
0.0010339569284689612,0.46073558086939215,0.148,0.133,1,ARHGAP18,-0,Not sig,NA
0.0010789413736305817,-0.10627676084158244,0.26,0.291,1,CSGALNACT1,-0,Not sig,NA
0.001133039926993471,0.2734847340430653,0.332,0.325,1,CLIC4,-0,Not sig,NA
0.0012453289963219134,0.11190833181492488,0.143,0.17,1,PJA2,-0,Not sig,NA
0.0013080319766976655,0.44619028390050264,0.121,0.106,1,STK4,-0,Not sig,NA
0.0013619144552503252,0.3347019103800102,0.293,0.285,1,EPC1,-0,Not sig,NA
0.0013802615439092588,0.20500625242484505,0.141,0.167,1,SNAP23,-0,Not sig,NA
0.0015371402193092056,0.431113033066823,0.107,0.093,1,CCDC7,-0,Not sig,NA
0.001555032074506346,0.47353190437212755,0.144,0.13,1,BTBD3,-0,Not sig,NA
0.0015594291887906038,-0.1170352919742429,0.135,0.157,1,NHSL1,-0,Not sig,NA
0.0016391524705710106,0.3617938641997942,0.238,0.226,1,SSFA2,-0,Not sig,NA
0.001682479348454554,0.3364387973943749,0.186,0.17,1,OSBPL10,-0,Not sig,NA
0.0016905859184795325,0.3884375930209363,0.133,0.118,1,EEPD1,-0,Not sig,NA
0.0017091505290791746,0.3909262699036652,0.179,0.164,1,MAP3K1,-0,Not sig,NA
0.0018032405634077816,0.462531569198501,0.131,0.117,1,C2CD5,-0,Not sig,NA
0.001813851704816988,0.41219433467194055,0.173,0.158,1,MCU,-0,Not sig,NA
0.001915251434786819,0.14346525144225306,0.094,0.113,1,MX1,-0,Not sig,NA
0.001952395862543394,0.44476899847936957,0.151,0.138,1,SH2D3C,-0,Not sig,NA
0.001961044869468399,0.22418619738015,0.315,0.302,1,MAML2,-0,Not sig,NA
0.0020179023337361405,0.10574719172874486,0.123,0.146,1,GLUD1,-0,Not sig,NA
0.0022510018583148344,0.31567081806395425,0.273,0.261,1,ZSWIM5,-0,Not sig,NA
0.0025201251327108412,0.374323513359865,0.167,0.153,1,CALM1,-0,Not sig,NA
0.0026818788626384667,0.37961430925052253,0.187,0.173,1,ABR,-0,Not sig,NA
0.002833923684178947,0.35782878652255845,0.236,0.226,1,ITM2A,-0,Not sig,NA
0.0028603379923263527,0.4191501964379918,0.127,0.113,1,GALK2,-0,Not sig,NA
0.0030562972925970966,0.1038725941464852,0.13,0.154,1,KANK3,-0,Not sig,NA
0.003560270247212979,0.16813336094351317,0.179,0.209,1,RAB7A,-0,Not sig,NA
0.0037166970111471324,0.12365717127112896,0.214,0.248,1,KIAA0355,-0,Not sig,NA
0.003928102909696529,0.2997052441318564,0.281,0.274,1,KLF7,-0,Not sig,NA
0.0039361441932223564,0.33999621963431204,0.239,0.228,1,JUND,-0,Not sig,NA
0.003980684546548388,0.22595451022554025,0.257,0.245,1,PRKD1,-0,Not sig,NA
0.004214792448668073,0.33886431569742714,0.203,0.19,1,ELP4,-0,Not sig,NA
0.004260293803180142,0.33092225347486204,0.178,0.165,1,ACBD6,-0,Not sig,NA
0.004368310474199439,0.14222669600211757,0.177,0.205,1,AP2B1,-0,Not sig,NA
0.004515100205963322,0.3856610393733566,0.17,0.157,1,EPB41L2,-0,Not sig,NA
0.004858419590855891,0.4379765353789331,0.126,0.114,1,VSIR,-0,Not sig,NA
0.004875159876079758,0.3796985678708291,0.23,0.218,1,AC019197.1,-0,Not sig,NA
0.004946276784163968,0.10369749492591451,0.117,0.137,1,SIPA1L3,-0,Not sig,NA
0.004983746104451196,0.16074481945399466,0.42,0.42,1,FBXL7,-0,Not sig,NA
0.00503305723329038,0.3854096484031766,0.174,0.162,1,CPQ,-0,Not sig,NA
0.005144506199918768,0.2925416524027211,0.386,0.398,1,UACA,-0,Not sig,NA
0.005169298373767664,0.13486760087310035,0.169,0.196,1,ACTR3,-0,Not sig,NA
0.005544864862165456,0.37575414756242065,0.173,0.159,1,MFSD2A,-0,Not sig,NA
0.005645285526327233,0.3723081465658551,0.201,0.19,1,PHACTR4,-0,Not sig,NA
0.005767516679125689,0.22914895426820836,0.435,0.443,1,CDKAL1,-0,Not sig,NA
0.005903012916182174,0.36182415628766207,0.118,0.105,1,PCAT1,-0,Not sig,NA
0.006931134620767181,0.36582104638234314,0.119,0.106,1,ST8SIA4,-0,Not sig,NA
0.007187705130119224,0.1223866522545678,0.66,0.692,1,FLI1,-0,Not sig,NA
0.007488516434508598,0.11347901664012064,0.089,0.105,1,RAD21,-0,Not sig,NA
0.007661543105704601,0.14415507628474433,0.708,0.739,1,PICALM,-0,Not sig,NA
0.007907235892193401,0.2556890418796147,0.401,0.408,1,PDLIM5,-0,Not sig,NA
0.007940611847165971,0.5069274522435921,0.124,0.114,1,SKIL,-0,Not sig,NA
0.008282519575637505,0.3594522255080193,0.133,0.121,1,SHROOM1,-0,Not sig,NA
0.00828619992641548,0.3304230844113023,0.191,0.179,1,CDK6,-0,Not sig,NA
0.008781056225043347,0.1115155104606439,0.141,0.162,1,ACVR2A,-0,Not sig,NA
0.008821971610056543,0.12353615568377195,0.086,0.102,1,WDR11,-0,Not sig,NA
0.009110886909269266,0.37943338875649413,0.164,0.152,1,MGST2,-0,Not sig,NA
0.009420853019070745,-0.1623082061335781,0.131,0.147,1,DNAJB1,-0,Not sig,NA
0.009448300638455778,0.3332381142525964,0.284,0.281,1,CLASP2,-0,Not sig,NA
0.009507045983763274,0.2636693963088155,0.353,0.354,1,ADAM10,-0,Not sig,NA
0.00963748666433586,0.1257849151034341,0.092,0.109,1,SEPT9,-0,Not sig,NA
0.010117308883262371,0.4704177829220613,0.149,0.138,1,CLU,-0,Not sig,NA
0.010255611452307736,0.10638445954326547,0.188,0.216,1,AGO3,-0,Not sig,NA
0.010391347617729387,0.45307487354962783,0.107,0.096,1,MXD4,-0,Not sig,NA
0.010506761344847435,0.10048590479782504,0.217,0.248,1,SHROOM4,-0,Not sig,NA
0.011192047535520437,0.4213674729889858,0.116,0.105,1,KLF3,-0,Not sig,NA
0.011343202205465142,0.4151382107331102,0.105,0.094,1,TM4SF18,-0,Not sig,NA
0.011417112326335872,0.1550023187715015,0.219,0.246,1,EXT1,-0,Not sig,NA
0.011495940110409475,0.15715265630767083,0.521,0.539,1,TANC1,-0,Not sig,NA
0.011513954522626095,0.12295768178251121,0.172,0.197,1,RREB1,-0,Not sig,NA
0.012583545675609105,0.32611306893140257,0.172,0.161,1,STIM2,-0,Not sig,NA
0.012863760655279857,0.12190498728864085,0.661,0.672,1,SOX5,-0,Not sig,NA
0.013067284986837686,0.28775210804544615,0.333,0.335,1,CCDC50,-0,Not sig,NA
0.013435656569836002,0.38453686651415075,0.164,0.154,1,LENG8,-0,Not sig,NA
0.01377299004693868,0.11285825185044054,0.086,0.101,1,TMEM260,-0,Not sig,NA
0.013795314123372234,0.26150968258485996,0.242,0.234,1,LCOR,-0,Not sig,NA
0.013839082638378096,0.10802127356453356,0.133,0.153,1,RGS3,-0,Not sig,NA
0.014119175944167943,0.3265074380737101,0.142,0.131,1,ARHGAP12,-0,Not sig,NA
0.014243775548038278,0.12892837478187047,0.109,0.126,1,RBBP6,-0,Not sig,NA
0.014453804865941212,0.12374439790387551,0.12,0.139,1,CTNND1,-0,Not sig,NA
0.014905176480162485,0.1538247390960723,0.197,0.223,1,MT-CYB,-0,Not sig,NA
0.015199256236684252,0.10753789446953244,0.274,0.313,1,NUMB,-0,Not sig,NA
0.015579883804044492,0.32661813461242817,0.232,0.226,1,NOTCH4,-0,Not sig,NA
0.015896704401032007,0.40927128208837354,0.114,0.102,1,PRIM2,-0,Not sig,NA
0.016147807258708267,0.17685780153017416,0.139,0.16,1,SLC20A2,-0,Not sig,NA
0.017780451590048384,0.11896519066620069,0.09,0.104,1,SPART,-0,Not sig,NA
0.017952312552931653,0.4131524789385738,0.122,0.112,1,SOX18,-0,Not sig,NA
0.018645054584093438,0.12706803016652465,0.094,0.11,1,KIAA0319L,-0,Not sig,NA
0.018738627776804347,0.11245551528758535,0.15,0.171,1,EVI5,-0,Not sig,NA
0.019158595644654955,0.3336362825308503,0.102,0.091,1,SPECC1,-0,Not sig,NA
0.019758574914523635,0.4675541423794579,0.164,0.156,1,RHOB,-0,Not sig,NA
0.01982992158119052,0.1589636721347054,0.095,0.11,1,CDC37,-0,Not sig,NA
0.019929202828829474,0.38978387269997816,0.139,0.129,1,NOVA2,-0,Not sig,NA
0.020012910690225157,0.11944411970899077,0.125,0.143,1,HPCAL1,-0,Not sig,NA
0.02004207123601287,0.12458091090142887,0.221,0.249,1,ZMYND11,-0,Not sig,NA
0.020466317788757616,0.10814503758962185,0.119,0.136,1,WDR26,-0,Not sig,NA
0.021944499172520344,0.10574470157791094,0.16,0.182,1,TPTEP2-CSNK1E,-0,Not sig,NA
0.0221620867383078,0.1477080189358496,0.09,0.104,1,VPS35L,-0,Not sig,NA
0.022873314138525395,0.375574161865012,0.127,0.117,1,GOLIM4,-0,Not sig,NA
0.023207550158290218,0.16785088568502227,0.523,0.547,1,EXOC4,-0,Not sig,NA
0.023259958306588543,0.13968050421637812,0.153,0.174,1,TRA2B,-0,Not sig,NA
0.02485589717192781,0.1266720377273061,0.103,0.119,1,SRSF5,-0,Not sig,NA
0.024880725611540498,0.3517567043597871,0.106,0.096,1,ABLIM3,-0,Not sig,NA
0.02501527753085398,0.29190860572617994,0.241,0.236,1,SCAMP1,-0,Not sig,NA
0.025274890212700612,0.1509188597718327,0.11,0.126,1,USO1,-0,Not sig,NA
0.025336369630809066,0.4694088166544762,0.103,0.095,1,PLXND1,-0,Not sig,NA
0.025660563850978826,-0.2549923836548283,0.092,0.104,1,NRG2,-0,Not sig,NA
0.02625070192318644,0.16164500613151278,0.175,0.199,1,PTAR1,-0,Not sig,NA
0.026932256666469586,0.11589880260312513,0.231,0.26,1,MSN,-0,Not sig,NA
0.027183583891793366,0.2901482466400753,0.264,0.26,1,ARNT2,-0,Not sig,NA
0.027668107394678055,0.34725258914347323,0.156,0.146,1,PLCL1,-0,Not sig,NA
0.02796038147980637,0.1761083978243625,0.096,0.11,1,GNAI3,-0,Not sig,NA
0.02821410483606526,0.10690299642494461,0.221,0.249,1,RPS6KC1,-0,Not sig,NA
0.02836019435755793,0.1424452743174327,0.238,0.226,1,CALCRL,-0,Not sig,NA
0.028600379068773982,0.16204634367026904,0.178,0.202,1,SMAD2,-0,Not sig,NA
0.028662464563109637,0.10957980297613268,0.14,0.16,1,ARMH3,-0,Not sig,NA
0.028961354434277276,0.10620928668135365,0.114,0.13,1,AC002070.1,-0,Not sig,NA
0.029122429045627576,0.1818857145746222,0.097,0.111,1,SH3BGRL2,-0,Not sig,NA
0.02940574085923993,0.10493519156996302,0.099,0.114,1,TNFRSF1A,-0,Not sig,NA
0.029995316864090456,0.10158051946886504,0.119,0.135,1,DNAJC15,-0,Not sig,NA
0.03019374140085109,0.10072175084521183,0.106,0.121,1,ASXL2,-0,Not sig,NA
0.03043401332256711,0.10127705404731135,0.17,0.191,1,HDGFL3,-0,Not sig,NA
0.031182862442123586,0.11922869926862134,0.216,0.244,1,HELZ,-0,Not sig,NA
0.03218228720362594,0.11873395184168856,0.203,0.228,1,ITM2B,-0,Not sig,NA
0.032601730893211354,0.42715775296870206,0.145,0.138,1,TNS2,-0,Not sig,NA
0.03287336478195235,0.31978477121184856,0.19,0.182,1,TNXB,-0,Not sig,NA
0.03299991693469405,0.1225834520263,0.126,0.142,1,PPHLN1,-0,Not sig,NA
0.03382104521805753,0.18658572992932054,0.225,0.246,1,HSPH1,-0,Not sig,NA
0.03384264524010098,0.11410646164373826,0.093,0.106,1,SHISA5,-0,Not sig,NA
0.03453484735895073,0.12904162674957376,0.183,0.205,1,SMAP1,-0,Not sig,NA
0.035020202771292565,0.1825912309012765,0.087,0.1,1,STK38L,-0,Not sig,NA
0.03529856910281239,0.31316195148554693,0.154,0.144,1,PHLDB2,-0,Not sig,NA
0.03532794710331287,0.11175198029580868,0.174,0.196,1,KIAA1468,-0,Not sig,NA
0.03556929193508605,0.11106972052364461,0.242,0.272,1,ZMYM2,-0,Not sig,NA
0.03598490677199628,0.11533946747458268,0.103,0.117,1,ZNF277,-0,Not sig,NA
0.03612057569572796,0.1024722482093055,0.12,0.136,1,SPATS2,-0,Not sig,NA
0.03628466378954255,0.10583333890373997,0.087,0.1,1,KRIT1,-0,Not sig,NA
0.036374938353211976,0.18955470462011303,0.089,0.102,1,STAT1,-0,Not sig,NA
0.036670883965542474,0.10296521546073606,0.117,0.132,1,CBL,-0,Not sig,NA
0.03720267561252963,0.10597752601251093,0.088,0.1,1,AQR,-0,Not sig,NA
0.038409978919102666,0.11315380807917781,0.102,0.116,1,SLAIN2,-0,Not sig,NA
0.03931087592491055,0.1514704144042106,0.16,0.181,1,WDFY1,-0,Not sig,NA
0.039362012961653405,0.17080036509680419,0.538,0.56,1,RFX3,-0,Not sig,NA
0.03936683898358667,0.4310281440753486,0.165,0.16,1,PDXDC1,-0,Not sig,NA
0.04070166225706078,0.23880333347166904,0.329,0.331,1,PALMD,-0,Not sig,NA
0.04074082338799106,0.14966085248382782,0.108,0.122,1,CDC42SE2,-0,Not sig,NA
0.04116189706564236,0.12147603097795026,0.11,0.125,1,MYL6,-0,Not sig,NA
0.04199433538026945,0.11023005233791493,0.108,0.122,1,MFSD14C,-0,Not sig,NA
0.04227181489715461,0.19086889134754742,0.133,0.15,1,SS18,-0,Not sig,NA
0.04232396369265144,0.1173980778977064,0.127,0.143,1,CDC42BPB,-0,Not sig,NA
0.04283692486991818,0.11315453847801127,0.132,0.148,1,KIF16B,-0,Not sig,NA
0.04321869672822213,0.40116171992531446,0.207,0.204,1,WDR7,-0,Not sig,NA
0.045439700416946116,0.16532507746866942,0.438,0.456,1,SOS1,-0,Not sig,NA
0.04646886174132558,0.28584741225437815,0.238,0.234,1,NFATC3,-0,Not sig,NA
0.04666359775178239,0.13551739447315236,0.092,0.105,1,TEAD4,-0,Not sig,NA
0.0471061892435344,0.10002976131080554,0.097,0.11,1,DNAJA1,-0,Not sig,NA
0.047559737043217955,0.11734918495585198,0.092,0.104,1,LINC01184,-0,Not sig,NA
0.04767937103879074,0.12481449580151266,0.125,0.141,1,SKAP2,-0,Not sig,NA
0.04821161026964758,0.1081965772079726,0.102,0.115,1,PITPNA,-0,Not sig,NA
0.04821206703923572,0.3471177575547221,0.114,0.105,1,RGS6,-0,Not sig,NA
0.04833275783355984,0.12417050132517796,0.101,0.114,1,XPO7,-0,Not sig,NA
0.04835542720338976,0.5111648154601633,0.152,0.147,1,LRRC37A3,-0,Not sig,NA
0.04845259047652351,0.3236237142390629,0.172,0.165,1,JAZF1,-0,Not sig,NA
0.05072379474106173,0.16933401992355307,0.093,0.106,1,OCIAD1,-0,Not sig,NA
0.050890639169104475,0.20760841937292152,0.347,0.353,1,PHKB,-0,Not sig,NA
0.053355073594295255,0.1102482033604906,0.111,0.125,1,ANAPC10,-0,Not sig,NA
0.05542525550954712,0.12348476429124533,0.296,0.33,1,ENG,-0,Not sig,NA
0.0556938700247092,0.3058418090698245,0.155,0.147,1,TCF7L1,-0,Not sig,NA
0.055880350049407404,0.20822988198669634,0.434,0.452,1,CTNNB1,-0,Not sig,NA
0.055887570461994794,0.10401983844609072,0.099,0.112,1,PRPF40A,-0,Not sig,NA
0.05595511709773591,0.2705329249057733,0.247,0.243,1,SLC12A2,-0,Not sig,NA
0.05638569048007752,0.11076572763293516,0.093,0.105,1,CDK12,-0,Not sig,NA
0.05642029328386784,0.11265766366051277,0.214,0.238,1,CNOT4,-0,Not sig,NA
0.05714632073947858,0.3391449735269896,0.102,0.094,1,STIM1,-0,Not sig,NA
0.05778285434688085,0.14874300889642894,0.127,0.143,1,THRAP3,-0,Not sig,NA
0.058110137616926655,0.22459767808318376,0.091,0.103,1,ARIH2,-0,Not sig,NA
0.05819187440935053,0.1059138474415664,0.227,0.253,1,SEC24B,-0,Not sig,NA
0.058898528159114005,0.12136291724704933,0.095,0.107,1,YWHAB,-0,Not sig,NA
0.05934546935661841,0.10333708467253244,0.161,0.179,1,KIAA1549,-0,Not sig,NA
0.059857544097634066,0.10469289094500164,0.113,0.127,1,BEND7,-0,Not sig,NA
0.06069799106065666,0.36394174298812487,0.164,0.158,1,MTM1,-0,Not sig,NA
0.062171311771422794,0.10205712697393543,0.153,0.171,1,DDX10,-0,Not sig,NA
0.06319163162332332,0.16163601929818228,0.38,0.38,1,ATXN1,-0,Not sig,NA
0.06344434238001401,0.10844689093683235,0.224,0.249,1,ATG7,-0,Not sig,NA
0.06349288815466743,0.3939810780545818,0.178,0.172,1,TBL1X,-0,Not sig,NA
0.0635291087930784,0.14052549015333615,0.176,0.196,1,CAPZA2,-0,Not sig,NA
0.0635741410970909,0.12296296760824105,0.117,0.131,1,SHE,-0,Not sig,NA
0.06419433130058037,0.1016466905091209,0.149,0.165,1,TBCA,-0,Not sig,NA
0.06460632891150263,0.136785072013895,0.133,0.149,1,FANCC,-0,Not sig,NA
0.06503767896601617,0.10228480932865036,0.148,0.164,1,SLTM,-0,Not sig,NA
0.06623230997962365,0.12100116473798131,0.112,0.126,1,CEP192,-0,Not sig,NA
0.06659011257472686,0.16419059447706053,0.465,0.482,1,FCHSD2,-0,Not sig,NA
0.06802888103087444,0.12945797905063205,0.094,0.105,1,PPP2CB,-0,Not sig,NA
0.06803637607995296,0.11601329582866726,0.236,0.263,1,MSRB3,-0,Not sig,NA
0.06853761129376125,0.11117302276860978,0.103,0.116,1,NDUFS4,-0,Not sig,NA
0.06911072931197322,0.29942184362206525,0.228,0.226,1,VEZT,-0,Not sig,NA
0.06944319894440373,0.1292167245875464,0.224,0.249,1,NBAS,-0,Not sig,NA
0.07035809992711976,0.1042914130906889,0.14,0.156,1,SRRM2,-0,Not sig,NA
0.07150552095778963,0.12580457932462819,0.149,0.166,1,FGFR1OP2,-0,Not sig,NA
0.07169954225811304,0.3897657099881589,0.126,0.119,1,GRAPL,-0,Not sig,NA
0.07512868169995462,0.2265576115209047,0.191,0.183,1,TOX,-0,Not sig,NA
0.07610977983403533,0.38720666355864375,0.19,0.187,1,STX8,-0,Not sig,NA
0.07662108703318632,0.3509193619870589,0.139,0.132,1,STX7,-0,Not sig,NA
0.07707838623056723,0.14759982157710294,0.12,0.134,1,ATP2A2,-0,Not sig,NA
0.0785286236137407,0.1471100174725367,0.142,0.158,1,CCNI,-0,Not sig,NA
0.07908307846493516,0.1878219364995422,0.096,0.108,1,B4GALT1,-0,Not sig,NA
0.07930496642519916,0.16657665656156428,0.46,0.478,1,STAG1,-0,Not sig,NA
0.08016224984478068,0.1393507236708598,0.11,0.123,1,SGK3,-0,Not sig,NA
0.0827642714056224,0.11398244410319935,0.156,0.172,1,VPS8,-0,Not sig,NA
0.08322009818509664,0.17171952769307008,0.442,0.453,1,MEF2C,-0,Not sig,NA
0.08363058811719219,0.35096209164932257,0.116,0.109,1,PLCG2,-0,Not sig,NA
0.08382748471628353,0.1172911118609711,0.109,0.122,1,UIMC1,-0,Not sig,NA
0.08389205442772465,0.10666677690424871,0.1,0.112,1,CCDC186,-0,Not sig,NA
0.08399566161268102,0.27138108049613274,0.178,0.171,1,PBX3,-0,Not sig,NA
0.08400312806988189,0.10757184280120945,0.092,0.103,1,AF117829.1,-0,Not sig,NA
0.0852429651504127,0.1227785281418956,0.238,0.266,1,RBM17,-0,Not sig,NA
0.08719615455059615,0.13787988902582016,0.149,0.165,1,ENAH,-0,Not sig,NA
0.08920720341300796,0.147522863737386,0.104,0.116,1,LPGAT1,-0,Not sig,NA
0.09032425336875018,0.2772656558966389,0.253,0.253,1,SNED1,-0,Not sig,NA
0.09216568802340375,0.12453597356833679,0.156,0.173,1,CLK1,-0,Not sig,NA
0.09238820717341398,0.12551817294991968,0.09,0.1,1,DAAM1,-0,Not sig,NA
0.09500949592023561,0.2749746480892714,0.21,0.206,1,ARFIP1,-0,Not sig,NA
0.09558460667116214,0.13998178385161797,0.225,0.25,1,PKN2,-0,Not sig,NA
0.09672768170603371,0.1470540186606455,0.284,0.316,1,MYH9,-0,Not sig,NA
0.09764027521934578,0.18675949649948217,0.1,0.112,1,HTT,-0,Not sig,NA
0.09818498572821865,0.3810422848731451,0.142,0.137,1,RASIP1,-0,Not sig,NA
0.09821905198404544,0.4110987377568487,0.104,0.098,1,ARAP3,-0,Not sig,NA
0.09858435391699986,0.3364338047806338,0.188,0.185,1,ZDHHC21,-0,Not sig,NA
0.0988667673500927,0.18852043428504195,0.096,0.107,1,AGAP3,-0,Not sig,NA
0.10059438468792022,0.39839957197981324,0.16,0.156,1,RAPH1,-0,Not sig,NA
0.10096688920417335,0.11092022834824278,0.138,0.153,1,ZNF423,-0,Not sig,NA
0.10122977664623904,0.4208381893237527,0.119,0.113,1,LSAMP,-0,Not sig,NA
0.10412578214865088,0.1785560726984201,0.433,0.454,1,CEP112,-0,Not sig,NA
0.10450707537284332,0.20261287297268504,0.378,0.39,1,AGAP1,-0,Not sig,NA
0.10513671726888432,0.15257360494439537,0.1,0.111,1,FOXN2,-0,Not sig,NA
0.10515705222869969,0.36251511053430907,0.158,0.154,1,FAM49B,-0,Not sig,NA
0.1117894764532171,0.11291141681903061,0.242,0.266,1,PRKN,-0,Not sig,NA
0.11243788256370292,0.15832015833899027,0.158,0.175,1,CHD2,-0,Not sig,NA
0.11335975710696773,0.12559532593802203,0.105,0.116,1,AP2A2,-0,Not sig,NA
0.11456752780953501,0.3336097780040654,0.14,0.135,1,KBTBD2,-0,Not sig,NA
0.11480245827848237,0.16128022062958489,0.103,0.115,1,AES,-0,Not sig,NA
0.11587823562456033,-0.15358489029974232,0.226,0.211,1,HSPA1B,-0,Not sig,NA
0.11600665852686062,0.11640608083575685,0.111,0.123,1,NOTCH1,-0,Not sig,NA
0.11634415061867814,0.1012025546104306,0.09,0.1,1,TASP1,-0,Not sig,NA
0.11643235305424032,0.1627130364935514,0.423,0.432,1,CNTNAP3B,-0,Not sig,NA
0.11789224250465702,0.3396255870708767,0.119,0.113,1,GSN,-0,Not sig,NA
0.11853885450132018,0.16867584257432044,0.367,0.379,1,PTPN14,-0,Not sig,NA
0.11888886684312308,0.16214477591581744,0.178,0.197,1,POGZ,-0,Not sig,NA
0.11980745218253214,0.24726129250508322,0.263,0.266,1,MAN1A2,-0,Not sig,NA
0.12022230248870851,0.2068338570156919,0.159,0.177,1,MCL1,-0,Not sig,NA
0.12203128033612039,0.1586925539613604,0.183,0.201,1,SCFD1,-0,Not sig,NA
0.12692728202158504,0.16240119917866422,0.092,0.102,1,PIK3C2B,-0,Not sig,NA
0.1296160912229178,0.13894258130005888,0.198,0.218,1,SPARC,-0,Not sig,NA
0.12978421680128502,0.17667625393646036,0.111,0.123,1,NOD1,-0,Not sig,NA
0.1305115129078434,0.10158620761058929,0.13,0.143,1,ASAP2,-0,Not sig,NA
0.13094249361639235,0.10847872489083032,0.332,0.366,1,WDFY3,-0,Not sig,NA
0.13104595123795248,0.12134801193321643,0.252,0.278,1,TBCK,-0,Not sig,NA
0.1325284299965204,0.1795381132983332,0.092,0.102,1,DTNB,-0,Not sig,NA
0.13264463844093863,0.1390605781030445,0.249,0.275,1,RBM26,-0,Not sig,NA
0.13275686633295686,0.1481856093675456,0.107,0.118,1,SYNRG,-0,Not sig,NA
0.13402190689237165,0.16498171266718709,0.217,0.241,1,PCMTD1,-0,Not sig,NA
0.13454811645332784,0.14639489230974867,0.215,0.236,1,WASF2,-0,Not sig,NA
0.13605848671910192,0.17765146902131113,0.339,0.346,1,TBL1XR1,-0,Not sig,NA
0.13943988645844022,0.1547890151669908,0.094,0.104,1,AGPS,-0,Not sig,NA
0.140580755492174,0.24647250119983583,0.115,0.109,1,L3MBTL4,-0,Not sig,NA
0.14308372750728418,0.13624523378436532,0.123,0.136,1,PSAP,-0,Not sig,NA
0.1444237186955861,0.21812431741343974,0.291,0.295,1,SIPA1L1,-0,Not sig,NA
0.14500400214494158,0.18632783811218756,0.396,0.414,1,DPYD,-0,Not sig,NA
0.1450718326146792,0.1331052968430224,0.153,0.167,1,SLC30A1,-0,Not sig,NA
0.14559835631752038,0.27107225713190863,0.287,0.294,1,SLCO2B1,-0,Not sig,NA
0.1463509303334468,0.1879828501136238,0.21,0.234,1,TMCC1,-0,Not sig,NA
0.14945936447711242,0.1163056256012367,0.261,0.287,1,TNRC6A,-0,Not sig,NA
0.1496312055039728,0.36215727144733095,0.127,0.122,1,RNF13,-0,Not sig,NA
0.15021048122861802,0.45536471364744063,0.142,0.138,1,IFI44L,-0,Not sig,NA
0.15159964476724516,0.40480686301998714,0.115,0.11,1,ROBO4,-0,Not sig,NA
0.15212066072271352,0.39157756631872487,0.209,0.208,1,VCL,-0,Not sig,NA
0.15375286340493788,0.15176042428682127,0.097,0.107,1,TMEM161B-AS1,-0,Not sig,NA
0.15565423415337318,0.3818205829611285,0.125,0.121,1,CASP10,-0,Not sig,NA
0.15580645341332502,0.3159350884196439,0.189,0.186,1,ZBTB46,-0,Not sig,NA
0.15648873508438252,0.12068475040232085,0.116,0.127,1,CASC4,-0,Not sig,NA
0.16020036619310637,0.14227079278472032,0.094,0.103,1,MICU3,-0,Not sig,NA
0.16269627785520294,0.110285206099213,0.177,0.193,1,CEP85L,-0,Not sig,NA
0.16447990176425414,0.1602380098536007,0.468,0.488,1,ADGRL4,-0,Not sig,NA
0.16469123499640473,0.1320553738238518,0.144,0.157,1,NECTIN2,-0,Not sig,NA
0.16644371415416076,0.14549592732610117,0.331,0.331,1,HSP90AA1,-0,Not sig,NA
0.16694024432236862,0.12271482885491493,0.092,0.101,1,HBS1L,-0,Not sig,NA
0.169681624616162,0.22409437013058287,0.212,0.21,1,TMEM135,-0,Not sig,NA
0.17146082590253733,0.19595976011248317,0.137,0.151,1,CDC14B,-0,Not sig,NA
0.17331183780092174,0.12470703745013659,0.113,0.124,1,FBXO42,-0,Not sig,NA
0.17696719034808683,0.28934368228589546,0.249,0.252,1,INPP5D,-0,Not sig,NA
0.17792487390705644,0.13378361583515685,0.19,0.208,1,MAN1A1,-0,Not sig,NA
0.17800441795264368,0.1805599521832304,0.145,0.159,1,VPS41,-0,Not sig,NA
0.18078217185717643,0.33088657137644917,0.17,0.168,1,DCLK2,-0,Not sig,NA
0.18123281757427892,0.29671988645798963,0.199,0.199,1,TANK,-0,Not sig,NA
0.18329318587440363,0.14495980871101244,0.142,0.155,1,CLOCK,-0,Not sig,NA
0.1838041978516972,0.1669116641376952,0.119,0.13,1,GPD2,-0,Not sig,NA
0.18593506570444054,0.20092453755771933,0.279,0.283,1,COG5,-0,Not sig,NA
0.18643217818440577,0.13956284279842013,0.428,0.441,1,SMYD3,-0,Not sig,NA
0.18657686309678656,0.28998151188071275,0.305,0.314,1,KLF6,-0,Not sig,NA
0.1908068965829404,0.18575424916368738,0.134,0.146,1,SF1,-0,Not sig,NA
0.19130478945097332,0.2257664114054853,0.156,0.151,1,TMEM245,-0,Not sig,NA
0.19486564222401265,0.2528025669984773,0.142,0.137,1,CPEB3,-0,Not sig,NA
0.19937041571614905,0.17185338859577903,0.157,0.17,1,ACYP2,-0,Not sig,NA
0.2025581640618228,0.1213320160842069,0.113,0.123,1,SMAD5,-0,Not sig,NA
0.20269772734327396,0.10855653186144865,0.1,0.109,1,ATP6V1H,-0,Not sig,NA
0.20457930960065418,0.34214095570010117,0.103,0.098,1,SHLD2,-0,Not sig,NA
0.20564180540067295,0.3457672246904754,0.104,0.099,1,SH3BGRL,-0,Not sig,NA
0.20844661338428788,0.16369074460542057,0.121,0.132,1,ERP44,-0,Not sig,NA
0.20918161516506867,0.3117182704521627,0.167,0.165,1,TDRP,-0,Not sig,NA
0.21011874477709772,0.15325121323826396,0.444,0.465,1,DOCK4,-0,Not sig,NA
0.21021674542111773,0.14987115949091645,0.176,0.191,1,RSRC1,-0,Not sig,NA
0.21853229443829475,0.11192176491101491,0.138,0.149,1,DDX60L,-0,Not sig,NA
0.22049214638802947,0.14006084493412863,0.165,0.179,1,URI1,-0,Not sig,NA
0.22128025970852236,0.4128891335771754,0.106,0.102,1,CCNL2,-0,Not sig,NA
0.22150262575993887,0.2616260090146427,0.178,0.176,1,CPEB2,-0,Not sig,NA
0.22260651736959822,0.11782623512704249,0.265,0.291,1,TRA2A,-0,Not sig,NA
0.22685395241638184,0.16614304083560505,0.116,0.126,1,CNOT1,-0,Not sig,NA
0.2270814545740505,0.35912680758233834,0.154,0.152,1,C6orf62,-0,Not sig,NA
0.22782336010250395,0.26309657428306243,0.198,0.198,1,TAF3,-0,Not sig,NA
0.22838625973846557,0.13522360742569223,0.14,0.151,1,ZNF280D,-0,Not sig,NA
0.22872931341506225,0.2048532220454099,0.168,0.164,1,AL136164.2,-0,Not sig,NA
0.22896712829077573,0.24931006136947154,0.187,0.185,1,ATF7IP,-0,Not sig,NA
0.229542318926699,0.17601436620890254,0.138,0.149,1,UBE2E3,-0,Not sig,NA
0.2319345438058089,0.16311910712651806,0.127,0.138,1,MICAL3,-0,Not sig,NA
0.2321486364990081,0.2661657266354919,0.102,0.111,1,ATP1A2,-0,Not sig,NA
0.23233594411040395,0.18023599987257805,0.123,0.134,1,CHIC1,-0,Not sig,NA
0.23262721055988317,0.1596214462601518,0.096,0.105,1,ARMC9,-0,Not sig,NA
0.24083542324302507,0.11525799565906292,0.328,0.331,1,TMEM132C,-0,Not sig,NA
0.24161359819363112,0.1843494752101265,0.138,0.151,1,UBN2,-0,Not sig,NA
0.24205939583883454,0.24378446005985782,0.098,0.107,1,PARN,-0,Not sig,NA
0.24319961050928415,0.147456847090345,0.127,0.137,1,SERPINH1,-0,Not sig,NA
0.24320991754210677,0.19392355717565724,0.315,0.325,1,GNAS,-0,Not sig,NA
0.24632235294324936,0.1996592246934561,0.146,0.158,1,SPATA5,-0,Not sig,NA
0.24780499137426307,0.3056681127105363,0.133,0.13,1,AC124312.1,-0,Not sig,NA
0.2484944908332977,0.18029083972724647,0.299,0.306,1,CTBP2,-0,Not sig,NA
0.25279906979253797,0.3306792486480199,0.195,0.197,1,EFR3B,-0,Not sig,NA
0.2532720067605931,0.1836587332819844,0.147,0.159,1,TMBIM6,-0,Not sig,NA
0.2534202681142245,0.17743195891987407,0.097,0.105,1,SERGEF,-0,Not sig,NA
0.2543419292978006,0.3141221108533949,0.218,0.22,1,R3HDM1,-0,Not sig,NA
0.25496908777776933,0.13563574211725637,0.102,0.11,1,PPM1L,-0,Not sig,NA
0.25530260462130855,0.12819037573057324,0.1,0.108,1,SLX4IP,-0,Not sig,NA
0.25721419201655893,0.15895539110424287,0.094,0.102,1,RCOR1,-0,Not sig,NA
0.25789367353478865,0.16770126880331837,0.206,0.223,1,STXBP5,-0,Not sig,NA
0.2587000086400116,0.3213863732308393,0.174,0.174,1,FGD5,-0,Not sig,NA
0.2589114649471923,0.17130562431509302,0.098,0.106,1,GRB2,-0,Not sig,NA
0.2658961418758659,0.27253807403638364,0.095,0.104,1,RAP2A,-0,Not sig,NA
0.26806866851938754,0.18931898850703147,0.119,0.129,1,RAB14,-0,Not sig,NA
0.26857094848641583,0.1720599313008947,0.169,0.183,1,RYK,-0,Not sig,NA
0.26974339450657175,0.20330181741869252,0.113,0.123,1,ACIN1,-0,Not sig,NA
0.2721890904126928,0.13966483989823075,0.487,0.516,1,BAZ2B,-0,Not sig,NA
0.27505391690083447,0.1856595651042171,0.15,0.162,1,TPK1,-0,Not sig,NA
0.27515095326639105,0.2644546161847183,0.155,0.153,1,MIRLET7BHG,-0,Not sig,NA
0.27524171544457404,0.2927653062461205,0.175,0.175,1,SMAD1,-0,Not sig,NA
0.27597790661155963,0.27853785350489335,0.138,0.136,1,KLC1,-0,Not sig,NA
0.2761671236696657,0.15516105140905778,0.108,0.116,1,VPS50,-0,Not sig,NA
0.2768912707824205,0.12565365570843434,0.153,0.165,1,AEBP2,-0,Not sig,NA
0.27972188920263513,0.19590472244015422,0.092,0.1,1,PFKL,-0,Not sig,NA
0.2835315405217851,0.1529207897954139,0.249,0.272,1,WDR70,-0,Not sig,NA
0.2840590664619168,0.10589288583207179,0.301,0.329,1,ANKRD10,-0,Not sig,NA
0.28621766404869653,0.16006787732859082,0.113,0.122,1,CCDC93,-0,Not sig,NA
0.2874834619592708,0.27519134372461973,0.126,0.122,1,ZNF438,-0,Not sig,NA
0.28813313836317905,0.14007889385996286,0.092,0.1,1,STX3,-0,Not sig,NA
0.29078993262655123,0.14623165515774966,0.096,0.104,1,ABHD17A,-0,Not sig,NA
0.2924698937970077,0.15241353818456577,0.102,0.11,1,PARG,-0,Not sig,NA
0.2955278796231544,0.1369643778523546,0.161,0.174,1,SEM1,-0,Not sig,NA
0.29725708668598605,0.24117842450410712,0.107,0.116,1,FZD6,-0,Not sig,NA
0.2999061639667071,0.3294159436032431,0.162,0.161,1,STARD8,-0,Not sig,NA
0.30072649234072735,0.1586115251343262,0.105,0.113,1,PURA,-0,Not sig,NA
0.30240923476192905,0.1444657582677193,0.096,0.103,1,MTMR2,-0,Not sig,NA
0.3030994967455967,0.3133355729523639,0.113,0.11,1,NLRP1,-0,Not sig,NA
0.3034138766939525,0.2050585160437488,0.196,0.213,1,ANKIB1,-0,Not sig,NA
0.30362874896807,0.31475100002492035,0.144,0.142,1,LINC01004,-0,Not sig,NA
0.3037721362981472,0.2623315370911147,0.117,0.114,1,PTPN4,-0,Not sig,NA
0.30641299710115744,0.1479368769668552,0.24,0.262,1,SEPT7,-0,Not sig,NA
0.30643633481142485,0.1623002829012851,0.111,0.119,1,ANAPC16,-0,Not sig,NA
0.30700028625122383,0.2276882294388077,0.11,0.119,1,KMT5B,-0,Not sig,NA
0.30779598781929035,0.15431321193702097,0.152,0.163,1,RFX7,-0,Not sig,NA
0.3114087410252302,0.3570150025109047,0.132,0.13,1,PLEC,-0,Not sig,NA
0.3117393858921841,0.1935239688993839,0.096,0.104,1,FBXO7,-0,Not sig,NA
0.31255123396517537,0.10872183654011446,0.103,0.111,1,ZCCHC14,-0,Not sig,NA
0.3156460042721142,0.17016784956080744,0.252,0.274,1,CHD9,-0,Not sig,NA
0.3175811155425048,0.34571567233544664,0.124,0.122,1,MLEC,-0,Not sig,NA
0.31801573276665757,0.13347158520903313,0.24,0.258,1,BICD1,-0,Not sig,NA
0.32031755651039584,0.1467986509390442,0.152,0.163,1,RALY,-0,Not sig,NA
0.32430820233242263,0.15695541589553375,0.103,0.11,1,BTBD10,-0,Not sig,NA
0.32464217684419483,0.14072354962097078,0.117,0.125,1,RUSC2,-0,Not sig,NA
0.32555309350167,0.22787741003217832,0.229,0.233,1,CD2AP,-0,Not sig,NA
0.3332185875096137,0.14526444486460033,0.099,0.106,1,SP110,-0,Not sig,NA
0.33338999038645867,0.3322475607438515,0.116,0.114,1,C1QTNF3-AMACR,-0,Not sig,NA
0.3375649062874177,0.127952257209768,0.317,0.345,1,DNAJC1,-0,Not sig,NA
0.3377022178816185,0.12748840099145164,0.231,0.247,1,SDCCAG8,-0,Not sig,NA
0.34068157509861346,0.13812520353707747,0.2,0.214,1,CHN1,-0,Not sig,NA
0.3421086009667985,0.10704419663984566,0.145,0.155,1,CYTH3,-0,Not sig,NA
0.342588881712856,0.16255200619485505,0.121,0.13,1,MSH3,-0,Not sig,NA
0.34554136280636283,0.2423623417449366,0.143,0.154,1,BCAP29,-0,Not sig,NA
0.34669139879601846,0.25018056563212876,0.129,0.139,1,ZHX3,-0,Not sig,NA
0.3522287490170561,0.2735207081818124,0.187,0.188,1,ATP9A,-0,Not sig,NA
0.3571792591502259,0.14609567949034863,0.151,0.162,1,CREB1,-0,Not sig,NA
0.35743320739253537,0.15670407456610613,0.242,0.258,1,ZFHX3,-0,Not sig,NA
0.3624489071217853,0.18778689786886865,0.096,0.104,1,GATA2-AS1,-0,Not sig,NA
0.363338211039166,0.26154289379732515,0.121,0.119,1,MAP3K4,-0,Not sig,NA
0.36353505258106816,0.16692905563292115,0.093,0.1,1,SLC2A13,-0,Not sig,NA
0.36563296898392006,0.1441657908078703,0.169,0.181,1,EP300,-0,Not sig,NA
0.3732534969666058,0.1915931153585349,0.095,0.102,1,SERINC3,-0,Not sig,NA
0.3766743850571392,0.19474521855331373,0.172,0.186,1,KIF5B,-0,Not sig,NA
0.3767449764095268,0.13715415174711154,0.275,0.298,1,ZNF148,-0,Not sig,NA
0.37846820220930755,0.15116496101303256,0.17,0.181,1,TRAK1,-0,Not sig,NA
0.37849165000689566,0.3378117644963645,0.1,0.098,1,RIPOR1,-0,Not sig,NA
0.3788255759796723,0.19441455940656716,0.193,0.193,1,ST3GAL6,-0,Not sig,NA
0.3834071439072193,0.16709579605532643,0.147,0.157,1,HDAC7,-0,Not sig,NA
0.38434446395590427,0.2470165583907873,0.252,0.258,1,TBC1D1,-0,Not sig,NA
0.38647090785813665,0.31633687168928054,0.127,0.126,1,AFTPH,-0,Not sig,NA
0.389434485503558,0.31635977493578904,0.13,0.129,1,NUP214,-0,Not sig,NA
0.3901253348317684,0.1287136086995464,0.144,0.152,1,ARHGAP32,-0,Not sig,NA
0.3930462703211251,0.20034736473382786,0.271,0.278,1,NSMCE2,-0,Not sig,NA
0.39463306885768035,0.2707316368422672,0.148,0.146,1,TANC2,-0,Not sig,NA
0.39598674162050673,0.12991463644184942,0.151,0.16,1,RHOBTB1,-0,Not sig,NA
0.3992797065787079,0.12120603365693661,0.141,0.149,1,CWC27,-0,Not sig,NA
0.4021496619948665,0.20955553896656265,0.195,0.21,1,TSC22D2,-0,Not sig,NA
0.40267879624464537,0.2698155767849646,0.151,0.15,1,FNIP2,-0,Not sig,NA
0.4031228970607775,0.19711375468403963,0.123,0.131,1,ARFGEF3,-0,Not sig,NA
0.40339153226314495,0.20487429633248477,0.222,0.241,1,GNAI2,-0,Not sig,NA
0.40438859961619694,0.14397702031693183,0.107,0.114,1,ATP8A1,-0,Not sig,NA
0.40714108743829397,0.24737531419907988,0.184,0.185,1,FANCL,-0,Not sig,NA
0.40743797892075856,0.17355793507427286,0.161,0.171,1,OPHN1,-0,Not sig,NA
0.4079168415283978,0.19060108288736718,0.111,0.118,1,PDE4B,-0,Not sig,NA
0.40947371025294893,0.2075839057006062,0.141,0.151,1,RNF213,-0,Not sig,NA
0.41026657220301527,0.1396353406615608,0.151,0.161,1,STRN,-0,Not sig,NA
0.4109630820285731,0.24666308022830627,0.123,0.121,1,ECHDC2,-0,Not sig,NA
0.41134794642098077,0.2532382812103468,0.109,0.116,1,AVEN,-0,Not sig,NA
0.41379382776391316,0.17342818476145117,0.202,0.217,1,KIAA2026,-0,Not sig,NA
0.4150774959262449,0.12521985794539958,0.329,0.358,1,MPDZ,-0,Not sig,NA
0.41608473952105945,0.21207374371931093,0.123,0.132,1,LAMB2,-0,Not sig,NA
0.41991851387129037,0.2740142186981319,0.109,0.106,1,BICRAL,-0,Not sig,NA
0.42236600608121494,0.127378525867901,0.466,0.499,1,MBD5,-0,Not sig,NA
0.4249510862751879,0.18456022265901306,0.23,0.234,1,C9orf3,-0,Not sig,NA
0.4253571142274249,0.17310922376297855,0.27,0.294,1,ITGB1,-0,Not sig,NA
0.42600837961882054,0.3537797503858263,0.122,0.121,1,TM9SF2,-0,Not sig,NA
0.426111237609901,0.15946584995788693,0.192,0.205,1,DENND5B,-0,Not sig,NA
0.4276767172345613,0.19829272332931583,0.098,0.105,1,VPS36,-0,Not sig,NA
0.427745251854449,0.1957949302801516,0.211,0.214,1,ANO10,-0,Not sig,NA
0.4369356357284651,0.1602957054128904,0.215,0.229,1,PTGES3,-0,Not sig,NA
0.4386676352604267,0.2685669921740415,0.112,0.12,1,CNN3,-0,Not sig,NA
0.4407073215360292,0.24138757788606927,0.102,0.109,1,TPP2,-0,Not sig,NA
0.44086665543438053,0.23105659812885745,0.1,0.107,1,FBXO38,-0,Not sig,NA
0.44224794998215294,0.2735476699173732,0.16,0.161,1,AUH,-0,Not sig,NA
0.4467536222094547,0.1809652310762801,0.144,0.153,1,VOPP1,-0,Not sig,NA
0.4469965272963805,0.3141234586341586,0.15,0.15,1,KIF13B,-0,Not sig,NA
0.4595240169823824,0.2131950278231185,0.108,0.114,1,LMBRD1,-0,Not sig,NA
0.46044964855117493,0.1934953097218346,0.263,0.269,1,CRADD,-0,Not sig,NA
0.4644188624413573,0.3194281075701836,0.142,0.143,1,CAVIN1,-0,Not sig,NA
0.46498042441407106,0.22232421225003296,0.178,0.19,1,FAM214A,-0,Not sig,NA
0.4661258626649326,0.20054536035417297,0.1,0.106,1,PSD3,-0,Not sig,NA
0.46617204449941485,0.15111341293002578,0.198,0.21,1,EFNB2,-0,Not sig,NA
0.46630912735156776,0.1594821268909063,0.137,0.145,1,LY6E,-0,Not sig,NA
0.47017705567683704,0.12056682186173506,0.253,0.272,1,GTF2I,-0,Not sig,NA
0.47053882879025694,0.1800747622277623,0.248,0.269,1,CREBBP,-0,Not sig,NA
0.47202685042082865,0.3082039441413812,0.155,0.165,1,ATP8B1,-0,Not sig,NA
0.4720825981453932,0.27974850287869746,0.16,0.162,1,PTBP1,-0,Not sig,NA
0.47648887943269475,0.3098909079702814,0.137,0.137,1,ZNF521,-0,Not sig,NA
0.4765241065913244,0.17098313726191627,0.13,0.138,1,ABI2,-0,Not sig,NA
0.4802171708172092,0.14253045289061528,0.245,0.261,1,JARID2,-0,Not sig,NA
0.4805383906878315,0.1867198639133254,0.17,0.181,1,DMTF1,-0,Not sig,NA
0.48187605473631306,0.206832009567939,0.187,0.189,1,ACTG1,-0,Not sig,NA
0.48471748382123464,0.2194864909016896,0.153,0.153,1,LNPEP,-0,Not sig,NA
0.48473886399901767,0.24687849006625906,0.244,0.252,1,LCORL,-0,Not sig,NA
0.4855223388083938,0.1727318760296476,0.1,0.106,1,ZFYVE9,-0,Not sig,NA
0.4863678662494333,0.15620537756303887,0.166,0.176,1,SNX29,-0,Not sig,NA
0.4886779476791682,0.21511079898622043,0.162,0.173,1,FNBP1,-0,Not sig,NA
0.49425616630517605,0.16641962602963067,0.288,0.295,1,TRPS1,-0,Not sig,NA
0.49494587325826794,0.18182379995462739,0.152,0.161,1,RANBP9,-0,Not sig,NA
0.49707697910847565,0.17506637274320624,0.279,0.301,1,CELF1,-0,Not sig,NA
0.4976408192503363,0.11331076967089987,0.108,0.113,1,TINAGL1,-0,Not sig,NA
0.4999547849927787,0.141989599715939,0.096,0.102,1,ORC4,-0,Not sig,NA
0.5046446706886423,0.2055787578915098,0.155,0.165,1,NBDY,-0,Not sig,NA
0.5053269262864382,0.22893918179438144,0.151,0.161,1,PHF20L1,-0,Not sig,NA
0.508578505563703,0.178514850004515,0.104,0.11,1,CPT1A,-0,Not sig,NA
0.5123900350637953,0.19276157091570623,0.182,0.194,1,PDGFC,-0,Not sig,NA
0.5139987415496721,0.19222062118625785,0.111,0.118,1,N4BP1,-0,Not sig,NA
0.5161911764220342,0.16293376097547596,0.299,0.322,1,PAN3,-0,Not sig,NA
0.5210997877095513,0.21519392942356874,0.203,0.205,1,COMMD1,-0,Not sig,NA
0.5241672211235069,0.16596131125569125,0.315,0.341,1,RB1,-0,Not sig,NA
0.5242248090641339,0.24685469607689237,0.127,0.126,1,BCKDHB,-0,Not sig,NA
0.5245499753649968,0.15044159625158637,0.211,0.224,1,STK39,-0,Not sig,NA
0.527719057096638,0.23253924547786164,0.245,0.252,1,PHF14,-0,Not sig,NA
0.5293032639113637,0.15309584153252498,0.248,0.266,1,MLLT10,-0,Not sig,NA
0.5295012951328968,0.24513911964902446,0.144,0.144,1,DSTN,-0,Not sig,NA
0.5301369657527528,0.2555562991630934,0.155,0.166,1,MAPK1,-0,Not sig,NA
0.5310217059811343,0.18724750222832415,0.124,0.131,1,FAM168A,-0,Not sig,NA
0.5325823677477602,0.382435281565187,0.101,0.1,1,LNX2,-0,Not sig,NA
0.5331157064895624,0.21055365382550784,0.153,0.163,1,SPOP,-0,Not sig,NA
0.5332288817312494,0.182390945647371,0.12,0.118,1,MVB12B,-0,Not sig,NA
0.5377269925081696,0.16991036932086276,0.096,0.102,1,LYPLAL1,-0,Not sig,NA
0.5380055640243024,0.24198832679174598,0.192,0.195,1,PDSS2,-0,Not sig,NA
0.5383510464035979,0.16911470247769733,0.195,0.207,1,THADA,-0,Not sig,NA
0.5388292232454764,0.20966502396811315,0.173,0.184,1,RHOA,-0,Not sig,NA
0.5393609682062213,0.20265991961239235,0.105,0.111,1,PPP3CB,-0,Not sig,NA
0.5396628356432029,0.23574628478388185,0.095,0.101,1,HEATR5B,-0,Not sig,NA
0.5436165885345994,0.23314543660097353,0.195,0.209,1,SUPT3H,-0,Not sig,NA
0.5450681004333421,0.1982617379207801,0.108,0.114,1,PALM,-0,Not sig,NA
0.5495392584559149,0.24126295034139691,0.107,0.113,1,EPB41,-0,Not sig,NA
0.5506111592639246,0.10459272456058377,0.367,0.395,1,SLCO3A1,-0,Not sig,NA
0.5549906626505534,0.14935372103777889,0.259,0.276,1,SSH2,-0,Not sig,NA
0.5568134081012432,0.1818319390650811,0.266,0.286,1,ZNF644,-0,Not sig,NA
0.564500089339953,0.1472232841489595,0.104,0.109,1,PGR,-0,Not sig,NA
0.5645039619493022,0.18537349431916983,0.406,0.433,1,RABGAP1L,-0,Not sig,NA
0.5651084357765006,0.18886771454486595,0.143,0.151,1,EXOC5,-0,Not sig,NA
0.5656875171515824,0.12696556930822656,0.349,0.367,1,CLASP1,-0,Not sig,NA
0.5698677094332776,0.11398755869300459,0.386,0.417,1,DYRK1A,-0,Not sig,NA
0.5743691652999878,0.18432648161005816,0.131,0.138,1,MALT1,-0,Not sig,NA
0.5787353513247793,0.1252210197079111,0.356,0.386,1,FTO,-0,Not sig,NA
0.5788639413437248,0.11811435858678632,0.361,0.392,1,MAP4K3,-0,Not sig,NA
0.5795824491580082,0.23607762255387804,0.128,0.135,1,PAQR5,-0,Not sig,NA
0.5831263706800349,0.1927489602173823,0.181,0.192,1,SUCLG2,-0,Not sig,NA
0.5850990704463902,0.16479478915481496,0.115,0.12,1,ATXN7L1,-0,Not sig,NA
0.587408896587172,0.23658053066793805,0.149,0.149,1,TNRC6C,-0,Not sig,NA
0.5876792135754456,0.11439722370026839,0.391,0.421,1,NIPBL,-0,Not sig,NA
0.587928684424262,0.1271679775157093,0.297,0.319,1,FBXW7,-0,Not sig,NA
0.5886121425870678,0.20886121713036443,0.168,0.178,1,ZC3HAV1,-0,Not sig,NA
0.5894105593638914,0.20812946244153757,0.096,0.101,1,EIF4G2,-0,Not sig,NA
0.5898155425468664,0.2649910642673684,0.101,0.107,1,MYCT1,-0,Not sig,NA
0.5901567897548955,0.14210708197373778,0.362,0.394,1,CCSER2,-0,Not sig,NA
0.5905748398955508,0.2388061425511182,0.119,0.118,1,EIF2AK2,-0,Not sig,NA
0.5920960034787863,0.19206014891858803,0.248,0.255,1,TPST2,-0,Not sig,NA
0.5958434972376417,0.2747401413249331,0.116,0.116,1,NIN,-0,Not sig,NA
0.5998581685175262,0.206272166352647,0.248,0.256,1,HP1BP3,-0,Not sig,NA
0.6141760133392298,0.2280459891775859,0.137,0.138,1,FRS2,-0,Not sig,NA
0.618085991923818,0.2524576665588397,0.198,0.212,1,JCAD,-0,Not sig,NA
0.6189629403602244,0.13042609659571314,0.379,0.398,1,LRBA,-0,Not sig,NA
0.619457191870914,0.14681694068325124,0.176,0.185,1,ZNRF1,-0,Not sig,NA
0.624213578860364,0.2734807782597635,0.126,0.133,1,DLGAP4,-0,Not sig,NA
0.6268719480023934,0.19142985400489398,0.194,0.204,1,UMAD1,-0,Not sig,NA
0.6314477885356977,0.12511609811377755,0.168,0.168,1,GULP1,-0,Not sig,NA
0.6347145746261761,0.21828005187137092,0.096,0.101,1,MTA3,-0,Not sig,NA
0.6379854036070316,0.1520629084452645,0.195,0.205,1,HSP90AB1,-0,Not sig,NA
0.6383569422956139,0.4297302238847752,0.095,0.102,1,ARL17B,-0,Not sig,NA
0.640422802935767,0.15258093967918812,0.147,0.154,1,NHLRC2,-0,Not sig,NA
0.6433917171632859,0.2093414767194668,0.21,0.225,1,RC3H1,-0,Not sig,NA
0.6476984126850814,0.14257840540335942,0.202,0.213,1,SENP7,-0,Not sig,NA
0.6512311619301758,0.2511611134034116,0.107,0.112,1,TROVE2,-0,Not sig,NA
0.6525957949867468,0.2382587576231725,0.191,0.196,1,ST7,-0,Not sig,NA
0.6597232503445025,0.1803078089502108,0.305,0.319,1,ARFGEF2,-0,Not sig,NA
0.6602251994453749,0.15957963332730507,0.178,0.187,1,RAP1GDS1,-0,Not sig,NA
0.6609700626156592,0.14361980911433192,0.268,0.285,1,NEDD4,-0,Not sig,NA
0.6611608344433325,0.19802424730353252,0.228,0.235,1,FARS2,-0,Not sig,NA
0.6613177601524542,0.2037021507190655,0.173,0.176,1,SPRED2,-0,Not sig,NA
0.6636350819960072,0.173503495335466,0.143,0.149,1,ANKRD36,-0,Not sig,NA
0.6667275959610288,0.18607053253043837,0.306,0.332,1,KLHL5,-0,Not sig,NA
0.6692364464720704,0.1392271766259325,0.104,0.108,1,WLS,-0,Not sig,NA
0.6731463138088679,0.1428767510222262,0.185,0.194,1,EPC2,-0,Not sig,NA
0.673705696713127,0.16549143990552406,0.147,0.153,1,VPS13A,-0,Not sig,NA
0.6784653659163017,0.10150858250307726,0.252,0.265,1,FN1,-0,Not sig,NA
0.68118995101974,0.22224616205727865,0.274,0.286,1,KIF13A,-0,Not sig,NA
0.6842646928596764,0.3540513939088551,0.104,0.105,1,FGR,-0,Not sig,NA
0.6853274794285087,0.22788414684155012,0.116,0.117,1,PLS3,-0,Not sig,NA
0.6878615664454961,0.18737236219674763,0.142,0.148,1,OGT,-0,Not sig,NA
0.6899735500709865,0.22568997470674182,0.097,0.101,1,ZFX,-0,Not sig,NA
0.6919213987799823,0.22063270877264252,0.212,0.217,1,EPHA3,-0,Not sig,NA
0.6922273168805475,0.1688294987301776,0.164,0.171,1,NAV1,-0,Not sig,NA
0.6951597141457235,0.1885234140376341,0.107,0.112,1,SUPT20H,-0,Not sig,NA
0.6962480274207161,0.11334172479267934,0.411,0.436,1,RAPGEF1,-0,Not sig,NA
0.6974590438797571,0.21949925459993896,0.113,0.118,1,MBTD1,-0,Not sig,NA
0.6990584786461137,0.22380998578502365,0.127,0.133,1,SLC12A6,-0,Not sig,NA
0.7119649135850346,0.19392307231032416,0.121,0.121,1,ADARB1,-0,Not sig,NA
0.7150866180075601,0.23150977495173053,0.232,0.241,1,HIP1,-0,Not sig,NA
0.719284896054424,0.26278027638888074,0.152,0.155,1,TMEM50B,-0,Not sig,NA
0.7277558082121531,0.1843184183378429,0.138,0.139,1,FTL,-0,Not sig,NA
0.7289011039427675,0.14513610108305075,0.335,0.346,1,RAD51B,-0,Not sig,NA
0.7329618177868966,0.19799115854678884,0.187,0.198,1,CD34,-0,Not sig,NA
0.7384943844445677,0.3503516196628245,0.135,0.143,1,DUSP16,-0,Not sig,NA
0.7417662459338854,0.26414407083162555,0.143,0.15,1,CAVIN2,-0,Not sig,NA
0.7437757121064748,0.27888862128989317,0.116,0.121,1,ZNF33A,-0,Not sig,NA
0.744494386171398,0.22717280158931683,0.122,0.123,1,LRP6,-0,Not sig,NA
0.7457837886996915,0.1676899319469607,0.246,0.255,1,HMBOX1,-0,Not sig,NA
0.7477032339406278,0.12854820308646753,0.329,0.352,1,DGKH,-0,Not sig,NA
0.751945215041381,0.20704073201482687,0.128,0.129,1,TMEM65,-0,Not sig,NA
0.7589539313158233,0.2483563926409973,0.378,0.397,1,MAST4,-0,Not sig,NA
0.7618947996502181,0.2995166813155548,0.106,0.108,1,TBC1D19,-0,Not sig,NA
0.7619685982996224,0.14079740943274688,0.142,0.147,1,PPP2R5A,-0,Not sig,NA
0.764196100078842,0.24713823254192901,0.107,0.112,1,RHOC,-0,Not sig,NA
0.7642894360527993,0.13533129347668482,0.137,0.143,1,KAT6B,-0,Not sig,NA
0.7703046837006272,0.2600408104940366,0.152,0.155,1,YLPM1,-0,Not sig,NA
0.7745773260045394,0.17188314840492164,0.096,0.1,1,ZBTB7A,-0,Not sig,NA
0.777821632259024,0.2238922363910486,0.171,0.18,1,TIE1,-0,Not sig,NA
0.7787136788878953,0.1804273203822981,0.106,0.11,1,TMEM117,-0,Not sig,NA
0.7847756547463649,0.26231511032523136,0.13,0.132,1,DIS3L2,-0,Not sig,NA
0.7848073111639953,0.22441458927821853,0.121,0.126,1,ZDHHC14,-0,Not sig,NA
0.7851989172221652,0.2676016401375054,0.123,0.128,1,HMGB1,-0,Not sig,NA
0.7937123285055728,0.2236916283690038,0.158,0.161,1,PALD1,-0,Not sig,NA
0.7940144240998364,0.16430403429027396,0.248,0.257,1,BBX,-0,Not sig,NA
0.7954912094179879,0.10565413740360707,0.347,0.363,1,ACTB,-0,Not sig,NA
0.8080537803729648,0.20471245466897292,0.108,0.109,1,MIR99AHG,-0,Not sig,NA
0.8093835922747407,0.24075211729875845,0.166,0.174,1,KIDINS220,-0,Not sig,NA
0.8098376197986885,0.2463165706134801,0.185,0.191,1,ZNF532,-0,Not sig,NA
0.8103646325604031,0.1025010613814561,0.469,0.5,1,ARHGEF12,-0,Not sig,NA
0.8106953178977221,0.28657188206719064,0.155,0.16,1,VIM,-0,Not sig,NA
0.8158726557770526,0.1786139352775149,0.293,0.309,1,PARD3B,-0,Not sig,NA
0.8172263183293936,0.18039148342559574,0.114,0.118,1,SCARB2,-0,Not sig,NA
0.8185910548403351,0.2161258749586843,0.171,0.179,1,TAB2,-0,Not sig,NA
0.820018691916679,0.20023612026796567,0.184,0.192,1,GRK5,-0,Not sig,NA
0.821947469379489,0.11525858519756849,0.115,0.118,1,CLIC5,-0,Not sig,NA
0.8226292900292239,0.19619064568975264,0.129,0.134,1,ZEB2,-0,Not sig,NA
0.8233860134583733,0.26143354937501956,0.103,0.107,1,KIFAP3,-0,Not sig,NA
0.8246700366699814,0.20995541721969158,0.208,0.22,1,YES1,-0,Not sig,NA
0.8296802504591654,0.2970591611573714,0.109,0.111,1,KLHDC10,-0,Not sig,NA
0.8317331984641231,0.23077384092966768,0.139,0.145,1,MYO5C,-0,Not sig,NA
0.8365520706467044,0.16843203675263813,0.128,0.132,1,ZDHHC17,-0,Not sig,NA
0.8382579113314038,0.24233446931203384,0.16,0.167,1,GTDC1,-0,Not sig,NA
0.8382640201047231,0.18988337923219656,0.151,0.156,1,RSU1,-0,Not sig,NA
0.8452716926138273,0.20354282181220928,0.175,0.182,1,PPP1R12B,-0,Not sig,NA
0.8460244631820976,0.24856412217638113,0.153,0.157,1,LUZP1,-0,Not sig,NA
0.8529635968777205,0.2639745456887076,0.115,0.117,1,SPRED1,-0,Not sig,NA
0.8529959812123373,0.13470212311927288,0.467,0.506,1,LMBR1,-0,Not sig,NA
0.8638076792712046,0.20949455434097497,0.211,0.22,1,CDC14A,-0,Not sig,NA
0.8646165737816034,0.30056120074443193,0.117,0.12,1,MYO9B,-0,Not sig,NA
0.8705256907432205,0.1481486400947436,0.321,0.343,1,KIAA1109,-0,Not sig,NA
0.8716219482898597,0.21016676715663563,0.227,0.236,1,NUTM2A-AS1,-0,Not sig,NA
0.8723943544859518,0.24511754640390856,0.113,0.115,1,ZBTB44,-0,Not sig,NA
0.8742310836408627,0.28644090120944005,0.14,0.144,1,SLC10A7,-0,Not sig,NA
0.878476106178183,0.20791191189538272,0.172,0.18,1,IKBKB,-0,Not sig,NA
0.8786152571030582,0.24976254157649483,0.1,0.102,1,BMT2,-0,Not sig,NA
0.8804444091080963,0.18865791075957894,0.301,0.321,1,MYO6,-0,Not sig,NA
0.882735966251634,0.187206591597741,0.283,0.296,1,FLNB,-0,Not sig,NA
0.8837306530694643,0.1493019312387185,0.324,0.343,1,CAMKMT,-0,Not sig,NA
0.8852425496076005,0.2401839815110211,0.098,0.101,1,USP31,-0,Not sig,NA
0.8857705362880179,0.23306714805514467,0.121,0.123,1,EML4,-0,Not sig,NA
0.8875359534644599,0.28279028165553827,0.112,0.114,1,SPCS3,-0,Not sig,NA
0.8928661502274082,0.27120543402323904,0.197,0.206,1,COL4A3BP,-0,Not sig,NA
0.89636046525926,0.2530831659091733,0.126,0.129,1,ADAM15,-0,Not sig,NA
0.896688806587407,0.32778573313472137,0.108,0.111,1,SLFN12L,-0,Not sig,NA
0.910727514591614,0.18058578199850728,0.266,0.282,1,MCF2L,-0,Not sig,NA
0.9121983607132368,0.1219440801084537,0.299,0.313,1,GLS,-0,Not sig,NA
0.9148502274696205,0.1962938311988205,0.213,0.222,1,KANK1,-0,Not sig,NA
0.9171865186582676,0.22141390993496346,0.156,0.161,1,ZDHHC20,-0,Not sig,NA
0.9185595909157085,0.2414499475295736,0.144,0.149,1,MICU1,-0,Not sig,NA
0.9262926802852485,0.15993154927663478,0.139,0.141,1,HMCN1,-0,Not sig,NA
0.9302443594950198,0.25176071815094414,0.11,0.113,1,AL365273.2,-0,Not sig,NA
0.930282645595406,0.15174243128289477,0.35,0.372,1,HIF3A,-0,Not sig,NA
0.9340009261815797,0.249580119418145,0.12,0.122,1,MGMT,-0,Not sig,NA
0.9370641436589162,0.29504436312203797,0.155,0.161,1,IFI44,-0,Not sig,NA
0.9535962239939487,0.2684778998516902,0.151,0.156,1,ATL2,-0,Not sig,NA
0.9541906960268931,0.23695076953953567,0.099,0.101,1,TTC21B,-0,Not sig,NA
0.9572071365090324,0.21455696914511335,0.139,0.142,1,PDE3B,-0,Not sig,NA
0.9636574321537574,0.3123902234945096,0.167,0.175,1,LONP2,-0,Not sig,NA
0.9637395440303401,0.28843003272363055,0.103,0.106,1,PHLDB1,-0,Not sig,NA
0.9638432306140345,0.19982559449913972,0.134,0.137,1,PLAT,-0,Not sig,NA
0.9694852686560256,0.17674235257735926,0.38,0.407,1,SSBP2,-0,Not sig,NA
0.9700163133097892,0.25674812956448234,0.109,0.111,1,RCOR3,-0,Not sig,NA
0.9715551905244063,0.2672007144724061,0.178,0.185,1,BCL2L1,-0,Not sig,NA
0.9759404835685948,0.22743421780259157,0.106,0.109,1,ZNF706,-0,Not sig,NA
0.9775504282750184,0.2649144909462948,0.123,0.127,1,ESAM,-0,Not sig,NA
0.9875613732137072,0.30484860194502283,0.185,0.195,1,SPOCK2,-0,Not sig,NA
0.9956678859914636,0.23598409965711387,0.221,0.232,1,DENND5A,-0,Not sig,NA
