p_val,avg_log2FC,pct.1,pct.2,p_val_adj,gene,neg_log10_pval,Significance,label
2.567083616196457e-41,-2.9811302114683857,0.085,0.386,6.411804748173891e-37,ADAMTS9,36.193019711221474,Sig Down,ADAMTS9
2.6555442071294674e-31,-0.6287925666177596,0.997,1,6.63275276614727e-27,MALAT1,26.17830619059535,Sig Down,MALAT1
5.790487676721816e-20,-1.0868761413198045,0.635,0.845,1.446290107014808e-15,NEAT1,14.839744584469786,Sig Down,NEAT1
9.303274551783875e-19,-1.466607941877689,0.222,0.466,2.3236788847990585e-14,BSG,13.633823888414,Sig Down,BSG
3.763622049968273e-18,-1.4356175089015601,0.171,0.4,9.400398794205755e-14,EGFL7,13.026853721884429,Sig Down,NA
5.5212176704107864e-17,0.7804783320086974,0.857,0.676,1.379034537538502e-12,IL1RAPL1,11.860424856902787,Sig Up,IL1RAPL1
7.487424097132457e-15,-2.0548874638541035,0.067,0.214,1.8701339167407737e-10,BACE2,9.7281272933463,Sig Down,NA
3.762078801193087e-14,2.551741156171094,0.28,0.069,9.396544221739973e-10,PLP1,9.027031838035978,Sig Up,PLP1
4.645420319344885e-14,3.3262922532847563,0.218,0.028,1.160286633162772e-9,ARL17B,8.935434710925056,Sig Up,ARL17B
8.694288459365473e-14,-2.161879290334379,0.036,0.148,2.171572428495714e-9,HIF1A-AS2,8.663225681028232,Sig Down,NA
1.1166305093619947e-13,-2.1797300347517172,0.026,0.128,2.789008023233454e-9,ADAMTS1,8.554550236382568,Sig Down,ADAMTS1
2.0754127913942282e-13,1.1472401685454623,0.563,0.345,5.1837585290653634e-9,SLC24A2,8.28535523706357,Sig Up,SLC24A2
5.813727629085396e-13,-0.8738727092875735,0.226,0.441,1.4520947499166594e-8,FLT1,7.838005044776815,Sig Down,NA
1.7065210461850797e-12,0.4288312777140524,0.868,0.738,4.2623776170564735e-8,LSAMP,7.37034807744228,Sig Up,NA
3.907104760657607e-12,1.1213145752970646,0.534,0.314,9.758775560694504e-8,PDE4B,7.010604670098982,Sig Up,NA
9.031679692049221e-12,1.5620403119798252,0.308,0.107,2.255842636683134e-7,ST18,6.646691199193934,Sig Up,NA
9.965146812504751e-12,-1.9006480173803317,0.07,0.197,2.4889947193593117e-7,SLCO4A1,6.603976024787769,Sig Down,NA
1.1637870590794016e-11,-1.2915060918890218,0.098,0.248,2.906790937462621e-7,XIST,6.5365862024818435,Sig Down,NA
1.3978047003466431e-11,-1.4171489966012039,0.066,0.193,3.4912968000558105e-7,AC092957.1,6.457013229631142,Sig Down,NA
2.0295574889862774e-11,-0.9532013598527334,0.242,0.438,5.069225740241025e-7,COBLL1,6.295058368559967,Sig Down,NA
4.6214954519971425e-11,0.5188105446682147,0.884,0.79,1.1543109190453262e-6,MAGI2,5.937677196172894,Sig Up,NA
5.8099749463008657e-11,-2.3663699544112595,0.022,0.103,1.4511574423375672e-6,PTP4A3,5.838285466522246,Sig Down,PTP4A3
9.515548144777217e-11,0.6338601844830039,0.714,0.593,2.3766984601210054e-6,ANK3,5.6240259152060466,Sig Up,NA
9.790308748553051e-11,0.6719468777360915,0.74,0.61,2.4453254161260957e-6,PPP2R2B,5.611663338166605,Sig Up,NA
1.0236676998795121e-10,-1.747440165562408,0.027,0.114,2.5568148139890576e-6,PGGHG,5.5923007260898725,Sig Down,NA
1.2928012198709745e-10,0.7825137629658467,0.682,0.469,3.2290296068717332e-6,MT-CO2,5.490927972932027,Sig Up,NA
3.018905028240558e-10,0.230322500420447,0.534,0.331,7.540319089036442e-6,NKAIN2,5.122610275393415,Not sig,NA
3.4825934448034495e-10,0.5000495133723399,0.812,0.683,8.698473647085576e-6,LRP1B,5.0605569479336046,Sig Up,NA
4.833037346876268e-10,0.6964693428797513,0.658,0.497,1.2071477381292854e-5,NLGN1,4.918239575032812,Sig Up,NA
6.712397992370809e-10,-1.8876255514207698,0.045,0.141,1.676555646554457e-5,PAPSS2,4.775582027328826,Sig Down,NA
9.368063475635224e-10,-1.172436268089946,0.161,0.321,2.33986121430941e-5,MECOM,4.630809901413398,Sig Down,NA
9.390757202761716e-10,-2.003541420453806,0.038,0.128,2.345529426533794e-5,EMP2,4.629759114112653,Sig Down,NA
9.663117680478275e-10,1.8545238965188566,0.309,0.141,2.4135569030530586e-5,MBP,4.617342457611551,Sig Up,NA
1.0296791978547307e-9,-1.0159764570376055,0.306,0.476,2.571829732481761e-5,MGAT5,4.589757787183027,Sig Down,NA
1.4669390540263637e-9,-1.7352080012974131,0.073,0.186,3.6639736752416486e-5,SAT1,4.436047655293041,Sig Down,NA
1.488239257726403e-9,1.2583259922161865,0.263,0.097,3.717175194023236e-5,NCKAP5,4.429786969707468,Sig Up,NA
1.4996741034871818e-9,0.6388579258817826,0.733,0.576,3.745736008279934e-5,ROBO2,4.426462834058312,Sig Up,NA
1.919286585707141e-9,0.5823486456071252,0.65,0.49,4.793802105120726e-5,SPOCK3,4.319319898218093,Sig Up,NA
2.772574402924239e-9,0.5142505935516466,0.775,0.555,6.925059086183871e-5,ERBB4,4.159576516748115,Sig Up,NA
4.479443736098529e-9,0.898963594187324,0.549,0.376,1.1188306619653297e-4,ROBO1,3.951235640137589,Sig Up,NA
5.870613260843831e-9,0.5273663912708866,0.806,0.721,1.4663030741609637e-4,FRMD4A,3.8337762549118253,Sig Up,NA
8.681227139286243e-9,0.23031508751414087,0.794,0.676,2.1683101025795249e-4,OPCML,3.6638786067239337,Not sig,NA
8.745117511840134e-9,0.6937358219171563,0.748,0.617,2.18426800093231e-4,NPAS3,3.6606940765051297,Sig Up,NA
9.509444157034745e-9,0.4565178418297089,0.837,0.69,2.3751738671025683e-4,KAZN,3.6243045937193488,Sig Up,NA
1.0444268883026785e-8,-1.383954420845309,0.049,0.141,2.6086650389136e-4,PXN,3.583581682145697,Sig Down,NA
1.0558154953770842e-8,-1.0742054547118511,0.159,0.307,2.6371103628033434e-4,ATP10A,3.5788716946458705,Sig Down,NA
1.101200752070815e-8,-0.7373503531006886,0.199,0.362,2.750469118447274e-4,EBF1,3.5605932268324603,Sig Down,NA
1.4912119194449353e-8,0.4896941675459585,0.862,0.772,3.724600011197615e-4,CSMD1,3.428920359763198,Sig Up,NA
1.619851540256377e-8,0.7999118440473958,0.373,0.2,4.045903192098353e-4,KIRREL3,3.392984512974131,Sig Up,NA
1.6311802656737957e-8,-2.4587830134478392,0.035,0.114,4.074198949573439e-4,SNTG2,3.389957767532149,Sig Down,SNTG2
2.8938647082515176e-8,-0.7543415916850827,0.161,0.307,7.228005881799815e-4,CLDN5,3.140981502703225,Sig Down,NA
2.968948345657615e-8,0.7106892760221974,0.73,0.576,7.415542282949025e-4,MT-CO3,3.12985708443587,Sig Up,NA
4.181629921746693e-8,0.993652993209944,0.444,0.293,0.0010444457055546715,NXPH1,2.9811141314528244,Sig Up,NA
4.2604918672276257e-8,-0.8368945479147412,0.306,0.455,0.001064143053677444,TMTC1,2.9729999855309885,Sig Down,NA
4.415657048245481e-8,2.185177104355404,0.203,0.069,0.0011028986609402738,AC026316.5,2.957464390566462,Sig Up,NA
4.8518718351864404e-08,0.5795822411431821,0.875,0.786,0.0012118520282745173,PCDH9,2.9165504059346596,Sig Up,NA
5.26808540564579e-8,0.3934150051586336,0.886,0.779,0.001315809691768149,CADM2,2.880806919074321,Sig Up,NA
5.321937655960167e-8,0.630551522124327,0.666,0.49,0.0013292603683291708,MT-ND4,2.8763899434714975,Sig Up,NA
5.3365306777775226e-8,-0.6772904738814389,0.355,0.514,0.0013329052673884919,PDE10A,2.8752007157867574,Sig Down,NA
6.647266912114242e-8,-1.342377405474218,0.066,0.162,0.0016602878566387743,GGT5,2.7798166085190927,Sig Down,NA
6.905646629734184e-8,-1.1376375292420744,0.118,0.238,0.0017248233587087072,FLI1,2.763255374947899,Sig Down,NA
1.1900034882943611e-7,-1.6452159631669492,0.07,0.166,0.0029722717127128257,SULF2,2.526911491702178,Sig Down,NA
1.213088814290226e-7,1.2241332306763968,0.274,0.124,0.0030299319314526976,FRMD4B,2.518567127975101,Sig Up,NA
1.9006629517084447e-7,-1.8934711820679395,0.038,0.114,0.0047472858544821825,ABCC9,2.323554616757201,Sig Down,NA
1.9164033802367637e-7,0.37455585093288857,0.903,0.786,0.004786600722817364,CNTNAP2,2.3199727979430067,Sig Up,NA
1.96313555971874e-7,-1.2287314921971397,0.066,0.159,0.004903323687509497,SLC2A3,2.309509436335882,Sig Down,NA
2.1112228314461634e-7,-1.2262180798378177,0.134,0.252,0.005273201266103082,SYNE2,2.2779256523192384,Sig Down,NA
2.1456156897279564e-7,0.3285440263939323,0.831,0.752,0.005359104308233517,FGF14,2.270907789877573,Sig Up,NA
2.935791923796884e-7,0.5324844629070657,0.67,0.545,0.007332727488067477,WWOX,2.1347344547326994,Sig Up,NA
2.9550755146084843e-7,-1.0819446815077127,0.139,0.259,0.007380892112837612,MGLL,2.1318911427478042,Sig Down,NA
3.1350042636629977e-7,-1.7892481894228893,0.054,0.138,0.00783030014935107,ETS2,2.1062215903419865,Sig Down,NA
3.3672312532045985e-7,-0.9742998040543542,0.219,0.355,0.008410333501129125,ARHGAP29,2.0751867824626857,Sig Down,NA
3.5537885526799903e-07,2.527339345034582,0.147,0.038,0.008876297668028811,CERCAM,2.0517681420625293,Sig Up,CERCAM
3.83564723122555e-7,1.4865996134230208,0.189,0.066,0.009580296089432056,TMEM144,2.0186210683724615,Sig Up,NA
3.9973512830842525e-7,-1.0247186791676917,0.186,0.314,0.009984184299759537,EPS8,2.000687410871804,Sig Down,NA
4.1366305956335176e-7,-0.8182913965452587,0.2,0.338,0.010332062238713836,SHC2,1.9858129863693585,Sig Down,NA
4.230328544090148e-7,0.5032147519513042,0.778,0.707,0.010566091604573963,PTPRD,1.976085628441003,Sig Up,NA
4.231927064386125e-7,-1.0949691662808108,0.051,0.134,0.010570084228717224,EHBP1L1,1.9759215519620759,Sig Down,NA
4.2762031262963186e-7,-0.6487007300403835,0.186,0.331,0.010680672548550315,PTH1R,1.9714013994677682,Sig Down,NA
4.4758295890473254e-7,-0.924823729184659,0.125,0.241,0.011179279564563504,RBPMS,1.9515861831415497,Sig Down,NA
4.635158944826948e-7,1.296274011511387,0.289,0.148,0.011577236496494267,NLGN4Y,1.9363950949741748,Sig Up,NA
5.31029957438998e-7,-0.8790189598254987,0.278,0.421,0.013263535246953853,MKL2,1.8773407041656027,Sig Down,NA
5.32343140973707e-7,0.4981710760225915,0.543,0.421,0.01329633463210028,AC092691.1,1.8762680634271542,Sig Up,NA
5.42031635226182e-7,1.3034292794860485,0.41,0.272,0.013538324153044347,CTNNA3,1.8684350916427277,Sig Up,NA
5.922205078100376e-7,2.4110309941137364,0.13,0.028,0.014791891623571309,MEGF10,1.8299762838024647,Sig Up,NA
6.065377182622242e-7,0.3259109303573373,0.911,0.828,0.015149492589035574,NRXN3,1.8196019130014311,Sig Up,NA
6.243578957639439e-7,0.47328830113994247,0.558,0.41,0.015594587162496027,NCAM2,1.80702611788812,Sig Up,NA
6.9974879659892e-7,3.0582595657069898,0.117,0.021,0.017477625692651225,UGT8,1.7575175659016549,Sig Up,UGT8
7.617394001189802e-7,0.19699462611935603,0.703,0.555,0.01902596499677177,CTNND2,1.7206533065865794,Not sig,NA
8.058520729595124e-7,-1.11292720374677,0.07,0.162,0.020127767226309743,PECAM1,1.6962043987365025,Sig Down,NA
8.095191934070171e-7,2.138513150191036,0.167,0.055,0.020219360893727067,LINC00609,1.694232575981135,Sig Up,NA
8.869182366177603e-7,-1.0871344482391783,0.151,0.266,0.0221525567960018,HACE1,1.6545761413003945,Sig Down,NA
8.983691695349297e-7,-1.2552462770139594,0.153,0.269,0.02243856674747394,SCARB1,1.6490048868785447,Sig Down,NA
1.0173330224589721e-6,-1.0154036689740176,0.134,0.248,0.025409926901957747,ANO2,1.5949965843050833,Sig Down,NA
1.0741135049494518e-6,1.583841263187706,0.173,0.059,0.02682813301312246,C10orf90,1.5714095491063265,Sig Up,NA
1.2104120418633572e-6,0.8353641373109655,0.542,0.41,0.030232461569621075,GALNTL6,1.519526490513865,Sig Up,NA
1.358170502274985e-6,1.2067129495763564,0.27,0.138,0.0339230246353223,AC025159.1,1.469505432244691,Sig Up,NA
1.4028098595191594e-6,-1.308293240137439,0.147,0.255,0.035037981861210044,RYK,1.4554609165388122,Sig Down,NA
1.4578522842179615e-6,0.20971324997435037,0.918,0.841,0.036412776502912025,DLG2,1.4387462045068649,Not sig,NA
1.4700316750618928e-6,0.41507027908779204,0.734,0.631,0.0367169811480209,ANK2,1.4351330334798509,Sig Up,NA
1.8319136587304573e-6,-1.0339307319983462,0.158,0.272,0.04575570745411063,SVIL,1.3395547253958917,Sig Down,NA
2.0224519496598287e-6,-1.0897276429626235,0.086,0.183,0.05051478234665354,ERG,1.2965815139179713,Not sig,NA
2.686117346092377e-6,-0.6545083186209251,0.242,0.376,0.0670911529533493,LHFPL6,1.1733347447618554,Not sig,NA
2.9413159321505443e-6,-1.374871968295681,0.074,0.159,0.07346524803732414,RPGR,1.1339180507764461,Not sig,NA
2.953277571766091e-6,0.8513414922292606,0.482,0.362,0.07376401391000166,EPHA6,1.1321554589347063,Not sig,NA
2.9809450142968958e-6,0.42166619050220744,0.795,0.697,0.07445506362209356,FP236383.1,1.1281057609292333,Not sig,NA
3.094068280814144e-6,-1.0264461458708316,0.271,0.4,0.07728054344989486,PDZD2,1.111929832549335,Not sig,NA
3.2852941219759415e-6,0.6552169079581747,0.629,0.545,0.08205679128459309,ZEB2,1.0858854695119387,Not sig,NA
3.6057589832087913e-6,-1.2757789799229748,0.07,0.155,0.09006104212360598,IFITM3,1.045463031990974,Not sig,NA
4.512970763449359e-6,-1.5972923559074883,0.051,0.124,0.11272047075867464,IL4R,0.9479972061347913,Not sig,NA
4.882008363814668e-6,1.48330051753183,0.168,0.062,0.12193792290299896,ABCA2,0.9138612070461707,Not sig,NA
5.07377780144116e-6,-1.2684117292597619,0.113,0.21,0.12672774814659585,ZBTB46,0.8971282821368265,Not sig,NA
5.21248495006754e-6,0.5572143484912946,0.489,0.331,0.13019223659783696,MT-ND1,0.8854149121060991,Not sig,NA
5.274734520571276e-6,-1.7041115078932005,0.098,0.186,0.13174704412030874,CDYL2,0.8802591198470271,Not sig,NA
5.421439650822289e-6,0.5905567235908751,0.687,0.572,0.13541129815858832,TENM2,0.8683450984040034,Not sig,NA
6.516037261283611e-6,1.429774615002701,0.193,0.083,0.16275106267508074,MOBP,0.7884761670459953,Not sig,NA
6.528967322566946e-6,-0.46360920817522455,0.46,0.614,0.1630740168157546,DLC1,0.7876152311883026,Not sig,NA
6.72553607087569e-6,-1.2216322580931558,0.078,0.162,0.1679837144422621,CGNL1,0.7747328198853868,Not sig,NA
8.237274027978627e-6,-0.8624481429357462,0.144,0.252,0.20574239339682215,SLC7A5,0.686676212333691,Not sig,NA
8.306457248900194e-6,-0.6867537923775437,0.164,0.276,0.20747038270578017,ABCB1,0.6830438919422631,Not sig,NA
8.343375624022012e-6,0.8882618458557654,0.4,0.272,0.2083924929611978,SGCZ,0.6811179299226556,Not sig,NA
9.475973298494202e-6,0.3816540824115524,0.844,0.738,0.2366813850764897,DLGAP1,0.6258358978650427,Not sig,NA
9.859440643710002e-6,-0.9524153194107953,0.115,0.21,0.2462592489579447,CHD1,0.6086074493746462,Not sig,NA
1.0528212647797587e-5,-1.344032205666189,0.053,0.124,0.26296316730404035,MYOF,0.5801050779620907,Not sig,NA
1.1282196635929561e-5,-0.6773376389813638,0.183,0.3,0.28179542537561264,CPNE8,0.5500660614404818,Not sig,NA
1.1453402440819761e-5,2.4224428084327374,0.106,0.024,0.28607163276435515,SUN2,0.5435252052660678,Not sig,NA
1.2331919357207545e-5,-1.426134951765186,0.07,0.148,0.30801434978497283,A2M,0.5114290500993647,Not sig,NA
1.3679629658438796e-5,-1.2811528962928853,0.072,0.152,0.3416761099788258,ADGRF5,0.4663853860449045,Not sig,NA
1.474052435158919e-5,0.668291582849714,0.391,0.255,0.3681740767296432,TMEFF2,0.4339467935876022,Not sig,NA
1.4807329481984414e-5,-1.2724539811854603,0.137,0.234,0.3698426684715247,PCBP3,0.43198298605743557,Not sig,NA
1.5094821431797175e-5,1.5057372888993688,0.186,0.083,0.37702335490199806,PALM2,0.4236317463700613,Not sig,NA
1.5930439664596165e-5,0.6831971162186359,0.492,0.383,0.3978945915026184,SNRPN,0.4002319640869167,Not sig,NA
1.7497971807576406e-5,0.7088818512652004,0.476,0.348,0.4370468418378359,DCLK1,0.3594720136897944,Not sig,NA
1.846611721732472e-5,-0.9156110088815389,0.235,0.345,0.46122820973711953,MIR29B2CHG,0.33608413815422494,Not sig,NA
1.8844664755673154e-5,-0.569256052233047,0.299,0.431,0.47068319160244837,UTRN,0.3272713103499654,Not sig,NA
1.9005648644094442e-5,-0.6487016724693103,0.124,0.224,0.47470408618354687,KIAA0355,0.32357702992198406,Not sig,NA
1.9007733588483016e-5,-0.7053312711623967,0.237,0.352,0.4747561618395403,ELL2,0.32352938986520613,Not sig,NA
1.9187168296027526e-5,0.37464909653109313,0.685,0.572,0.4792379025298795,FRMD5,0.3194488412685326,Not sig,NA
1.9223985862486406e-5,1.5255105649426912,0.126,0.038,0.48015749488732296,SLCO1A2,0.318616287746135,Not sig,NA
1.963328618583963e-5,-0.539906562804593,0.083,0.169,0.49038058906371645,SLC6A12,0.3094667290062801,Not sig,NA
1.9974961048920968e-5,0.6479308035067666,0.515,0.403,0.49891460211889904,ENOX1,0.3019737850428618,Not sig,NA
2.0202545156548292e-5,-0.7768134122774851,0.197,0.307,0.5045989703751067,NUMB,0.2970536399874212,Not sig,NA
2.0559434425029506e-5,-1.4287293134911716,0.088,0.169,0.513512993633962,SEPT9,0.2894485627928285,Not sig,NA
2.1147611097405012e-5,0.5187297697543043,0.579,0.469,0.528203882379885,LRRC7,0.277198410986035,Not sig,NA
2.153971652713917e-5,-1.7496642316257371,0.04,0.1,0.5379974996983551,PRRX1,0.2692197426788352,Not sig,NA
2.29254123213759e-5,-1.111123026170952,0.062,0.134,0.5726080235510058,CARMN,0.24214257081055451,Not sig,NA
2.3730506444935832e-5,-1.1252701948576243,0.115,0.207,0.5927168594751623,COL4A1,0.22715271933952894,Not sig,NA
2.4744787715198874e-5,0.673394472955275,0.535,0.434,0.6180505627625222,KIAA1217,0.20897599379388687,Not sig,NA
2.5116970357221283e-5,0.5126170500586507,0.55,0.438,0.627346568612316,NTM,0.20249247311833724,Not sig,NA
2.572240734293036e-5,-0.4853780950307174,0.45,0.576,0.6424685682043716,XKR6,0.19214811467263834,Not sig,NA
2.6255515810663613e-5,-0.47030628750079995,0.254,0.372,0.6557840184029451,DLGAP4,0.18323917138727827,Not sig,NA
2.6604672366829305e-5,0.944114613218902,0.186,0.083,0.6645049017062955,DOCK5,0.1775018111454109,Not sig,NA
2.6797315469352025e-5,0.8383291557993888,0.418,0.307,0.6693165484780055,NALCN,0.17436843717514208,Not sig,NA
2.8660235421495673e-5,-1.5907607319343353,0.042,0.103,0.7158467001226975,OSBPL2,0.14517997269089342,Not sig,NA
3.0180546352955335e-5,0.5484566731511165,0.492,0.372,0.7538195062577654,GRIK1,0.12273262869259187,Not sig,NA
3.280386530879261e-5,-0.7515308509663099,0.135,0.231,0.819342143817713,CBL,0.08653470612344645,Not sig,NA
3.3759805426991974e-5,0.8433006582563609,0.423,0.321,0.8432186601499785,PEX5L,0.07405979123198277,Not sig,NA
3.464517452749962e-5,-0.6215610088925816,0.266,0.383,0.865332524173358,RBMS1,0.06281697269365348,Not sig,NA
3.735281390668915e-5,-1.0064951480066548,0.178,0.276,0.9329612329473749,NPAS2,0.030136401984290052,Not sig,NA
3.873683539506565e-5,-0.8063149802517895,0.111,0.2,0.9675299376625547,PARVB,0.014335588003630946,Not sig,NA
3.9012367352066015e-5,1.3529905312484678,0.159,0.066,0.9744118993525529,PLEKHH1,0.011257421148394517,Not sig,NA
3.9115983442530096e-5,-1.1606900277560732,0.104,0.19,0.9769999184440742,HSPB1,0.01010547253433852,Not sig,NA
3.9468397064811093e-5,-1.201335749901827,0.062,0.131,0.9858021534877867,FLOT2,0.006210237462648806,Not sig,NA
3.996366445588122e-5,-0.7230031249767317,0.082,0.162,0.9981724471145453,SFI1,7.944222792167935e-4,Not sig,NA
4.05504471325089e-5,0.9127582076096423,0.352,0.238,1,ATP8A1,-0,Not sig,NA
4.084576264319879e-5,-0.5058468363893962,0.345,0.466,1,KMT2E,-0,Not sig,NA
4.176379561067338e-5,-0.5333514277967119,0.183,0.293,1,NXN,-0,Not sig,NA
4.290162311066627e-5,-0.6700345813641947,0.141,0.238,1,COL4A2,-0,Not sig,NA
4.3495448194437147e-5,-0.49978262079799607,0.165,0.272,1,MYO1B,-0,Not sig,NA
4.369945825798294e-5,0.5967197149662731,0.481,0.359,1,TENM3,-0,Not sig,NA
4.371793172802328e-5,-0.8316915706329064,0.198,0.3,1,LDLRAD3,-0,Not sig,NA
4.5979118047462194e-5,-0.9357079152827421,0.102,0.186,1,ISYNA1,-0,Not sig,NA
4.760133421604731e-5,-0.35441849067978803,0.187,0.303,1,EPAS1,-0,Not sig,NA
4.924669252132956e-5,-1.378160208312842,0.058,0.124,1,JAG1,-0,Not sig,NA
4.966767485794028e-5,-0.6448666242448542,0.356,0.476,1,ZEB1,-0,Not sig,NA
4.9928560567671065e-5,-0.9326539400822311,0.251,0.352,1,SH3RF3,-0,Not sig,NA
6.197345463452657e-5,0.5246969607222609,0.392,0.266,1,SYNPR,-0,Not sig,NA
6.569984867976291e-5,-0.7604133775702815,0.087,0.166,1,RTN4RL1,-0,Not sig,NA
6.70376909723732e-5,-0.6734312295822713,0.219,0.334,1,ELOVL7,-0,Not sig,NA
6.855675063748687e-5,0.6708857726816997,0.581,0.469,1,MT-ATP6,-0,Not sig,NA
6.910959733773233e-5,1.4740204697917036,0.14,0.055,1,PIEZO2,-0,Not sig,NA
6.920414605789989e-5,-1.2832350847459162,0.071,0.141,1,CSGALNACT2,-0,Not sig,NA
7.157181804322644e-5,0.8940150585854862,0.382,0.272,1,MAN2A1,-0,Not sig,NA
7.207851059269642e-5,0.3998668317185641,0.696,0.634,1,QKI,-0,Not sig,NA
7.292706005310024e-5,-1.102157745456016,0.044,0.103,1,TFPI,-0,Not sig,NA
7.354815712497875e-5,0.8206806752636964,0.427,0.321,1,SLC44A1,-0,Not sig,NA
7.483465197972696e-5,1.9569745423611713,0.12,0.041,1,GLDN,-0,Not sig,NA
7.532789221040376e-5,-1.7550204743817703,0.046,0.103,1,SLC16A1,-0,Not sig,NA
7.733097068345277e-5,0.26436012213913873,0.909,0.838,1,RBFOX1,-0,Not sig,NA
7.839089310417354e-5,-0.7526096122937225,0.394,0.507,1,ST6GALNAC3,-0,Not sig,NA
7.844740537788686e-5,0.23841769444197425,0.86,0.807,1,TCF4,-0,Not sig,NA
7.874515703849644e-5,-0.7487365206305616,0.27,0.379,1,SEZ6L,-0,Not sig,NA
7.998292962148849e-5,-0.7204086382824451,0.087,0.166,1,IGFL4,-0,Not sig,NA
8.258504318383594e-5,-0.7797037885768932,0.193,0.293,1,AFF1,-0,Not sig,NA
8.270082533545077e-5,-1.3441376933465345,0.057,0.121,1,ZBTB7C,-0,Not sig,NA
8.520615025615149e-5,0.6223036440373559,0.367,0.248,1,TTTY14,-0,Not sig,NA
9.07664683706608e-5,-0.5578137364724314,0.482,0.579,1,ASAP1,-0,Not sig,NA
9.231600308100033e-5,0.5762978855843808,0.568,0.452,1,XKR4,-0,Not sig,NA
9.453739451961822e-5,-0.7668730756270133,0.192,0.29,1,RHOT1,-0,Not sig,NA
9.528561957990494e-5,0.9476971928081983,0.178,0.083,1,TF,-0,Not sig,NA
9.684282990002077e-5,0.4688254664191178,0.618,0.531,1,OXR1,-0,Not sig,NA
9.801935607492673e-5,-1.539377475822578,0.066,0.131,1,ZFP36L1,-0,Not sig,NA
1.0161885013202091e-4,-1.0171380406841797,0.045,0.103,1,PLOD1,-0,Not sig,NA
1.0287606791032473e-4,-0.9689364433779426,0.138,0.224,1,TNS1,-0,Not sig,NA
1.0405874071734842e-4,-1.0762387646933345,0.1,0.179,1,CACHD1,-0,Not sig,NA
1.0482735531847323e-4,-0.5929250163456428,0.315,0.428,1,SETD5,-0,Not sig,NA
1.0582502919135496e-4,-0.8565829711170503,0.118,0.203,1,ITIH5,-0,Not sig,NA
1.0747829537925532e-4,0.9489889269251103,0.33,0.224,1,SGK1,-0,Not sig,NA
1.0923779470662098e-4,-0.33391608877055967,0.673,0.776,1,AC016831.7,-0,Not sig,NA
1.0958732309821635e-4,-0.5155135025592625,0.418,0.517,1,SPIDR,-0,Not sig,NA
1.1181384288731353e-4,0.628578972994484,0.386,0.276,1,PLCL1,-0,Not sig,NA
1.1514005745568566e-4,0.15834625631476484,0.627,0.507,1,RGS7,-0,Not sig,NA
1.153446221273073e-4,-0.7160447589744288,0.234,0.334,1,CLIP1,-0,Not sig,NA
1.155120678451645e-4,-0.7276961137945034,0.098,0.179,1,DOCK6,-0,Not sig,NA
1.2076306305154923e-4,-0.7964292029707178,0.07,0.138,1,ATP8B2,-0,Not sig,NA
1.21967265038009e-4,-1.441965565803667,0.069,0.134,1,RNF213,-0,Not sig,NA
1.2339258762060774e-4,0.7675830459609606,0.346,0.241,1,ZNF704,-0,Not sig,NA
1.26533700299758e-4,-1.1296380853458514,0.122,0.203,1,MRPS6,-0,Not sig,NA
1.284934417885041e-4,-0.8645107245512905,0.138,0.224,1,TSPAN9,-0,Not sig,NA
1.300438825442182e-4,0.4379443887528165,0.611,0.531,1,DMD,-0,Not sig,NA
1.3438935097205367e-4,-1.2852016180537051,0.049,0.107,1,ARRDC3,-0,Not sig,NA
1.4284956971935442e-4,-0.3055313162583482,0.142,0.241,1,VWF,-0,Not sig,NA
1.5165514921034503e-4,-0.8739059493435797,0.074,0.145,1,PDGFRB,-0,Not sig,NA
1.5340451343229537e-4,-0.7172642337283262,0.242,0.352,1,ZFHX3,-0,Not sig,NA
1.5656684195146747e-4,1.7788617166040825,0.106,0.034,1,AC073332.1,-0,Not sig,NA
1.588786133895357e-4,0.8188444746756542,0.393,0.293,1,DOCK10,-0,Not sig,NA
1.593155810722024e-4,1.1076045044157805,0.112,0.038,1,LPAR1,-0,Not sig,NA
1.6358739201345225e-4,-0.6408924049808202,0.196,0.297,1,XPR1,-0,Not sig,NA
1.6374340161520078e-4,-1.1462485354254728,0.1,0.176,1,ZDHHC11B,-0,Not sig,NA
1.64698214072797e-4,-1.1009810768525987,0.053,0.114,1,CFH,-0,Not sig,NA
1.7276068174790994e-4,-0.5010223438943799,0.362,0.466,1,CAMK2D,-0,Not sig,NA
1.7323619968438638e-4,1.8639363204026873,0.11,0.038,1,CARNS1,-0,Not sig,NA
1.751241563140013e-4,-0.7627935536480389,0.138,0.224,1,NCK2,-0,Not sig,NA
1.7558164581137596e-4,-0.8413033348464513,0.134,0.217,1,SPATS2,-0,Not sig,NA
1.8948355995043905e-4,-1.0090225075141888,0.083,0.155,1,CRIP2,-0,Not sig,NA
1.9290200524333168e-4,-1.5530953241192704,0.075,0.141,1,SHANK3,-0,Not sig,NA
1.995540223026368e-4,0.545163822371181,0.592,0.531,1,CNTNAP5,-0,Not sig,NA
2.0743548607650265e-4,-1.3330979081178678,0.104,0.179,1,AKAP13,-0,Not sig,NA
2.112119820834433e-4,0.5825603601245333,0.475,0.372,1,FAF1,-0,Not sig,NA
2.155695452535611e-4,-0.7023334500394631,0.199,0.297,1,TLK1,-0,Not sig,NA
2.206064703924925e-4,1.1760538161363203,0.281,0.186,1,GPC6,-0,Not sig,NA
2.2727582844038932e-4,-0.47665479171513653,0.157,0.248,1,BNIP3L,-0,Not sig,NA
2.273263235582454e-4,-0.22562034680157428,0.676,0.8,1,PTPRG,-0,Not sig,NA
2.3480004868384248e-4,-0.6526911826673302,0.098,0.176,1,EXD3,-0,Not sig,NA
2.3801834899287244e-4,-1.013084153619945,0.085,0.155,1,PXYLP1,-0,Not sig,NA
2.382420023260444e-4,0.316272020693666,0.726,0.634,1,NRXN1,-0,Not sig,NA
2.4011784669074492e-4,-0.7188658818146991,0.341,0.448,1,CCNY,-0,Not sig,NA
2.4130330825276032e-4,0.38650370333400064,0.686,0.617,1,CELF2,-0,Not sig,NA
2.4306596378842083e-4,-0.4165639285211846,0.305,0.424,1,MTUS1,-0,Not sig,NA
2.500218329215836e-4,-0.8614220986999299,0.047,0.103,1,SRGN,-0,Not sig,NA
2.616420049847686e-4,-0.8432450069916583,0.114,0.193,1,LARP4,-0,Not sig,NA
2.696134473761488e-4,0.8644762357818827,0.288,0.186,1,TAPT1-AS1,-0,Not sig,NA
2.7342827683321964e-4,-0.9641106157832509,0.109,0.186,1,GRM8,-0,Not sig,NA
2.743772477266784e-4,-0.46946015957052256,0.334,0.445,1,MKL1,-0,Not sig,NA
2.7475328536633514e-4,1.1446525801416414,0.201,0.11,1,LIPA,-0,Not sig,NA
2.768972760695808e-4,-0.5046940395025761,0.345,0.448,1,ARHGAP32,-0,Not sig,NA
2.7856160628748883e-4,-1.1596867903156483,0.06,0.121,1,BHLHE40,-0,Not sig,NA
2.7909067234646904e-4,0.7342588943294954,0.424,0.334,1,TTLL7,-0,Not sig,NA
2.839159873470916e-4,-0.577299912186869,0.129,0.214,1,AES,-0,Not sig,NA
2.8523788978231524e-4,0.6485925600361893,0.395,0.29,1,ASIC2,-0,Not sig,NA
2.854877665039424e-4,-0.728182175925448,0.059,0.121,1,ENTPD6,-0,Not sig,NA
2.8557007976113126e-4,-0.5544254321382625,0.273,0.376,1,CPSF6,-0,Not sig,NA
2.8755001620693225e-4,-0.7272529934351983,0.297,0.4,1,MYO9A,-0,Not sig,NA
2.881384176833603e-4,-0.9270583678737199,0.062,0.124,1,MFGE8,-0,Not sig,NA
2.978482088054158e-4,-0.9985502556313957,0.135,0.214,1,FAM219A,-0,Not sig,NA
3.099936531530765e-4,0.2617309959492342,0.803,0.748,1,PLCB1,-0,Not sig,NA
3.151616760682705e-4,-0.6639481046927651,0.08,0.148,1,GNG4,-0,Not sig,NA
3.194467390716515e-4,-0.9621537027549648,0.053,0.11,1,ABCG2,-0,Not sig,NA
3.299417465557471e-4,-0.8406197275322428,0.286,0.383,1,SCN8A,-0,Not sig,NA
3.300643177207447e-4,-0.9696963812272936,0.086,0.155,1,USP53,-0,Not sig,NA
3.321830027026977e-4,-0.6209697862431174,0.347,0.455,1,TSC22D1,-0,Not sig,NA
3.3281463355756754e-4,1.4123721476372673,0.148,0.069,1,ENPP2,-0,Not sig,NA
3.381409652255073e-4,-1.5393270647041315,0.049,0.103,1,MYL9,-0,Not sig,NA
3.4949462422373097e-4,0.476912934586883,0.524,0.424,1,CADM1,-0,Not sig,NA
3.5999829039653775e-4,-1.0291740525529058,0.138,0.221,1,RNF152,-0,Not sig,NA
3.6000846618194676e-4,1.135367666042214,0.101,0.034,1,BACE1,-0,Not sig,NA
3.627129282689479e-4,-0.5695381000685937,0.238,0.341,1,RAPGEF1,-0,Not sig,NA
3.7104119967055815e-4,0.5218640889260775,0.545,0.434,1,MT-ND3,-0,Not sig,NA
3.831593323871512e-4,0.3993510722289271,0.567,0.455,1,BCAS3,-0,Not sig,NA
3.962432339570331e-4,-1.0540950432946012,0.066,0.128,1,SEMA6B,-0,Not sig,NA
3.9936615025685753e-4,0.7397826462029353,0.399,0.307,1,PAK3,-0,Not sig,NA
4.107627091735405e-4,-0.9600589251433045,0.049,0.103,1,ADGRD1,-0,Not sig,NA
4.261239652013631e-4,-0.9622314226890059,0.122,0.197,1,GPBP1L1,-0,Not sig,NA
4.40826609293819e-4,-0.9652890297101895,0.056,0.114,1,YBX3,-0,Not sig,NA
4.5081773314965725e-4,-0.8219609307654112,0.149,0.231,1,RBM17,-0,Not sig,NA
4.540418303042628e-4,-0.7911015235608918,0.136,0.217,1,CYFIP1,-0,Not sig,NA
4.5541474214414986e-4,-0.5113880571016705,0.362,0.479,1,MCTP1,-0,Not sig,NA
4.5908899891682623e-4,-1.0570899619537797,0.074,0.138,1,ST8SIA6,-0,Not sig,NA
4.59110715951811e-4,-0.5167022117480469,0.262,0.362,1,PACS1,-0,Not sig,NA
4.5954364990817727e-4,-0.5901505656824333,0.358,0.448,1,TMEM132D,-0,Not sig,NA
4.6431691730172096e-4,2.050946024015439,0.107,0.041,1,AZIN1-AS1,-0,Not sig,NA
4.8102265560781966e-4,0.5530994251002563,0.547,0.476,1,PRKN,-0,Not sig,NA
4.8333669902642047e-4,-0.3223383105597808,0.277,0.39,1,SPECC1,-0,Not sig,NA
5.075784665529572e-4,-1.339431888188587,0.053,0.107,1,BTNL9,-0,Not sig,NA
5.118204025702094e-4,-0.46997665699541935,0.575,0.659,1,CACNA1C,-0,Not sig,NA
5.785731013517957e-4,0.9136588499150524,0.214,0.124,1,C1QTNF3-AMACR,-0,Not sig,NA
5.791116241109186e-4,0.7008633121601826,0.374,0.272,1,DNAJC6,-0,Not sig,NA
5.818658463687288e-4,-0.8236730848901229,0.074,0.138,1,YAP1,-0,Not sig,NA
6.06636471782514e-4,-0.7798576254130014,0.097,0.166,1,ITGB1,-0,Not sig,NA
6.219303887822757e-4,-0.6414388995963369,0.276,0.366,1,GPR158,-0,Not sig,NA
6.283138026793191e-4,-0.4114143888271664,0.288,0.39,1,SIK2,-0,Not sig,NA
6.333982362841276e-4,0.3524815054315531,0.711,0.621,1,GRIP1,-0,Not sig,NA
6.518194701163219e-4,-0.5230692301853831,0.186,0.276,1,STAT3,-0,Not sig,NA
6.648654528648995e-4,1.2582360100317063,0.19,0.11,1,CRB1,-0,Not sig,NA
6.720539921573031e-4,1.5033175572804638,0.186,0.107,1,HDAC2-AS2,-0,Not sig,NA
6.777913083245074e-4,-0.8557867096732495,0.053,0.107,1,RIPOR3,-0,Not sig,NA
6.892704452908549e-4,-0.5395145259657983,0.366,0.455,1,UBR5,-0,Not sig,NA
7.099099705831468e-4,1.1847683356613705,0.189,0.107,1,PWRN1,-0,Not sig,NA
7.149543163263703e-4,0.9703647562047428,0.272,0.186,1,PXK,-0,Not sig,NA
7.166800650046033e-4,-0.9951287745453103,0.131,0.203,1,KSR1,-0,Not sig,NA
7.332295760133268e-4,0.28576695716677847,0.802,0.714,1,SYT1,-0,Not sig,NA
7.450785952738476e-4,0.7305470760047134,0.127,0.055,1,SLC5A11,-0,Not sig,NA
7.534370580848049e-4,1.0486998077409806,0.147,0.072,1,DPH6,-0,Not sig,NA
7.54434633008511e-4,1.0930163333950906,0.154,0.079,1,FGFR2,-0,Not sig,NA
7.641486839088768e-4,-0.8271926883331975,0.16,0.241,1,ATP11A,-0,Not sig,NA
7.658803362261112e-4,0.84609574401391,0.279,0.193,1,SLAIN1,-0,Not sig,NA
7.84076526746522e-4,0.8389715917076677,0.219,0.131,1,AC079447.1,-0,Not sig,NA
7.9010065533775e-4,-0.4864812716286381,0.17,0.255,1,BRD4,-0,Not sig,NA
8.143768421341988e-4,0.712676290701565,0.259,0.169,1,PLXDC2,-0,Not sig,NA
8.178563448964279e-4,-0.9465365756442382,0.078,0.138,1,GSG1L,-0,Not sig,NA
8.179931934247194e-4,0.3618243083211663,0.623,0.517,1,LRRC4C,-0,Not sig,NA
8.268423505651763e-4,-0.8958666389430758,0.058,0.114,1,LINC02147,-0,Not sig,NA
8.389156507259728e-4,-0.7663102125399779,0.176,0.259,1,NSD2,-0,Not sig,NA
8.703666721559193e-4,-1.1339214373344206,0.049,0.1,1,LAMA4,-0,Not sig,NA
8.773546621985216e-4,-1.271140791309667,0.06,0.114,1,CTNNAL1,-0,Not sig,NA
8.961087149532247e-4,-0.8795168240514908,0.294,0.376,1,GALNT18,-0,Not sig,NA
8.971696373076461e-4,0.4316441905826398,0.704,0.645,1,GRIK2,-0,Not sig,NA
9.373607294226252e-4,-0.9481586474025485,0.095,0.162,1,RHOJ,-0,Not sig,NA
9.463313953332228e-4,1.0044686855646332,0.141,0.069,1,AC087564.1,-0,Not sig,NA
9.70180383871062e-4,-0.46786024540520477,0.257,0.362,1,KCNJ6,-0,Not sig,NA
9.726983542829294e-4,-0.7530897523541179,0.215,0.3,1,TRPC4,-0,Not sig,NA
9.740238884707601e-4,1.2526354989275197,0.114,0.048,1,SHROOM4,-0,Not sig,NA
0.001059746574230958,-0.6312485719525301,0.143,0.221,1,GRK5,-0,Not sig,NA
0.0010600530082887207,-0.7809014746506087,0.198,0.283,1,CLSTN2,-0,Not sig,NA
0.001091514681093384,-0.8830077547699531,0.054,0.107,1,NFKBIA,-0,Not sig,NA
0.0011027661142287808,0.9346131169015093,0.211,0.131,1,PDE1A,-0,Not sig,NA
0.0011455771533300703,-0.7023469492863618,0.114,0.183,1,NAA16,-0,Not sig,NA
0.0011473318280844987,0.875918930819855,0.319,0.234,1,TBCK,-0,Not sig,NA
0.0011569702955684861,0.7890553740224475,0.17,0.093,1,TRPM3,-0,Not sig,NA
0.0011847563225692523,0.8161998058489656,0.23,0.148,1,PCDH11X,-0,Not sig,NA
0.0012235936141469909,-0.6228668681693672,0.114,0.183,1,UNC13A,-0,Not sig,NA
0.0012256115709858358,-0.4504627048304317,0.391,0.476,1,TENM4,-0,Not sig,NA
0.001242183555486255,-0.4922546851450612,0.206,0.293,1,FKBP5,-0,Not sig,NA
0.0012458942945970653,-0.7409121369824947,0.086,0.148,1,TGFBR3,-0,Not sig,NA
0.0012583780506431389,0.5117331399856768,0.392,0.3,1,GRM7,-0,Not sig,NA
0.0012890708080062901,1.120227295413408,0.224,0.145,1,CREB5,-0,Not sig,NA
0.0012907870668888242,-0.9039503169228138,0.066,0.121,1,FN1,-0,Not sig,NA
0.001291664139795859,0.8280922912227602,0.378,0.307,1,SLIT2,-0,Not sig,NA
0.001294876594045576,1.4465191762260208,0.102,0.041,1,BCAS1,-0,Not sig,NA
0.001301806114561579,0.49449835962675825,0.534,0.448,1,UNC5C,-0,Not sig,NA
0.0013118774873424452,0.5821852148201867,0.31,0.217,1,PRUNE2,-0,Not sig,NA
0.0013224078709193352,1.2098837522414452,0.12,0.055,1,GREB1L,-0,Not sig,NA
0.0013271321684108998,-0.5499704098491401,0.226,0.31,1,YWHAZ,-0,Not sig,NA
0.0013394991142549634,-1.3594134650213463,0.062,0.114,1,LRP11,-0,Not sig,NA
0.0013539615689021221,-0.8695981268354125,0.09,0.152,1,TMOD3,-0,Not sig,NA
0.0013653957538968923,-1.1154238882443153,0.061,0.114,1,TNXB,-0,Not sig,NA
0.0013794501892383057,0.5211116091287087,0.566,0.486,1,MT-CO1,-0,Not sig,NA
0.0013808189208518865,0.7739895314259264,0.368,0.286,1,SLC44A5,-0,Not sig,NA
0.0014068382316899067,-0.7492204420982556,0.094,0.159,1,PFKL,-0,Not sig,NA
0.0014263074029140352,-0.9793158328948952,0.082,0.141,1,MALT1,-0,Not sig,NA
0.001428469911187347,-1.152045547379761,0.056,0.107,1,AC018816.1,-0,Not sig,NA
0.0015053599025078707,-0.8619756124555142,0.09,0.152,1,BCL6,-0,Not sig,NA
0.0015145591851780395,0.7198070639504794,0.39,0.317,1,AC006148.1,-0,Not sig,NA
0.0015291661210401453,-1.015975120643273,0.089,0.148,1,HIF1A,-0,Not sig,NA
0.0015645343732247632,-0.42613555158132943,0.133,0.207,1,SUN1,-0,Not sig,NA
0.001569777847030843,-0.3236739446673799,0.173,0.255,1,ABLIM2,-0,Not sig,NA
0.0015879818056041964,-0.2885497198790603,0.307,0.403,1,ESYT2,-0,Not sig,NA
0.0016023124561811907,-0.17705399563482693,0.415,0.534,1,PARD3,-0,Not sig,NA
0.0016719582497549193,1.0809271657201167,0.171,0.097,1,AC116366.3,-0,Not sig,NA
0.001672531613169398,-0.21413595746803024,0.144,0.224,1,ATP13A3,-0,Not sig,NA
0.0017288855522212753,0.6019272861431046,0.405,0.328,1,SOX6,-0,Not sig,NA
0.0017309285376581076,-0.9362895231885311,0.109,0.172,1,SLC25A36,-0,Not sig,NA
0.001740783207481907,-0.5491512583167635,0.106,0.172,1,DLGAP3,-0,Not sig,NA
0.0018181138321905095,-1.0811638978060465,0.122,0.19,1,ABCA1,-0,Not sig,NA
0.0018763558007841407,1.5252866727124141,0.106,0.048,1,H1FX,-0,Not sig,NA
0.0018793779409763316,-1.2674717643583044,0.068,0.121,1,KRTAP5-AS1,-0,Not sig,NA
0.0018963765872886354,-0.4824812230213351,0.26,0.345,1,AGO3,-0,Not sig,NA
0.0019284500207193403,-0.3709724155002201,0.075,0.134,1,LIMS2,-0,Not sig,NA
0.0019533607941014082,-0.7429140482629916,0.126,0.193,1,DACH1,-0,Not sig,NA
0.001962066369079603,0.6884511198199459,0.286,0.193,1,PCDH15,-0,Not sig,NA
0.0019698199144315776,-0.5745485657972998,0.217,0.3,1,RIMBP2,-0,Not sig,NA
0.0019881966769388225,-0.6558563597579252,0.251,0.331,1,RICTOR,-0,Not sig,NA
0.0019947869086197447,1.098491416654721,0.172,0.1,1,LRRC28,-0,Not sig,NA
0.002008893221570245,-1.2436863587465854,0.058,0.107,1,NDST1,-0,Not sig,NA
0.0020257841652235797,1.199384990096319,0.211,0.138,1,AC233296.1,-0,Not sig,NA
0.002029196665649061,0.6760867169538946,0.323,0.238,1,PPP1R9A,-0,Not sig,NA
0.002065191060644154,-0.39307809491285006,0.374,0.469,1,ARHGEF12,-0,Not sig,NA
0.0020882969106393407,-0.500597121229408,0.216,0.3,1,ROCK1,-0,Not sig,NA
0.0021095411424845007,-1.0701049056233742,0.058,0.107,1,EBF4,-0,Not sig,NA
0.0021408348478203377,-0.8232447994821197,0.059,0.11,1,SMTN,-0,Not sig,NA
0.002149625519177338,0.3612403401594615,0.657,0.593,1,CNTN4,-0,Not sig,NA
0.0022354198933011776,0.3032204222886796,0.712,0.638,1,FGF12,-0,Not sig,NA
0.0022492301076292762,0.36201348421278956,0.655,0.576,1,NTRK2,-0,Not sig,NA
0.0022523933246351405,-0.5704337479577644,0.28,0.359,1,CSMD2,-0,Not sig,NA
0.0022532091824111825,-0.9749874425898507,0.138,0.203,1,MCU,-0,Not sig,NA
0.002257803276304973,-0.26825433362593776,0.527,0.641,1,SOX5,-0,Not sig,NA
0.002301209645667546,0.6542954402165129,0.388,0.307,1,LRRTM3,-0,Not sig,NA
0.0023165811330116567,-1.0212215845740644,0.079,0.134,1,RELL1,-0,Not sig,NA
0.0023170165817305295,-0.7008224800928142,0.153,0.224,1,DNAJB6,-0,Not sig,NA
0.002335651114045796,-0.6742024885021592,0.173,0.248,1,BACH1,-0,Not sig,NA
0.002340242099841551,-0.731003113692345,0.09,0.148,1,CTTN,-0,Not sig,NA
0.0023547881337622717,-0.5109521829180578,0.151,0.224,1,OGT,-0,Not sig,NA
0.0023563140207045,-0.8542279886550437,0.11,0.172,1,CLK1,-0,Not sig,NA
0.0023796390260749168,0.25420399096724067,0.367,0.283,1,LINGO2,-0,Not sig,NA
0.00238066960024537,-0.44854429853363953,0.19,0.269,1,FAM208B,-0,Not sig,NA
0.002406202488130031,-0.5632640941189683,0.106,0.169,1,WDSUB1,-0,Not sig,NA
0.002420164006697152,-0.7792483282118111,0.187,0.262,1,DIAPH2,-0,Not sig,NA
0.0024240920797218143,-0.38514885539868726,0.352,0.448,1,PPM1E,-0,Not sig,NA
0.002450664050837903,-0.3678006584824769,0.523,0.614,1,SORBS1,-0,Not sig,NA
0.0024658058289374054,-0.6710877730776796,0.21,0.286,1,SNRNP70,-0,Not sig,NA
0.0024739634870398096,-0.7538578532308511,0.185,0.255,1,PPP3CC,-0,Not sig,NA
0.0024756216729822423,0.9967359778165232,0.142,0.076,1,NDST3,-0,Not sig,NA
0.002494232788917241,-0.5006936922222173,0.062,0.114,1,SLC6A13,-0,Not sig,NA
0.0025096837081231334,0.8229461456218085,0.103,0.045,1,MYRF,-0,Not sig,NA
0.0025169183947182003,0.8710387547563925,0.116,0.055,1,RFTN2,-0,Not sig,NA
0.0025483154247185704,0.1765625260727619,0.807,0.731,1,ANKS1B,-0,Not sig,NA
0.002582844209318924,-0.5399840872511368,0.204,0.279,1,ATP2C1,-0,Not sig,NA
0.0025861300281821977,-0.37950482281398146,0.346,0.431,1,GNAS,-0,Not sig,NA
0.0026197334081030856,0.6351833916709244,0.424,0.348,1,TRIM2,-0,Not sig,NA
0.0026424428952951016,-0.6699440264651639,0.188,0.262,1,ZFYVE28,-0,Not sig,NA
0.002650819590337209,-0.9176388978075225,0.064,0.114,1,RASSF3,-0,Not sig,NA
0.0026700952142612536,1.386267734843119,0.11,0.052,1,ANKFN1,-0,Not sig,NA
0.002692520868550912,-0.5292152946849983,0.125,0.193,1,LEF1,-0,Not sig,NA
0.002712348423295438,-0.48198086908343096,0.229,0.31,1,RAB11FIP3,-0,Not sig,NA
0.0027580474530422036,0.3581473547916598,0.706,0.662,1,CCSER1,-0,Not sig,NA
0.0027773358461595297,-0.4409232339443523,0.219,0.307,1,CALD1,-0,Not sig,NA
0.002781273730509399,-0.9827239771556449,0.103,0.162,1,PRPF4B,-0,Not sig,NA
0.0028312258832930894,0.4389395281626025,0.599,0.531,1,GRID2,-0,Not sig,NA
0.0029252961614178127,0.9658229750007551,0.11,0.052,1,VRK2,-0,Not sig,NA
0.002967904718483779,0.759760113653531,0.133,0.069,1,P2RX7,-0,Not sig,NA
0.003091859699892927,0.4548141366662546,0.554,0.49,1,KCND2,-0,Not sig,NA
0.0030953422724420347,0.5343902090768797,0.415,0.334,1,TMTC2,-0,Not sig,NA
0.0031222614973161226,1.709051180259007,0.112,0.055,1,SLC9A7,-0,Not sig,NA
0.003182182772037362,-0.9869226690427766,0.054,0.1,1,TPI1,-0,Not sig,NA
0.0032194449219747007,-0.6207358263199947,0.191,0.266,1,MTMR3,-0,Not sig,NA
0.003285574866547561,1.6695232822131816,0.102,0.048,1,ZFHX4,-0,Not sig,NA
0.0032893192732975883,-0.5652001571871105,0.13,0.197,1,AK3,-0,Not sig,NA
0.003293393439612623,-0.3944928835424677,0.419,0.514,1,PDZRN3,-0,Not sig,NA
0.00334448165689371,0.11544053944854138,0.892,0.834,1,NRG3,-0,Not sig,NA
0.003356223359218732,-0.3378981544194746,0.424,0.528,1,LPP,-0,Not sig,NA
0.003379636191550207,-0.43304520045983486,0.378,0.462,1,SDK1,-0,Not sig,NA
0.0033813086186685877,0.4007334573125241,0.642,0.586,1,ATXN1,-0,Not sig,NA
0.003428278251077276,-0.49879580939718793,0.185,0.259,1,NUAK1,-0,Not sig,NA
0.003443720327013617,-0.5328987448647607,0.278,0.362,1,ADD1,-0,Not sig,NA
0.0034763567091684665,1.2062930425694711,0.134,0.072,1,PTPRZ1,-0,Not sig,NA
0.003508419321409207,1.1802517261045604,0.179,0.114,1,ADAMTSL3,-0,Not sig,NA
0.0035435540717613312,-0.7928801865249452,0.087,0.141,1,GPCPD1,-0,Not sig,NA
0.0036642187049439148,-1.0806889643126079,0.09,0.145,1,TSHZ1,-0,Not sig,NA
0.003702973289614297,-1.1809100640112535,0.074,0.124,1,PODXL,-0,Not sig,NA
0.0037320045617439787,-1.0277376790938106,0.054,0.1,1,STK11,-0,Not sig,NA
0.003732856297520748,1.4610287258419279,0.127,0.069,1,IQCK,-0,Not sig,NA
0.0037960768729832562,-0.4862877999738229,0.34,0.431,1,CMIP,-0,Not sig,NA
0.003797198174473129,-0.5282125329708773,0.208,0.283,1,ETNK1,-0,Not sig,NA
0.0038324601409570444,-0.6962603292977967,0.274,0.352,1,FNDC3A,-0,Not sig,NA
0.0038870668840328497,1.0361277613446453,0.226,0.155,1,KCNQ1OT1,-0,Not sig,NA
0.003921172078407748,-0.3091837820565009,0.418,0.514,1,IGF1R,-0,Not sig,NA
0.003943403420748035,-0.4882245005178346,0.212,0.29,1,DENND2A,-0,Not sig,NA
0.004003032604694136,-0.6481212556451146,0.065,0.114,1,ATP5F1C,-0,Not sig,NA
0.004096272607261643,-0.7710308540246369,0.09,0.145,1,GATAD2A,-0,Not sig,NA
0.00412080009085827,-0.8508234367916061,0.143,0.203,1,NACC2,-0,Not sig,NA
0.004139427978537328,-0.4770059119810055,0.488,0.541,1,DLGAP2,-0,Not sig,NA
0.004141726773616968,-0.49414361487455327,0.27,0.348,1,JARID2,-0,Not sig,NA
0.004148884616848356,1.041296886114356,0.12,0.062,1,FAM107B,-0,Not sig,NA
0.004167135333060065,-0.8039075285010838,0.073,0.124,1,COL18A1,-0,Not sig,NA
0.004182180715347803,0.5169509092635187,0.484,0.403,1,ANO4,-0,Not sig,NA
0.004213983462047512,0.39240284922780067,0.498,0.428,1,ERC2,-0,Not sig,NA
0.00421953637104778,-1.2120969176686844,0.082,0.134,1,ATF7IP2,-0,Not sig,NA
0.004251151463680444,-1.072551682458841,0.055,0.1,1,KDM3A,-0,Not sig,NA
0.004311617196813455,-0.3066879443025723,0.47,0.545,1,NTRK3,-0,Not sig,NA
0.00431216732187527,-0.6950513406097589,0.157,0.224,1,CHST15,-0,Not sig,NA
0.0043887409005121366,0.33010678508909175,0.674,0.607,1,NEGR1,-0,Not sig,NA
0.004439125863359294,-0.7325613955447323,0.285,0.352,1,PLPP1,-0,Not sig,NA
0.0044437907054734075,-0.5401506412708988,0.246,0.324,1,PHC3,-0,Not sig,NA
0.004498628205031634,-1.241804723517545,0.086,0.138,1,PALM,-0,Not sig,NA
0.004503064776075156,-0.6400050339627532,0.22,0.29,1,RC3H1,-0,Not sig,NA
0.0045195292160112146,-0.7674368077328444,0.132,0.193,1,JPH4,-0,Not sig,NA
0.004529032450391424,0.23305829920983223,0.629,0.548,1,ASTN2,-0,Not sig,NA
0.004538028111544949,1.6156320755767541,0.109,0.055,1,CCNJL,-0,Not sig,NA
0.0045608462669006625,-0.42678163784339684,0.18,0.255,1,USP25,-0,Not sig,NA
0.004593627643093407,-1.0979721941207714,0.129,0.186,1,P4HA1,-0,Not sig,NA
0.004627270529381975,-0.642313518363494,0.084,0.138,1,ZNF44,-0,Not sig,NA
0.0046350073956815,-1.3817177112641197,0.073,0.121,1,TPST2,-0,Not sig,NA
0.004665304375583306,-0.31071275516816077,0.145,0.214,1,BCL2L1,-0,Not sig,NA
0.004682501775324258,-0.7014010221015039,0.058,0.103,1,PDK1,-0,Not sig,NA
0.00469462330183727,-0.7356038998728437,0.077,0.128,1,MAN2C1,-0,Not sig,NA
0.00469821046584073,-0.9223192704893316,0.055,0.1,1,ATP11C,-0,Not sig,NA
0.004831443554352046,-0.4983974672082344,0.128,0.193,1,PRKCH,-0,Not sig,NA
0.004915566035365786,-0.7707514006103654,0.097,0.152,1,RAC1,-0,Not sig,NA
0.004921942047930477,-0.7693515362994531,0.078,0.128,1,UNC5B,-0,Not sig,NA
0.004937339427741727,0.6027568807851638,0.12,0.062,1,KCNH8,-0,Not sig,NA
0.004945404675318347,-0.49903897737764147,0.146,0.21,1,SUGP2,-0,Not sig,NA
0.004953846117376943,0.4264316849515568,0.37,0.283,1,ADARB2,-0,Not sig,NA
0.004987823543389138,-0.9449108208941566,0.066,0.114,1,ZMYM5,-0,Not sig,NA
0.00499790570768644,-0.45487868986803703,0.378,0.448,1,NFAT5,-0,Not sig,NA
0.004999491111319449,-0.370796581770942,0.343,0.424,1,UBE2D3,-0,Not sig,NA
0.0050048985086541785,-0.9405974018931474,0.069,0.117,1,SH3GL1,-0,Not sig,NA
0.0050868045564151625,-0.5769981323348954,0.338,0.417,1,DYRK1A,-0,Not sig,NA
0.005131008417864147,-0.7810856005433059,0.123,0.183,1,PTPRB,-0,Not sig,NA
0.005173228637781003,-0.6335640078934291,0.201,0.269,1,CTBP2,-0,Not sig,NA
0.00520253808051159,-0.7685503322945213,0.134,0.193,1,SLC1A1,-0,Not sig,NA
0.0052253750426083925,-0.8246639633166297,0.091,0.145,1,FRA10AC1,-0,Not sig,NA
0.005229573038174093,0.7721780115096004,0.157,0.093,1,PCSK6,-0,Not sig,NA
0.005350076815018956,-0.5731318697700107,0.127,0.19,1,BCR,-0,Not sig,NA
0.00538154600285093,-0.6512261855044599,0.313,0.376,1,DENND4A,-0,Not sig,NA
0.005403582483551193,-0.7797816931571576,0.058,0.103,1,MACROD1,-0,Not sig,NA
0.005416372910699117,1.0209432176998259,0.105,0.052,1,SLC13A3,-0,Not sig,NA
0.005439664103419863,-0.5706152967497584,0.081,0.134,1,HES4,-0,Not sig,NA
0.0054452441575709234,0.22131117124686606,0.657,0.59,1,DNM3,-0,Not sig,NA
0.005451039452750455,-0.4892331745136176,0.233,0.303,1,ABR,-0,Not sig,NA
0.0055194365734898745,-0.36734403658118675,0.255,0.331,1,PPP2R5E,-0,Not sig,NA
0.0055343653176848735,1.5968384469719248,0.103,0.052,1,CDH7,-0,Not sig,NA
0.005534677672289128,-0.7677691081149054,0.106,0.162,1,MORC3,-0,Not sig,NA
0.005622564716825089,1.1109010385330347,0.109,0.055,1,KIF6,-0,Not sig,NA
0.0056275745612331856,-0.6628303386041603,0.122,0.183,1,ACTN1,-0,Not sig,NA
0.0056674110015127845,0.825503324571838,0.197,0.128,1,ISPD,-0,Not sig,NA
0.005746461887379559,0.3237863740072564,0.574,0.507,1,AKAP6,-0,Not sig,NA
0.00579076886541351,-1.1796529338771775,0.068,0.114,1,CNKSR3,-0,Not sig,NA
0.005820014574252292,-0.4665821213843595,0.301,0.379,1,PIAS1,-0,Not sig,NA
0.005857063024665052,-0.24786291159521545,0.062,0.11,1,AL136531.2,-0,Not sig,NA
0.005923163069800681,0.6052730378236254,0.232,0.159,1,ANO5,-0,Not sig,NA
0.005965601669898484,-0.8270163542817754,0.067,0.114,1,USP28,-0,Not sig,NA
0.005994497702441378,-0.9133927053554006,0.098,0.152,1,PLXDC1,-0,Not sig,NA
0.0060848597596449725,-0.36502848091041606,0.46,0.566,1,PTPRK,-0,Not sig,NA
0.006104953976851566,-0.5304204560881874,0.102,0.159,1,SLC38A11,-0,Not sig,NA
0.0061088080060663404,-0.4497446876988844,0.26,0.341,1,MCC,-0,Not sig,NA
0.006119836465807488,-0.38503979471769356,0.232,0.307,1,RNF24,-0,Not sig,NA
0.006210595588490608,-0.806819418155766,0.118,0.176,1,EPB41L4A,-0,Not sig,NA
0.006412678290744619,-0.5238003249837018,0.304,0.383,1,PI4KA,-0,Not sig,NA
0.006454650780118697,0.7659150537063173,0.362,0.3,1,BACH2,-0,Not sig,NA
0.006487547132643314,-0.5239768223955859,0.214,0.286,1,ASXL1,-0,Not sig,NA
0.006491121527858992,-0.2565603641873313,0.562,0.638,1,TRIO,-0,Not sig,NA
0.006519691888493899,-0.872812359117732,0.065,0.11,1,AL158152.2,-0,Not sig,NA
0.0066437733252698306,-0.820724865346363,0.076,0.124,1,EFNB2,-0,Not sig,NA
0.006647454349361572,-0.33796777181132676,0.482,0.559,1,MED13L,-0,Not sig,NA
0.006662419578206381,-0.3745403572835448,0.191,0.262,1,SORL1,-0,Not sig,NA
0.006731497197960257,-1.0475559640409395,0.062,0.107,1,KCNK1,-0,Not sig,NA
0.006858167343476381,-0.45800633273964797,0.51,0.579,1,PTK2,-0,Not sig,NA
0.006861250660713853,-0.5255330641353202,0.331,0.41,1,CHD9,-0,Not sig,NA
0.006897322012895512,0.8823204769731252,0.173,0.11,1,PCDH11Y,-0,Not sig,NA
0.006903528780319538,-0.8569930792831599,0.074,0.121,1,ACVR1B,-0,Not sig,NA
0.00692869827123502,1.5880845637162821,0.122,0.069,1,TSEN2,-0,Not sig,NA
0.006943559328195545,-0.8252719039714816,0.073,0.121,1,NEURL1,-0,Not sig,NA
0.006972199705070035,-0.4901481536480621,0.082,0.134,1,ATP6V1C1,-0,Not sig,NA
0.006977390737239503,-0.7707006206651201,0.082,0.131,1,DSTN,-0,Not sig,NA
0.0069809875309172756,-0.4359389274405936,0.257,0.331,1,AKAP9,-0,Not sig,NA
0.007134498361022081,0.8829996559202028,0.134,0.076,1,GPRC5B,-0,Not sig,NA
0.007173698758764528,-0.2765474784316795,0.298,0.39,1,TMEM132C,-0,Not sig,NA
0.007282522340705827,0.4766090191290411,0.331,0.259,1,GALNT13,-0,Not sig,NA
0.007322999847935451,-0.4571407871111458,0.14,0.203,1,HNRNPD,-0,Not sig,NA
0.007362212452918926,1.505485128094373,0.118,0.066,1,PISD,-0,Not sig,NA
0.007424253604952385,-1.0264250802135868,0.074,0.121,1,RNF144B,-0,Not sig,NA
0.007434790185151711,-0.35252688042716596,0.321,0.4,1,FAM168A,-0,Not sig,NA
0.007436409240037309,-0.4265821998113464,0.341,0.428,1,FLRT2,-0,Not sig,NA
0.007524973542180405,-0.7570345256293592,0.15,0.21,1,CFLAR,-0,Not sig,NA
0.007602360061778548,0.7150318884449278,0.258,0.19,1,SEMA6D,-0,Not sig,NA
0.0076463944469280214,-0.5714274513851121,0.085,0.134,1,ADAM9,-0,Not sig,NA
0.0076614970615235985,-0.840019686052385,0.12,0.176,1,CCND3,-0,Not sig,NA
0.007802292346074987,0.6149397086946051,0.318,0.245,1,KLHL32,-0,Not sig,NA
0.007852724615793312,0.351002965068141,0.491,0.407,1,TBC1D5,-0,Not sig,NA
0.007929368172310115,-0.8519244232999617,0.063,0.107,1,MSN,-0,Not sig,NA
0.007957683054336837,-0.43069135815455317,0.178,0.245,1,FBXO34,-0,Not sig,NA
0.007958477242842831,-0.32572410421932396,0.461,0.545,1,AC124312.1,-0,Not sig,NA
0.007993082582254576,-0.31099851505098575,0.338,0.417,1,MAP4K3,-0,Not sig,NA
0.008037875912997953,-0.2621862027185851,0.095,0.148,1,ARHGAP18,-0,Not sig,NA
0.008099293245988818,-1.3104626349511252,0.058,0.1,1,SYT4,-0,Not sig,NA
0.008115211822135912,-1.0003467480905694,0.069,0.114,1,NCOA5,-0,Not sig,NA
0.008121842026667108,1.295278713741347,0.11,0.059,1,SVEP1,-0,Not sig,NA
0.008124995246827912,-0.4869537103195595,0.11,0.169,1,IGFBP7,-0,Not sig,NA
0.008240962368841401,-0.6524372133635185,0.11,0.166,1,KIAA1549,-0,Not sig,NA
0.008354891373774922,-0.47325870960020666,0.171,0.234,1,HECTD1,-0,Not sig,NA
0.008474099513718691,0.5620404128961787,0.338,0.262,1,RNF220,-0,Not sig,NA
0.008505352813315693,-0.39584783416673386,0.254,0.324,1,CTIF,-0,Not sig,NA
0.008531481336558787,-0.4287974454347952,0.19,0.259,1,SCN3A,-0,Not sig,NA
0.008541003675710588,-0.5055471695764868,0.062,0.107,1,SIAH3,-0,Not sig,NA
0.008588966259989237,-1.2301247121982972,0.062,0.103,1,ZNRF2,-0,Not sig,NA
0.008589304671767939,-0.9451917544765016,0.094,0.145,1,UACA,-0,Not sig,NA
0.008655827137199087,-0.5256540130442019,0.245,0.31,1,OGA,-0,Not sig,NA
0.008715655529178074,-0.6021042857474544,0.158,0.224,1,RAP1GAP2,-0,Not sig,NA
0.008771781842809528,0.7187380981078644,0.342,0.283,1,UBA6-AS1,-0,Not sig,NA
0.00891775458465774,0.37697393851481875,0.557,0.497,1,DTNA,-0,Not sig,NA
0.008972924016434047,-0.9396290953474573,0.098,0.148,1,COLEC12,-0,Not sig,NA
0.008997456213230441,-0.67400227326563,0.13,0.186,1,TM9SF3,-0,Not sig,NA
0.009072843423243998,-0.7268370088583369,0.085,0.134,1,GTF2F2,-0,Not sig,NA
0.009093189108848085,-0.6431560302679771,0.198,0.262,1,EPHA4,-0,Not sig,NA
0.009121246568766771,-1.023544505459105,0.078,0.124,1,PLA2R1,-0,Not sig,NA
0.009133147014965527,-0.7667203835307995,0.08,0.128,1,DENND3,-0,Not sig,NA
0.009184834943912236,-0.6858941439544854,0.072,0.117,1,CAMKK2,-0,Not sig,NA
0.009191032243544544,-0.3071698862562029,0.37,0.462,1,MSRA,-0,Not sig,NA
0.009268733249010078,-0.3298614694904496,0.372,0.459,1,RALGAPA1,-0,Not sig,NA
0.009305812547868537,0.44766140512455244,0.434,0.362,1,EDIL3,-0,Not sig,NA
0.009432776670537544,0.6258600097868721,0.174,0.11,1,LIFR,-0,Not sig,NA
0.009503313076309916,0.5646694560671834,0.352,0.283,1,PIP4K2A,-0,Not sig,NA
0.009517239826084782,-0.37606667487469997,0.142,0.2,1,GPI,-0,Not sig,NA
0.009528941526986707,-0.5918138204619761,0.132,0.19,1,ERGIC1,-0,Not sig,NA
0.009583644596537086,-0.5082157514994509,0.07,0.117,1,PPP1R12C,-0,Not sig,NA
0.009725790040258843,-0.559402266693257,0.181,0.241,1,SLITRK5,-0,Not sig,NA
0.009729887422929207,-0.57689510330727,0.135,0.193,1,SMG7,-0,Not sig,NA
0.009776699498932749,0.6438992855268695,0.354,0.293,1,AIG1,-0,Not sig,NA
0.009824297456975876,0.9660800150800228,0.161,0.103,1,POLA1,-0,Not sig,NA
0.009980994338925192,-0.9204195419691115,0.073,0.117,1,PDE2A,-0,Not sig,NA
0.010067895322065647,0.4495836756368916,0.412,0.341,1,GABRB1,-0,Not sig,NA
0.01025860703237792,-0.637347247100075,0.077,0.124,1,SMAD3,-0,Not sig,NA
0.010354660291202054,0.550732648899565,0.358,0.286,1,GPM6B,-0,Not sig,NA
0.010412595420532803,0.48800350260716774,0.249,0.179,1,STX8,-0,Not sig,NA
0.010439597882341094,0.7767303507851804,0.164,0.103,1,PPP1R21,-0,Not sig,NA
0.010472448361150587,-0.4824578347473697,0.154,0.214,1,THRAP3,-0,Not sig,NA
0.010490513625240065,-0.6428732472896449,0.232,0.293,1,MIB1,-0,Not sig,NA
0.010518959575280953,-0.6784654281406493,0.175,0.234,1,GABBR1,-0,Not sig,NA
0.010621018380122228,0.33481373147998195,0.688,0.645,1,LRRTM4,-0,Not sig,NA
0.010728522600902653,-0.5689197026781089,0.074,0.121,1,TFRC,-0,Not sig,NA
0.010740226246781033,0.6213149676352355,0.309,0.241,1,CMSS1,-0,Not sig,NA
0.010781385891557341,-0.682007717061754,0.204,0.266,1,PPP3CB,-0,Not sig,NA
0.010874911066498157,0.3699448608263327,0.391,0.3,1,MT-CYB,-0,Not sig,NA
0.010928501052148546,-0.5165250676611948,0.212,0.276,1,MED12L,-0,Not sig,NA
0.010974606090345989,0.6677138491896129,0.136,0.079,1,CDK18,-0,Not sig,NA
0.010979860452651296,-0.3907242394161172,0.259,0.331,1,TBC1D4,-0,Not sig,NA
0.011012971870279399,-0.567943673040116,0.198,0.259,1,CAMK2A,-0,Not sig,NA
0.011047642511166193,0.8041475384169463,0.182,0.121,1,CLU,-0,Not sig,NA
0.011105078570144155,-0.8216933511417863,0.137,0.193,1,HIPK3,-0,Not sig,NA
0.01111950490483732,-0.6145980354413298,0.067,0.11,1,GJC1,-0,Not sig,NA
0.01119575815235918,0.38157491417989875,0.261,0.186,1,CDH8,-0,Not sig,NA
0.011199643835432982,-0.5147579004158919,0.091,0.141,1,TAPT1,-0,Not sig,NA
0.011222837470007109,0.6058245598607164,0.278,0.21,1,CACNA2D1,-0,Not sig,NA
0.01124214613932326,-0.38100573368110946,0.375,0.452,1,CELF1,-0,Not sig,NA
0.011279910535208095,0.5559049562424973,0.168,0.107,1,ATG4C,-0,Not sig,NA
0.011298050638825054,-0.5001083994989174,0.244,0.307,1,PIAS2,-0,Not sig,NA
0.011324045990019562,-0.6112317400113905,0.228,0.29,1,KANSL1L,-0,Not sig,NA
0.011461837702752567,-0.6072061732157901,0.112,0.166,1,MIR124-2HG,-0,Not sig,NA
0.011509637430484216,0.3117135204941457,0.557,0.493,1,SAMD12,-0,Not sig,NA
0.011540326306859493,-0.9863620069042882,0.091,0.138,1,MBD2,-0,Not sig,NA
0.011562868462930136,-0.6056307365502532,0.162,0.221,1,SCAF11,-0,Not sig,NA
0.011578241235597808,0.3739713916172067,0.455,0.403,1,ADCY2,-0,Not sig,NA
0.011647597934637197,-0.6104056820537049,0.149,0.21,1,CADPS2,-0,Not sig,NA
0.011687766114248802,0.3483306852920566,0.249,0.179,1,COBL,-0,Not sig,NA
0.011711459683506642,-0.48938841197887034,0.094,0.145,1,GAN,-0,Not sig,NA
0.011860203719900044,0.15215765631961164,0.111,0.172,1,ZFR2,-0,Not sig,NA
0.012131977966226245,-0.7602909852785025,0.111,0.162,1,MOB1B,-0,Not sig,NA
0.012211460733608922,-0.7628112937783182,0.097,0.145,1,ZNF516,-0,Not sig,NA
0.0122191095595348,-0.704565889031763,0.124,0.176,1,SSFA2,-0,Not sig,NA
0.012219732006673728,0.7956725491572251,0.13,0.076,1,KIAA1841,-0,Not sig,NA
0.012258462148594667,-0.6295876144434813,0.213,0.272,1,RB1,-0,Not sig,NA
0.01226586892734742,-0.660600926674372,0.059,0.1,1,EXOC7,-0,Not sig,NA
0.012342895760139793,-0.3466244380067871,0.297,0.372,1,SENP6,-0,Not sig,NA
0.01235209726948459,-0.9577873446411393,0.099,0.148,1,CEMIP2,-0,Not sig,NA
0.012534809749204791,0.7191804927002183,0.224,0.162,1,SCFD2,-0,Not sig,NA
0.012638270883871709,-0.8733089542551215,0.082,0.128,1,PHLDB2,-0,Not sig,NA
0.012642314320628739,-0.58908262333389,0.114,0.166,1,REEP3,-0,Not sig,NA
0.01281649109825276,0.8995424607415152,0.223,0.166,1,GNAL,-0,Not sig,NA
0.012855563574465215,-0.3515937192970511,0.365,0.434,1,PDS5B,-0,Not sig,NA
0.012923666243377058,-0.4548762772931654,0.311,0.379,1,PHF21A,-0,Not sig,NA
0.01301220824985097,-0.3978120955578399,0.278,0.352,1,LRRFIP1,-0,Not sig,NA
0.013029092358452425,-0.5424641142840937,0.126,0.179,1,BMT2,-0,Not sig,NA
0.013037993022164454,-0.36856112104395755,0.193,0.255,1,RAPH1,-0,Not sig,NA
0.013056377373357828,-0.3988495578199981,0.246,0.314,1,ADAM10,-0,Not sig,NA
0.01306392364778798,-0.36983419081642144,0.205,0.272,1,MAGI3,-0,Not sig,NA
0.013078095057163173,-0.49665392100134254,0.263,0.331,1,VGLL4,-0,Not sig,NA
0.013138642688458319,-0.6201187349577245,0.164,0.221,1,SPEN,-0,Not sig,NA
0.01324248413324048,-0.8743753180887675,0.078,0.121,1,SLC7A11,-0,Not sig,NA
0.013322573746583003,0.48253538996656026,0.248,0.179,1,FAM171A1,-0,Not sig,NA
0.013436202437742031,-0.4231756132450202,0.299,0.366,1,CSNK1A1,-0,Not sig,NA
0.013450416542479167,-0.721935338559591,0.125,0.176,1,LPIN2,-0,Not sig,NA
0.01346424098096134,-0.5183678830330505,0.152,0.21,1,BICDL1,-0,Not sig,NA
0.013594905476592879,-0.6390169630400945,0.106,0.155,1,RAI1,-0,Not sig,NA
0.013622855760080146,-0.6858070608407258,0.082,0.128,1,PDE5A,-0,Not sig,NA
0.013711661587038038,-0.47381145375667555,0.318,0.383,1,HERC2,-0,Not sig,NA
0.013756763772921857,-0.7327363350868926,0.122,0.172,1,RNF145,-0,Not sig,NA
0.013908989186774929,-0.7094731462308976,0.066,0.107,1,PDIA3,-0,Not sig,NA
0.014062737858471987,-0.6842368608007026,0.133,0.186,1,CSNK1E,-0,Not sig,NA
0.014164351396625271,0.7292975858553757,0.23,0.169,1,TMEM117,-0,Not sig,NA
0.01421419370033523,0.3566856829492844,0.461,0.4,1,DOCK4,-0,Not sig,NA
0.01427393765583294,-0.7804975336713332,0.08,0.124,1,INTS10,-0,Not sig,NA
0.014345650240458611,-0.5722578558947073,0.313,0.372,1,NSF,-0,Not sig,NA
0.014654596395379143,-0.2200173600727463,0.249,0.321,1,NPTN,-0,Not sig,NA
0.014685573960043743,-0.9814550291515638,0.095,0.141,1,ZNF618,-0,Not sig,NA
0.014962851906325642,-0.7511718509195683,0.089,0.134,1,KIAA1551,-0,Not sig,NA
0.01499755920580946,-1.3188457560288762,0.061,0.1,1,SLIT3,-0,Not sig,NA
0.015013381831412173,0.5077610513785229,0.316,0.248,1,HDAC8,-0,Not sig,NA
0.015076435731994763,0.8356779756675431,0.105,0.059,1,ZNF680,-0,Not sig,NA
0.015112226578095139,-0.41590773011496945,0.182,0.245,1,DNMT3A,-0,Not sig,NA
0.015130932631507004,-0.4147317193956064,0.258,0.328,1,RBMS3,-0,Not sig,NA
0.01525644926549255,-0.37494101088609355,0.256,0.324,1,HELZ,-0,Not sig,NA
0.015298558775625418,-0.2817354401097001,0.289,0.362,1,ANKRD11,-0,Not sig,NA
0.0153277831700529,-0.5808698110189294,0.091,0.138,1,NEDD4,-0,Not sig,NA
0.015330109113167234,0.6188758614742736,0.191,0.131,1,NT5DC1,-0,Not sig,NA
0.015330371757712721,-0.692162667561105,0.136,0.19,1,PARM1,-0,Not sig,NA
0.015459900985782668,0.598013305190833,0.265,0.2,1,KIF9-AS1,-0,Not sig,NA
0.015507107408116354,1.256434153054961,0.146,0.093,1,RELN,-0,Not sig,NA
0.015530305259677201,-0.7204205864891029,0.123,0.176,1,MB21D2,-0,Not sig,NA
0.015540826417905216,-0.7614502527891893,0.128,0.179,1,FAM13A,-0,Not sig,NA
0.015576493360740677,-0.22756642330084254,0.28,0.359,1,GUCY1A2,-0,Not sig,NA
0.015645362142993505,-0.5949151036707321,0.16,0.214,1,KDM4B,-0,Not sig,NA
0.01565615178399502,-0.4889325981125443,0.406,0.483,1,DENND1A,-0,Not sig,NA
0.01567710625014599,-0.30024359929796574,0.311,0.383,1,MNAT1,-0,Not sig,NA
0.01606632295310066,-0.5886425155472672,0.166,0.224,1,PITPNM2,-0,Not sig,NA
0.01635450670372543,-0.6287698987580727,0.061,0.1,1,TMEM241,-0,Not sig,NA
0.01635816025048466,-0.44273909397826766,0.12,0.169,1,FAM19A1,-0,Not sig,NA
0.01637881346023001,-0.5645252627951582,0.077,0.121,1,ADAMTS10,-0,Not sig,NA
0.016649061616224297,0.2673112736142782,0.424,0.348,1,MARCH1,-0,Not sig,NA
0.016683733603808343,-0.6602682140993492,0.18,0.234,1,SRGAP1,-0,Not sig,NA
0.016689873259256423,0.4046225056626169,0.468,0.407,1,FMNL2,-0,Not sig,NA
0.01671113391305135,0.6443682037330647,0.211,0.148,1,CERS4,-0,Not sig,NA
0.01681360034056795,0.3275779049049182,0.116,0.066,1,FARSB,-0,Not sig,NA
0.016913525059100317,-0.6373535738807825,0.066,0.107,1,RAP1GAP,-0,Not sig,NA
0.01694005637292774,-0.612473619735212,0.274,0.331,1,RALGAPA2,-0,Not sig,NA
0.017006809628592433,-0.6616353405864633,0.203,0.259,1,FRMD3,-0,Not sig,NA
0.01716340296288456,0.7755338871247001,0.205,0.148,1,FAIM2,-0,Not sig,NA
0.017245448505572695,0.8074768450404234,0.13,0.079,1,AL445250.1,-0,Not sig,NA
0.01755854802411004,-0.3100443799655806,0.169,0.228,1,FNDC3B,-0,Not sig,NA
0.017775105582248266,-0.2938387879789721,0.253,0.328,1,TOX,-0,Not sig,NA
0.01792063842238516,-0.7388574263074149,0.177,0.231,1,SNRK,-0,Not sig,NA
0.018095804687751123,-0.6760285422151193,0.111,0.159,1,NMT2,-0,Not sig,NA
0.018417023050985776,-0.20060893266682434,0.428,0.51,1,STAG1,-0,Not sig,NA
0.018590658322960963,0.2811660926624051,0.338,0.266,1,CDH13,-0,Not sig,NA
0.018619434899104753,0.9793637833721187,0.124,0.076,1,ZBED5,-0,Not sig,NA
0.019150587437042798,-0.427290532307967,0.197,0.262,1,PPP2R2C,-0,Not sig,NA
0.01921826714639518,-0.7660237446555387,0.078,0.121,1,FOSL2,-0,Not sig,NA
0.01928274782017641,0.9413891757168225,0.178,0.124,1,TRANK1,-0,Not sig,NA
0.019373764977658726,-0.49820366696138024,0.185,0.241,1,IQGAP1,-0,Not sig,NA
0.019605168814535775,1.140926415926107,0.131,0.083,1,KLHDC1,-0,Not sig,NA
0.019636461884280292,-0.14965093724139722,0.154,0.217,1,WWTR1,-0,Not sig,NA
0.019646923521490736,-0.44585484938299613,0.207,0.269,1,LAMA2,-0,Not sig,NA
0.019655745616788074,0.5008918581307864,0.384,0.324,1,PHLPP1,-0,Not sig,NA
0.01971949290472174,0.1825858871830568,0.478,0.428,1,FHIT,-0,Not sig,NA
0.019923865155398637,0.1104152314547866,0.874,0.793,1,ADGRB3,-0,Not sig,NA
0.0199246144373031,-0.35401956831137377,0.112,0.162,1,SP3,-0,Not sig,NA
0.020132370994351365,-0.6635211508879371,0.07,0.11,1,SLC19A1,-0,Not sig,NA
0.020151828231128578,-0.5505706514551487,0.093,0.138,1,GLRX3,-0,Not sig,NA
0.020323788508064374,0.8746647648094787,0.102,0.059,1,RSPO2,-0,Not sig,NA
0.02034281668500217,-0.34210205527953996,0.158,0.217,1,PID1,-0,Not sig,NA
0.020374959223768235,-0.36686307620205394,0.194,0.252,1,ETV6,-0,Not sig,NA
0.020489160847684096,-1.0505782277487947,0.068,0.107,1,KLHL20,-0,Not sig,NA
0.020606095960652306,0.7939381817330953,0.12,0.072,1,ATG13,-0,Not sig,NA
0.020749878413958422,0.5995649433868192,0.177,0.121,1,APOLD1,-0,Not sig,NA
0.020826608292629084,-0.797133011870096,0.062,0.1,1,RAB27A,-0,Not sig,NA
0.020947203939002006,0.9447782959795152,0.139,0.09,1,ERP44,-0,Not sig,NA
0.021046212143626224,-0.8529664515792249,0.069,0.107,1,MSL1,-0,Not sig,NA
0.02104753321542804,-0.7087125981986154,0.104,0.148,1,AL359915.2,-0,Not sig,NA
0.02109203309313589,-0.5241921807102615,0.104,0.152,1,UST,-0,Not sig,NA
0.02114939512590636,-1.0553386158801439,0.089,0.131,1,DNAJC13,-0,Not sig,NA
0.021199153337414338,-0.4106954426271008,0.285,0.348,1,SHANK2,-0,Not sig,NA
0.02129032533554836,-0.33321155990492823,0.153,0.21,1,ECE1,-0,Not sig,NA
0.021303276147288202,-0.5734781991150865,0.17,0.224,1,RNF19A,-0,Not sig,NA
0.021432823907164056,-0.2970369601764604,0.285,0.352,1,FOXO3,-0,Not sig,NA
0.021475568394537722,0.679149586965575,0.23,0.172,1,NAALADL2,-0,Not sig,NA
0.021604364624989325,0.5487518122953818,0.184,0.128,1,AL589740.1,-0,Not sig,NA
0.02165534034574772,-0.647007983198496,0.1,0.145,1,HIC2,-0,Not sig,NA
0.02173595866195357,-0.777466703388646,0.122,0.169,1,N4BP1,-0,Not sig,NA
0.02197558653955813,-0.4132939036872867,0.165,0.221,1,CDC73,-0,Not sig,NA
0.022323668729504326,-0.5435251798261956,0.193,0.248,1,SMG1,-0,Not sig,NA
0.0223705364270957,-0.9603518699170416,0.066,0.103,1,LRRK2,-0,Not sig,NA
0.022450044696613606,-0.37533024359244094,0.156,0.21,1,NEMF,-0,Not sig,NA
0.022452275400946128,-0.647492803366714,0.074,0.114,1,PLSCR1,-0,Not sig,NA
0.02248226799850867,-0.30774983944861595,0.181,0.238,1,UBE3A,-0,Not sig,NA
0.022769616384350013,-0.2485275531385417,0.235,0.297,1,RABEP1,-0,Not sig,NA
0.02286103444514861,-0.45467401627926374,0.307,0.362,1,ZMYM2,-0,Not sig,NA
0.022967236524344063,-0.3897666354743131,0.255,0.321,1,ZNF644,-0,Not sig,NA
0.02296760272652679,-0.2461736969261692,0.345,0.421,1,PRICKLE2,-0,Not sig,NA
0.02302416738319274,-0.5490571278534576,0.073,0.114,1,HLA-E,-0,Not sig,NA
0.023045789685960053,-0.3077688178297657,0.163,0.221,1,DGKH,-0,Not sig,NA
0.02309400915093126,-0.37913618017711814,0.221,0.286,1,CEP112,-0,Not sig,NA
0.02316565454225971,-0.6275309679583835,0.124,0.172,1,SYT17,-0,Not sig,NA
0.023187378333197253,-0.3282079667754474,0.278,0.348,1,FBXW7,-0,Not sig,NA
0.023219465016789603,0.3411948142725185,0.5,0.448,1,TNIK,-0,Not sig,NA
0.023295486595665604,-0.7755382128622301,0.066,0.103,1,CALCOCO1,-0,Not sig,NA
0.023325947455697344,-0.4835218475387145,0.12,0.169,1,RIC1,-0,Not sig,NA
0.023377478049598922,-0.5529586839195632,0.082,0.124,1,PIK3C2B,-0,Not sig,NA
0.023420367947975234,-0.5011451283677835,0.133,0.183,1,PRKAR1B,-0,Not sig,NA
0.023433403295733103,-0.41318410124174987,0.239,0.3,1,FAM110B,-0,Not sig,NA
0.02349222553799357,-0.32171983894546397,0.264,0.324,1,SLC22A23,-0,Not sig,NA
0.023511361872349368,-0.5019302227541804,0.106,0.152,1,USP3,-0,Not sig,NA
0.023550843476316217,-0.9591576076870055,0.093,0.134,1,NAMPT,-0,Not sig,NA
0.02363148166023675,-0.46752024414013027,0.111,0.159,1,GTF3C1,-0,Not sig,NA
0.0236425477128414,0.7989434014475367,0.169,0.117,1,TARBP1,-0,Not sig,NA
0.02372498779821898,-0.24991990153501764,0.228,0.29,1,PRRC2B,-0,Not sig,NA
0.02377010677907872,0.47981611036614,0.37,0.314,1,LINC00882,-0,Not sig,NA
0.02377574622019067,-0.9657799701488292,0.069,0.107,1,UBAP2L,-0,Not sig,NA
0.023862510905400723,-0.4584878864433509,0.099,0.145,1,GREB1,-0,Not sig,NA
0.02393118221676022,-0.5024456156631364,0.15,0.203,1,ITGA1,-0,Not sig,NA
0.023936004790578346,-0.261771542471819,0.605,0.662,1,ARID1B,-0,Not sig,NA
0.023938619331690374,-0.6866692112539189,0.063,0.1,1,SIN3A,-0,Not sig,NA
0.02406077413907673,1.2764608626394454,0.105,0.062,1,TMEM59L,-0,Not sig,NA
0.0243793580063676,0.5579259955308035,0.332,0.272,1,PPM1H,-0,Not sig,NA
0.02462137216364247,0.8270530087942972,0.101,0.059,1,LINC00862,-0,Not sig,NA
0.024740100834525124,0.4627719625352996,0.191,0.131,1,TLE4,-0,Not sig,NA
0.02490199518663817,-0.41376277401690653,0.17,0.224,1,LRMDA,-0,Not sig,NA
0.02496263261673153,-0.5373852273397806,0.255,0.31,1,NAP1L1,-0,Not sig,NA
0.02497631087608776,-0.4518236319508925,0.123,0.172,1,PPP4R3B,-0,Not sig,NA
0.024996767595883252,-0.8171905281499616,0.08,0.121,1,PAWR,-0,Not sig,NA
0.025037706938901623,0.5394105115443121,0.276,0.217,1,LANCL1,-0,Not sig,NA
0.025095223621739552,1.2019167508591733,0.112,0.069,1,TUBB4A,-0,Not sig,NA
0.02519321381374751,-0.7817661456883357,0.122,0.166,1,HNRNPK,-0,Not sig,NA
0.025205194612257453,-0.36719393787443205,0.081,0.124,1,PALD1,-0,Not sig,NA
0.025215258925382258,-0.4561066825200517,0.246,0.307,1,BASP1,-0,Not sig,NA
0.025324572024883665,0.834027929276826,0.106,0.062,1,NBDY,-0,Not sig,NA
0.025356691154480134,-0.6083830132766399,0.08,0.121,1,OPRD1,-0,Not sig,NA
0.025385471953646797,0.14094569868192597,0.443,0.386,1,SLC35F1,-0,Not sig,NA
0.02558569396020074,-0.5278926036737528,0.134,0.186,1,RANBP9,-0,Not sig,NA
0.02560292351293414,0.6321171760686918,0.134,0.086,1,GAD2,-0,Not sig,NA
0.025759080503556776,0.7262905694737626,0.317,0.262,1,NUTM2A-AS1,-0,Not sig,NA
0.0258556663557949,-0.4575739196155715,0.138,0.19,1,NDUFAF2,-0,Not sig,NA
0.026015919074298434,-0.5048793895273292,0.182,0.238,1,COL4A3BP,-0,Not sig,NA
0.02619975882282089,0.5852141159779392,0.264,0.203,1,CDK19,-0,Not sig,NA
0.026214057290454885,0.5507804385414713,0.147,0.097,1,ASXL3,-0,Not sig,NA
0.02626575743612942,0.23665208034617224,0.671,0.634,1,LIMCH1,-0,Not sig,NA
0.026290275385497133,0.8914491993963862,0.222,0.166,1,SLC1A2,-0,Not sig,NA
0.026357870964471276,-0.3391862392824183,0.407,0.472,1,RFX3,-0,Not sig,NA
0.02637296480149565,-0.387991836638232,0.114,0.162,1,CCND2,-0,Not sig,NA
0.026502573394118635,0.6260492026509497,0.138,0.09,1,ITPKB,-0,Not sig,NA
0.026580677703443707,-0.3858997989394258,0.09,0.134,1,PTPN14,-0,Not sig,NA
0.026670176767017308,0.5260309162496875,0.102,0.059,1,ZNF397,-0,Not sig,NA
0.026778053003669436,-0.6705405714534103,0.114,0.159,1,MYH9,-0,Not sig,NA
0.026955058300024076,-0.25867374970587553,0.208,0.266,1,TRMT9B,-0,Not sig,NA
0.026998504453625803,-0.41953700854361037,0.131,0.183,1,CLIC4,-0,Not sig,NA
0.02701632727684021,-0.24713266296647807,0.316,0.386,1,PAFAH1B1,-0,Not sig,NA
0.027058587464035378,0.6311736696030151,0.276,0.221,1,CDH10,-0,Not sig,NA
0.027067502223629983,-0.19979854409868936,0.209,0.272,1,FAM189A1,-0,Not sig,NA
0.02708874512183026,-1.0237090775798878,0.086,0.128,1,STAMBPL1,-0,Not sig,NA
0.027356339937238645,1.279779387327527,0.103,0.062,1,CNTN6,-0,Not sig,NA
0.027402313048549374,-0.31401706683804187,0.11,0.159,1,TSHZ3,-0,Not sig,NA
0.027572951568483203,-0.4659580049143325,0.237,0.297,1,SERINC5,-0,Not sig,NA
0.027599219715030907,0.9470846725283666,0.125,0.079,1,NPLOC4,-0,Not sig,NA
0.027620908976626418,-0.9732951579999931,0.07,0.107,1,PPP2R1B,-0,Not sig,NA
0.0278906354537103,-0.45059170115843117,0.184,0.238,1,RGS7BP,-0,Not sig,NA
0.028170828177722963,-0.5813231178208771,0.083,0.124,1,RFTN1,-0,Not sig,NA
0.028183221309311165,-0.7641451833773663,0.095,0.138,1,SPOPL,-0,Not sig,NA
0.02822517537183886,0.6877492666595162,0.177,0.124,1,ADGRV1,-0,Not sig,NA
0.028288900731765546,-0.447098834348702,0.123,0.172,1,ANKRD34C-AS1,-0,Not sig,NA
0.028335041729410187,0.42800207507031535,0.272,0.21,1,FAM85B,-0,Not sig,NA
0.02834343569309841,1.0585818964765568,0.104,0.062,1,GCFC2,-0,Not sig,NA
0.028397162172525886,-0.6002630657556047,0.106,0.152,1,LAMC1,-0,Not sig,NA
0.028449727952273227,-0.13695371364106343,0.175,0.234,1,RAB1A,-0,Not sig,NA
0.028481739043538727,1.0272499690018084,0.116,0.072,1,AFG1L,-0,Not sig,NA
0.02853927793870026,-0.4867064626536556,0.11,0.155,1,KCMF1,-0,Not sig,NA
0.0286754840223302,-0.9104142869990305,0.094,0.134,1,MIA2,-0,Not sig,NA
0.028852291832256002,-0.2041324404580227,0.191,0.252,1,MCPH1,-0,Not sig,NA
0.028869184871479547,-0.9613550394648743,0.078,0.117,1,ARNTL,-0,Not sig,NA
0.029113598990927175,-0.3336724057908893,0.334,0.393,1,CPEB4,-0,Not sig,NA
0.02927396878059282,-0.5512466715783101,0.122,0.169,1,RBMS2,-0,Not sig,NA
0.029427985215714637,-0.5069519525148019,0.102,0.145,1,OLFM1,-0,Not sig,NA
0.02970267418221574,0.3566168646186645,0.476,0.438,1,THRB,-0,Not sig,NA
0.030021547714733476,-0.37203828991319426,0.119,0.169,1,DISC1,-0,Not sig,NA
0.030135822595384606,-0.38855200328408124,0.083,0.124,1,LZTS3,-0,Not sig,NA
0.030228806633446372,-0.7302350201053903,0.067,0.103,1,BTG1,-0,Not sig,NA
0.03024984882938426,-0.6631095441990424,0.11,0.155,1,MAP3K20,-0,Not sig,NA
0.03027949770922046,-0.42221670805594635,0.13,0.176,1,INPP5A,-0,Not sig,NA
0.03029008863641119,0.547099787539752,0.183,0.131,1,POLR2F,-0,Not sig,NA
0.030368259278746396,-0.654641020759434,0.086,0.128,1,WDR13,-0,Not sig,NA
0.03042355861276047,0.7704355412506436,0.108,0.066,1,DNAJC11,-0,Not sig,NA
0.030458293647749036,0.4165657831850256,0.422,0.369,1,MEF2C-AS1,-0,Not sig,NA
0.03057665237554474,-0.3536896559768734,0.488,0.545,1,AFF3,-0,Not sig,NA
0.030585671053002302,-0.9000942852868711,0.079,0.117,1,TRPC6,-0,Not sig,NA
0.030651360869359507,-0.3647727384124426,0.23,0.29,1,DYNC1H1,-0,Not sig,NA
0.03068642943088879,-0.3373062001038827,0.128,0.179,1,TSHZ2,-0,Not sig,NA
0.03080883978268674,-0.3630514841412813,0.427,0.479,1,FOXP1,-0,Not sig,NA
0.030896690888353513,0.648805577046704,0.381,0.341,1,SHTN1,-0,Not sig,NA
0.031056202238617853,-0.31637987905694764,0.252,0.31,1,PLCB4,-0,Not sig,NA
0.031068571650534768,0.7247131964303406,0.142,0.097,1,LGR4,-0,Not sig,NA
0.031086964576393178,0.5457532031301805,0.244,0.186,1,NFE2L2,-0,Not sig,NA
0.03138370000704514,-0.5390761936345323,0.154,0.207,1,ARHGAP42,-0,Not sig,NA
0.03151548248741946,0.5083423917997392,0.14,0.093,1,KLHL23,-0,Not sig,NA
0.0315267462119637,-0.6986359250192916,0.106,0.148,1,USP37,-0,Not sig,NA
0.031558808945220056,0.4652385477119787,0.241,0.176,1,GRM3,-0,Not sig,NA
0.03168694886973651,-0.7246821756808212,0.105,0.148,1,MGRN1,-0,Not sig,NA
0.03228927941330425,-0.32793130034222795,0.077,0.117,1,SLCO2B1,-0,Not sig,NA
0.03234281754471707,0.43354496586404334,0.435,0.393,1,ELMO1,-0,Not sig,NA
0.03245876245685642,0.8182453073261612,0.166,0.117,1,NEK10,-0,Not sig,NA
0.03248780252993568,0.46469035189411956,0.113,0.069,1,AC091948.1,-0,Not sig,NA
0.03277405984930942,0.6602271297464969,0.129,0.083,1,BIN1,-0,Not sig,NA
0.032817804963311124,0.5252717796197269,0.186,0.134,1,PLPPR1,-0,Not sig,NA
0.03288510404534934,-0.8690011554126602,0.132,0.176,1,AP3S1,-0,Not sig,NA
0.03290255868521889,-0.29433872922471016,0.394,0.466,1,CAMK1D,-0,Not sig,NA
0.0331199891080043,0.8787142836021736,0.157,0.11,1,TECPR2,-0,Not sig,NA
0.03316183948933835,-0.2158289664966877,0.414,0.479,1,NFIB,-0,Not sig,NA
0.033243531739039614,-0.6158484863426432,0.112,0.155,1,KDM5B,-0,Not sig,NA
0.03344674575173223,-1.0265266526672614,0.071,0.107,1,PON2,-0,Not sig,NA
0.03353112752130952,-0.3307823037334937,0.098,0.141,1,PFKFB3,-0,Not sig,NA
0.03364574049006539,-0.3304203662664269,0.202,0.259,1,PTPN13,-0,Not sig,NA
0.03379342173626942,-0.8222482945117906,0.08,0.117,1,COG7,-0,Not sig,NA
0.03387719062639454,-0.8022012988701358,0.077,0.114,1,TSPAN14,-0,Not sig,NA
0.03406931462361427,-0.8513667820863183,0.1,0.141,1,YY1,-0,Not sig,NA
0.03410356733766082,-0.3110744699414121,0.365,0.424,1,VPS13C,-0,Not sig,NA
0.034350538492862626,-0.7045468806180977,0.141,0.186,1,PPP4R1,-0,Not sig,NA
0.03443687872832982,-0.33411480002876093,0.174,0.228,1,DYNC1I2,-0,Not sig,NA
0.03448294577644161,-0.6331507043213094,0.14,0.186,1,ARHGAP6,-0,Not sig,NA
0.034688151083222846,-0.5616501539157808,0.099,0.141,1,CLASRP,-0,Not sig,NA
0.034737798042394595,0.3590225057550205,0.266,0.21,1,CDH9,-0,Not sig,NA
0.03516058232379703,-0.45430206971068954,0.119,0.166,1,GRAMD2B,-0,Not sig,NA
0.03519867447250132,-0.8687645164137955,0.074,0.11,1,LRRC40,-0,Not sig,NA
0.035477449787941595,-0.4781107979222271,0.222,0.276,1,SMAP1,-0,Not sig,NA
0.0354886272831273,0.5911521697771879,0.177,0.124,1,QDPR,-0,Not sig,NA
0.0356299855251185,-0.39078131904463376,0.178,0.231,1,FOXK2,-0,Not sig,NA
0.03565940772241845,-0.9870288795421308,0.068,0.103,1,ACER2,-0,Not sig,NA
0.035695857577577476,-0.41508192471302185,0.082,0.121,1,LMNA,-0,Not sig,NA
0.03577982947276604,-0.33207000064259296,0.38,0.441,1,HERC1,-0,Not sig,NA
0.035933750494264526,0.45511948839908917,0.21,0.155,1,PEAK1,-0,Not sig,NA
0.035956231291999,0.2322235596755693,0.551,0.5,1,SETBP1,-0,Not sig,NA
0.03604891223798213,0.41729144455983946,0.276,0.221,1,ANKRD30BL,-0,Not sig,NA
0.03614000049448598,0.4823288367974863,0.266,0.207,1,C11orf49,-0,Not sig,NA
0.036198459483531,-0.5647860757067646,0.19,0.238,1,ARID2,-0,Not sig,NA
0.036291640989016126,-0.7159924729870597,0.074,0.11,1,HBP1,-0,Not sig,NA
0.036463122650793905,-0.4305024198548034,0.079,0.117,1,AP2M1,-0,Not sig,NA
0.03659326946059909,-0.47854706835664024,0.129,0.176,1,RABL6,-0,Not sig,NA
0.036745375499269116,-0.3306024712690821,0.132,0.179,1,SRSF5,-0,Not sig,NA
0.036809583452399465,0.8792622923773032,0.111,0.069,1,SFXN1,-0,Not sig,NA
0.036821548059345136,-0.5307862747632788,0.14,0.186,1,ATP1A1,-0,Not sig,NA
0.03724703555140298,0.9155592081605827,0.158,0.114,1,AL445623.2,-0,Not sig,NA
0.037322768133540754,-0.5153830563768476,0.071,0.107,1,MMP24,-0,Not sig,NA
0.03738609367653421,-0.26089470028999395,0.519,0.597,1,GNAQ,-0,Not sig,NA
0.03763068094511868,-0.7832918559780147,0.089,0.128,1,NID1,-0,Not sig,NA
0.03770958539285279,-0.983867541268766,0.069,0.103,1,AP1M1,-0,Not sig,NA
0.03774282469745871,0.19530853204608634,0.23,0.172,1,ZMAT4,-0,Not sig,NA
0.03778186021129869,0.933357335763795,0.106,0.066,1,KATNAL2,-0,Not sig,NA
0.038007368701017126,-0.7388989872666748,0.104,0.145,1,AC007563.2,-0,Not sig,NA
0.038064256902241085,0.7064168071238405,0.151,0.103,1,IWS1,-0,Not sig,NA
0.0382191811282282,-0.34521491739141985,0.299,0.355,1,NCOR1,-0,Not sig,NA
0.03827526072078931,0.5911733305035154,0.107,0.066,1,B3GAT1,-0,Not sig,NA
0.03834468008345069,0.41252666301564944,0.493,0.452,1,FTO,-0,Not sig,NA
0.038363606923651775,0.4080050586578996,0.238,0.179,1,LINC01122,-0,Not sig,NA
0.03846605618525133,-0.3244963084088939,0.478,0.528,1,DDX17,-0,Not sig,NA
0.03873187201612775,-0.4132332862997253,0.114,0.159,1,SEC63,-0,Not sig,NA
0.038738560538309055,-0.7335302393591931,0.092,0.131,1,RAB27B,-0,Not sig,NA
0.038930087826195656,-0.28862548486348394,0.07,0.107,1,ZNF133,-0,Not sig,NA
0.03907504345798325,0.6904333215860294,0.174,0.128,1,PLCH1,-0,Not sig,NA
0.03915862860976876,-0.6845118860698005,0.105,0.145,1,MTF2,-0,Not sig,NA
0.03927104650555062,-0.49744112964223386,0.131,0.176,1,ZNF654,-0,Not sig,NA
0.039419392953286905,-0.7912181516603567,0.081,0.117,1,TAPBP,-0,Not sig,NA
0.039484718044815535,-0.38884989727268565,0.218,0.272,1,RSF1,-0,Not sig,NA
0.03958359027568827,-0.8715416854222735,0.08,0.117,1,PPP1R10,-0,Not sig,NA
0.03958392663966751,0.5089905466737547,0.192,0.138,1,NUBPL,-0,Not sig,NA
0.03970160271185269,-0.7154905869206493,0.093,0.131,1,WDR6,-0,Not sig,NA
0.03977794571907584,-0.13671846108352392,0.658,0.721,1,JMJD1C,-0,Not sig,NA
0.03980266653191997,-0.459316882513777,0.465,0.528,1,ARL15,-0,Not sig,NA
0.03989246061226723,-0.3232809404269261,0.454,0.521,1,DOCK9,-0,Not sig,NA
0.03990779245001348,-0.30162686079669765,0.262,0.321,1,USP47,-0,Not sig,NA
0.039952464576660594,-0.6528258361635878,0.095,0.134,1,BRMS1L,-0,Not sig,NA
0.04006416840466635,-0.3891817770777677,0.279,0.338,1,CCDC85A,-0,Not sig,NA
0.04016187579262194,-1.040585879295191,0.07,0.103,1,SLC30A10,-0,Not sig,NA
0.040168544375999676,0.19587134021899333,0.611,0.572,1,MACROD2,-0,Not sig,NA
0.040278675407134236,-0.6677307358673894,0.086,0.124,1,H2AFY,-0,Not sig,NA
0.040361256262919365,-0.21044969033145322,0.266,0.324,1,EVL,-0,Not sig,NA
0.040436633522362625,-0.34155523072324856,0.351,0.403,1,TRPS1,-0,Not sig,NA
0.04051972913965569,-0.8807939822287248,0.07,0.103,1,HDAC7,-0,Not sig,NA
0.04053145296563325,-0.4083190596447902,0.115,0.159,1,GSPT1,-0,Not sig,NA
0.040546401791527735,-0.13620535736455897,0.182,0.238,1,MROH1,-0,Not sig,NA
0.040605099907135886,-0.37108037582306086,0.205,0.259,1,SFPQ,-0,Not sig,NA
0.040727504940711035,-0.3630294893752126,0.271,0.324,1,PPFIBP1,-0,Not sig,NA
0.040822347491029864,-0.4196361447469937,0.168,0.214,1,CHSY1,-0,Not sig,NA
0.04104197150387437,-0.29091827568893547,0.222,0.283,1,PDE3A,-0,Not sig,NA
0.04110381607790607,-0.8007900485738376,0.093,0.131,1,FHL1,-0,Not sig,NA
0.04135071262199673,0.5627079451077197,0.157,0.11,1,GRK4,-0,Not sig,NA
0.041394266611631605,-0.5984862315070123,0.191,0.238,1,RASSF8,-0,Not sig,NA
0.041463063289717834,0.6157511575451518,0.454,0.438,1,LINGO1,-0,Not sig,NA
0.04151398330586717,-0.32716062066415025,0.18,0.231,1,APPBP2,-0,Not sig,NA
0.04158936541990203,0.9064981296902819,0.192,0.145,1,TERF2IP,-0,Not sig,NA
0.04187184116615816,-0.5128253435927166,0.114,0.155,1,DSE,-0,Not sig,NA
0.04188623076855624,0.30344967643338194,0.244,0.183,1,FIGN,-0,Not sig,NA
0.041946128790001355,-0.8229718423893491,0.07,0.103,1,ARL6IP4,-0,Not sig,NA
0.04213852036733997,-0.5823028858540722,0.222,0.269,1,NIN,-0,Not sig,NA
0.042164701942552674,-0.6266816711092269,0.163,0.207,1,MAST2,-0,Not sig,NA
0.042370129168311794,-0.3573371417398816,0.346,0.41,1,SOS1,-0,Not sig,NA
0.042405228533009175,-0.4643851579606729,0.098,0.138,1,RCOR1,-0,Not sig,NA
0.04242138799553108,-0.8095629105816731,0.134,0.176,1,NMT1,-0,Not sig,NA
0.04257719812623245,0.4365878606376501,0.307,0.252,1,CNTNAP4,-0,Not sig,NA
0.042666236049249906,-0.27424100172431376,0.228,0.283,1,UBAC2,-0,Not sig,NA
0.042697715101706,-0.7131463838528617,0.142,0.186,1,COL5A3,-0,Not sig,NA
0.042740597053684944,-1.077935907731994,0.151,0.19,1,HSPH1,-0,Not sig,NA
0.042818488069655276,-0.8624535001420719,0.094,0.131,1,MAP2K1,-0,Not sig,NA
0.042863072528077216,-0.7643912000824494,0.113,0.152,1,DGKZ,-0,Not sig,NA
0.04289422849091801,-1.119119827577494,0.078,0.114,1,DHRS7B,-0,Not sig,NA
0.04301998388050345,0.29680933752299576,0.232,0.176,1,MVB12B,-0,Not sig,NA
0.043065614301906086,-0.7568286538244995,0.087,0.124,1,CNOT10,-0,Not sig,NA
0.04311142473138246,-0.32153734374371,0.209,0.262,1,SGSM1,-0,Not sig,NA
0.04342179350510713,-0.1101455673554863,0.294,0.369,1,TIAM2,-0,Not sig,NA
0.043715138704110715,-0.5083193515198645,0.254,0.307,1,TBC1D22A,-0,Not sig,NA
0.043804489774904545,-0.6857031080750127,0.113,0.152,1,NGLY1,-0,Not sig,NA
0.04405183915644041,0.4993535910741116,0.162,0.114,1,STX18-AS1,-0,Not sig,NA
0.044151108220405647,0.8213644501884394,0.109,0.069,1,C6orf89,-0,Not sig,NA
0.04417665890867226,-0.12184536353966635,0.558,0.641,1,KCNIP4,-0,Not sig,NA
0.044403201958870285,0.3553757623743443,0.248,0.193,1,UTY,-0,Not sig,NA
0.044426341116350625,0.17069054273198647,0.413,0.348,1,NFIA,-0,Not sig,NA
0.044904890743741606,0.7946380311007857,0.108,0.069,1,LRRN1,-0,Not sig,NA
0.04496132702402857,-0.27802665220746703,0.072,0.107,1,SLITRK4,-0,Not sig,NA
0.04508190088348372,0.13570883534449196,0.562,0.483,1,ZNF536,-0,Not sig,NA
0.045211367328603105,0.4499401669440197,0.352,0.3,1,ATG7,-0,Not sig,NA
0.0452352367845449,-0.45600349082562663,0.186,0.234,1,HOOK3,-0,Not sig,NA
0.04526045352617434,-0.27570385341329395,0.079,0.117,1,KLF9,-0,Not sig,NA
0.04539098900242154,-0.3017769372423684,0.303,0.359,1,TEAD1,-0,Not sig,NA
0.045591860904575836,-0.5670262472635434,0.119,0.159,1,PRKCI,-0,Not sig,NA
0.04598827399794783,-0.5235637766319003,0.181,0.228,1,MECP2,-0,Not sig,NA
0.046445563774217026,-0.15776366265280772,0.231,0.29,1,CYTH3,-0,Not sig,NA
0.04644730573989121,-0.5061179273845274,0.145,0.19,1,ARGLU1,-0,Not sig,NA
0.04647598886154938,0.30617009380925353,0.428,0.369,1,KCNAB1,-0,Not sig,NA
0.04665865339137885,-0.4972854412740575,0.075,0.11,1,SEZ6,-0,Not sig,NA
0.04677184082124427,0.2770060016229239,0.29,0.238,1,TMEM165,-0,Not sig,NA
0.046774358852448024,0.616635481504141,0.291,0.238,1,GAB1,-0,Not sig,NA
0.046872732488439914,-0.8490752078896484,0.085,0.121,1,XXYLT1,-0,Not sig,NA
0.046941294558574195,0.10689197502034964,0.164,0.217,1,THSD4,-0,Not sig,NA
0.047063428655464375,0.1681044158903191,0.606,0.521,1,CNTN5,-0,Not sig,NA
0.04717261491974971,-0.16471482973542262,0.133,0.183,1,MIR4435-2HG,-0,Not sig,NA
0.04722791973899257,-0.44028401736358524,0.18,0.231,1,PLCXD3,-0,Not sig,NA
0.047337260052654304,-0.12573307929575672,0.262,0.321,1,SLC16A1-AS1,-0,Not sig,NA
0.047381259415936024,-0.27886820538290014,0.487,0.548,1,IQCJ-SCHIP1,-0,Not sig,NA
0.04742242327716983,-0.2583160815710131,0.181,0.231,1,RBM5,-0,Not sig,NA
0.04751996857870711,-0.34481823197556405,0.255,0.307,1,ENAH,-0,Not sig,NA
0.04753947841700022,0.9534087554845018,0.123,0.083,1,HM13,-0,Not sig,NA
0.04765417541894351,0.15001499805278362,0.578,0.545,1,RABGAP1L,-0,Not sig,NA
0.047684634534477646,-0.1798339800534714,0.318,0.379,1,ANKS1A,-0,Not sig,NA
0.04770423858989741,-0.7469162204195584,0.079,0.114,1,SNX3,-0,Not sig,NA
0.047706323566651894,-0.7751506898718905,0.118,0.159,1,STK24,-0,Not sig,NA
0.047767647035525135,-0.2512453195656241,0.447,0.5,1,TTC28,-0,Not sig,NA
0.047869611375597705,-0.6222853433597246,0.087,0.124,1,PNPLA6,-0,Not sig,NA
0.04854797345265005,-0.17220789576996676,0.171,0.224,1,MIAT,-0,Not sig,NA
0.04865541575131429,-0.23920521408833562,0.382,0.462,1,JAZF1,-0,Not sig,NA
0.0488229007006728,-0.39620429013928093,0.087,0.124,1,KIF5A,-0,Not sig,NA
0.04895647927431335,-0.5511732228334338,0.187,0.234,1,WDR60,-0,Not sig,NA
0.04905393819689799,-0.4248876057907336,0.194,0.245,1,USP15,-0,Not sig,NA
0.049095243908209206,0.9347209571371554,0.165,0.121,1,MFSD11,-0,Not sig,NA
0.04993442661244391,0.47981255572860265,0.194,0.145,1,LMCD1-AS1,-0,Not sig,NA
0.050125766508641485,0.3196517314942439,0.237,0.183,1,KIAA1324L,-0,Not sig,NA
0.05016347104320725,-0.2767170712911018,0.258,0.321,1,ZNF407,-0,Not sig,NA
0.05017202376734895,-0.2947821787459872,0.279,0.334,1,MICU1,-0,Not sig,NA
0.05023146506239189,0.2770165318493496,0.516,0.466,1,PPFIA2,-0,Not sig,NA
0.05027491585226511,-0.3455881605892346,0.278,0.338,1,STAU2,-0,Not sig,NA
0.050386117815305075,0.44116501527643215,0.177,0.131,1,CNTN3,-0,Not sig,NA
0.050445461563445496,-0.27218922523355515,0.223,0.276,1,CAPZB,-0,Not sig,NA
0.05055335296959262,0.3409259233546098,0.16,0.114,1,INO80,-0,Not sig,NA
0.05067617152096933,0.6198706822283369,0.232,0.183,1,PATJ,-0,Not sig,NA
0.0510107343561778,0.552493237035941,0.354,0.314,1,SLC25A12,-0,Not sig,NA
0.051603981392063306,0.6336721654190085,0.15,0.107,1,SYNDIG1,-0,Not sig,NA
0.051853026214731306,-1.1299433054216659,0.083,0.117,1,AF165147.1,-0,Not sig,NA
0.05188310483477743,-0.5768425500054923,0.167,0.21,1,B4GALT5,-0,Not sig,NA
0.052237297829574106,1.1419752004412942,0.109,0.072,1,BORCS5,-0,Not sig,NA
0.05230474839365303,-0.7367857076605215,0.098,0.134,1,NISCH,-0,Not sig,NA
0.052336139159281404,-0.817777883547587,0.071,0.103,1,TAF4,-0,Not sig,NA
0.0523627578953603,-0.6535803092972651,0.107,0.145,1,PELI1,-0,Not sig,NA
0.05254424235703373,-0.9217743456315493,0.078,0.11,1,TMSB10,-0,Not sig,NA
0.05261419995407842,-0.2388471321421508,0.43,0.5,1,TMEM161B-AS1,-0,Not sig,NA
0.05292107731603345,0.8638271770221921,0.204,0.159,1,TRHDE,-0,Not sig,NA
0.05302289609925064,0.4458539360608271,0.318,0.266,1,MBNL2,-0,Not sig,NA
0.05335990971003697,-0.9392521650241432,0.081,0.114,1,ANKRD46,-0,Not sig,NA
0.05362833604084151,-0.30405545502570597,0.387,0.448,1,MBNL1,-0,Not sig,NA
0.05392919167366067,-0.34701761113720403,0.193,0.241,1,AC098850.3,-0,Not sig,NA
0.05398267381894274,-0.3827404013294817,0.441,0.483,1,ZBTB16,-0,Not sig,NA
0.05422134308154311,-0.2372436224632093,0.295,0.355,1,OSBP2,-0,Not sig,NA
0.05437334253781198,-0.1132643965200485,0.225,0.283,1,TNRC18,-0,Not sig,NA
0.05439844037889318,-0.6636945898062547,0.11,0.152,1,FSTL4,-0,Not sig,NA
0.05454360917456215,-0.37174273737431496,0.073,0.107,1,SPCS3,-0,Not sig,NA
0.054558757115231164,0.7086827879533597,0.13,0.09,1,AC024901.1,-0,Not sig,NA
0.05463422350180992,-0.8324674330219586,0.095,0.131,1,WASF1,-0,Not sig,NA
0.054752233165322045,0.8779476814307939,0.125,0.086,1,RAB6B,-0,Not sig,NA
0.054826412388636225,-0.4095105155472476,0.144,0.19,1,ARRB1,-0,Not sig,NA
0.05499444028231003,-0.7850421013657598,0.114,0.152,1,RHOA,-0,Not sig,NA
0.055339904462180345,-0.5408097052513597,0.119,0.159,1,CDC42,-0,Not sig,NA
0.055657465339366816,-0.614808630399539,0.081,0.114,1,STIP1,-0,Not sig,NA
0.05620862841276931,-0.11454962947422431,0.086,0.124,1,ATN1,-0,Not sig,NA
0.056415656143740806,-0.43624062948565956,0.114,0.155,1,NSL1,-0,Not sig,NA
0.05641711849924307,0.1790690075365211,0.345,0.283,1,L3MBTL4,-0,Not sig,NA
0.05657226247208999,-0.48129454681793965,0.21,0.259,1,RASA2,-0,Not sig,NA
0.05682721534184487,-0.2302155022593917,0.238,0.29,1,ANO10,-0,Not sig,NA
0.05685076731378507,-0.5069057559938225,0.106,0.145,1,CDH6,-0,Not sig,NA
0.05701763008731885,-0.32713578141560085,0.502,0.531,1,SIPA1L1,-0,Not sig,NA
0.057259351687419656,-0.3778313861527063,0.134,0.176,1,BAZ1B,-0,Not sig,NA
0.05730667548541864,0.5306384020812351,0.309,0.266,1,CDH20,-0,Not sig,NA
0.05762834135667781,-0.8163357037065053,0.162,0.203,1,PRKAG2,-0,Not sig,NA
0.05768073045179594,-0.36819961184409905,0.078,0.114,1,AGRN,-0,Not sig,NA
0.05790179136296794,0.5044155608473964,0.286,0.234,1,RGL1,-0,Not sig,NA
0.058121671278845946,0.21414898333865473,0.125,0.083,1,GOSR1,-0,Not sig,NA
0.0581665629437023,-0.5189411011147558,0.222,0.262,1,RAP1A,-0,Not sig,NA
0.05835251963191864,-0.26286607246244076,0.35,0.417,1,ASTN1,-0,Not sig,NA
0.058495644717417555,-0.4735202336212846,0.142,0.183,1,PELI2,-0,Not sig,NA
0.05853177365380362,-0.6042852383434952,0.083,0.117,1,ANXA6,-0,Not sig,NA
0.05857385549642126,0.9396539308185518,0.117,0.079,1,ALOX12-AS1,-0,Not sig,NA
0.05866413845666076,-0.22768494371428938,0.502,0.548,1,NF1,-0,Not sig,NA
0.05890974084164074,-0.12081509574624016,0.193,0.245,1,DCAF5,-0,Not sig,NA
0.05914091362073529,-0.545733763419264,0.12,0.159,1,UIMC1,-0,Not sig,NA
0.059230511984172673,0.6189832879921229,0.302,0.266,1,RAB3C,-0,Not sig,NA
0.05936406807747881,-0.19673176428586792,0.322,0.376,1,SPAG9,-0,Not sig,NA
0.059371427081869294,-0.1511383921433178,0.438,0.507,1,TNKS,-0,Not sig,NA
0.059394327308909936,-0.4496426745913904,0.217,0.266,1,MOSMO,-0,Not sig,NA
0.05945724852647163,-0.3117823444951833,0.278,0.331,1,PKNOX2,-0,Not sig,NA
0.059898830720616796,-0.21120563150973354,0.108,0.148,1,PRPF40B,-0,Not sig,NA
0.059947991304326605,0.7580614526556609,0.106,0.069,1,RTTN,-0,Not sig,NA
0.060066732714662986,0.30843203645593703,0.178,0.131,1,CPQ,-0,Not sig,NA
0.06008906161256178,0.593879554976786,0.169,0.124,1,PACS2,-0,Not sig,NA
0.0601190448847755,-0.322388055943444,0.277,0.328,1,BICRAL,-0,Not sig,NA
0.06017939341149713,-0.6597291531969735,0.118,0.155,1,AC104806.2,-0,Not sig,NA
0.06033493610612833,0.2281293188605047,0.537,0.5,1,FBXL17,-0,Not sig,NA
0.06036062058100511,-0.33648514691850195,0.284,0.338,1,SETD2,-0,Not sig,NA
0.06058629003072539,0.3117660629271075,0.441,0.383,1,MT-ND2,-0,Not sig,NA
0.060943666867617444,-0.5402321881525867,0.095,0.131,1,GNAI3,-0,Not sig,NA
0.06099318635552514,-0.31801891157749274,0.149,0.193,1,RASGRF1,-0,Not sig,NA
0.06118239067387165,-0.6718401445765567,0.206,0.248,1,CPE,-0,Not sig,NA
0.062104727300197615,-0.627650390434341,0.127,0.166,1,EGLN1,-0,Not sig,NA
0.06248331896945065,-0.4575037740221931,0.083,0.117,1,SNX4,-0,Not sig,NA
0.0625040301119853,-0.5358160469296889,0.153,0.193,1,SELENOW,-0,Not sig,NA
0.0625285833576032,-0.1498645667528411,0.265,0.321,1,LMBR1,-0,Not sig,NA
0.06289250276827243,-0.3266322195909947,0.196,0.245,1,VPS13A,-0,Not sig,NA
0.06296767902707044,-0.7004247735889708,0.098,0.134,1,BAALC,-0,Not sig,NA
0.0630120588362724,0.37285346946327,0.174,0.128,1,AFF2,-0,Not sig,NA
0.06324798590843957,-0.16756615491122995,0.422,0.472,1,ANKRD17,-0,Not sig,NA
0.06335610173883219,-0.6693262081641728,0.102,0.138,1,SNED1,-0,Not sig,NA
0.06360328684317093,0.5751710263374786,0.331,0.283,1,WDR7,-0,Not sig,NA
0.06378676028413957,-0.45296749478476916,0.095,0.131,1,C16orf72,-0,Not sig,NA
0.06381861273927958,0.22062469132853257,0.338,0.283,1,CHSY3,-0,Not sig,NA
0.06397780248575598,-0.35523962521356234,0.223,0.269,1,RNF216,-0,Not sig,NA
0.06401988524832761,0.33529693391631465,0.331,0.272,1,WDR70,-0,Not sig,NA
0.0641137170310824,-0.9062921093646088,0.123,0.159,1,TET3,-0,Not sig,NA
0.0641934959994427,0.3558115719743449,0.216,0.169,1,PTPRO,-0,Not sig,NA
0.06443032536931224,-0.669061841564295,0.075,0.107,1,ZNF25,-0,Not sig,NA
0.06445315998392366,-0.39558048654446276,0.068,0.1,1,FAM213A,-0,Not sig,NA
0.0648658272686609,-0.29805104541088845,0.071,0.103,1,ARHGEF10L,-0,Not sig,NA
0.06504850014784481,-0.449472653318576,0.194,0.238,1,ACAP3,-0,Not sig,NA
0.06505631894092269,-0.4514537478355136,0.16,0.2,1,RIN2,-0,Not sig,NA
0.06507524358362136,-0.6250197394959742,0.142,0.183,1,FAM120A,-0,Not sig,NA
0.06523532944348721,-0.3571071392429981,0.362,0.41,1,HERC4,-0,Not sig,NA
0.06553154930678769,-0.5895538390194548,0.108,0.145,1,SMAD5,-0,Not sig,NA
0.06561706266788042,-0.3223259355446907,0.21,0.262,1,WNK2,-0,Not sig,NA
0.06570309983028567,1.1979684268903943,0.136,0.1,1,THSD7B,-0,Not sig,NA
0.06588993361211064,-0.6715580277042867,0.08,0.114,1,SMAD9,-0,Not sig,NA
0.06597496941935216,0.517984443922216,0.146,0.103,1,UPP2,-0,Not sig,NA
0.06599795304728501,-0.2979599000762809,0.227,0.276,1,GPBP1,-0,Not sig,NA
0.0663319866573343,-0.19290646652587928,0.448,0.503,1,N4BP2L2,-0,Not sig,NA
0.06642263588475027,0.23747438928495357,0.114,0.076,1,PROX1,-0,Not sig,NA
0.06658701833107734,-0.7856960651237366,0.123,0.159,1,PRKAR1A,-0,Not sig,NA
0.06674177520774956,-0.5628632184215736,0.098,0.134,1,CLTA,-0,Not sig,NA
0.06683336738642001,-0.5293623853866316,0.089,0.124,1,ZIC1,-0,Not sig,NA
0.067159997333455,0.7588749367933724,0.173,0.131,1,SLC27A1,-0,Not sig,NA
0.0675304226059982,0.7871736553516353,0.109,0.072,1,OXNAD1,-0,Not sig,NA
0.06759646749066807,0.16242674701923443,0.679,0.634,1,TNRC6A,-0,Not sig,NA
0.06761222683565654,0.47221529918335137,0.1,0.066,1,ZC4H2,-0,Not sig,NA
0.06778184652015051,0.25406470091783895,0.501,0.459,1,GALNT17,-0,Not sig,NA
0.0678887655895866,-0.44325480640265447,0.162,0.203,1,KCNMB4,-0,Not sig,NA
0.06803644034559964,-0.26996321417617464,0.084,0.117,1,ZNF675,-0,Not sig,NA
0.06811886040447251,-0.2335473783716694,0.095,0.131,1,CASKIN1,-0,Not sig,NA
0.06817759742312053,0.43635013518132526,0.114,0.076,1,ACTR3B,-0,Not sig,NA
0.06827626169900386,-0.546986189428039,0.142,0.183,1,HIVEP1,-0,Not sig,NA
0.06856717887143648,-0.3847393195335981,0.164,0.207,1,ATF2,-0,Not sig,NA
0.06858149227435045,-0.5668207210253046,0.134,0.172,1,HUNK,-0,Not sig,NA
0.06883276271600175,-0.5022250801282035,0.15,0.19,1,PABPC1,-0,Not sig,NA
0.06902273260174803,-0.2996450195714062,0.362,0.417,1,PCCA,-0,Not sig,NA
0.06926679958302427,0.7734254102837564,0.182,0.141,1,AATK,-0,Not sig,NA
0.06939555686276867,-0.2564191934790766,0.151,0.193,1,WASF3,-0,Not sig,NA
0.0696251541295388,-0.43212667187254095,0.165,0.207,1,BCL11B,-0,Not sig,NA
0.06967331523004328,-0.464253100289428,0.114,0.152,1,NSRP1,-0,Not sig,NA
0.06972890879824635,0.9806162079523508,0.126,0.09,1,L2HGDH,-0,Not sig,NA
0.06975668900847865,0.621668273674436,0.131,0.093,1,RPH3A,-0,Not sig,NA
0.06980081202893909,0.5957699144562969,0.132,0.093,1,CNTN2,-0,Not sig,NA
0.07007069967728424,-0.642350424001739,0.136,0.172,1,DHX36,-0,Not sig,NA
0.07047915829344273,-0.21856951826341398,0.212,0.259,1,CAP2,-0,Not sig,NA
0.07062604156157182,0.1699789058480956,0.439,0.397,1,KCTD16,-0,Not sig,NA
0.07063874359026072,-0.7063785450626017,0.091,0.124,1,TMED8,-0,Not sig,NA
0.07064402404281926,-0.22843215234017,0.458,0.517,1,MSI2,-0,Not sig,NA
0.07069819317598454,-0.354448602081996,0.198,0.241,1,IQSEC1,-0,Not sig,NA
0.07076643197915349,0.4621703248878268,0.154,0.11,1,PPIP5K2,-0,Not sig,NA
0.07079156441835574,-0.4735939545410066,0.108,0.145,1,SLC12A6,-0,Not sig,NA
0.07081226249983893,0.32957528312130824,0.221,0.172,1,SLC1A3,-0,Not sig,NA
0.07102760802628255,0.7269371008224796,0.166,0.124,1,WDR17,-0,Not sig,NA
0.07106939975177086,-0.23999092394058463,0.278,0.328,1,SPIN1,-0,Not sig,NA
0.0713017585550983,0.27764791979586034,0.434,0.379,1,CACNA2D3,-0,Not sig,NA
0.07131780438679608,-0.24843231585311767,0.128,0.169,1,NOVA2,-0,Not sig,NA
0.07181479847199318,-0.3290332070349472,0.077,0.11,1,GYS1,-0,Not sig,NA
0.07183288863186499,0.717696382891916,0.132,0.093,1,CHD7,-0,Not sig,NA
0.07191901583648913,-0.6854078612340165,0.12,0.155,1,CNTLN,-0,Not sig,NA
0.0722687202680368,-0.3238862264761655,0.223,0.272,1,PIK3CA,-0,Not sig,NA
0.07238303709649185,-0.5431428406426377,0.103,0.138,1,ARL3,-0,Not sig,NA
0.07264734305726829,-0.4767881580947092,0.099,0.134,1,PRKX,-0,Not sig,NA
0.07293773869158275,-0.25452338138486785,0.15,0.193,1,ATM,-0,Not sig,NA
0.0734923075562302,0.5273702702398461,0.174,0.131,1,ZNF462,-0,Not sig,NA
0.07358593642799192,-0.15202372914642526,0.57,0.528,1,MIR99AHG,-0,Not sig,NA
0.07364290891957324,0.4352769173134765,0.312,0.269,1,WDPCP,-0,Not sig,NA
0.07372278590904909,-0.3597239605269853,0.135,0.176,1,CABP1,-0,Not sig,NA
0.07399726743823325,0.7192829840324628,0.169,0.128,1,HTRA1,-0,Not sig,NA
0.07416567621178344,0.536953708259452,0.374,0.341,1,KLF12,-0,Not sig,NA
0.0741678656122997,0.4386806531800007,0.296,0.248,1,MCF2L2,-0,Not sig,NA
0.07420136684999662,-0.5122493258734823,0.289,0.338,1,PUM1,-0,Not sig,NA
0.07462855035712591,0.44543427189620666,0.141,0.1,1,CCP110,-0,Not sig,NA
0.07466410777130675,-0.2002597037682401,0.142,0.183,1,MSH2,-0,Not sig,NA
0.0746777820424427,-0.3009844465757179,0.271,0.321,1,ARHGAP5,-0,Not sig,NA
0.07474632515606149,0.4323458272515912,0.194,0.152,1,TRIM37,-0,Not sig,NA
0.07482685288415705,-0.34159379454328687,0.242,0.29,1,VAPA,-0,Not sig,NA
0.07485420670629488,-0.34810036238778674,0.319,0.372,1,COP1,-0,Not sig,NA
0.07492141741060973,0.10119879119819541,0.286,0.228,1,PHACTR3,-0,Not sig,NA
0.07511887468612342,0.3456207041696524,0.158,0.114,1,PAG1,-0,Not sig,NA
0.07563456182303202,0.6544263472976896,0.122,0.086,1,ROR1,-0,Not sig,NA
0.07594381040786889,0.5863358086860232,0.155,0.114,1,PRKDC,-0,Not sig,NA
0.07652939449418866,-0.21380004618552517,0.434,0.49,1,TMEM132B,-0,Not sig,NA
0.07683046762947537,-0.2166823654126624,0.38,0.438,1,BRAF,-0,Not sig,NA
0.07691081482226728,-0.762989153217974,0.141,0.176,1,HDGFL3,-0,Not sig,NA
0.07693011341748074,-0.44650582308490255,0.148,0.186,1,PACSIN2,-0,Not sig,NA
0.0769316327024362,-0.43300012091519346,0.213,0.259,1,TMEM135,-0,Not sig,NA
0.07726089669720558,-0.43471331105276834,0.215,0.259,1,RBM33,-0,Not sig,NA
0.07731403912910023,-0.18680203988747368,0.414,0.497,1,SBF2,-0,Not sig,NA
0.07745723015382973,-0.30699284129785076,0.097,0.131,1,PPME1,-0,Not sig,NA
0.07769245033629459,-0.4210807387587632,0.09,0.124,1,TTC13,-0,Not sig,NA
0.07878745115633737,-0.3257794449449738,0.336,0.379,1,RUFY3,-0,Not sig,NA
0.07896459801911607,-0.4232331766292989,0.145,0.183,1,KLHDC10,-0,Not sig,NA
0.07922615231729371,0.3760863452848551,0.439,0.4,1,VTI1A,-0,Not sig,NA
0.07939811655520417,-0.3470485032376931,0.267,0.314,1,PPP2R5C,-0,Not sig,NA
0.0798800030231201,-0.6671853839300659,0.07,0.1,1,ZNF791,-0,Not sig,NA
0.07990104802013316,-0.18336039356143852,0.254,0.307,1,KLHL29,-0,Not sig,NA
0.0800204698171699,0.539826922504298,0.346,0.3,1,SORT1,-0,Not sig,NA
0.08076509301118381,0.5288974452552159,0.183,0.141,1,SYT11,-0,Not sig,NA
0.08139661558099083,0.5932528804002202,0.107,0.072,1,PCDH10,-0,Not sig,NA
0.08145739355707296,-0.3343716665841156,0.17,0.214,1,PIK3C2A,-0,Not sig,NA
0.08153643723147971,0.5082426085035416,0.147,0.107,1,LAMP2,-0,Not sig,NA
0.08167566241970182,0.546685799759313,0.301,0.252,1,ELAVL3,-0,Not sig,NA
0.08232750562628047,0.29769151450239106,0.394,0.366,1,TMEM108,-0,Not sig,NA
0.08235118390706751,-0.8719580598022896,0.09,0.121,1,PCNP,-0,Not sig,NA
0.08236743805641984,-0.7530277939515049,0.124,0.159,1,ST6GAL1,-0,Not sig,NA
0.08262957644069756,-0.7904506608621806,0.071,0.1,1,AZIN1,-0,Not sig,NA
0.08276431360013548,0.45959742878817167,0.479,0.462,1,CCNH,-0,Not sig,NA
0.08286241498234981,-0.371639452478739,0.526,0.559,1,IMMP2L,-0,Not sig,NA
0.08294200615229667,0.37520110074746604,0.441,0.393,1,NCALD,-0,Not sig,NA
0.08307335532040702,-0.3626986804326923,0.073,0.103,1,MCRIP1,-0,Not sig,NA
0.08321077522629379,-0.7675326399560374,0.093,0.124,1,LEPR,-0,Not sig,NA
0.08326654210819975,-0.3405916026159871,0.161,0.2,1,SPART,-0,Not sig,NA
0.08332522684237041,0.8582623215100957,0.129,0.093,1,CPLX2,-0,Not sig,NA
0.08356337603565123,-0.2938410229170665,0.355,0.407,1,BBS9,-0,Not sig,NA
0.08361739357074817,-0.4543736118941528,0.349,0.383,1,MEF2A,-0,Not sig,NA
0.08465028490859937,-0.3486541387443949,0.167,0.207,1,TBCA,-0,Not sig,NA
0.08474203581922604,-0.21423167475505261,0.195,0.241,1,SSBP3,-0,Not sig,NA
0.08509702802662102,0.6562848847048309,0.198,0.155,1,KIF16B,-0,Not sig,NA
0.08515050326001294,0.3945195334039677,0.19,0.145,1,SLC25A13,-0,Not sig,NA
0.08516236457812015,-0.6223002211164756,0.141,0.179,1,OLFM2,-0,Not sig,NA
0.08543076386913277,-0.16199387504658852,0.114,0.152,1,PKIG,-0,Not sig,NA
0.08567690204179622,0.7956581677612293,0.102,0.069,1,AL592183.1,-0,Not sig,NA
0.08614032665300328,-0.3069028966587598,0.13,0.169,1,AJAP1,-0,Not sig,NA
0.08618397225077758,0.965566701579643,0.101,0.069,1,MAD1L1,-0,Not sig,NA
0.0863357495882506,-0.3226085469238904,0.139,0.179,1,CFDP1,-0,Not sig,NA
0.08643914636431821,0.7732737212044298,0.102,0.069,1,AC092378.1,-0,Not sig,NA
0.08649220880040093,0.1129629037008114,0.186,0.141,1,FAM66D,-0,Not sig,NA
0.086687759223751,-0.6129182156127987,0.095,0.128,1,LINC01197,-0,Not sig,NA
0.08686141385298025,-0.8848662987754472,0.075,0.103,1,CNRIP1,-0,Not sig,NA
0.08707841766660912,-0.34318003981522666,0.171,0.214,1,COL21A1,-0,Not sig,NA
0.08735175080349597,-0.4637265539681451,0.089,0.121,1,NOL4L,-0,Not sig,NA
0.08741674560666948,0.22208303684825026,0.418,0.372,1,PCDH7,-0,Not sig,NA
0.08783181862152657,0.28119281234957577,0.186,0.141,1,NAP1L4,-0,Not sig,NA
0.08796402664966059,0.5171393251470688,0.192,0.152,1,YPEL2,-0,Not sig,NA
0.08820939559191507,0.3288258428517221,0.335,0.297,1,GRIN1,-0,Not sig,NA
0.08833373816353261,-0.7139114039596849,0.162,0.197,1,FCHO2,-0,Not sig,NA
0.088354718763061,-0.5403634803545079,0.077,0.107,1,RGS5,-0,Not sig,NA
0.08843884839192358,0.8266437227035767,0.143,0.107,1,SLC35E3,-0,Not sig,NA
0.08893133387246953,-0.21472777314969915,0.087,0.121,1,ZNF318,-0,Not sig,NA
0.08914115067033287,0.43241196096637236,0.342,0.303,1,POU2F1,-0,Not sig,NA
0.08925879168026446,0.4663917317575169,0.174,0.134,1,COLGALT2,-0,Not sig,NA
0.08936010803751505,-0.5405021495020905,0.146,0.183,1,XRN2,-0,Not sig,NA
0.08949519657695977,0.23013992852453136,0.591,0.545,1,RPS6KA2,-0,Not sig,NA
0.0896377778104503,-0.4484461648765175,0.182,0.221,1,NCOA3,-0,Not sig,NA
0.09008459021621315,0.4489002897069758,0.145,0.107,1,AMMECR1,-0,Not sig,NA
0.09056848241662446,0.7849433019856297,0.109,0.076,1,LY6H,-0,Not sig,NA
0.09068500606136072,-0.6192656048655845,0.125,0.159,1,STK38,-0,Not sig,NA
0.09079556306832973,-0.33948955396517055,0.193,0.234,1,ACSL3,-0,Not sig,NA
0.09110079458445222,-0.314241812001533,0.266,0.31,1,KDM2A,-0,Not sig,NA
0.09114022289235614,-0.20611163014837142,0.23,0.276,1,MICU3,-0,Not sig,NA
0.09116393637668263,-0.4362663366356381,0.147,0.186,1,SMC5,-0,Not sig,NA
0.09137053666101179,-0.14515807552202376,0.249,0.3,1,CRADD,-0,Not sig,NA
0.09137968575473078,-0.48029817251593454,0.077,0.107,1,GGA1,-0,Not sig,NA
0.09170020324999834,-0.7199462588285483,0.081,0.11,1,UBE2V2,-0,Not sig,NA
0.09170747380558666,-0.5788999353672,0.142,0.176,1,UBE2E1,-0,Not sig,NA
0.09187838147074395,-0.5294921959013923,0.146,0.183,1,AGO2,-0,Not sig,NA
0.09193594296054725,-0.42748894538362625,0.074,0.103,1,ACO1,-0,Not sig,NA
0.09214101249722227,-0.4456295714533104,0.154,0.19,1,CREB1,-0,Not sig,NA
0.09258918857681443,-0.690335581255167,0.105,0.138,1,PTOV1,-0,Not sig,NA
0.09259999710758025,0.5301255057155787,0.153,0.114,1,ELOVL6,-0,Not sig,NA
0.09260833401864804,-0.4055567141624141,0.076,0.107,1,MCM3AP,-0,Not sig,NA
0.09267701174507513,-0.43916350023357753,0.22,0.266,1,TBC1D19,-0,Not sig,NA
0.09267966616023708,-0.49835644554017244,0.098,0.131,1,PIP5K1C,-0,Not sig,NA
0.0927076476791093,0.7029958275997454,0.135,0.1,1,PARN,-0,Not sig,NA
0.09314432663168218,-0.27128458563258817,0.226,0.272,1,EXOC6,-0,Not sig,NA
0.093198719058275,-0.29991995989164555,0.238,0.283,1,TMEM131,-0,Not sig,NA
0.09324773258088939,-0.2797511151107037,0.286,0.334,1,NAV1,-0,Not sig,NA
0.09341390044324091,-0.34393677630048725,0.228,0.272,1,GRB10,-0,Not sig,NA
0.09398187125066208,0.34067202337845504,0.16,0.121,1,KIAA0319L,-0,Not sig,NA
0.09447125405941334,-0.345270216814037,0.288,0.331,1,MED13,-0,Not sig,NA
0.09453402989657127,-0.3838798950196233,0.119,0.155,1,PPIP5K1,-0,Not sig,NA
0.0945640915265976,-0.20531890911142625,0.19,0.234,1,KIAA0930,-0,Not sig,NA
0.09481489260422216,0.42460623618762994,0.114,0.079,1,MIPEP,-0,Not sig,NA
0.09489046467010936,0.7254689621369657,0.112,0.079,1,EPHA3,-0,Not sig,NA
0.09517384658225476,-0.22914552889731377,0.23,0.276,1,PPP2R2A,-0,Not sig,NA
0.09519039988636936,-0.25471628026417603,0.213,0.259,1,CIT,-0,Not sig,NA
0.09546280431606215,-0.56338618495053,0.108,0.141,1,NAA50,-0,Not sig,NA
0.09551400193320084,-0.4084479268057456,0.102,0.134,1,NUP160,-0,Not sig,NA
0.09573519642321156,0.4370412790281959,0.231,0.19,1,NELL1,-0,Not sig,NA
0.09589511119410075,-0.6890315360284757,0.109,0.141,1,DHX9,-0,Not sig,NA
0.09602535867962661,0.5469922659810502,0.125,0.09,1,USP4,-0,Not sig,NA
0.09633804818312673,0.6214443542850844,0.112,0.079,1,PDPR,-0,Not sig,NA
0.09664283180011295,-0.45448194139164594,0.074,0.103,1,MAPK11,-0,Not sig,NA
0.09673536957705477,0.26660627904784784,0.133,0.097,1,NUP58,-0,Not sig,NA
0.09678542308482242,0.37165197519437065,0.217,0.172,1,CLMN,-0,Not sig,NA
0.09711824017111778,-0.2730891611741241,0.073,0.103,1,CEMIP,-0,Not sig,NA
0.09727364193281243,0.261934621026257,0.41,0.369,1,SLC2A13,-0,Not sig,NA
0.09741856535893133,-0.5595393464811135,0.182,0.217,1,STAG2,-0,Not sig,NA
0.09742824210156273,0.3278324261217219,0.169,0.128,1,RETREG1,-0,Not sig,NA
0.09771427541145448,-0.2809751700243486,0.246,0.29,1,UBN2,-0,Not sig,NA
0.09820802675910822,-0.5262193115469647,0.232,0.269,1,JPX,-0,Not sig,NA
0.0982104502823197,-0.3088595000646585,0.204,0.245,1,USP24,-0,Not sig,NA
0.09844072589718227,0.2540893580334087,0.283,0.228,1,FBXL7,-0,Not sig,NA
0.09851183523403524,-0.7912396766250862,0.22,0.259,1,PDE7B,-0,Not sig,NA
0.09854975021615262,-0.5805792412501181,0.122,0.155,1,MGST3,-0,Not sig,NA
0.09908626572277841,-0.7364488408268723,0.078,0.107,1,TMEM59,-0,Not sig,NA
0.09912761628808657,-0.41951221808674677,0.238,0.279,1,MAML2,-0,Not sig,NA
0.09918793324994131,-0.3812704334724826,0.249,0.29,1,CREBBP,-0,Not sig,NA
0.09932298458726639,-0.5931902415056926,0.105,0.134,1,IPO7,-0,Not sig,NA
0.09996122181090808,-0.43791748582163514,0.174,0.21,1,TRPC4AP,-0,Not sig,NA
0.10042879838924736,-0.44875249604084033,0.078,0.107,1,ITGA6,-0,Not sig,NA
0.10056989176756452,0.5805908374584088,0.135,0.1,1,PIGU,-0,Not sig,NA
0.10068373531503082,-0.8752951249780152,0.098,0.128,1,ANO6,-0,Not sig,NA
0.10071843457800947,-0.3045806779712067,0.285,0.331,1,BRWD1,-0,Not sig,NA
0.10081138795465214,1.0748262476356523,0.102,0.072,1,LRRC3B,-0,Not sig,NA
0.10101734283936942,-0.11612048707857303,0.288,0.341,1,SPIRE1,-0,Not sig,NA
0.10148686069852199,0.28254924903694517,0.194,0.152,1,PHYHIPL,-0,Not sig,NA
0.10154288387547208,-0.47777710287501157,0.147,0.183,1,TMEM106B,-0,Not sig,NA
0.10158800064930358,-0.40657972980631674,0.083,0.114,1,LMBRD2,-0,Not sig,NA
0.10166102841984666,-0.24739048312207185,0.098,0.131,1,KIAA0556,-0,Not sig,NA
0.10168461925392194,0.35288155257506737,0.1,0.069,1,TPCN1,-0,Not sig,NA
0.10183661212880153,0.11675947604572556,0.379,0.328,1,CDK14,-0,Not sig,NA
0.10203843682306259,0.572572739872478,0.124,0.09,1,CAPS2,-0,Not sig,NA
0.1020834343870849,-0.1679403914469727,0.117,0.152,1,SGPP2,-0,Not sig,NA
0.10232651464259157,0.4359051567842418,0.326,0.283,1,NSMCE2,-0,Not sig,NA
0.10242682813594106,-0.6311231732526166,0.122,0.155,1,PTPN1,-0,Not sig,NA
0.10252674153498857,0.486957517852668,0.189,0.148,1,POM121,-0,Not sig,NA
0.10274858306573366,0.15226411261746442,0.222,0.176,1,KCNB2,-0,Not sig,NA
0.10305741880125938,0.2395913585785947,0.554,0.517,1,GRIN2B,-0,Not sig,NA
0.10309240519954789,0.2923402257536264,0.134,0.097,1,GABPB1-AS1,-0,Not sig,NA
0.10312303816548514,0.3251680784530451,0.298,0.252,1,TTN-AS1,-0,Not sig,NA
0.10362363755745203,0.3440428330544498,0.117,0.083,1,CYP7B1,-0,Not sig,NA
0.10364046243349674,-0.811471178819719,0.092,0.121,1,TENT4A,-0,Not sig,NA
0.10416981388051735,-0.49096616515193947,0.131,0.166,1,SF1,-0,Not sig,NA
0.10454500302251103,-0.7231628443097835,0.094,0.124,1,RHOQ,-0,Not sig,NA
0.10462200881290636,0.23700617117389045,0.35,0.303,1,ZNF385B,-0,Not sig,NA
0.10485654718116355,-0.5383341797990433,0.085,0.114,1,SUCO,-0,Not sig,NA
0.10508242427838949,0.4774159164975379,0.154,0.117,1,LINC02210-CRHR1,-0,Not sig,NA
0.10510167998609705,-0.573782319552465,0.106,0.138,1,DCP1A,-0,Not sig,NA
0.10538896358587538,-0.4072225960845075,0.32,0.359,1,GLS,-0,Not sig,NA
0.10542809408795857,-0.431056040188246,0.121,0.155,1,PPP4R2,-0,Not sig,NA
0.10552440046220062,-0.16049953776420856,0.148,0.186,1,NR2F2-AS1,-0,Not sig,NA
0.10585904305008884,0.39399719022014235,0.105,0.072,1,MAP3K9,-0,Not sig,NA
0.10594025791496874,-0.12983500198561604,0.462,0.528,1,SPOCK1,-0,Not sig,NA
0.10619974665365356,0.5700993396091094,0.273,0.231,1,SCD5,-0,Not sig,NA
0.1062430323374747,-0.6156502667911196,0.088,0.117,1,EEF1D,-0,Not sig,NA
0.1062854684101312,0.1896494570557512,0.226,0.179,1,SNX13,-0,Not sig,NA
0.10674020974338076,0.7696322769310696,0.119,0.086,1,EIF1AX,-0,Not sig,NA
0.10676413910183419,0.26531328237113094,0.261,0.214,1,DLX6-AS1,-0,Not sig,NA
0.10688611255787277,-0.24886254713089961,0.397,0.441,1,ZCCHC7,-0,Not sig,NA
0.10695856631955643,0.8626341033147658,0.147,0.114,1,SVOP,-0,Not sig,NA
0.10704768607242336,0.20467759054315238,0.368,0.321,1,SH3GL3,-0,Not sig,NA
0.1070943078236337,-0.18497584162878566,0.342,0.39,1,LCOR,-0,Not sig,NA
0.10735866077884851,0.2662781916942778,0.231,0.186,1,GPR137C,-0,Not sig,NA
0.10743717892192708,-0.7676770042944162,0.107,0.138,1,AGPS,-0,Not sig,NA
0.10768654263781602,-0.27459950221095597,0.155,0.193,1,RAF1,-0,Not sig,NA
0.10774734563382408,-0.3184736349269749,0.105,0.138,1,ZRANB1,-0,Not sig,NA
0.10803977880437804,-0.34873072600274413,0.184,0.224,1,KCNH1,-0,Not sig,NA
0.10877913386526712,-0.74236511607291,0.086,0.114,1,ARHGAP31,-0,Not sig,NA
0.10881948991842774,-0.12761412474831424,0.486,0.545,1,ADGRL2,-0,Not sig,NA
0.10902482010562924,-0.23075526022446224,0.283,0.324,1,SFMBT2,-0,Not sig,NA
0.10916074048449351,-0.4029139678666276,0.146,0.183,1,RPL13,-0,Not sig,NA
0.10939198901667196,-0.36365077010602076,0.338,0.383,1,KIAA1109,-0,Not sig,NA
0.1096217121741077,-0.10274727791818572,0.633,0.569,1,NAV3,-0,Not sig,NA
0.1097636648562896,-0.3476917556961989,0.218,0.259,1,NBEAL1,-0,Not sig,NA
0.10981574743577067,-0.4812350100418801,0.334,0.379,1,GABRB3,-0,Not sig,NA
0.11007484057709342,-0.5181758777218537,0.165,0.2,1,ARHGAP17,-0,Not sig,NA
0.11075728474066543,-0.3407506484115076,0.242,0.283,1,AHCYL2,-0,Not sig,NA
0.11098405221682206,-0.1357640230695294,0.371,0.421,1,DENND5B,-0,Not sig,NA
0.11190210180879155,-0.6018456173403028,0.097,0.128,1,SRSF10,-0,Not sig,NA
0.11190826844821919,-0.15999220144758247,0.168,0.207,1,UBE2B,-0,Not sig,NA
0.11197463684449113,0.31421444522700614,0.102,0.138,1,IRAK3,-0,Not sig,NA
0.11200399851123306,0.3917396800630154,0.23,0.19,1,NEO1,-0,Not sig,NA
0.11218744574811235,-0.2990416183950235,0.078,0.107,1,CCNL2,-0,Not sig,NA
0.11242488695190062,-0.10077456986499933,0.077,0.107,1,SLC44A2,-0,Not sig,NA
0.11246205923376876,-0.26216558856159955,0.246,0.286,1,PPP6R2,-0,Not sig,NA
0.11257964308703142,-0.1171321354926948,0.149,0.19,1,BCL11A,-0,Not sig,NA
0.11307476134770927,-0.4274441125738452,0.094,0.124,1,C6orf106,-0,Not sig,NA
0.11311197119498755,0.3930937611359374,0.295,0.255,1,MAPK8,-0,Not sig,NA
0.1132989159419191,-0.1613468037131095,0.192,0.234,1,CYTH1,-0,Not sig,NA
0.11344774555719016,-0.5173257860526269,0.162,0.197,1,RAP1B,-0,Not sig,NA
0.113770332269299,0.39243795088681366,0.18,0.141,1,GALK2,-0,Not sig,NA
0.11399512202041236,0.31789094983024896,0.134,0.1,1,FSD1L,-0,Not sig,NA
0.11422496078600629,-0.2529730650478311,0.265,0.31,1,AC245297.3,-0,Not sig,NA
0.11431913515348704,-0.44990631839307715,0.226,0.266,1,HNRNPA2B1,-0,Not sig,NA
0.11439392098801114,-0.39500859719834364,0.133,0.169,1,COPA,-0,Not sig,NA
0.11453554031790963,-0.5143433942301107,0.095,0.124,1,AP3B2,-0,Not sig,NA
0.11461074323770366,-0.6337530440702775,0.127,0.159,1,CCDC6,-0,Not sig,NA
0.11477280690871355,-0.4039462638788544,0.208,0.248,1,EPS15,-0,Not sig,NA
0.11514937382144835,-0.14905772800240333,0.133,0.169,1,DOK5,-0,Not sig,NA
0.11524410445050988,0.27706671325407806,0.317,0.276,1,DPYD,-0,Not sig,NA
0.11555078264738901,-0.3982182665778783,0.224,0.266,1,LENG8,-0,Not sig,NA
0.11557865610904298,-0.22338370472471558,0.478,0.528,1,KCNQ3,-0,Not sig,NA
0.11561519719833177,-0.20449535111042638,0.349,0.397,1,PPP6R3,-0,Not sig,NA
0.11565370874301367,-0.21189202596722923,0.245,0.286,1,TRIP12,-0,Not sig,NA
0.11576182829512469,0.15916141053167343,0.353,0.303,1,OSBPL1A,-0,Not sig,NA
0.11577322908856953,0.44324826246912896,0.138,0.103,1,TSPYL2,-0,Not sig,NA
0.11588361841768276,-0.45355947102839755,0.113,0.145,1,ARNT,-0,Not sig,NA
0.11606145837759715,0.32545196204169813,0.198,0.159,1,USP48,-0,Not sig,NA
0.11608653668692209,-0.7451763036042935,0.08,0.107,1,HADHB,-0,Not sig,NA
0.11649713556448162,0.3913063158347084,0.155,0.117,1,MITF,-0,Not sig,NA
0.11667124379541532,-0.1513140152533512,0.281,0.328,1,PRRC2C,-0,Not sig,NA
0.11677809777581778,-0.26347245532801084,0.168,0.207,1,ANKRD13C,-0,Not sig,NA
0.11710792597780671,0.3690562992041985,0.134,0.1,1,MEGF9,-0,Not sig,NA
0.11719325239905705,-0.37949632549943735,0.233,0.272,1,KCND3,-0,Not sig,NA
0.11726565288674877,0.537578149145953,0.119,0.086,1,METTL25,-0,Not sig,NA
0.11761774942675095,0.80798245295386,0.162,0.128,1,ARHGEF4,-0,Not sig,NA
0.11782148545906816,0.9870713174516934,0.101,0.072,1,ENOX2,-0,Not sig,NA
0.11796593911485062,-0.36654358986572,0.085,0.114,1,MTCH1,-0,Not sig,NA
0.11864941403030403,-0.48711064957572636,0.088,0.117,1,C2CD3,-0,Not sig,NA
0.11870731145532652,-0.30407953998983017,0.078,0.107,1,AL035530.2,-0,Not sig,NA
0.1188442566437996,-0.6864515294793966,0.192,0.224,1,SLC12A2,-0,Not sig,NA
0.11908640546379293,-0.22780850678628847,0.184,0.224,1,PSME4,-0,Not sig,NA
0.11938686088710218,-0.42690189093876674,0.149,0.183,1,SCAMP1,-0,Not sig,NA
0.12052336241772783,-0.1794242678006378,0.267,0.314,1,PKD2,-0,Not sig,NA
0.12069950953715874,-0.13780926507226798,0.114,0.148,1,PDE4A,-0,Not sig,NA
0.12082432752995524,0.5792195372621203,0.106,0.076,1,RAB30-AS1,-0,Not sig,NA
0.1208324810050156,0.32599266016867623,0.123,0.09,1,G3BP2,-0,Not sig,NA
0.1209054609419892,-0.2567574617794208,0.085,0.114,1,BTF3L4,-0,Not sig,NA
0.1210008108822977,0.40653712745469517,0.418,0.393,1,MYRIP,-0,Not sig,NA
0.12156329524376314,0.6027912125405326,0.13,0.097,1,GLRA2,-0,Not sig,NA
0.12157858013790222,0.1347867763893691,0.104,0.072,1,FTL,-0,Not sig,NA
0.12166700932611708,-0.2890399063142266,0.252,0.293,1,CASK,-0,Not sig,NA
0.12211652747231241,0.7416926180038621,0.215,0.183,1,UBASH3B,-0,Not sig,NA
0.12226963318465227,-0.319715185526117,0.234,0.276,1,AGFG1,-0,Not sig,NA
0.12241947909286273,-0.48463541680904465,0.079,0.107,1,FANCC,-0,Not sig,NA
0.12250591779153369,-0.16761472979273323,0.182,0.224,1,DYNC2H1,-0,Not sig,NA
0.12288395981794928,-0.3170064300601443,0.376,0.421,1,FOXN3,-0,Not sig,NA
0.1229820965119227,-0.45828472671457754,0.174,0.207,1,ODF2L,-0,Not sig,NA
0.12309206754244331,-0.24417037652036983,0.197,0.234,1,RLF,-0,Not sig,NA
0.12327086841969635,-0.43565285904386153,0.101,0.131,1,RALY,-0,Not sig,NA
0.12340221071857109,-0.17503214762971941,0.232,0.276,1,ARMH3,-0,Not sig,NA
0.12343550171276063,0.1390908954619443,0.092,0.124,1,MRPL41,-0,Not sig,NA
0.12356162679386697,-0.4016444213624477,0.12,0.152,1,ZFC3H1,-0,Not sig,NA
0.12407971580551552,-0.28815419622844357,0.226,0.266,1,FXR1,-0,Not sig,NA
0.12433227122218472,-0.33761165169746643,0.086,0.114,1,DOPEY2,-0,Not sig,NA
0.12480660366008219,-0.6092958452568902,0.106,0.134,1,TMEM30A,-0,Not sig,NA
0.12490907003426562,0.5125642816967807,0.146,0.11,1,ZFP90,-0,Not sig,NA
0.12493344944007097,-0.2697280683465265,0.102,0.134,1,CASTOR2,-0,Not sig,NA
0.12539249224585677,-0.39807224247935924,0.173,0.21,1,PPHLN1,-0,Not sig,NA
0.12547772911562016,0.35842037840109087,0.36,0.324,1,CASC4,-0,Not sig,NA
0.1254890941704303,0.13926581590517204,0.131,0.097,1,PLD1,-0,Not sig,NA
0.12571361164137024,-0.27219061403471967,0.257,0.3,1,ANK1,-0,Not sig,NA
0.125793857254144,-0.14958580927743337,0.221,0.269,1,PTPRT,-0,Not sig,NA
0.12581558637715753,0.21256601357178695,0.317,0.269,1,SDCCAG8,-0,Not sig,NA
0.1260686030001959,-0.11152277194681154,0.192,0.231,1,GAD1,-0,Not sig,NA
0.12628482847136738,-0.1454146823573983,0.091,0.121,1,UPF2,-0,Not sig,NA
0.12635856915411553,-0.23942837350614626,0.174,0.214,1,UBE2D2,-0,Not sig,NA
0.1264084991665526,0.2963439511648618,0.515,0.51,1,MAP7,-0,Not sig,NA
0.12651359657714023,-0.279666525665384,0.2,0.238,1,ANKRD10,-0,Not sig,NA
0.12703037533997832,0.6658740123561838,0.139,0.107,1,AL645568.1,-0,Not sig,NA
0.12715568809400818,-0.3541059627690579,0.098,0.128,1,SMARCD3,-0,Not sig,NA
0.12717096315665788,-0.5106513590022284,0.095,0.124,1,BLCAP,-0,Not sig,NA
0.12761035193641043,-0.48879489506019164,0.173,0.207,1,NME7,-0,Not sig,NA
0.12762114506734304,-0.5109560260491004,0.146,0.179,1,PDLIM5,-0,Not sig,NA
0.127676298500218,-0.6040043770983632,0.115,0.145,1,LINC01250,-0,Not sig,NA
0.12808663523276645,-0.19354190859718667,0.117,0.152,1,CMTM8,-0,Not sig,NA
0.12848720090268143,-0.24796385128592768,0.153,0.19,1,TRRAP,-0,Not sig,NA
0.12906958271448432,-0.2019907457934279,0.234,0.279,1,TRAK1,-0,Not sig,NA
0.12924167409625875,-0.4027182608604606,0.101,0.131,1,PLEC,-0,Not sig,NA
0.12934563245678174,0.2532705584980581,0.182,0.145,1,KCTD1,-0,Not sig,NA
0.12952559547795672,-0.3448504692187212,0.13,0.162,1,UCHL1,-0,Not sig,NA
0.12973210584657396,0.11563899693168445,0.312,0.266,1,PRKD1,-0,Not sig,NA
0.12976349610867363,0.9686664533215756,0.122,0.093,1,NELFA,-0,Not sig,NA
0.12977433882804534,-0.12648473373482105,0.146,0.107,1,GPD2,-0,Not sig,NA
0.12983836035496818,0.42807499145586225,0.118,0.086,1,FAM184A,-0,Not sig,NA
0.13040740240098259,-0.32805688942740385,0.306,0.352,1,PPM1L,-0,Not sig,NA
0.1304330884971453,-0.4787641853976665,0.16,0.193,1,SPOP,-0,Not sig,NA
0.13056028083471002,-0.19196115655158652,0.135,0.169,1,NSMAF,-0,Not sig,NA
0.13057942074677037,-0.2788843634216892,0.284,0.324,1,CCSER2,-0,Not sig,NA
0.1306895205962776,0.24889682103339536,0.118,0.086,1,BRINP2,-0,Not sig,NA
0.13073559652048278,-0.49719187180529423,0.084,0.11,1,SMAD1,-0,Not sig,NA
0.1312317114804975,-0.19721362825924804,0.166,0.203,1,AC010127.1,-0,Not sig,NA
0.13125621363326517,0.4442905404029628,0.274,0.238,1,DOK6,-0,Not sig,NA
0.1313491509840602,-0.17046738955742224,0.165,0.203,1,VPS45,-0,Not sig,NA
0.1319495065250978,-0.719842585791868,0.084,0.11,1,SUCLA2,-0,Not sig,NA
0.13202326686151408,0.160097921124557,0.438,0.4,1,SYN2,-0,Not sig,NA
0.13207135884969495,-0.4996384896654024,0.182,0.21,1,ABI1,-0,Not sig,NA
0.13258805756214628,0.41157268500055055,0.278,0.238,1,UBE4B,-0,Not sig,NA
0.13323331480303843,0.22914037098963114,0.11,0.079,1,EFHD1,-0,Not sig,NA
0.13338907151575968,0.19897914287345567,0.161,0.124,1,DDX10,-0,Not sig,NA
0.13342478112022307,-0.12228474618062851,0.211,0.255,1,TCF20,-0,Not sig,NA
0.1335353380273511,0.44826069988996253,0.125,0.093,1,SLC10A7,-0,Not sig,NA
0.1336909002851595,-0.20052118606914104,0.104,0.134,1,USP11,-0,Not sig,NA
0.13380952750853065,-0.60540062227939,0.077,0.103,1,MAP3K1,-0,Not sig,NA
0.13382648389515886,-0.2184729695082286,0.184,0.224,1,ATP1A2,-0,Not sig,NA
0.1339328628719702,-0.43615455458711633,0.228,0.262,1,LYST,-0,Not sig,NA
0.13430644864997004,-0.14800333921523956,0.483,0.541,1,ZFAND3,-0,Not sig,NA
0.13446244212598743,-0.17914992708223676,0.336,0.379,1,ROCK2,-0,Not sig,NA
0.13459898877529575,0.4181142332851956,0.296,0.259,1,LRRC37A3,-0,Not sig,NA
0.13461431620393643,-0.299913479028518,0.143,0.176,1,KCNT1,-0,Not sig,NA
0.1347641253721975,0.7323433381608678,0.105,0.076,1,KAT2A,-0,Not sig,NA
0.13582698345180702,0.5993453512346859,0.134,0.103,1,AC087500.1,-0,Not sig,NA
0.13592194161478294,0.3011825482410283,0.186,0.148,1,PTPRR,-0,Not sig,NA
0.13605893615583897,-0.4475890347759472,0.222,0.259,1,SESN1,-0,Not sig,NA
0.13607464107549147,-0.30899264761177214,0.406,0.455,1,SORBS2,-0,Not sig,NA
0.13614414858892254,0.5154663966718663,0.109,0.079,1,TMEM41B,-0,Not sig,NA
0.13623168077750433,0.7691683512140386,0.159,0.128,1,KIF3C,-0,Not sig,NA
0.13625994645262515,-0.44820030057401866,0.112,0.141,1,NDUFS2,-0,Not sig,NA
0.13630737567577375,-0.4013489193707154,0.111,0.141,1,CWF19L2,-0,Not sig,NA
0.13690672368441265,-0.804879657967944,0.078,0.103,1,MED4,-0,Not sig,NA
0.1369685302857203,0.5510967407762033,0.233,0.197,1,DIS3L2,-0,Not sig,NA
0.1372426212438582,-0.33630492817255453,0.227,0.266,1,CNOT4,-0,Not sig,NA
0.13755635283407067,-0.15208958282918317,0.283,0.331,1,PTPN4,-0,Not sig,NA
0.13770949053441167,-0.28690609347505236,0.269,0.31,1,ARFGEF1,-0,Not sig,NA
0.13773544531145807,-0.13518131809934175,0.577,0.614,1,NCOA1,-0,Not sig,NA
0.1377465510624698,-0.22773024501461556,0.17,0.207,1,HNRNPH1,-0,Not sig,NA
0.13843907958232582,-0.42896003801155624,0.131,0.162,1,IGF2R,-0,Not sig,NA
0.1385286573076948,-0.2076584886040116,0.086,0.114,1,TRMT11,-0,Not sig,NA
0.13856285093582732,0.6335811757403097,0.208,0.176,1,ADAMTS17,-0,Not sig,NA
0.13868440025691675,-0.20958061340475387,0.223,0.262,1,LRCH3,-0,Not sig,NA
0.1390124594647962,0.23825240799909375,0.387,0.362,1,CERS6,-0,Not sig,NA
0.139398021767098,-0.5961729168876315,0.094,0.121,1,CYB5B,-0,Not sig,NA
0.13945313935612644,-0.19609492692206537,0.12,0.152,1,ATAD1,-0,Not sig,NA
0.13986443726118056,-0.31474811930023183,0.08,0.107,1,ZNF33B,-0,Not sig,NA
0.13989215092595422,-0.45292925108382764,0.106,0.134,1,MORF4L2,-0,Not sig,NA
0.14032597988499124,0.7129955290281009,0.122,0.093,1,EIPR1,-0,Not sig,NA
0.140346420712998,-0.5161819596691382,0.113,0.141,1,TCAF1,-0,Not sig,NA
0.14074922183883054,-0.2291457238057085,0.157,0.193,1,PSIP1,-0,Not sig,NA
0.1409800394875846,0.458774793306429,0.176,0.141,1,FAM13C,-0,Not sig,NA
0.1410839366121939,-0.1910148815890065,0.116,0.148,1,HS6ST2,-0,Not sig,NA
0.14132285763122188,-0.45405370083010577,0.081,0.107,1,USP36,-0,Not sig,NA
0.1415022453621122,0.1225588774767159,0.759,0.714,1,ADGRL3,-0,Not sig,NA
0.14168632790729926,-0.2883198951746852,0.137,0.169,1,CPLX1,-0,Not sig,NA
0.141725862785269,0.3632064679922644,0.11,0.079,1,HEATR5B,-0,Not sig,NA
0.14199201065790762,-0.46755965937919863,0.119,0.148,1,PGBD5,-0,Not sig,NA
0.14309872293803513,0.5401954933617965,0.223,0.186,1,MTMR7,-0,Not sig,NA
0.14340368505807363,0.5625269655265625,0.19,0.155,1,SERPINI1,-0,Not sig,NA
0.14359131783619886,-0.14255872784101561,0.151,0.19,1,INTS6,-0,Not sig,NA
0.14374830961124233,0.5106439537084726,0.105,0.076,1,FBXO9,-0,Not sig,NA
0.14401697816263392,-0.2778698015434024,0.114,0.145,1,SF3B1,-0,Not sig,NA
0.14407522618017807,-0.24345347072746604,0.186,0.221,1,MTA3,-0,Not sig,NA
0.1441347725716272,-0.5604612781316936,0.087,0.114,1,CTTNBP2NL,-0,Not sig,NA
0.14439599521773852,-0.23093869176963322,0.374,0.421,1,GSK3B,-0,Not sig,NA
0.14451407365915153,-0.5040834435321199,0.11,0.138,1,PITPNA,-0,Not sig,NA
0.14454692290893714,0.26002802892300947,0.263,0.224,1,KIAA1328,-0,Not sig,NA
0.14472379204930477,-0.3210458677506113,0.093,0.121,1,SOCS5,-0,Not sig,NA
0.14501086458648652,-0.2995430166438857,0.347,0.393,1,ZMYND8,-0,Not sig,NA
0.1452311072225982,-0.11283733825129658,0.15,0.186,1,MARCH7,-0,Not sig,NA
0.14525012290324896,-0.3577801248267672,0.13,0.162,1,ST5,-0,Not sig,NA
0.1453160047331828,-0.22718724064147933,0.142,0.176,1,ARMC8,-0,Not sig,NA
0.14537635961381115,-0.5677739258354898,0.107,0.134,1,CABIN1,-0,Not sig,NA
0.14548999266559656,-0.27343880963014233,0.105,0.134,1,ELF1,-0,Not sig,NA
0.1455067155348327,-0.6166382369150285,0.079,0.103,1,HSPA4,-0,Not sig,NA
0.14557661856756512,-0.13338791996839738,0.299,0.345,1,ELF2,-0,Not sig,NA
0.14559188761970843,0.31069976594246496,0.316,0.279,1,PTBP2,-0,Not sig,NA
0.14563114979580571,0.6610095187621062,0.12,0.09,1,ORC2,-0,Not sig,NA
0.14592105807592026,-0.12980719615486125,0.107,0.138,1,ADCYAP1R1,-0,Not sig,NA
0.14592909183676558,-0.7914553387663958,0.079,0.103,1,PSMC6,-0,Not sig,NA
0.14616653187592582,-0.12793254037623536,0.285,0.331,1,TAOK3,-0,Not sig,NA
0.14633516759389933,-0.5938439109532772,0.134,0.162,1,CSNK1G3,-0,Not sig,NA
0.1464199395531325,-0.4556102481037702,0.167,0.2,1,EPS15L1,-0,Not sig,NA
0.14647318040626164,-0.31344626937346476,0.577,0.621,1,SYNE1,-0,Not sig,NA
0.14656646413929011,0.6259935225184345,0.193,0.159,1,GRAMD1B,-0,Not sig,NA
0.14674110778635485,-0.2481611136772397,0.457,0.51,1,RGS6,-0,Not sig,NA
0.14716715529086283,-0.2600759326899673,0.314,0.355,1,PNISR,-0,Not sig,NA
0.1475480026322878,-0.7906179985551816,0.105,0.131,1,SH3GLB1,-0,Not sig,NA
0.14803223848893576,0.43803620350571837,0.18,0.145,1,GNAI1,-0,Not sig,NA
0.14819195402810398,-0.12135163595756038,0.395,0.452,1,R3HDM1,-0,Not sig,NA
0.1486076154755641,-0.28592829734136904,0.105,0.134,1,RAB12,-0,Not sig,NA
0.1487803286543281,-0.27978551983822597,0.296,0.331,1,AFDN,-0,Not sig,NA
0.14879297820341353,0.11424215571071406,0.534,0.466,1,CACNA1A,-0,Not sig,NA
0.14897216199213129,0.3818647536289532,0.184,0.148,1,WDFY2,-0,Not sig,NA
0.1489852759040121,-0.33501136836642875,0.13,0.162,1,POLK,-0,Not sig,NA
0.14909710988034566,0.11108029681623988,0.146,0.11,1,ATP11B,-0,Not sig,NA
0.14925572592236455,0.16137723631212442,0.474,0.445,1,EXOC4,-0,Not sig,NA
0.14953431467159886,0.2479421209575715,0.109,0.079,1,BOD1L1,-0,Not sig,NA
0.14959972815254413,-0.2518306056415409,0.474,0.514,1,RASAL2,-0,Not sig,NA
0.14980444115605243,-0.35436839110307494,0.18,0.214,1,HTT,-0,Not sig,NA
0.14982733530927275,-0.2407327494938148,0.162,0.197,1,DMXL2,-0,Not sig,NA
0.15070754700600703,-0.20222899458971633,0.172,0.207,1,FNBP1L,-0,Not sig,NA
0.15104245965273724,-0.139544694741498,0.449,0.5,1,ZNF638,-0,Not sig,NA
0.1514176591625861,0.16446326803996092,0.628,0.607,1,CADPS,-0,Not sig,NA
0.15151243230880082,0.1188914277247117,0.138,0.103,1,SNCA,-0,Not sig,NA
0.1522264642432759,0.7520773107638813,0.137,0.107,1,POT1-AS1,-0,Not sig,NA
0.15258660464735402,-0.3010559204386447,0.24,0.279,1,PPP1R12A,-0,Not sig,NA
0.15323133888027082,-0.6087018576587858,0.112,0.138,1,MARK2,-0,Not sig,NA
0.15361767124970388,-0.3213260903198678,0.089,0.117,1,JADE1,-0,Not sig,NA
0.15433892606576852,-0.15978410037358604,0.428,0.486,1,BTBD9,-0,Not sig,NA
0.1543560565311359,0.26864394062835384,0.134,0.1,1,CSTF3,-0,Not sig,NA
0.15470362059505371,0.2798414741787101,0.419,0.393,1,EHBP1,-0,Not sig,NA
0.1550817152949554,-0.6719016343245101,0.133,0.162,1,CAST,-0,Not sig,NA
0.15555265483574365,-0.18123842009382518,0.099,0.128,1,WDR27,-0,Not sig,NA
0.15598033792416377,0.5538445478801568,0.145,0.114,1,ALMS1,-0,Not sig,NA
0.15607386197899162,-0.31526006695504905,0.184,0.217,1,GSE1,-0,Not sig,NA
0.15634911660011394,0.3683414071906794,0.375,0.348,1,PLD5,-0,Not sig,NA
0.15649775670000254,-0.23532631910449853,0.317,0.366,1,VPS13D,-0,Not sig,NA
0.15673470370506282,-0.5293066005778622,0.097,0.124,1,DDX3X,-0,Not sig,NA
0.1567568461758329,-0.6291774592338044,0.259,0.303,1,SLC35F3,-0,Not sig,NA
0.15678979120738903,0.2871191390806094,0.339,0.303,1,TMCC1,-0,Not sig,NA
0.15740662381222356,-0.46572918373167843,0.126,0.155,1,ARMCX4,-0,Not sig,NA
0.15763757535180747,0.20404917780374576,0.275,0.238,1,SH3D19,-0,Not sig,NA
0.1576915329903185,0.2617132040213806,0.249,0.207,1,ZNF483,-0,Not sig,NA
0.15792285776791212,-0.27233557728655466,0.097,0.124,1,ANKRD29,-0,Not sig,NA
0.1584322299657808,-0.3196017770705861,0.172,0.207,1,NFIC,-0,Not sig,NA
0.15892659320580413,0.42068960627253565,0.126,0.097,1,EPB41L4B,-0,Not sig,NA
0.15906856683044393,0.3561550693796527,0.352,0.314,1,GARNL3,-0,Not sig,NA
0.16004925176380513,-0.41118031234282715,0.098,0.128,1,GNA13,-0,Not sig,NA
0.16006578809976882,0.2392924235021774,0.376,0.345,1,DIP2B,-0,Not sig,NA
0.16006703222225666,-0.6814503201402591,0.118,0.145,1,TDRP,-0,Not sig,NA
0.16013776561807044,0.34556519886872317,0.222,0.183,1,RAB30,-0,Not sig,NA
0.16018289204318706,-0.28445336557981615,0.099,0.128,1,WDR44,-0,Not sig,NA
0.16024710732922015,-0.27421702482267485,0.092,0.121,1,CALCOCO2,-0,Not sig,NA
0.16071340290585023,-0.5555781216343924,0.094,0.121,1,ANP32A,-0,Not sig,NA
0.16080042564019537,-0.6192245739635831,0.095,0.121,1,ABHD3,-0,Not sig,NA
0.1610629014680715,-0.23510044133433267,0.15,0.183,1,MTREX,-0,Not sig,NA
0.16140182768993164,-0.5033622222208267,0.111,0.138,1,TECR,-0,Not sig,NA
0.16191037760540788,1.0132067623601357,0.113,0.086,1,UBE2Z,-0,Not sig,NA
0.1623747021030989,-0.3346921602210662,0.091,0.117,1,EPRS,-0,Not sig,NA
0.1628832576124403,0.5626342488201265,0.169,0.138,1,OCIAD1,-0,Not sig,NA
0.16325939594736955,0.617652243510513,0.13,0.1,1,RNPC3,-0,Not sig,NA
0.1641006890838468,-0.19629271473554155,0.495,0.538,1,PPP3CA,-0,Not sig,NA
0.1642011370092119,0.7539631631495934,0.156,0.128,1,PDE7A,-0,Not sig,NA
0.1652257700620516,-0.4968596823892596,0.14,0.169,1,KIAA1671,-0,Not sig,NA
0.16522644487263125,-0.34504508342851103,0.558,0.603,1,KCNQ5,-0,Not sig,NA
0.16525995141271427,-0.2109014506284701,0.219,0.259,1,TANC1,-0,Not sig,NA
0.16527645879113165,-0.2642222223587004,0.135,0.166,1,YAF2,-0,Not sig,NA
0.16529298521483127,-0.6743761919212435,0.118,0.145,1,WDR26,-0,Not sig,NA
0.16553075098718023,-0.3842686489020765,0.117,0.145,1,NPRL3,-0,Not sig,NA
0.16577828758810484,-0.4545760438458096,0.142,0.172,1,CASC15,-0,Not sig,NA
0.16617465425673092,-0.1314452888718718,0.276,0.321,1,LRCH1,-0,Not sig,NA
0.16620419247603618,0.20479457874206075,0.106,0.079,1,CFL1,-0,Not sig,NA
0.16633355198219907,-0.17368465930939853,0.188,0.221,1,ZNF248,-0,Not sig,NA
0.16634133100371118,-0.35413473332094214,0.234,0.272,1,ZBTB8OS,-0,Not sig,NA
0.1664827074834631,0.7598867071914415,0.109,0.083,1,INF2,-0,Not sig,NA
0.1670511169075531,-0.5063280058548975,0.09,0.114,1,RNF168,-0,Not sig,NA
0.16710508451023226,-0.6672210697094776,0.115,0.141,1,MTOR,-0,Not sig,NA
0.16730605202858465,0.4165996545492259,0.393,0.372,1,FAM49B,-0,Not sig,NA
0.16773005025722207,0.4225610502537216,0.146,0.114,1,FAM208A,-0,Not sig,NA
0.16791239164274613,-0.29929828114457013,0.454,0.493,1,PLEKHA5,-0,Not sig,NA
0.1684019640341228,-0.9535300923320255,0.087,0.11,1,OPTN,-0,Not sig,NA
0.16891609912608788,0.1418678388993735,0.078,0.103,1,NF2,-0,Not sig,NA
0.16946839826395488,0.37543573457614987,0.343,0.307,1,GTDC1,-0,Not sig,NA
0.16963164830149902,-0.20272514356593113,0.133,0.166,1,GUCY1A1,-0,Not sig,NA
0.16994346592920664,0.3515800531558688,0.185,0.152,1,SLC4A8,-0,Not sig,NA
0.17005186742397388,0.2986941358792321,0.489,0.483,1,INPP4B,-0,Not sig,NA
0.1706423471061855,-0.10351471880757038,0.157,0.19,1,KLHL7,-0,Not sig,NA
0.17085427064676725,0.1608255384589934,0.31,0.266,1,AGTPBP1,-0,Not sig,NA
0.171299041134848,-0.3540737760055023,0.119,0.148,1,USO1,-0,Not sig,NA
0.1713770426995578,-0.1581993596263911,0.376,0.424,1,HIVEP3,-0,Not sig,NA
0.17138968032707044,-0.33334631759080807,0.126,0.155,1,NEK7,-0,Not sig,NA
0.1714241999175592,0.6710498177115101,0.157,0.128,1,KIF13B,-0,Not sig,NA
0.17171720910949517,-0.38378947350013726,0.183,0.214,1,DMTF1,-0,Not sig,NA
0.17175703194443973,-0.3143812407789963,0.228,0.266,1,FAM19A5,-0,Not sig,NA
0.17187933508842076,0.7185226440393713,0.143,0.114,1,TPP2,-0,Not sig,NA
0.17240506473935374,0.22835125335388273,0.508,0.486,1,GABRB2,-0,Not sig,NA
0.17256625951776144,0.45701664012896714,0.18,0.148,1,MDM4,-0,Not sig,NA
0.17293822520461727,-0.22615986321751302,0.104,0.131,1,GSTA4,-0,Not sig,NA
0.1731039593963058,0.17559729084788656,0.115,0.148,1,RNF170,-0,Not sig,NA
0.17342560101184248,-0.3193122654809535,0.095,0.121,1,ZNF519,-0,Not sig,NA
0.17453313944171733,0.24532597598058326,0.389,0.355,1,PDE1C,-0,Not sig,NA
0.17467545202739632,-0.3687814421074452,0.17,0.2,1,ZNF83,-0,Not sig,NA
0.1748705864898999,-0.4018886621314476,0.09,0.114,1,GRIP2,-0,Not sig,NA
0.17494760157136763,-0.16172061231240942,0.232,0.269,1,DMXL1,-0,Not sig,NA
0.174983836359411,0.710743454808263,0.178,0.148,1,ICA1,-0,Not sig,NA
0.17503940114378258,-0.44204480318701045,0.104,0.131,1,PLOD2,-0,Not sig,NA
0.17519473102774244,0.3252884416011843,0.222,0.186,1,MOB3B,-0,Not sig,NA
0.17521125001303717,0.2642427631933182,0.154,0.121,1,IP6K1,-0,Not sig,NA
0.17530863053154777,-0.30665321914611576,0.102,0.128,1,NR2C1,-0,Not sig,NA
0.17546234782574285,-0.4089677041349148,0.154,0.183,1,SIPA1L2,-0,Not sig,NA
0.17574064116548063,0.44695508621365776,0.327,0.29,1,PACRG,-0,Not sig,NA
0.1763218228055869,-0.5519390823010247,0.102,0.128,1,RAB11A,-0,Not sig,NA
0.1764102539481669,-0.3292911272837632,0.146,0.176,1,DAB2IP,-0,Not sig,NA
0.17656299952767873,-0.6138730331579731,0.122,0.148,1,RSBN1L,-0,Not sig,NA
0.1766385840108187,0.1194044934824594,0.114,0.086,1,FEZ2,-0,Not sig,NA
0.17677935549600665,0.14543520604370386,0.522,0.472,1,GRIA4,-0,Not sig,NA
0.17680614934445543,-0.20248408565762988,0.264,0.3,1,PCGF5,-0,Not sig,NA
0.176992013375077,0.6039563134332049,0.162,0.131,1,CHD5,-0,Not sig,NA
0.17736367453583476,-0.6931066083299038,0.081,0.103,1,TSPAN7,-0,Not sig,NA
0.17754619757634083,-0.3552902258989826,0.239,0.272,1,MPRIP,-0,Not sig,NA
0.17780279663481935,0.6045750877615301,0.119,0.093,1,XRRA1,-0,Not sig,NA
0.17794036072977748,-0.6250935262643228,0.086,0.11,1,INTU,-0,Not sig,NA
0.17818132097869513,0.7036801085607408,0.198,0.169,1,SCAMP5,-0,Not sig,NA
0.1782947541089275,-0.28576666241711113,0.313,0.345,1,SGMS1,-0,Not sig,NA
0.17832364395711847,-0.48228490493818865,0.095,0.121,1,HNRNPL,-0,Not sig,NA
0.17838258026376083,-0.16839641951847284,0.253,0.293,1,STXBP1,-0,Not sig,NA
0.17937102655922843,-0.12318996926119996,0.305,0.345,1,SESTD1,-0,Not sig,NA
0.17943809652171047,0.15699228955702058,0.158,0.124,1,SLF2,-0,Not sig,NA
0.18003627540749095,-0.31103841797531295,0.468,0.493,1,GABRG3,-0,Not sig,NA
0.1801259010226084,-0.30863856618511143,0.076,0.1,1,VSTM2L,-0,Not sig,NA
0.1801994349455943,-0.1999761443656551,0.174,0.207,1,ZKSCAN1,-0,Not sig,NA
0.18052417152949682,0.7603978274292015,0.104,0.079,1,SNX19,-0,Not sig,NA
0.1806459110923411,-0.7083553212674376,0.081,0.103,1,SNX32,-0,Not sig,NA
0.18065875917733887,0.8653630676502126,0.1,0.076,1,IQCB1,-0,Not sig,NA
0.1807073587763108,0.14492948810317435,0.131,0.1,1,NRIP1,-0,Not sig,NA
0.18107025175515426,-0.44236068891738944,0.082,0.107,1,SCG2,-0,Not sig,NA
0.18197751483292043,-0.483250670864393,0.139,0.166,1,PTMA,-0,Not sig,NA
0.18199913762183412,-0.19643189361872215,0.094,0.121,1,CNTRL,-0,Not sig,NA
0.18272569152344792,-0.4123164937565964,0.102,0.128,1,TRA2B,-0,Not sig,NA
0.18334558765740874,0.47284147646058594,0.186,0.155,1,ARPP21,-0,Not sig,NA
0.18476422870413467,0.5973725974556171,0.201,0.172,1,EFR3B,-0,Not sig,NA
0.18477548101906885,-0.2230504179422518,0.175,0.207,1,MICU2,-0,Not sig,NA
0.18573653042870727,-0.26779020107347123,0.21,0.241,1,VPS53,-0,Not sig,NA
0.18595609709454713,-0.44244504261453776,0.208,0.234,1,MBOAT2,-0,Not sig,NA
0.18632562659405208,-0.1557636909253891,0.098,0.124,1,NTN4,-0,Not sig,NA
0.18633374070570036,-0.18632789292572927,0.276,0.314,1,ZSWIM5,-0,Not sig,NA
0.18667509687574851,0.34829559351759787,0.243,0.207,1,DNAJB2,-0,Not sig,NA
0.18695538285789615,-0.16133516173592324,0.21,0.248,1,KIF21A,-0,Not sig,NA
0.18699158834000962,0.588496991867385,0.116,0.09,1,ARL4C,-0,Not sig,NA
0.18758841736047122,-1.0677991984524224,0.093,0.114,1,CHD1L,-0,Not sig,NA
0.1880591171938445,0.2851640491448839,0.106,0.079,1,ATP6V1B2,-0,Not sig,NA
0.1881553580157366,-0.2583903931010163,0.274,0.307,1,LHFPL3,-0,Not sig,NA
0.18821461098616687,0.28793924347453015,0.241,0.207,1,NR2F1-AS1,-0,Not sig,NA
0.18856593634493268,-0.37625477393639795,0.178,0.207,1,PDXK,-0,Not sig,NA
0.18887756158969812,0.49552117428003767,0.158,0.128,1,DAAM2,-0,Not sig,NA
0.18924071398003492,0.24954973600852037,0.407,0.366,1,DYNC1I1,-0,Not sig,NA
0.18932315700441477,-0.14493068946691356,0.104,0.131,1,GOLGB1,-0,Not sig,NA
0.1898723471670012,-0.5785534747009382,0.162,0.19,1,GGA2,-0,Not sig,NA
0.19011021433442835,-0.10103990692424092,0.432,0.479,1,PKP4,-0,Not sig,NA
0.19051228018881597,-0.6290808787280917,0.23,0.262,1,SLC39A10,-0,Not sig,NA
0.19058750758919304,-0.3587619823410505,0.09,0.114,1,FAM174B,-0,Not sig,NA
0.19062717073069121,0.3647480886692316,0.122,0.093,1,KITLG,-0,Not sig,NA
0.19065042417362194,-0.39055592418828566,0.087,0.11,1,GLT1D1,-0,Not sig,NA
0.19089852465869697,0.5570646595992667,0.105,0.079,1,TMEM248,-0,Not sig,NA
0.19097010527469316,0.21585954718265898,0.432,0.403,1,CACNA1B,-0,Not sig,NA
0.19117673389755555,-0.6522269010767096,0.088,0.11,1,ST13,-0,Not sig,NA
0.19125931109307512,-0.16125822768974157,0.135,0.166,1,PRR14L,-0,Not sig,NA
0.19158917720220264,0.35110553640822495,0.199,0.169,1,RBFOX3,-0,Not sig,NA
0.1917867325934963,-0.43977428267230234,0.42,0.441,1,SYN3,-0,Not sig,NA
0.19179524879577858,-0.26142983364876393,0.131,0.159,1,AHCYL1,-0,Not sig,NA
0.19185690825509472,-0.8919256231740879,0.098,0.121,1,YTHDF3,-0,Not sig,NA
0.19195740999156155,-0.23474877172944963,0.246,0.279,1,ADIPOR2,-0,Not sig,NA
0.19272271435498142,-0.16100446939987945,0.238,0.272,1,WDR33,-0,Not sig,NA
0.19309231980578384,0.15682780716923383,0.184,0.148,1,NKAIN3,-0,Not sig,NA
0.1933455628512405,0.1208588507167967,0.588,0.583,1,MAPK10,-0,Not sig,NA
0.1938599276098083,0.431346671660852,0.166,0.134,1,ZNF280D,-0,Not sig,NA
0.19390624277590132,0.3860826707386605,0.146,0.117,1,LIN52,-0,Not sig,NA
0.1942353853679651,0.4446216278106183,0.146,0.117,1,C15orf41,-0,Not sig,NA
0.19451181931810813,-0.42794950242452945,0.145,0.172,1,NCOR2,-0,Not sig,NA
0.19495194570925917,0.7834108280160128,0.122,0.097,1,RBX1,-0,Not sig,NA
0.1958017746851658,0.28619169544956813,0.238,0.203,1,RBPJ,-0,Not sig,NA
0.1958061071658655,0.4721772390582015,0.13,0.1,1,GBE1,-0,Not sig,NA
0.19617532273983249,0.6668303813102967,0.21,0.183,1,SAMD5,-0,Not sig,NA
0.1965382804103137,0.32844399372875144,0.236,0.203,1,USP9Y,-0,Not sig,NA
0.19654078807984882,0.19474186646388802,0.306,0.269,1,SNAP91,-0,Not sig,NA
0.19654374279785294,-0.21393697748691015,0.168,0.2,1,ARHGAP12,-0,Not sig,NA
0.19667479187905823,0.14659877101890917,0.161,0.128,1,FANCL,-0,Not sig,NA
0.19668436005102283,0.28683985699694226,0.187,0.155,1,CDC42SE2,-0,Not sig,NA
0.19680249652209253,-0.5712234528813969,0.125,0.152,1,XIAP,-0,Not sig,NA
0.19687952058200237,-0.15158260508597265,0.098,0.124,1,WBP1L,-0,Not sig,NA
0.19688568022027128,-0.20183873837449923,0.17,0.2,1,SLC8A3,-0,Not sig,NA
0.19702447817997532,-0.36962101572496187,0.158,0.186,1,ATRN,-0,Not sig,NA
0.19710900875566328,-0.22973210690477514,0.22,0.255,1,SLMAP,-0,Not sig,NA
0.19764850136416037,-0.37539007870831,0.318,0.348,1,KHDRBS3,-0,Not sig,NA
0.19788041653915153,0.7458940081980752,0.143,0.117,1,AMER2,-0,Not sig,NA
0.19829299748180182,0.17763467924757292,0.233,0.197,1,PPM1B,-0,Not sig,NA
0.1983873028250183,-0.463059273184883,0.167,0.193,1,SH3RF1,-0,Not sig,NA
0.19887491849468936,0.17666868376174683,0.322,0.283,1,LINC00632,-0,Not sig,NA
0.19904426376132087,-0.7079498549703294,0.132,0.155,1,KPNA3,-0,Not sig,NA
0.1996243267821552,-0.487854598978837,0.084,0.107,1,YARS,-0,Not sig,NA
0.20005181775840186,-0.13861465098375847,0.102,0.128,1,DYNLL2,-0,Not sig,NA
0.2002541802651586,0.2881966306048209,0.381,0.341,1,CSRNP3,-0,Not sig,NA
0.20031763834790017,-0.2040096435431587,0.226,0.259,1,ANKRD26,-0,Not sig,NA
0.20055582089162302,0.42494279349030306,0.146,0.117,1,HMGCLL1,-0,Not sig,NA
0.20059676647917232,-0.5520123450829926,0.19,0.214,1,PRDM2,-0,Not sig,NA
0.20102995275570668,-0.46310651977497724,0.14,0.166,1,AKAP11,-0,Not sig,NA
0.2012155115115784,0.5664852251914081,0.118,0.093,1,LINC00476,-0,Not sig,NA
0.20172182684271336,0.33317851104966134,0.124,0.097,1,LRRC1,-0,Not sig,NA
0.20201864094253832,-0.4512815863856609,0.15,0.176,1,CHM,-0,Not sig,NA
0.20299446393758502,-0.4090718798807257,0.246,0.279,1,STRBP,-0,Not sig,NA
0.2029986297330375,-0.26883780862047374,0.102,0.128,1,NUMA1,-0,Not sig,NA
0.20331078104434663,0.35511726208849725,0.318,0.283,1,NLGN4X,-0,Not sig,NA
0.20345495196989846,-0.3206319546264212,0.13,0.159,1,IREB2,-0,Not sig,NA
0.2035620426993492,-0.38729392978185473,0.289,0.324,1,FAM135B,-0,Not sig,NA
0.2041820063099969,-0.5664909910076954,0.092,0.114,1,UBE4A,-0,Not sig,NA
0.20448455046170166,-0.25590496341012337,0.112,0.138,1,SEC23A,-0,Not sig,NA
0.20464212367859852,0.4944443173842791,0.1,0.076,1,PALM2-AKAP2,-0,Not sig,NA
0.2053653663188722,-0.15286978809121088,0.542,0.593,1,NEBL,-0,Not sig,NA
0.20551810730045286,0.31913686288254517,0.12,0.093,1,WDR11-AS1,-0,Not sig,NA
0.2055552317374326,0.6403117776613585,0.13,0.103,1,LINC02062,-0,Not sig,NA
0.2056183101799926,-0.12009007808354444,0.186,0.221,1,HIF3A,-0,Not sig,NA
0.20581202986524347,-0.42960951269875736,0.13,0.155,1,ASCC1,-0,Not sig,NA
0.20587458861765398,0.4121618715489781,0.2,0.169,1,PPP1R16B,-0,Not sig,NA
0.2060951428885109,-0.21697494247793753,0.167,0.197,1,EMSY,-0,Not sig,NA
0.20618230440545426,-0.2351230053103257,0.096,0.121,1,TPR,-0,Not sig,NA
0.2062245882107793,0.35007523535721274,0.395,0.376,1,DSCAML1,-0,Not sig,NA
0.20690899421424142,-0.3072419234288704,0.125,0.152,1,ZNF33A,-0,Not sig,NA
0.2069267249054158,0.4319209331080935,0.192,0.166,1,PLCL2,-0,Not sig,NA
0.2075383758422703,-0.562682023500338,0.251,0.276,1,HIBCH,-0,Not sig,NA
0.20793327974526907,-0.5612542617127537,0.082,0.103,1,RPRD1B,-0,Not sig,NA
0.20795415033273607,-0.4062960774932115,0.152,0.179,1,MGAT4A,-0,Not sig,NA
0.20797232982512995,0.5105049894294662,0.209,0.179,1,THADA,-0,Not sig,NA
0.20814851991696529,-0.14494011498594284,0.232,0.266,1,EFCAB2,-0,Not sig,NA
0.20817042877308248,-0.1608985802711851,0.191,0.224,1,CLSTN3,-0,Not sig,NA
0.20823438521521093,-0.25672344462990326,0.228,0.262,1,CTDSPL,-0,Not sig,NA
0.2084725022684917,0.4800760682198604,0.227,0.197,1,AC007388.1,-0,Not sig,NA
0.20853624431368228,-0.2563833121059952,0.186,0.217,1,GULP1,-0,Not sig,NA
0.209224346072721,0.2855673797777689,0.397,0.359,1,ZSWIM6,-0,Not sig,NA
0.209295209987174,-0.36914642090060634,0.085,0.107,1,NEK4,-0,Not sig,NA
0.20964667535296433,0.24761434857772657,0.255,0.224,1,PIK3R1,-0,Not sig,NA
0.20970574848680532,-0.3921688901273279,0.173,0.2,1,DIXDC1,-0,Not sig,NA
0.20994445333649978,-0.352874446994505,0.078,0.1,1,XPA,-0,Not sig,NA
0.21003300176460935,0.4587151059013638,0.107,0.083,1,RHBDD2,-0,Not sig,NA
0.21024900349705591,0.1437574575162448,0.102,0.076,1,CEP63,-0,Not sig,NA
0.2105676416065669,-0.1795877801069119,0.299,0.341,1,ZNF148,-0,Not sig,NA
0.21118905929312617,0.5587805361993635,0.162,0.134,1,SPOCK2,-0,Not sig,NA
0.21145867265624377,-0.5836223136403836,0.09,0.114,1,DIAPH1,-0,Not sig,NA
0.21147187342012902,-0.22757068417583493,0.08,0.103,1,CCM2,-0,Not sig,NA
0.21181347069977197,0.33897756060762596,0.172,0.141,1,KIF1A,-0,Not sig,NA
0.2118640161552546,-0.24960795410152636,0.154,0.183,1,RAB3GAP2,-0,Not sig,NA
0.21216931316283708,-0.20184064161711412,0.13,0.159,1,CA8,-0,Not sig,NA
0.21225997168449165,0.31170305346984417,0.276,0.245,1,DCLK2,-0,Not sig,NA
0.21255481085717384,-0.5386673243455997,0.098,0.121,1,HS2ST1,-0,Not sig,NA
0.21271396586848906,-0.31200693698269966,0.114,0.138,1,FBXO21,-0,Not sig,NA
0.21278778994665265,-0.2985487633820691,0.19,0.221,1,OPA1,-0,Not sig,NA
0.21311317574911978,-0.12368109253692035,0.138,0.166,1,SLC6A17,-0,Not sig,NA
0.21407124507992042,-0.13786831473344197,0.087,0.11,1,NDUFV2,-0,Not sig,NA
0.21463818442763385,0.494158046569894,0.218,0.186,1,BMPR1A,-0,Not sig,NA
0.21464279804970204,-0.1878662660183641,0.112,0.138,1,ACTR3,-0,Not sig,NA
0.21592305943099227,-0.25725060457941895,0.24,0.269,1,EPC1,-0,Not sig,NA
0.21685373156679263,-0.10155516846636026,0.194,0.228,1,TOP1,-0,Not sig,NA
0.21789285973019273,-0.5156034311243343,0.114,0.138,1,SMAP2,-0,Not sig,NA
0.21789286333825955,0.25646550611778957,0.123,0.097,1,RHBDD1,-0,Not sig,NA
0.2185920890343704,0.3538328549475181,0.119,0.093,1,HABP4,-0,Not sig,NA
0.21900712075425244,-0.18422678483172714,0.214,0.172,1,FAR1,-0,Not sig,NA
0.21926774802703544,-0.49591176297766326,0.082,0.103,1,SRRM1,-0,Not sig,NA
0.2193279152716862,-0.21390083764401946,0.275,0.303,1,MYO6,-0,Not sig,NA
0.21950378364030235,0.10869283223066732,0.175,0.141,1,DNAJB14,-0,Not sig,NA
0.21954407773084572,0.15632923271484334,0.532,0.5,1,KCNC2,-0,Not sig,NA
0.21955731344827034,-0.35395540967548306,0.114,0.138,1,UHRF1BP1L,-0,Not sig,NA
0.22006031341103757,-0.12788388020211197,0.127,0.155,1,S100PBP,-0,Not sig,NA
0.22019383936753067,0.2568125808070665,0.394,0.369,1,MPDZ,-0,Not sig,NA
0.2202108691498438,-0.23195603095824835,0.126,0.152,1,PPM1A,-0,Not sig,NA
0.22036312795702923,-0.1885388983943685,0.129,0.155,1,ZNF780B,-0,Not sig,NA
0.22062017656505575,0.384663595290453,0.1,0.076,1,RNPS1,-0,Not sig,NA
0.2216851445803945,0.6369443288653274,0.125,0.1,1,SDHC,-0,Not sig,NA
0.22238962744097,0.9123871866143972,0.105,0.083,1,MMD2,-0,Not sig,NA
0.22263002217579161,-0.11893858238616684,0.078,0.1,1,FLYWCH1,-0,Not sig,NA
0.22265759465117288,-0.3811969855897717,0.142,0.169,1,CSGALNACT1,-0,Not sig,NA
0.2227725013004501,0.5600402758759732,0.103,0.079,1,AC104151.1,-0,Not sig,NA
0.22281803958189147,0.8770212213295527,0.106,0.083,1,FEZ1,-0,Not sig,NA
0.22309156763983193,0.13268650343729343,0.185,0.155,1,ELAVL4,-0,Not sig,NA
0.2231686284184711,-0.2916437523986093,0.116,0.141,1,ANTXR1,-0,Not sig,NA
0.22326390557450784,0.20846894691602136,0.111,0.086,1,CTNNBL1,-0,Not sig,NA
0.22351904542359605,0.33111457160113794,0.131,0.103,1,AC239809.3,-0,Not sig,NA
0.22401356053939758,0.5743317269400279,0.146,0.121,1,LATS1,-0,Not sig,NA
0.22417879525884904,-0.19127141640905088,0.256,0.293,1,OSBPL3,-0,Not sig,NA
0.2243495653120758,-0.3785696831173744,0.223,0.245,1,XPO1,-0,Not sig,NA
0.22450849213893528,0.2928838886313576,0.119,0.093,1,FAM66C,-0,Not sig,NA
0.22499656514584535,-0.15453797931992286,0.392,0.428,1,FYN,-0,Not sig,NA
0.22560849701408706,0.10048485808983204,0.199,0.166,1,KANK1,-0,Not sig,NA
0.22600948996212833,0.1485822753246836,0.172,0.207,1,ABHD18,-0,Not sig,NA
0.2264213706105283,-0.12666631235453119,0.14,0.169,1,TRAP1,-0,Not sig,NA
0.22645825304963405,-0.48388683545004296,0.105,0.128,1,PAIP2,-0,Not sig,NA
0.22651299018085547,0.675115983828332,0.12,0.097,1,GABRA2,-0,Not sig,NA
0.2271573479274728,0.20720262840599224,0.308,0.276,1,MAPRE2,-0,Not sig,NA
0.22816337972835302,0.1265269900556807,0.241,0.203,1,DNAJC1,-0,Not sig,NA
0.22823064381465588,-0.42489562600943576,0.133,0.159,1,TRIP11,-0,Not sig,NA
0.22824305633193434,-0.1859116596117888,0.088,0.11,1,MGAT3,-0,Not sig,NA
0.22987769590555682,0.5479950892578662,0.143,0.117,1,SNCB,-0,Not sig,NA
0.22994461183905232,-0.28277220950197984,0.202,0.231,1,HNRNPA3,-0,Not sig,NA
0.2304897758083909,-0.31681743828066544,0.164,0.19,1,TNPO1,-0,Not sig,NA
0.2306270185384535,0.2073140984146012,0.204,0.172,1,KIZ,-0,Not sig,NA
0.23064981683994618,-0.39738923432323725,0.114,0.138,1,SLC7A8,-0,Not sig,NA
0.23077902598431008,0.6268909527116739,0.106,0.083,1,SSR1,-0,Not sig,NA
0.23083690281081196,-0.17433223096595207,0.106,0.131,1,RNF10,-0,Not sig,NA
0.23120907237733324,-0.21021312585618623,0.298,0.331,1,NCKAP1,-0,Not sig,NA
0.2314539363038281,-0.5651237356061733,0.119,0.141,1,CRBN,-0,Not sig,NA
0.23212086312941158,0.2471054629661688,0.171,0.141,1,CUL3,-0,Not sig,NA
0.2321351089906376,-0.21093012125944632,0.123,0.148,1,CASC3,-0,Not sig,NA
0.23228197071649373,-0.4953149285640286,0.15,0.176,1,ELMOD1,-0,Not sig,NA
0.2323663587362831,0.36842617004725636,0.125,0.1,1,DEPTOR,-0,Not sig,NA
0.23238502044193574,-0.1572896239584603,0.125,0.152,1,DPY19L2,-0,Not sig,NA
0.23272667252163176,-0.31773590511542915,0.089,0.11,1,MTMR1,-0,Not sig,NA
0.23321646920242267,0.27595301591978816,0.136,0.11,1,HBS1L,-0,Not sig,NA
0.23331365592294342,0.20898712637801042,0.298,0.266,1,TUT4,-0,Not sig,NA
0.23416262428039036,0.3571406330402681,0.227,0.197,1,C8orf34,-0,Not sig,NA
0.23457110526570935,-0.566757851192048,0.111,0.134,1,TMEM120B,-0,Not sig,NA
0.23460231481066868,0.8882057033292199,0.101,0.079,1,MINK1,-0,Not sig,NA
0.2346784933076981,0.37072531404263775,0.227,0.197,1,HMBOX1,-0,Not sig,NA
0.23479182418391498,-0.39212426242031506,0.088,0.11,1,ZNF138,-0,Not sig,NA
0.23481291140476573,-0.4110537148189899,0.108,0.131,1,ZNF800,-0,Not sig,NA
0.2348327737979262,-0.42466258203439067,0.105,0.128,1,RMND5A,-0,Not sig,NA
0.23521909072314146,0.46392919194133553,0.154,0.128,1,AC097103.2,-0,Not sig,NA
0.2357757940153479,-0.43800262475182494,0.082,0.103,1,PDK3,-0,Not sig,NA
0.23604292449268235,-0.1047731013775568,0.315,0.352,1,POGZ,-0,Not sig,NA
0.23612229209223193,-0.1228848821801013,0.257,0.29,1,PPA2,-0,Not sig,NA
0.23616937211562336,-0.6183759171534886,0.151,0.172,1,TPTEP2-CSNK1E,-0,Not sig,NA
0.2365043660322947,-0.3999347164565975,0.086,0.107,1,TPT1,-0,Not sig,NA
0.2367759981485524,-0.2547118197730113,0.135,0.162,1,SUGT1,-0,Not sig,NA
0.23831168913249248,-0.18012934585085116,0.246,0.276,1,OLA1,-0,Not sig,NA
0.23848569020158547,-0.21982136143884745,0.195,0.224,1,RPAP2,-0,Not sig,NA
0.23952893627931265,-0.19682978505931636,0.13,0.155,1,PLPPR4,-0,Not sig,NA
0.2406749857903877,0.4607974415745496,0.106,0.083,1,SLC30A7,-0,Not sig,NA
0.24067596280621584,-0.16466862071947586,0.253,0.286,1,PREPL,-0,Not sig,NA
0.24117593133754475,-0.5001480701490312,0.189,0.21,1,FAM214A,-0,Not sig,NA
0.24155300309613292,-0.31880141768564046,0.184,0.214,1,DENND4C,-0,Not sig,NA
0.24172658593160692,-0.1187490772729729,0.182,0.214,1,AP2B1,-0,Not sig,NA
0.24262616242024326,-0.3534577933645438,0.17,0.197,1,SRGAP2B,-0,Not sig,NA
0.2428007663777245,-0.4959930402408694,0.119,0.141,1,PRMT2,-0,Not sig,NA
0.24323310756551186,-0.13175049258436244,0.465,0.5,1,SPTBN1,-0,Not sig,NA
0.24341655671554668,0.37857756273447035,0.11,0.086,1,PTN,-0,Not sig,NA
0.24343632248912747,-0.1020261298370031,0.314,0.355,1,C20orf194,-0,Not sig,NA
0.24388028763016617,0.5405513986453909,0.216,0.19,1,SYBU,-0,Not sig,NA
0.24397620460417024,-0.6378485819832342,0.141,0.162,1,AHCTF1,-0,Not sig,NA
0.24411969596824185,0.5139747431366556,0.135,0.11,1,GNPTAB,-0,Not sig,NA
0.2444130140171425,-0.15849259185773373,0.121,0.145,1,ARHGAP20,-0,Not sig,NA
0.24476014225126055,-0.25128027156085075,0.181,0.207,1,KLC1,-0,Not sig,NA
0.2454444065559228,0.44360837097794303,0.164,0.138,1,CCDC171,-0,Not sig,NA
0.24591593439261616,-0.36807881646320245,0.157,0.183,1,SMAD2,-0,Not sig,NA
0.246075898766089,0.16450622665746914,0.142,0.172,1,CTDSPL2,-0,Not sig,NA
0.24644694509824566,-0.4508035272857201,0.105,0.128,1,NECTIN3,-0,Not sig,NA
0.2475509883604932,0.5826123906703243,0.212,0.186,1,VPS35L,-0,Not sig,NA
0.24767665803850294,-0.5656429371097937,0.093,0.114,1,LNPK,-0,Not sig,NA
0.24837111976194662,-0.16125041811351593,0.281,0.314,1,JUND,-0,Not sig,NA
0.24863194524596235,0.14563632713523533,0.163,0.134,1,CUL5,-0,Not sig,NA
0.2490457165081079,-0.19339402135447115,0.159,0.128,1,FAT3,-0,Not sig,NA
0.24942420743163374,-0.22773567578614326,0.145,0.169,1,HK1,-0,Not sig,NA
0.24946374433352397,-0.4649690086220406,0.173,0.197,1,ZDHHC17,-0,Not sig,NA
0.24956358236142342,-0.12168050751751669,0.212,0.245,1,EXOC2,-0,Not sig,NA
0.24984285915966656,0.19551569394528046,0.349,0.317,1,STOX2,-0,Not sig,NA
0.2499439543724538,-0.4197580485410717,0.282,0.31,1,FARS2,-0,Not sig,NA
0.2501081989330906,-0.3460294932009219,0.138,0.162,1,FOXK1,-0,Not sig,NA
0.2502394271579362,-0.27051982916132844,0.115,0.138,1,DCUN1D1,-0,Not sig,NA
0.2502622931625776,0.5722520878341293,0.156,0.131,1,DPYSL5,-0,Not sig,NA
0.250528833096691,0.627099174997993,0.12,0.097,1,AF241726.2,-0,Not sig,NA
0.25064913066943306,0.11932959031399937,0.111,0.086,1,REEP5,-0,Not sig,NA
0.2513383181811532,0.4247690312135023,0.128,0.103,1,RBL2,-0,Not sig,NA
0.25189383547623245,-0.3731438871343016,0.18,0.203,1,ADD2,-0,Not sig,NA
0.2519172648195379,-0.3133441390403235,0.187,0.214,1,MICAL2,-0,Not sig,NA
0.2525821308160785,0.21716492800880016,0.118,0.093,1,LRP8,-0,Not sig,NA
0.2527273456949735,-0.4483425147213265,0.154,0.176,1,RHOBTB3,-0,Not sig,NA
0.25292235282410186,0.2834758277871598,0.202,0.172,1,ZNF518A,-0,Not sig,NA
0.25297541188857775,-0.5463166327070067,0.087,0.107,1,SUPT16H,-0,Not sig,NA
0.2530355541486724,-0.10195899410657627,0.094,0.117,1,MRPL33,-0,Not sig,NA
0.2543000989075483,-0.45707343603586625,0.109,0.131,1,N4BP2,-0,Not sig,NA
0.2543277936399258,0.5065264132457779,0.157,0.131,1,FBXO16,-0,Not sig,NA
0.25448212223674244,-0.17140289863690217,0.108,0.131,1,HLTF,-0,Not sig,NA
0.25484794718961085,-0.6474131008064397,0.104,0.124,1,DKK3,-0,Not sig,NA
0.25484881092027256,0.20156947291023747,0.197,0.166,1,NFIX,-0,Not sig,NA
0.2551655393868242,-0.526407614563364,0.103,0.124,1,TXNRD1,-0,Not sig,NA
0.25526864444945474,0.372241848009791,0.27,0.238,1,SUMF1,-0,Not sig,NA
0.25537470499130477,0.19962394316649823,0.117,0.093,1,TRIM24,-0,Not sig,NA
0.2554594255559697,-0.18246242870605678,0.307,0.348,1,SEPT11,-0,Not sig,NA
0.25571963675293713,-0.40820573144932304,0.079,0.1,1,MT2A,-0,Not sig,NA
0.25574985510907433,0.3078225049853819,0.121,0.097,1,ILKAP,-0,Not sig,NA
0.25578863099573923,-0.4579322993205209,0.126,0.148,1,EWSR1,-0,Not sig,NA
0.2559827752789734,0.3820108317928097,0.11,0.086,1,PDZD8,-0,Not sig,NA
0.25611343654230023,0.9179099367318374,0.118,0.097,1,SBNO1,-0,Not sig,NA
0.25638102800550977,-0.5028098194665553,0.09,0.11,1,RIC3,-0,Not sig,NA
0.2565528546925923,0.43941340390077704,0.142,0.117,1,CALY,-0,Not sig,NA
0.2567219288827163,0.18512839504848655,0.424,0.403,1,ADK,-0,Not sig,NA
0.25679241077689346,0.3294299373190959,0.183,0.155,1,RSRC1,-0,Not sig,NA
0.25745583832696656,-0.40140365694679203,0.086,0.107,1,TTC33,-0,Not sig,NA
0.2575209006411695,-0.58020371380141,0.113,0.134,1,IL6ST,-0,Not sig,NA
0.25838637634030287,-0.55818612207821,0.084,0.103,1,FEM1B,-0,Not sig,NA
0.2584562584978419,-0.20033985711495228,0.095,0.117,1,GON4L,-0,Not sig,NA
0.25860006795428275,0.2862446859523462,0.401,0.383,1,DLG1,-0,Not sig,NA
0.2593436847561871,-0.10916342978214305,0.219,0.252,1,RAB28,-0,Not sig,NA
0.2593617828152237,-0.3355011035051024,0.108,0.131,1,AQR,-0,Not sig,NA
0.2604348281929627,-0.3798814500242754,0.1,0.121,1,ARID4A,-0,Not sig,NA
0.2605154253983076,-0.1387014176194381,0.111,0.134,1,CCNT2,-0,Not sig,NA
0.2605520824150178,0.6168430002235139,0.108,0.086,1,CRYL1,-0,Not sig,NA
0.2609330986124383,-0.5129450404012209,0.097,0.117,1,TNPO2,-0,Not sig,NA
0.2610781788765174,0.17824014930643806,0.549,0.534,1,NCAM1,-0,Not sig,NA
0.2633814532524957,-0.12016308625905114,0.242,0.272,1,PWAR6,-0,Not sig,NA
0.26345480433837126,-0.4706307635524957,0.107,0.128,1,PPP2R1A,-0,Not sig,NA
0.2635390296921978,-0.17882673343946753,0.098,0.121,1,PSMG2,-0,Not sig,NA
0.2636187266001005,-0.5978935102759954,0.121,0.141,1,LHFPL2,-0,Not sig,NA
0.2636854249411029,0.3475754544705756,0.336,0.317,1,ANKRD44,-0,Not sig,NA
0.2643428341612674,-0.3021190148832589,0.106,0.128,1,SLK,-0,Not sig,NA
0.26453256674507936,-0.3773210578878488,0.114,0.138,1,MARK4,-0,Not sig,NA
0.2647824592091694,-0.23166254322377403,0.127,0.152,1,APPL2,-0,Not sig,NA
0.26603739571804835,0.20504755254552176,0.162,0.134,1,FAM169A,-0,Not sig,NA
0.26615353775160994,0.38981909625439337,0.13,0.107,1,NOL10,-0,Not sig,NA
0.26627251245633354,0.4177898156150942,0.104,0.083,1,MAN1A1,-0,Not sig,NA
0.26683754215533084,-0.10068437685206447,0.142,0.169,1,SOGA1,-0,Not sig,NA
0.26717074967199556,-0.11890468534367582,0.122,0.097,1,PTPN2,-0,Not sig,NA
0.26869965736904267,0.3154817137090038,0.417,0.4,1,EXT1,-0,Not sig,NA
0.2695485421559161,0.3522024971240676,0.347,0.328,1,DAAM1,-0,Not sig,NA
0.27026457630670003,-0.20351134646091573,0.315,0.348,1,GLG1,-0,Not sig,NA
0.27029036978852217,-0.6437259541183944,0.118,0.138,1,COL12A1,-0,Not sig,NA
0.27046505619943056,0.10200212157243271,0.082,0.103,1,GPR135,-0,Not sig,NA
0.2706136260373486,0.651001879771256,0.219,0.197,1,VWC2L,-0,Not sig,NA
0.2711586118927014,0.2746664755422658,0.112,0.09,1,AC098829.1,-0,Not sig,NA
0.2721545500572945,-0.12110860256829403,0.116,0.138,1,NPTXR,-0,Not sig,NA
0.27254245804243105,-0.1803782031615373,0.106,0.128,1,LARS,-0,Not sig,NA
0.27286777795701495,-0.11991782764487302,0.167,0.197,1,C11orf80,-0,Not sig,NA
0.2731059061589665,-0.285419619506331,0.187,0.214,1,CWC27,-0,Not sig,NA
0.2738581453036507,0.25776513468890716,0.115,0.141,1,GNA12,-0,Not sig,NA
0.27498504773250476,0.9168488041765668,0.11,0.09,1,ITGA8,-0,Not sig,NA
0.27554655956426816,0.2926359468904327,0.38,0.362,1,ACYP2,-0,Not sig,NA
0.275629832148549,0.3491908628173821,0.36,0.345,1,FUT8,-0,Not sig,NA
0.2761739348823842,0.284224364322364,0.13,0.107,1,HNRNPH3,-0,Not sig,NA
0.2769686274859796,-0.42389139175385915,0.094,0.114,1,ETS1,-0,Not sig,NA
0.2774114883528421,-0.18444394856681356,0.289,0.317,1,PTPRA,-0,Not sig,NA
0.277593118413609,0.12773180756935387,0.462,0.428,1,PCLO,-0,Not sig,NA
0.27779011462368414,0.15383621417776228,0.37,0.345,1,KSR2,-0,Not sig,NA
0.2780068416271044,-0.2864726913683285,0.127,0.148,1,MTSS1L,-0,Not sig,NA
0.2782957418377116,0.4933816522616362,0.141,0.117,1,LRRC49,-0,Not sig,NA
0.27856575081499857,-0.12128249131223878,0.29,0.324,1,PTEN,-0,Not sig,NA
0.27863361797320635,0.8014488483783002,0.213,0.186,1,RIMKLB,-0,Not sig,NA
0.27869603549482896,-0.35386930432407604,0.082,0.1,1,ZNF337,-0,Not sig,NA
0.27972504422236566,0.30134139371725416,0.232,0.207,1,EPHA5,-0,Not sig,NA
0.2801774800728746,-0.11209956786674935,0.507,0.555,1,RBFOX2,-0,Not sig,NA
0.28022856949647945,-0.6037530241901684,0.162,0.186,1,GLIS3,-0,Not sig,NA
0.2820571318088748,-0.16498598593136116,0.221,0.252,1,RNF180,-0,Not sig,NA
0.28222694758426076,-0.2574434261919025,0.245,0.272,1,SLC23A2,-0,Not sig,NA
0.28234991929865766,-0.24007849881361765,0.209,0.238,1,YWHAG,-0,Not sig,NA
0.28236303139331653,0.34635545012343927,0.246,0.221,1,LCORL,-0,Not sig,NA
0.282786358133045,0.26336102094988445,0.273,0.248,1,PTPRJ,-0,Not sig,NA
0.2837937210527997,-0.25549707816850964,0.184,0.207,1,RAD51B,-0,Not sig,NA
0.2850295246912943,-0.19061328348483195,0.144,0.169,1,SSH1,-0,Not sig,NA
0.2859039103862426,-0.36819420696065247,0.09,0.11,1,LRSAM1,-0,Not sig,NA
0.2859268342467749,0.3767155799848046,0.242,0.214,1,ZHX3,-0,Not sig,NA
0.28599094104188616,0.31390471829881017,0.25,0.224,1,FAR2,-0,Not sig,NA
0.28623613113857493,-0.30423827898204614,0.119,0.141,1,BRWD3,-0,Not sig,NA
0.2862529955326399,-0.24711495233514846,0.162,0.186,1,RDX,-0,Not sig,NA
0.2862672348367108,-0.42429530925145453,0.142,0.166,1,STAU1,-0,Not sig,NA
0.2870036312571629,0.5078595659110067,0.161,0.138,1,CKB,-0,Not sig,NA
0.2880245463682393,0.5028235308886964,0.139,0.117,1,SRPK1,-0,Not sig,NA
0.28851168684883016,-0.15921946940270493,0.308,0.341,1,RBM26,-0,Not sig,NA
0.2885248219807215,0.28160652416764675,0.123,0.1,1,IRF2,-0,Not sig,NA
0.2890049275850082,0.1689880236853728,0.158,0.131,1,KIAA1958,-0,Not sig,NA
0.2890437596592918,0.409383855290243,0.111,0.09,1,C3orf58,-0,Not sig,NA
0.28954299629841934,-0.35894448875683915,0.527,0.541,1,KALRN,-0,Not sig,NA
0.2897109262597418,-0.20570385918622977,0.158,0.183,1,ENO2,-0,Not sig,NA
0.2899699391548891,0.11887982480321135,0.201,0.172,1,LARP1B,-0,Not sig,NA
0.29025106733277406,-0.5448730337228986,0.22,0.245,1,ITPR2,-0,Not sig,NA
0.2903106700824476,0.17864125029579886,0.206,0.176,1,IGSF11,-0,Not sig,NA
0.2903505778362181,-0.2247384433315025,0.262,0.293,1,PTPRE,-0,Not sig,NA
0.29053248688990696,-0.3692523916129953,0.081,0.1,1,DNAJC16,-0,Not sig,NA
0.29072386781407394,0.3289004882491665,0.182,0.155,1,KIAA1468,-0,Not sig,NA
0.2912308731141831,-0.47883417598540284,0.146,0.166,1,GDI1,-0,Not sig,NA
0.2916772568891544,-0.3943031815050605,0.234,0.259,1,C1orf21,-0,Not sig,NA
0.29171486129464136,-0.3128767571096247,0.088,0.107,1,TRAPPC11,-0,Not sig,NA
0.29196454401708855,-0.33552518077283006,0.094,0.114,1,AC120193.1,-0,Not sig,NA
0.2920190448261558,-0.12248969596088874,0.154,0.179,1,KATNBL1,-0,Not sig,NA
0.2921506925104715,-0.4228795264015699,0.082,0.1,1,EMC2,-0,Not sig,NA
0.29253449573843765,0.26632218964918764,0.335,0.307,1,UBE2H,-0,Not sig,NA
0.2929581273358993,-0.4106157715055353,0.246,0.262,1,PAPOLA,-0,Not sig,NA
0.2930403497594954,-0.39135168068277104,0.121,0.141,1,CDYL,-0,Not sig,NA
0.29331066487226026,-0.17150289799962237,0.206,0.234,1,CBLB,-0,Not sig,NA
0.2936818718660653,-0.4241150569898775,0.126,0.148,1,SPG7,-0,Not sig,NA
0.29387283202035397,0.2517640255987721,0.446,0.441,1,KANSL1,-0,Not sig,NA
0.29414356462546387,0.515245898681694,0.196,0.172,1,VSTM2A,-0,Not sig,NA
0.29418367325831873,0.19671956616027586,0.17,0.145,1,CDH4,-0,Not sig,NA
0.29473256334228165,0.12541030294527034,0.142,0.169,1,LINC00486,-0,Not sig,NA
0.2960515967343523,-0.17345179651198395,0.314,0.345,1,PUM2,-0,Not sig,NA
0.2965012156466606,-0.10344927252404079,0.214,0.241,1,TBCD,-0,Not sig,NA
0.2968387879386178,0.3134741803584312,0.246,0.217,1,PAK5,-0,Not sig,NA
0.29692713535994053,0.3911681078578845,0.14,0.117,1,CCDC50,-0,Not sig,NA
0.2973514527880851,-0.26860556973930955,0.142,0.166,1,AC139887.2,-0,Not sig,NA
0.29744220695213186,-0.20983516750633896,0.097,0.117,1,NVL,-0,Not sig,NA
0.2979953601420273,0.2240945380399793,0.219,0.193,1,METTL15,-0,Not sig,NA
0.2980121199507827,-0.23113871947439577,0.136,0.159,1,EXOC5,-0,Not sig,NA
0.2986662484306379,0.31653890620407754,0.345,0.328,1,CDH2,-0,Not sig,NA
0.2987395919082756,0.14350602022761305,0.382,0.369,1,DGKI,-0,Not sig,NA
0.29973505553493773,0.1391122924357565,0.253,0.221,1,SNX29,-0,Not sig,NA
0.3006254576423791,-0.36726007841261094,0.118,0.138,1,LIN7A,-0,Not sig,NA
0.3009971013420649,-0.13771523322198537,0.216,0.245,1,KIAA0319,-0,Not sig,NA
0.30122888749794063,-0.32941621236405505,0.184,0.207,1,STK3,-0,Not sig,NA
0.3016640527459722,-0.17432031458285802,0.22,0.248,1,APBA2,-0,Not sig,NA
0.3017485441424779,0.2393436757626391,0.119,0.097,1,EEF1A1,-0,Not sig,NA
0.30222761086395983,0.1860706626832204,0.146,0.121,1,EML5,-0,Not sig,NA
0.30243484055176373,-0.22151097366440742,0.23,0.255,1,XRN1,-0,Not sig,NA
0.3024857132607764,-0.6118625390737849,0.086,0.103,1,ZNF235,-0,Not sig,NA
0.30264607451315423,-0.2598405015241348,0.194,0.217,1,DCUN1D4,-0,Not sig,NA
0.3032205468276973,0.6157754401621981,0.106,0.086,1,IKZF2,-0,Not sig,NA
0.3032372545585063,-0.16599365999614468,0.254,0.279,1,NPEPPS,-0,Not sig,NA
0.30355304944975153,0.29787920644216326,0.23,0.207,1,TUSC3,-0,Not sig,NA
0.30359959479030485,0.4228901990444849,0.129,0.107,1,CCDC93,-0,Not sig,NA
0.3036498127824221,0.15784209125070303,0.328,0.314,1,CDH18,-0,Not sig,NA
0.3039914390965422,-0.10262455129431423,0.173,0.197,1,HPRT1,-0,Not sig,NA
0.30417142800624697,-0.27269216821161313,0.094,0.114,1,CARS2,-0,Not sig,NA
0.3043204364421176,-0.31494693553697706,0.121,0.141,1,CORO1C,-0,Not sig,NA
0.3043753993623425,-0.1442181716683748,0.318,0.348,1,PCM1,-0,Not sig,NA
0.304399480001371,-0.49997712030637126,0.122,0.141,1,SLC25A27,-0,Not sig,NA
0.3047178929545087,-0.5606078402795521,0.086,0.103,1,USP45,-0,Not sig,NA
0.3048079474705316,-0.31658678351073355,0.089,0.107,1,RIPOR1,-0,Not sig,NA
0.30492772786439154,-0.1272297129028387,0.091,0.11,1,PRKCSH,-0,Not sig,NA
0.30541599989972845,0.3610141215355809,0.126,0.103,1,SEMA4D,-0,Not sig,NA
0.3055987954937318,-0.14023815625292935,0.326,0.362,1,RASA1,-0,Not sig,NA
0.3057620966939486,-0.5245162643994057,0.153,0.172,1,UBAP1,-0,Not sig,NA
0.3058124037764981,0.1668132764018564,0.39,0.355,1,DYM,-0,Not sig,NA
0.30590383321238296,0.29829936751161623,0.11,0.09,1,PTCD3,-0,Not sig,NA
0.30599773633312405,-0.29523308935816095,0.13,0.152,1,STX18,-0,Not sig,NA
0.3063173867530475,-0.37090430630729565,0.133,0.155,1,PPP2R2D,-0,Not sig,NA
0.30737632698551653,-0.2948723980025116,0.098,0.117,1,PARVA,-0,Not sig,NA
0.30749762093673066,-0.2097743905311354,0.137,0.159,1,ARL8B,-0,Not sig,NA
0.30771527600238346,0.382760546785264,0.141,0.117,1,QSER1,-0,Not sig,NA
0.30795833063899924,-0.22818786322725831,0.15,0.172,1,TBC1D12,-0,Not sig,NA
0.30809892532807476,0.3178841350120618,0.132,0.11,1,SLC22A15,-0,Not sig,NA
0.30823262773284993,-0.6983838217251569,0.083,0.1,1,CPSF7,-0,Not sig,NA
0.3084025158138906,0.12375442890334654,0.112,0.09,1,USP14,-0,Not sig,NA
0.3087209811429387,-0.28029942761018933,0.086,0.103,1,DCP2,-0,Not sig,NA
0.3087858276252086,-0.28459938756159886,0.166,0.19,1,ADCY1,-0,Not sig,NA
0.30891216091836404,-0.3008883328831571,0.121,0.141,1,RECK,-0,Not sig,NA
0.308942487731728,0.1830107067165675,0.231,0.2,1,PREX2,-0,Not sig,NA
0.30947424472539176,0.5410772741118154,0.285,0.269,1,SAMD4A,-0,Not sig,NA
0.30956781990521504,0.8881328129352637,0.111,0.093,1,GABRA4,-0,Not sig,NA
0.30994013364879514,-0.49160958328424004,0.132,0.152,1,RNF11,-0,Not sig,NA
0.3099834218593739,-0.30469085436821763,0.088,0.107,1,ARHGEF2,-0,Not sig,NA
0.31024326791528234,-0.21223032705148281,0.17,0.193,1,PHACTR2,-0,Not sig,NA
0.31101616030024504,-0.14497236710348194,0.165,0.19,1,PUM3,-0,Not sig,NA
0.31106738702818704,0.2304681610017552,0.2,0.176,1,REPS1,-0,Not sig,NA
0.31137541475871955,-0.1469218350319504,0.189,0.214,1,TCF25,-0,Not sig,NA
0.31156472126629015,0.1051558938360998,0.276,0.314,1,TTC7B,-0,Not sig,NA
0.312853321374044,-0.3794599016621265,0.525,0.517,1,FRMPD4,-0,Not sig,NA
0.313017472327298,0.24116545298187408,0.102,0.083,1,RCL1,-0,Not sig,NA
0.3131324015166125,-0.36695310026669986,0.105,0.124,1,IDE,-0,Not sig,NA
0.31356727961203834,0.5170291953828927,0.15,0.128,1,ULK4,-0,Not sig,NA
0.31447004791054045,0.2119846401472265,0.582,0.583,1,MEF2C,-0,Not sig,NA
0.31463197060982606,-0.7632405449701413,0.083,0.1,1,SERBP1,-0,Not sig,NA
0.3146829951787291,0.14916497209595647,0.57,0.559,1,CLASP2,-0,Not sig,NA
0.3148259356116997,-0.6421048836435702,0.1,0.117,1,SLC16A10,-0,Not sig,NA
0.31494265432254565,0.17408720026116736,0.122,0.1,1,SGCE,-0,Not sig,NA
0.31551689999446186,-0.21099192885050594,0.13,0.152,1,PARG,-0,Not sig,NA
0.3157453338416825,0.35576484443373413,0.298,0.279,1,MAP4K5,-0,Not sig,NA
0.3164907120423595,-0.7239392730162665,0.187,0.21,1,BRINP1,-0,Not sig,NA
0.316548319583675,0.1397111398264218,0.118,0.097,1,N4BP2L1,-0,Not sig,NA
0.31785016935429894,0.18333623234489305,0.166,0.197,1,SUSD4,-0,Not sig,NA
0.31875601680083127,-0.5003177953946507,0.09,0.107,1,PTPRN,-0,Not sig,NA
0.31926199546547507,-0.2817546055410789,0.726,0.759,1,PDE4D,-0,Not sig,NA
0.31985941576280497,0.3198996579324912,0.187,0.162,1,CDK6,-0,Not sig,NA
0.32005479612685994,-0.12655419118689903,0.082,0.1,1,TUT7,-0,Not sig,NA
0.32022601793968175,-0.49756278919035457,0.086,0.103,1,FBXO3,-0,Not sig,NA
0.3207846525288363,0.22332106684075614,0.427,0.414,1,RTN3,-0,Not sig,NA
0.3208214923389583,0.3582423468673039,0.117,0.097,1,U91319.1,-0,Not sig,NA
0.3208767655420175,-0.17934357973251347,0.224,0.252,1,PARP8,-0,Not sig,NA
0.3217187447463436,0.29111566805179623,0.132,0.11,1,WDR37,-0,Not sig,NA
0.3218099520237134,0.43691260247892894,0.102,0.083,1,PPP5C,-0,Not sig,NA
0.3224236181962354,-0.2857239445150689,0.134,0.11,1,ADCY5,-0,Not sig,NA
0.32264937113907405,-0.2673964395475289,0.233,0.259,1,MAP3K13,-0,Not sig,NA
0.32276621732174055,-0.19537665404607307,0.082,0.1,1,EIF3A,-0,Not sig,NA
0.32297185014432944,-0.18649799592020028,0.127,0.148,1,CEP126,-0,Not sig,NA
0.3235389360434614,-0.21338067675941286,0.479,0.507,1,APBB2,-0,Not sig,NA
0.3245332048608959,-0.17621957651163683,0.139,0.114,1,UBXN4,-0,Not sig,NA
0.3247510368672642,-0.2861161342990921,0.204,0.228,1,RPS6KA3,-0,Not sig,NA
0.32486572161462,-0.405698097289044,0.138,0.155,1,PPFIA1,-0,Not sig,NA
0.32502021885575016,-0.3005838876805514,0.098,0.117,1,GIGYF1,-0,Not sig,NA
0.32552307261028535,0.34232244599071077,0.117,0.097,1,PCDH19,-0,Not sig,NA
0.3256563649474999,-0.26261402266284783,0.131,0.152,1,PDCD4,-0,Not sig,NA
0.32591688375346,-0.42074700459779446,0.11,0.128,1,EIF3H,-0,Not sig,NA
0.32617998204032606,-0.35557962769561924,0.136,0.155,1,PDIA2,-0,Not sig,NA
0.32622174306793444,-0.5436941284561543,0.11,0.128,1,RAD23B,-0,Not sig,NA
0.3271989825575217,-0.3806642560973983,0.17,0.19,1,SLC38A2,-0,Not sig,NA
0.32731165474763974,0.39029995066184553,0.195,0.172,1,PRKRIP1,-0,Not sig,NA
0.32752285474484005,-0.128771259488207,0.167,0.19,1,TP53BP1,-0,Not sig,NA
0.3276581269665765,-0.4183548684547843,0.165,0.183,1,NRDC,-0,Not sig,NA
0.3276785024627103,-0.2889986417416912,0.105,0.124,1,KATNAL1,-0,Not sig,NA
0.3283129850582665,-0.32773993417737723,0.093,0.11,1,SQSTM1,-0,Not sig,NA
0.3285970036713367,-0.12419366002453636,0.518,0.559,1,SGIP1,-0,Not sig,NA
0.3288972253995215,-0.10225840243206308,0.186,0.21,1,EPC2,-0,Not sig,NA
0.32898827291920446,0.34074058490225156,0.331,0.307,1,DNM1,-0,Not sig,NA
0.32910399060439505,0.6189022864751821,0.13,0.11,1,NCDN,-0,Not sig,NA
0.32919405927975864,0.20751484505484719,0.262,0.238,1,BCL2,-0,Not sig,NA
0.32959562059222725,-0.41306958662631865,0.148,0.169,1,ANKRD36B,-0,Not sig,NA
0.3302444558215196,0.3496474348303047,0.412,0.397,1,SLC8A1,-0,Not sig,NA
0.33119417720410926,0.4192560608507622,0.138,0.117,1,ADAR,-0,Not sig,NA
0.3312346921332333,-0.17744025423460152,0.127,0.148,1,MCCC1,-0,Not sig,NA
0.33169867425074806,0.2738271731695375,0.165,0.141,1,EEA1,-0,Not sig,NA
0.33176114725569855,0.10048824325220995,0.212,0.241,1,CNOT6L,-0,Not sig,NA
0.3320605437719693,0.3404980489275721,0.117,0.097,1,FAXC,-0,Not sig,NA
0.33213033228363786,-0.4774169701315652,0.16,0.179,1,ATF6,-0,Not sig,NA
0.33228168285230497,0.6597201461309765,0.114,0.097,1,ZRANB3,-0,Not sig,NA
0.33228694618079335,-0.16422257413658392,0.381,0.41,1,ARHGEF7,-0,Not sig,NA
0.3324918116532883,-0.13031702196029438,0.263,0.29,1,ZMYM4,-0,Not sig,NA
0.33411318083952374,0.10399038015475115,0.134,0.11,1,UHRF2,-0,Not sig,NA
0.3342228075221762,-0.4299999936937845,0.122,0.141,1,ANKAR,-0,Not sig,NA
0.33450290481134254,-0.10027295204282005,0.302,0.334,1,CAMSAP2,-0,Not sig,NA
0.3348931941771247,0.2712264241288045,0.216,0.19,1,PLXNA2,-0,Not sig,NA
0.3353167526314005,-0.28048613909385256,0.24,0.262,1,BBX,-0,Not sig,NA
0.3361560858268511,-0.19892800172182418,0.151,0.172,1,SFSWAP,-0,Not sig,NA
0.3364509451750106,-0.5971557370849856,0.084,0.1,1,FBXO7,-0,Not sig,NA
0.3366161616346589,-0.4974169370153412,0.11,0.128,1,WASHC4,-0,Not sig,NA
0.33670233214874046,-0.14270643940532768,0.352,0.383,1,FRY,-0,Not sig,NA
0.33689131185905885,-0.3037210883944692,0.089,0.107,1,TRPM2,-0,Not sig,NA
0.33698534148429,-0.2252734665722279,0.252,0.276,1,KCNB1,-0,Not sig,NA
0.33809170276148387,-0.15493218958159893,0.251,0.279,1,UGGT2,-0,Not sig,NA
0.3385070991410016,-0.12041072851056261,0.131,0.152,1,NUP98,-0,Not sig,NA
0.338579932177341,0.15540911854801076,0.19,0.217,1,FAM49A,-0,Not sig,NA
0.3385828400075518,0.175672470645372,0.198,0.176,1,SGK3,-0,Not sig,NA
0.33919930797153397,0.41004279145350975,0.222,0.2,1,OPHN1,-0,Not sig,NA
0.33922933954480866,-0.18010542017309106,0.136,0.155,1,NAALAD2,-0,Not sig,NA
0.33950412558891857,-0.15234216746976748,0.131,0.152,1,TTC39B,-0,Not sig,NA
0.339569897899083,0.23366548209732235,0.146,0.124,1,BASP1-AS1,-0,Not sig,NA
0.3403415460758121,0.2189284079281652,0.182,0.159,1,CHKA,-0,Not sig,NA
0.34059011801274286,0.11837793101741678,0.175,0.155,1,PCSK5,-0,Not sig,NA
0.34083648433707553,0.40687849697686274,0.113,0.093,1,CCNG2,-0,Not sig,NA
0.3411579741366715,0.3544079131371463,0.211,0.186,1,ARHGAP35,-0,Not sig,NA
0.3412683943985209,-0.4948064502042597,0.191,0.207,1,ZRANB2,-0,Not sig,NA
0.34168113088215135,0.42475031070610536,0.126,0.107,1,SLX4IP,-0,Not sig,NA
0.34251349323710567,0.2354664278675,0.138,0.117,1,SNX1,-0,Not sig,NA
0.3433857118459482,0.3672694166421946,0.127,0.107,1,STARD9,-0,Not sig,NA
0.34403572329833765,0.11929271963381011,0.173,0.148,1,RAB7A,-0,Not sig,NA
0.34502171723943253,0.40394433001872687,0.278,0.259,1,CLIP2,-0,Not sig,NA
0.34572847972794823,0.19937592092503986,0.142,0.121,1,LEMD3,-0,Not sig,NA
0.34696487580940955,-0.17442253097389826,0.293,0.317,1,ZDHHC14,-0,Not sig,NA
0.34743338197297846,-0.34527849169172686,0.222,0.245,1,EP300,-0,Not sig,NA
0.34764605691147743,0.14770527729420568,0.217,0.193,1,PHACTR4,-0,Not sig,NA
0.34766838109730613,-0.3110750265805785,0.246,0.269,1,MEG8,-0,Not sig,NA
0.34771587165390816,0.5315814589942096,0.114,0.097,1,GPALPP1,-0,Not sig,NA
0.3482214473511102,0.11895606777740109,0.408,0.383,1,PRKACB,-0,Not sig,NA
0.3495815128169441,0.1686698268885964,0.166,0.141,1,GAPVD1,-0,Not sig,NA
0.34982801205585357,0.2747418344795132,0.177,0.152,1,TYW1,-0,Not sig,NA
0.3500305196102516,-0.5763602185069162,0.127,0.145,1,ME1,-0,Not sig,NA
0.35005669256183836,-0.14024397698541874,0.166,0.19,1,COA1,-0,Not sig,NA
0.35061772991166906,-0.5064580925799722,0.087,0.103,1,RTF1,-0,Not sig,NA
0.35066333690004897,-0.17095964472581499,0.15,0.172,1,WIPF2,-0,Not sig,NA
0.3508066406467589,-0.22372186758413679,0.185,0.207,1,LARP4B,-0,Not sig,NA
0.35152423985466624,0.28686401714959,0.31,0.279,1,STRN3,-0,Not sig,NA
0.35157557737877376,-0.35559471023568834,0.131,0.148,1,GNB5,-0,Not sig,NA
0.3522157875344977,0.18706341006962512,0.468,0.448,1,CPEB3,-0,Not sig,NA
0.35241784555046174,0.4055534845599878,0.123,0.103,1,TAMM41,-0,Not sig,NA
0.352461400669152,0.365828120888133,0.184,0.162,1,MPHOSPH9,-0,Not sig,NA
0.35280708599607974,0.39439043650144445,0.144,0.124,1,MARCH11,-0,Not sig,NA
0.352985931857479,-0.20175892228806097,0.111,0.131,1,SERPINB6,-0,Not sig,NA
0.35321097606423574,-0.49273420177404403,0.087,0.103,1,MIR9-3HG,-0,Not sig,NA
0.35341877626010754,0.1743995192801906,0.388,0.369,1,HIVEP2,-0,Not sig,NA
0.35442335543053805,0.3137067392337439,0.131,0.11,1,SH3YL1,-0,Not sig,NA
0.3554696049625673,-0.495994747987907,0.162,0.179,1,MBTD1,-0,Not sig,NA
0.356123610138238,-0.46137791640745796,0.087,0.103,1,RAVER2,-0,Not sig,NA
0.35702363817223737,-0.39515098036149937,0.132,0.152,1,SYP,-0,Not sig,NA
0.3571636563346852,-0.19070918295880002,0.102,0.121,1,UGP2,-0,Not sig,NA
0.35833821772941254,-0.13040447171502145,0.444,0.479,1,CLASP1,-0,Not sig,NA
0.358701290576661,-0.38656512077533944,0.097,0.114,1,KNDC1,-0,Not sig,NA
0.359745280625972,0.4375950879599675,0.14,0.121,1,EML2,-0,Not sig,NA
0.3598330776495884,0.2008635752701169,0.38,0.355,1,SOBP,-0,Not sig,NA
0.36015758610565607,0.12135153218197678,0.16,0.138,1,RERG,-0,Not sig,NA
0.36042490832510227,-0.43479437843513224,0.091,0.107,1,IARS,-0,Not sig,NA
0.3604783167023627,0.6282448903145994,0.128,0.11,1,GRIK5,-0,Not sig,NA
0.3608639406810829,-0.10311342014392921,0.114,0.093,1,JMY,-0,Not sig,NA
0.3614979588492792,0.13285357881718807,0.101,0.083,1,H2AFV,-0,Not sig,NA
0.3615876254691227,-0.43788268886901804,0.086,0.103,1,SUCLG1,-0,Not sig,NA
0.36167135803246064,0.5073452447909603,0.124,0.107,1,GRIK3,-0,Not sig,NA
0.3619041342277471,-0.5645095052345254,0.112,0.128,1,EPG5,-0,Not sig,NA
0.362026762941699,-0.327849462739483,0.102,0.117,1,AMOTL1,-0,Not sig,NA
0.3629868876231213,-0.24735885680579062,0.146,0.166,1,TPM1,-0,Not sig,NA
0.36329206755761395,0.15949195380947198,0.208,0.183,1,ZNF451,-0,Not sig,NA
0.36377335817462186,0.11214851309604984,0.131,0.11,1,AP000943.3,-0,Not sig,NA
0.36431463645529166,0.12490523757939864,0.418,0.397,1,HECW2,-0,Not sig,NA
0.3649094554954439,-0.11122743422587522,0.31,0.338,1,MARCH6,-0,Not sig,NA
0.36608318906208376,-0.3285032264554193,0.299,0.321,1,NEDD4L,-0,Not sig,NA
0.3661799764503136,-0.20752625328953894,0.195,0.217,1,CUL1,-0,Not sig,NA
0.36619735443637086,0.14361489137338976,0.169,0.145,1,NETO2,-0,Not sig,NA
0.36626070986097453,0.4295823352928152,0.133,0.114,1,GDPD1,-0,Not sig,NA
0.3665650189922579,-0.13419308134297842,0.121,0.1,1,TBL1X,-0,Not sig,NA
0.36669059612086774,0.2523345583793696,0.173,0.148,1,BTBD8,-0,Not sig,NA
0.36701456586929476,0.6125919429156164,0.203,0.19,1,DCC,-0,Not sig,NA
0.36708622847004924,0.21397378661309707,0.409,0.393,1,FRYL,-0,Not sig,NA
0.3688677402145206,0.4127463563866988,0.133,0.114,1,QRICH1,-0,Not sig,NA
0.3692043418343771,-0.24062757993461314,0.295,0.321,1,DLEU2,-0,Not sig,NA
0.3694975765974375,0.18181478032458445,0.139,0.117,1,MIR137HG,-0,Not sig,NA
0.36950276289783435,-0.23504397147667955,0.094,0.11,1,SPATA7,-0,Not sig,NA
0.36965520344353747,-0.44609874405522754,0.094,0.11,1,THY1,-0,Not sig,NA
0.3696749333957491,0.18759278606693303,0.194,0.169,1,CLVS2,-0,Not sig,NA
0.3700030849603505,0.2232621875367674,0.108,0.09,1,NMD3,-0,Not sig,NA
0.3702172626715668,-0.16195120468874047,0.201,0.224,1,SRRM2,-0,Not sig,NA
0.37079168608650975,-0.37895948062091145,0.206,0.224,1,PRNP,-0,Not sig,NA
0.3708207072424625,0.29602228502215777,0.17,0.148,1,NDUFS4,-0,Not sig,NA
0.3709824702020141,0.5708874136131595,0.25,0.231,1,PLD3,-0,Not sig,NA
0.3709897362745226,0.2641648249462918,0.23,0.207,1,RANBP17,-0,Not sig,NA
0.3711745403448588,-0.15071496004165452,0.111,0.131,1,HERC3,-0,Not sig,NA
0.37123771408953843,0.42792684832896627,0.25,0.231,1,FBXO42,-0,Not sig,NA
0.37145871052027313,-0.5740835175714026,0.095,0.11,1,GMPS,-0,Not sig,NA
0.3717940699364963,0.4391349194436956,0.157,0.138,1,CCDC30,-0,Not sig,NA
0.37236728918502254,-0.17098536286513766,0.204,0.228,1,CHN1,-0,Not sig,NA
0.37254682265723743,0.25426346906062025,0.174,0.152,1,TMOD2,-0,Not sig,NA
0.3731278068467088,-0.6426056902669425,0.143,0.159,1,DENND6A,-0,Not sig,NA
0.37466120068880643,-0.20522662463351127,0.195,0.214,1,MT-ND5,-0,Not sig,NA
0.3755085798444138,0.29051512029736826,0.112,0.093,1,AC005726.1,-0,Not sig,NA
0.37556699018146855,0.21618566212433069,0.146,0.169,1,AC092683.1,-0,Not sig,NA
0.37580059242723124,-0.16452448548751814,0.13,0.148,1,LRRN2,-0,Not sig,NA
0.3758474073501941,-0.10995655968269619,0.135,0.155,1,LUZP1,-0,Not sig,NA
0.378176481352602,0.36492748382221496,0.347,0.331,1,SCMH1,-0,Not sig,NA
0.3783217411667898,-0.3726795066175506,0.104,0.121,1,AC074032.1,-0,Not sig,NA
0.3789095683898435,0.19323540992815014,0.108,0.09,1,PIGN,-0,Not sig,NA
0.37969845815792125,-0.3814947160464719,0.156,0.172,1,INO80D,-0,Not sig,NA
0.3797869850210016,-0.4033140758377953,0.125,0.141,1,JAKMIP1,-0,Not sig,NA
0.37980063506209616,-0.29793143177237164,0.112,0.128,1,HKR1,-0,Not sig,NA
0.38133490432930395,0.13702415348699848,0.561,0.538,1,DPP6,-0,Not sig,NA
0.38152098258471134,0.7893501368837592,0.102,0.086,1,INTS8,-0,Not sig,NA
0.3821175742729484,-0.37270578400235505,0.114,0.131,1,IRS2,-0,Not sig,NA
0.3825415094910867,0.38726637388350477,0.13,0.11,1,KDM3B,-0,Not sig,NA
0.38329154114376696,0.1171559927257487,0.145,0.124,1,CDK12,-0,Not sig,NA
0.3839685674652931,-0.10686950325436717,0.266,0.238,1,KIAA1549L,-0,Not sig,NA
0.3841209501209699,-0.33187202662031673,0.164,0.183,1,ZNF438,-0,Not sig,NA
0.3846182208456942,-0.23183299170442195,0.167,0.186,1,TRPM7,-0,Not sig,NA
0.38526944779287486,0.3612485876628222,0.32,0.3,1,ARFGEF3,-0,Not sig,NA
0.3862410375355222,0.6096749918023247,0.102,0.086,1,SEC62,-0,Not sig,NA
0.38666183168459173,0.42593986698555697,0.216,0.2,1,CDH11,-0,Not sig,NA
0.38691363402011775,0.2346582567553058,0.202,0.179,1,AKAP8L,-0,Not sig,NA
0.3869214420160369,-0.25702195557433993,0.098,0.114,1,RAB21,-0,Not sig,NA
0.3877295830194056,-0.19102369094743332,0.209,0.231,1,NDFIP1,-0,Not sig,NA
0.3885177224807371,0.3182120033775311,0.452,0.448,1,TRIM9,-0,Not sig,NA
0.3885291978586042,-0.1368094226041568,0.133,0.152,1,TENT4B,-0,Not sig,NA
0.3892246250653975,0.17690395831235134,0.141,0.121,1,SNX27,-0,Not sig,NA
0.38922682346536597,0.2354660549481744,0.134,0.114,1,CASD1,-0,Not sig,NA
0.38932918413411555,0.3151967647837269,0.137,0.117,1,TMBIM6,-0,Not sig,NA
0.39008755128707845,0.3495168299066287,0.348,0.341,1,NMNAT2,-0,Not sig,NA
0.39013809051095083,-0.20896116698561418,0.358,0.393,1,KCNH7,-0,Not sig,NA
0.39074114656325626,0.249014296312968,0.318,0.3,1,VWA8,-0,Not sig,NA
0.39082230033414833,0.11031966977882424,0.208,0.238,1,GTF2IRD1,-0,Not sig,NA
0.39107747227791106,0.12695030014461883,0.402,0.386,1,OTUD7A,-0,Not sig,NA
0.39117132777611996,-0.573201684599357,0.107,0.121,1,SH3BGRL2,-0,Not sig,NA
0.3912009449384377,0.1554351043624087,0.347,0.324,1,LRFN5,-0,Not sig,NA
0.3924746746284421,0.15946651419434518,0.185,0.21,1,NUTM2B-AS1,-0,Not sig,NA
0.39349815158658236,0.5832322107463581,0.102,0.086,1,PIR,-0,Not sig,NA
0.3935350619855791,0.11345534011059,0.57,0.576,1,RIMS2,-0,Not sig,NA
0.3941543530123682,0.1276463632655323,0.214,0.19,1,ZNF652,-0,Not sig,NA
0.3948835654113421,-0.12027014079716639,0.15,0.169,1,ARMH4,-0,Not sig,NA
0.3959455559010648,0.36604687352204124,0.122,0.103,1,ERO1B,-0,Not sig,NA
0.39606864874941833,0.2371204854758533,0.083,0.1,1,PIP4K2B,-0,Not sig,NA
0.3964619303337594,-0.2101004448188063,0.167,0.186,1,ARHGEF11,-0,Not sig,NA
0.39776888394010834,-0.25536503813974254,0.408,0.424,1,REV3L,-0,Not sig,NA
0.3978396327801363,0.2130808746431485,0.122,0.103,1,FBXO28,-0,Not sig,NA
0.39910239181116425,0.3652592324005668,0.132,0.114,1,AC027644.4,-0,Not sig,NA
0.3992211883299403,-0.2964535065775687,0.166,0.19,1,SFXN5,-0,Not sig,NA
0.3997158145395968,-0.19296924994606446,0.301,0.324,1,NLK,-0,Not sig,NA
0.3997245901116546,-0.26022200073870555,0.175,0.193,1,FBXL5,-0,Not sig,NA
0.4008706531351774,0.13043207313002614,0.158,0.138,1,UTP23,-0,Not sig,NA
0.4015928878187955,0.3046441960360311,0.161,0.141,1,CDK5RAP2,-0,Not sig,NA
0.4019828651592571,-0.27320436248142066,0.215,0.234,1,ECPAS,-0,Not sig,NA
0.40265760088157326,-0.3920775090497932,0.091,0.107,1,PCMT1,-0,Not sig,NA
0.40287780359900005,0.14691084320192738,0.11,0.093,1,CNIH3,-0,Not sig,NA
0.40308597912643906,-0.2779343719600659,0.229,0.245,1,SEM1,-0,Not sig,NA
0.4039655950736225,-0.23197625190670396,0.114,0.131,1,PDPK1,-0,Not sig,NA
0.4045884892237321,-0.605129417648074,0.107,0.121,1,SENP2,-0,Not sig,NA
0.40473548408952176,0.6063762290754771,0.104,0.09,1,GNAI2,-0,Not sig,NA
0.40493319527086313,0.12590096244652815,0.087,0.103,1,DHX32,-0,Not sig,NA
0.40506067984932426,0.2659701870361064,0.115,0.097,1,MFN1,-0,Not sig,NA
0.40525315438356646,0.11983803126391288,0.151,0.131,1,LINC00662,-0,Not sig,NA
0.40582140650150905,-0.10136852274865976,0.12,0.1,1,ARHGEF28,-0,Not sig,NA
0.40593915414488096,-0.10039560755798949,0.382,0.407,1,SNAP25,-0,Not sig,NA
0.4071047577077064,0.35211291431264197,0.23,0.21,1,EPHA7,-0,Not sig,NA
0.4073586287989483,0.163104218497786,0.385,0.366,1,ITFG1,-0,Not sig,NA
0.40753037568998723,-0.11685274540057328,0.194,0.217,1,SMURF1,-0,Not sig,NA
0.40759922576431806,-0.14997951223362094,0.085,0.1,1,STOM,-0,Not sig,NA
0.4077953321696843,-0.1643697452953976,0.207,0.228,1,SENP7,-0,Not sig,NA
0.40789748341339427,0.4057555351149491,0.17,0.152,1,CLCN3,-0,Not sig,NA
0.40793972859388894,-0.2905472131494232,0.109,0.124,1,CAND1,-0,Not sig,NA
0.4097067551289635,-0.2012128006893268,0.088,0.103,1,MAPK1IP1L,-0,Not sig,NA
0.41034743696788517,-0.27792991383384735,0.111,0.128,1,TRAPPC10,-0,Not sig,NA
0.41042280737822995,-0.2090613138482273,0.124,0.141,1,TMEM50B,-0,Not sig,NA
0.4105056414720278,0.2705595605661558,0.263,0.245,1,PCSK2,-0,Not sig,NA
0.41097226586340774,-0.11417428904674293,0.113,0.131,1,BCAP29,-0,Not sig,NA
0.4112800876863846,0.16654358009478026,0.155,0.134,1,RYR3,-0,Not sig,NA
0.41168528452236514,-0.3421627752030224,0.171,0.186,1,HPSE2,-0,Not sig,NA
0.4118598713804425,0.5779988605859435,0.126,0.11,1,NIPSNAP2,-0,Not sig,NA
0.41186005609985493,0.4987341382927485,0.173,0.152,1,PGAP1,-0,Not sig,NA
0.412284580263112,0.2084710055536665,0.317,0.3,1,BTRC,-0,Not sig,NA
0.4125003352518444,0.10566174777883072,0.188,0.166,1,MAPKAP1,-0,Not sig,NA
0.4126303674745617,-0.12104725924950013,0.134,0.155,1,CREM,-0,Not sig,NA
0.413255645557767,-0.21525890917022866,0.123,0.138,1,AL357153.2,-0,Not sig,NA
0.4134308222157916,0.4403269822014294,0.262,0.248,1,UNC80,-0,Not sig,NA
0.4141155553535146,0.2660064646407565,0.483,0.483,1,UNC5D,-0,Not sig,NA
0.4141940838702921,0.14896127379122648,0.235,0.262,1,LUC7L,-0,Not sig,NA
0.4145468337155389,0.47476494640513855,0.262,0.245,1,ADCY8,-0,Not sig,NA
0.41471434935089346,0.4057274841074786,0.11,0.093,1,CD99L2,-0,Not sig,NA
0.4148209293031779,-0.24159730629175422,0.162,0.179,1,DGKD,-0,Not sig,NA
0.41517389343840444,0.1160886391781637,0.098,0.114,1,HOOK1,-0,Not sig,NA
0.41529837588460655,-0.22620809658814958,0.128,0.145,1,LRRC37B,-0,Not sig,NA
0.41608264219354113,0.1312156780537621,0.132,0.114,1,KRIT1,-0,Not sig,NA
0.4165009529500369,-0.22187900064707305,0.154,0.172,1,FNBP4,-0,Not sig,NA
0.4168236287233443,0.178550380369068,0.146,0.169,1,SMARCAD1,-0,Not sig,NA
0.4176125619961628,-0.32318849974219893,0.11,0.124,1,CRK,-0,Not sig,NA
0.4178948640992402,0.12577946719485644,0.138,0.121,1,PLPPR5,-0,Not sig,NA
0.4198821593573384,0.28331477719527887,0.254,0.238,1,EML6,-0,Not sig,NA
0.4203355968342127,-0.1397516283641863,0.098,0.114,1,NARS2,-0,Not sig,NA
0.42268589977751647,-0.36031583322649285,0.174,0.19,1,ITM2B,-0,Not sig,NA
0.4227039345947025,-0.4373867926606404,0.119,0.134,1,SECISBP2,-0,Not sig,NA
0.42372049362870995,-0.12665783148247794,0.167,0.148,1,TNR,-0,Not sig,NA
0.4250610641415182,0.16259132584458116,0.174,0.155,1,SON,-0,Not sig,NA
0.42514492798381387,-0.25252187963577727,0.18,0.197,1,FOXJ3,-0,Not sig,NA
0.42526297858944123,-0.14531806334130293,0.278,0.293,1,GMDS,-0,Not sig,NA
0.42671416090432523,-0.40620164180298546,0.086,0.1,1,SMIM12,-0,Not sig,NA
0.42683254883477,0.1529681360167967,0.342,0.317,1,PPP1R12B,-0,Not sig,NA
0.42712732332288444,0.3397602100838215,0.163,0.145,1,ORC4,-0,Not sig,NA
0.427137246624807,-0.2066472950910776,0.107,0.124,1,AHDC1,-0,Not sig,NA
0.42787253042155166,-0.15807862598331426,0.162,0.179,1,SLC16A7,-0,Not sig,NA
0.42800720150999255,-0.34948574529817433,0.089,0.103,1,SSBP1,-0,Not sig,NA
0.4281112431932417,0.7202988670430044,0.126,0.11,1,CNNM1,-0,Not sig,NA
0.42855765679999563,0.1079850639403962,0.098,0.114,1,FGFR1OP2,-0,Not sig,NA
0.4286766631916824,-0.3696837456062685,0.099,0.114,1,ZXDC,-0,Not sig,NA
0.429167320582411,0.34323415668755,0.19,0.172,1,SLC38A1,-0,Not sig,NA
0.4293790564389794,0.35270547123010026,0.146,0.128,1,LHFPL4,-0,Not sig,NA
0.4297427137134638,0.26573527251214046,0.106,0.09,1,NUDT3,-0,Not sig,NA
0.42994198059510286,-0.17215043898411814,0.157,0.172,1,BDP1,-0,Not sig,NA
0.4299482971864117,-0.1003492778722479,0.48,0.503,1,THSD7A,-0,Not sig,NA
0.4305520139201223,0.42973881871349007,0.115,0.1,1,TPPP,-0,Not sig,NA
0.4312878776154827,0.10719131635436024,0.194,0.172,1,ATP6V1H,-0,Not sig,NA
0.4317043248932102,-0.4260815883703064,0.09,0.103,1,USP7,-0,Not sig,NA
0.4336729412747748,0.38321110144163295,0.192,0.176,1,FBN1,-0,Not sig,NA
0.43410334355630525,0.3575460742617089,0.19,0.172,1,FRRS1L,-0,Not sig,NA
0.4345803949756133,0.3189092748673532,0.127,0.11,1,ELP3,-0,Not sig,NA
0.4348892459495027,0.16181446105090014,0.126,0.145,1,MAST1,-0,Not sig,NA
0.4359427918061282,0.2064011672766375,0.408,0.386,1,DTNB,-0,Not sig,NA
0.43606772456813864,0.15012572615824102,0.158,0.141,1,SPATA5,-0,Not sig,NA
0.4362372351128732,0.1435214938837157,0.23,0.207,1,KIFAP3,-0,Not sig,NA
0.4363563300316112,0.12491949174548433,0.307,0.283,1,COG5,-0,Not sig,NA
0.43651418476914133,-0.2681112961779769,0.129,0.145,1,OTUD7B,-0,Not sig,NA
0.436529397556375,0.1087369849425764,0.146,0.128,1,DGLUCY,-0,Not sig,NA
0.43724202036749404,-0.2575932375662361,0.091,0.107,1,MRPS31,-0,Not sig,NA
0.43746511876350425,0.4579171872546477,0.17,0.155,1,TTC39C,-0,Not sig,NA
0.4376005011313589,0.13157512526858128,0.25,0.224,1,ACBD6,-0,Not sig,NA
0.43797314237347046,-0.10821686121444402,0.148,0.128,1,NNT,-0,Not sig,NA
0.4384135635232648,-0.1409213813639285,0.185,0.207,1,TTC14,-0,Not sig,NA
0.4397718060713039,-0.7314042831817565,0.133,0.145,1,AKAP10,-0,Not sig,NA
0.4401109612501061,-0.121544004427522,0.406,0.438,1,ATRX,-0,Not sig,NA
0.44028317430093133,0.11872066159891898,0.138,0.121,1,RIPOR2,-0,Not sig,NA
0.44075284787327573,-0.5132151619826275,0.118,0.131,1,CNOT1,-0,Not sig,NA
0.4427373634539331,0.18412288329860654,0.171,0.152,1,STAT5B,-0,Not sig,NA
0.4429260006040804,0.25759084767437046,0.367,0.355,1,SLC6A1,-0,Not sig,NA
0.44295184635474155,0.21233192108142254,0.181,0.162,1,STIM1,-0,Not sig,NA
0.4436119354225708,-0.12185905520009288,0.322,0.341,1,WNK1,-0,Not sig,NA
0.44394669780194745,0.12542493367409144,0.161,0.141,1,NORAD,-0,Not sig,NA
0.4440656002839185,0.20060384241550447,0.164,0.186,1,MPPED2,-0,Not sig,NA
0.4442038438615233,0.4932304642872123,0.124,0.11,1,STPG2,-0,Not sig,NA
0.44505035522000375,-0.15801950620784055,0.118,0.134,1,CACUL1,-0,Not sig,NA
0.44645353927806697,0.3279938373890757,0.17,0.152,1,C6orf62,-0,Not sig,NA
0.44675837457191464,-0.2939408489633047,0.178,0.193,1,ARHGEF3,-0,Not sig,NA
0.4479079503033029,-0.25306164626471495,0.2,0.214,1,ATF7IP,-0,Not sig,NA
0.44825866391363867,-0.49203331681635076,0.126,0.138,1,PITPNB,-0,Not sig,NA
0.44836724478321616,0.24894726689686866,0.134,0.117,1,USP8,-0,Not sig,NA
0.4489856563240023,1.3349216928166074,0.222,0.214,1,ATP1B3,-0,Not sig,NA
0.44922506835542103,-0.11885133780214852,0.263,0.286,1,KAT6A,-0,Not sig,NA
0.4496903318493528,0.2045000038204004,0.178,0.159,1,PCBP2,-0,Not sig,NA
0.4497273713272955,0.4486937977117642,0.262,0.293,1,CRIM1,-0,Not sig,NA
0.45017738634621796,-0.1633996759262304,0.452,0.479,1,MYCBP2,-0,Not sig,NA
0.45037923630990245,0.516871931213032,0.128,0.114,1,SHLD2,-0,Not sig,NA
0.4504449162833644,0.44641051448596614,0.122,0.107,1,MTERF1,-0,Not sig,NA
0.45129423707032096,-0.23631993452684186,0.39,0.366,1,C9orf3,-0,Not sig,NA
0.4516367577674824,0.5369024086109431,0.1,0.086,1,MAVS,-0,Not sig,NA
0.4517876936533104,-0.5398575276163422,0.101,0.114,1,CAPZA2,-0,Not sig,NA
0.45289067674550154,-0.21516946779328938,0.506,0.517,1,PTPRN2,-0,Not sig,NA
0.45309000769263186,-0.17465107946074898,0.364,0.379,1,PDE8A,-0,Not sig,NA
0.4546713017601474,-0.2131597170620635,0.292,0.31,1,SH3KBP1,-0,Not sig,NA
0.4556702315038895,0.22213896751841555,0.45,0.445,1,AHI1,-0,Not sig,NA
0.4562059259112913,0.1219839778653955,0.377,0.348,1,RUNX1T1,-0,Not sig,NA
0.45633467273770606,0.253204124268258,0.176,0.159,1,GPR75-ASB3,-0,Not sig,NA
0.4565263191423573,0.1464333344886174,0.117,0.134,1,EZH1,-0,Not sig,NA
0.45678229569988854,-0.17733049486199737,0.306,0.324,1,PAN3,-0,Not sig,NA
0.45705463631265353,0.25913488330900003,0.193,0.176,1,FNIP2,-0,Not sig,NA
0.45762583528123635,-0.25955329073796396,0.118,0.131,1,BSDC1,-0,Not sig,NA
0.4582357135151637,-0.4571241577193822,0.114,0.128,1,TACC2,-0,Not sig,NA
0.4584126601101624,-0.2234803721163845,0.11,0.124,1,TIAL1,-0,Not sig,NA
0.4586772098737659,-0.14007289932850212,0.173,0.19,1,TAB2,-0,Not sig,NA
0.459017275090418,-0.24829643002924606,0.087,0.1,1,STX3,-0,Not sig,NA
0.4592073786797994,-0.12702892750173295,0.128,0.145,1,YPEL3,-0,Not sig,NA
0.45922629085059635,-0.6731268660449989,0.124,0.138,1,ARMC9,-0,Not sig,NA
0.4600212851383792,-0.47443105079661674,0.09,0.103,1,DMTN,-0,Not sig,NA
0.4612448983460421,-0.5493019133711108,0.11,0.121,1,RC3H2,-0,Not sig,NA
0.4616088763249924,0.26724206119898614,0.122,0.107,1,PLS3,-0,Not sig,NA
0.46161690156591806,0.23057761488527775,0.162,0.145,1,NDUFAF6,-0,Not sig,NA
0.4619460135566786,0.1016691358657531,0.106,0.09,1,APPL1,-0,Not sig,NA
0.46216392179329374,-0.24613271496361164,0.131,0.145,1,HNRNPM,-0,Not sig,NA
0.4622505023664393,0.17668135166664112,0.119,0.103,1,KLHL42,-0,Not sig,NA
0.46284076247522055,-0.21171936136197045,0.094,0.107,1,CBFB,-0,Not sig,NA
0.46303868309056534,0.4369279066233548,0.121,0.107,1,ZC3H6,-0,Not sig,NA
0.464344327894483,-0.43230073094887744,0.11,0.124,1,CEP95,-0,Not sig,NA
0.4644300638505736,-0.2406570141703615,0.11,0.124,1,FTH1,-0,Not sig,NA
0.4645429697166075,-0.3194484752442143,0.117,0.131,1,GCC2,-0,Not sig,NA
0.46489805927995853,-0.14569528591577963,0.096,0.11,1,FAF2,-0,Not sig,NA
0.4653250947863282,0.17683036668985053,0.259,0.241,1,NELL2,-0,Not sig,NA
0.4654309695545173,0.1738463953664573,0.12,0.103,1,C1GALT1,-0,Not sig,NA
0.4657116527626781,-0.15495170662548308,0.289,0.31,1,ST7,-0,Not sig,NA
0.46755346190824276,0.16790630446067356,0.12,0.138,1,FAM185A,-0,Not sig,NA
0.4676710369006667,-0.1779689503789262,0.198,0.214,1,USP9X,-0,Not sig,NA
0.4681787122963746,-0.3817033096066316,0.11,0.124,1,ATXN3,-0,Not sig,NA
0.46824120783386836,0.30165408048095255,0.118,0.103,1,PANK3,-0,Not sig,NA
0.4683540502779861,0.45653535977261617,0.118,0.103,1,LYPD6B,-0,Not sig,NA
0.46860282434219086,-0.26009209070256395,0.158,0.172,1,BTBD7,-0,Not sig,NA
0.46888273360289606,0.6268864156134457,0.161,0.148,1,DCX,-0,Not sig,NA
0.4690128377957014,0.2610011543413582,0.115,0.1,1,ARHGAP23,-0,Not sig,NA
0.469902971375889,-0.12001445728031457,0.114,0.128,1,CAPZA1,-0,Not sig,NA
0.4702244490842039,-0.31901912581460445,0.542,0.579,1,APP,-0,Not sig,NA
0.47025272034389154,-0.2500340982365551,0.278,0.297,1,ACAP2,-0,Not sig,NA
0.47036789442696836,-0.30338699979264583,0.097,0.11,1,SS18,-0,Not sig,NA
0.47140453340059907,-0.16463798087319725,0.113,0.128,1,PHLPP2,-0,Not sig,NA
0.4722433971929673,0.22658591131689343,0.273,0.255,1,CDC14B,-0,Not sig,NA
0.4725207553750583,-0.17066669488735492,0.121,0.134,1,UHRF1BP1,-0,Not sig,NA
0.47332059372846336,-0.30199825339928177,0.262,0.279,1,CEP350,-0,Not sig,NA
0.4746740783660478,0.15981034479259493,0.306,0.286,1,NBAS,-0,Not sig,NA
0.4749612368838303,-0.1365130926923488,0.423,0.448,1,MICAL3,-0,Not sig,NA
0.4749718103296949,-0.14522586156945216,0.479,0.462,1,STXBP5L,-0,Not sig,NA
0.47535882113661326,-0.1651320258090619,0.137,0.152,1,EP400,-0,Not sig,NA
0.475857532777067,-0.29855340694574795,0.088,0.1,1,GMCL1,-0,Not sig,NA
0.47631854181233707,-0.25238590822056794,0.182,0.197,1,VPS54,-0,Not sig,NA
0.47637098649138176,0.13046987815543698,0.574,0.583,1,SIK3,-0,Not sig,NA
0.47648499291289265,-0.16675365087593375,0.148,0.162,1,CEP290,-0,Not sig,NA
0.4772690293445257,-0.13797406355125044,0.117,0.131,1,TUBA1B,-0,Not sig,NA
0.4783091006642586,0.21064518525366438,0.136,0.121,1,INPP5B,-0,Not sig,NA
0.47837203145837714,0.5372838287263794,0.159,0.145,1,CERS5,-0,Not sig,NA
0.47902038892672755,0.3276600637493689,0.243,0.228,1,LSM14A,-0,Not sig,NA
0.4794254977274634,0.10645441475768302,0.258,0.238,1,ZNF608,-0,Not sig,NA
0.4800168345371377,0.434011150487138,0.274,0.269,1,KIF26B,-0,Not sig,NA
0.4809521720741138,0.1310375044781718,0.122,0.138,1,YY1AP1,-0,Not sig,NA
0.4815502445118117,-0.3654666910291798,0.105,0.117,1,ACO2,-0,Not sig,NA
0.48195726938632266,0.28170635309406156,0.226,0.21,1,LPGAT1,-0,Not sig,NA
0.48331763305655867,-0.2877500100678314,0.211,0.228,1,MFSD14C,-0,Not sig,NA
0.4834715366929323,-0.19479047993641596,0.305,0.321,1,SGCD,-0,Not sig,NA
0.48382022444452594,0.4652447190096557,0.178,0.166,1,TIMM23B,-0,Not sig,NA
0.4839083885145663,-0.1193329974429117,0.139,0.152,1,TMEM181,-0,Not sig,NA
0.4841377860616811,0.24718826236357958,0.155,0.138,1,ARIH2,-0,Not sig,NA
0.48529296456205906,0.33824520145487086,0.168,0.152,1,ULK2,-0,Not sig,NA
0.4862694151553818,-0.11820883522168424,0.096,0.11,1,PPP4R4,-0,Not sig,NA
0.4863051031925924,0.12233933345795278,0.331,0.307,1,FOCAD,-0,Not sig,NA
0.4863116010551646,0.3813496294423111,0.12,0.107,1,KIF5B,-0,Not sig,NA
0.48667250324030265,0.10609920054128635,0.122,0.107,1,ORC3,-0,Not sig,NA
0.48667497035744817,0.27619731119516067,0.175,0.162,1,DGKG,-0,Not sig,NA
0.488650366964214,-0.29305369868185227,0.199,0.214,1,MIRLET7BHG,-0,Not sig,NA
0.4893108312133155,0.3491262089885473,0.122,0.107,1,ANKFY1,-0,Not sig,NA
0.48950506530111204,-0.45992295381453685,0.134,0.145,1,SREK1,-0,Not sig,NA
0.48987204173400917,0.10575030790575651,0.232,0.214,1,NRF1,-0,Not sig,NA
0.4899208208225454,0.20830492877754914,0.598,0.624,1,ZBTB20,-0,Not sig,NA
0.490080367198081,-0.1075044645656209,0.094,0.107,1,TATDN1,-0,Not sig,NA
0.49010402748452775,0.2998575781982543,0.111,0.097,1,GLRB,-0,Not sig,NA
0.49094712536347335,-0.28977361375482574,0.136,0.148,1,HSPA4L,-0,Not sig,NA
0.4911349839561622,-0.35785300274026643,0.113,0.124,1,LMO4,-0,Not sig,NA
0.49225299336312694,0.18972154030118782,0.148,0.131,1,XPO4,-0,Not sig,NA
0.49228461220152064,-0.3409435940900486,0.158,0.169,1,SNX25,-0,Not sig,NA
0.492384420796283,-0.25728322368087936,0.191,0.207,1,ABL2,-0,Not sig,NA
0.49288723110867805,-0.39217701748287537,0.106,0.117,1,CHORDC1,-0,Not sig,NA
0.49306207152300807,-0.22425216784960467,0.092,0.103,1,CAMSAP1,-0,Not sig,NA
0.4930648193760631,-0.27206980966125116,0.121,0.103,1,SLAIN2,-0,Not sig,NA
0.4932306678072078,-0.4547780079497218,0.132,0.145,1,SEMA6A,-0,Not sig,NA
0.4943029889302645,0.20760929911396353,0.267,0.252,1,PSD3,-0,Not sig,NA
0.4944208186118071,-0.5177846956188008,0.099,0.11,1,SLC25A46,-0,Not sig,NA
0.4950462628659167,-0.29647499110048425,0.589,0.576,1,ATRNL1,-0,Not sig,NA
0.4955585731750245,-0.26372593103138425,0.116,0.131,1,SYNGR1,-0,Not sig,NA
0.49612555126797164,-0.29649547994491204,0.146,0.159,1,BCLAF1,-0,Not sig,NA
0.4962179093280604,0.25575824813064396,0.39,0.372,1,ERBIN,-0,Not sig,NA
0.49655689547268156,0.2790412154221455,0.217,0.2,1,RNF150,-0,Not sig,NA
0.49776946759351853,-0.1489743281800483,0.241,0.255,1,RFX7,-0,Not sig,NA
0.4981191655558247,0.29144120577075816,0.122,0.107,1,SHC3,-0,Not sig,NA
0.49830194500173175,-0.2028309489780959,0.147,0.162,1,SIMC1,-0,Not sig,NA
0.49943659227218506,-0.2189887229071789,0.191,0.207,1,ATP2A2,-0,Not sig,NA
0.49958072283011873,-0.2154921121451796,0.109,0.121,1,FASTKD1,-0,Not sig,NA
0.49984135174559235,-0.349123599012905,0.146,0.162,1,FOXO1,-0,Not sig,NA
0.5002049508923887,0.36031800420242793,0.192,0.179,1,POM121C,-0,Not sig,NA
0.500469667564048,0.16491151662437042,0.09,0.103,1,RHEB,-0,Not sig,NA
0.5006667161861602,-0.30895213624798257,0.214,0.228,1,ARFGEF2,-0,Not sig,NA
0.5011473334652926,0.31033891999828883,0.254,0.238,1,ITCH,-0,Not sig,NA
0.5015355780112348,0.24516332044327221,0.218,0.2,1,KIAA0825,-0,Not sig,NA
0.5029309069250988,-0.4613629063103625,0.131,0.145,1,WWP2,-0,Not sig,NA
0.5036965908557719,0.3215259435449823,0.294,0.283,1,LINC00461,-0,Not sig,NA
0.5045788395910233,0.31945479246916575,0.106,0.093,1,WASL,-0,Not sig,NA
0.505328403817308,-0.4828714631482348,0.138,0.148,1,NUP153,-0,Not sig,NA
0.5067357824747998,-0.19029727684816128,0.208,0.224,1,CTNNB1,-0,Not sig,NA
0.5068498249306628,-0.37745578864165774,0.092,0.103,1,ACVR1,-0,Not sig,NA
0.5074708432512849,0.1078188279723109,0.243,0.269,1,MYO16,-0,Not sig,NA
0.5082508855665264,0.12408600447687179,0.254,0.234,1,CAMKMT,-0,Not sig,NA
0.5083347601233605,-0.2513057473469009,0.158,0.172,1,NCOA6,-0,Not sig,NA
0.5088794831641658,0.17561413048421282,0.112,0.128,1,APBB1,-0,Not sig,NA
0.5096903065627169,0.33422687710205745,0.106,0.093,1,RCN2,-0,Not sig,NA
0.5100677650735075,-0.1993909768053158,0.288,0.3,1,TRA2A,-0,Not sig,NA
0.5101469965653338,0.25830705918662766,0.155,0.176,1,KPNA6,-0,Not sig,NA
0.5105691265596211,-0.21529783445857242,0.109,0.121,1,UBQLN1,-0,Not sig,NA
0.5111929363786416,-0.22694355333345756,0.204,0.224,1,FHOD3,-0,Not sig,NA
0.5126590805693132,0.18219803170593205,0.194,0.179,1,TTC19,-0,Not sig,NA
0.5127903000383618,0.16643674949883155,0.162,0.179,1,TBC1D8,-0,Not sig,NA
0.512853628094818,-0.33573832878787746,0.095,0.107,1,PMPCB,-0,Not sig,NA
0.5130046437330729,0.10916876093885941,0.301,0.279,1,NOVA1,-0,Not sig,NA
0.5131807917120448,0.2563746330769837,0.245,0.231,1,AL139260.1,-0,Not sig,NA
0.5135920001856797,-0.2492751887744853,0.342,0.362,1,RAPGEF5,-0,Not sig,NA
0.5141236796498092,0.15189030925463332,0.468,0.459,1,MAP1B,-0,Not sig,NA
0.5169492929882435,-0.13467435047040033,0.236,0.252,1,EVI5,-0,Not sig,NA
0.5189145180598582,0.25872012409945333,0.131,0.117,1,CCDC66,-0,Not sig,NA
0.5195872229512639,-0.4732792712335395,0.154,0.166,1,RCOR3,-0,Not sig,NA
0.5196736127834055,-0.13120580592348552,0.124,0.138,1,ATP6V1A,-0,Not sig,NA
0.5214870614391667,0.1960133019440683,0.18,0.166,1,PSEN1,-0,Not sig,NA
0.5234857732072993,-0.19839131524353204,0.13,0.141,1,GOLPH3,-0,Not sig,NA
0.5234979411375422,0.2985617441969348,0.095,0.11,1,ATP6AP1L,-0,Not sig,NA
0.5236975665884727,0.27596445454515633,0.225,0.21,1,PKD1,-0,Not sig,NA
0.5240888540395601,-0.5211990081266888,0.103,0.114,1,CD2AP,-0,Not sig,NA
0.5244340418645346,-0.12646671315384792,0.184,0.2,1,PPM1K,-0,Not sig,NA
0.5248414898464255,0.4618506667174628,0.138,0.124,1,CLNS1A,-0,Not sig,NA
0.5260407396778568,-0.17056460342160656,0.127,0.11,1,MTMR2,-0,Not sig,NA
0.5262870303801339,0.32505006874762044,0.142,0.128,1,ZNRF1,-0,Not sig,NA
0.5263906791900674,-0.2939157967875563,0.106,0.117,1,YME1L1,-0,Not sig,NA
0.5269985673333731,0.43216321358528176,0.192,0.179,1,ZFYVE16,-0,Not sig,NA
0.5270771229628534,0.22838160542748437,0.138,0.155,1,KCNC1,-0,Not sig,NA
0.5272888134226582,-0.2888126576079263,0.132,0.145,1,SHOC2,-0,Not sig,NA
0.5276636735717668,-0.22500539771780298,0.123,0.134,1,PAPSS1,-0,Not sig,NA
0.5277990847564347,-0.2199627606343718,0.116,0.128,1,HECTD2,-0,Not sig,NA
0.5281974349025422,0.11514170929204648,0.237,0.221,1,SPATS2L,-0,Not sig,NA
0.5282619672022351,0.13202727494633404,0.117,0.103,1,TSPYL1,-0,Not sig,NA
0.5289920625087596,-0.5034276030547096,0.098,0.107,1,CHIC2,-0,Not sig,NA
0.5302194958957059,0.10053405929502501,0.146,0.162,1,CNTNAP3,-0,Not sig,NA
0.5306620265108599,0.34608519529076387,0.149,0.134,1,GIT2,-0,Not sig,NA
0.5312988056335466,-0.2740404372783758,0.182,0.193,1,RSRP1,-0,Not sig,NA
0.5313623780949359,-0.4319064413672171,0.291,0.3,1,HSP90AA1,-0,Not sig,NA
0.5314689051993043,0.2792274428650657,0.129,0.145,1,TRAF3,-0,Not sig,NA
0.5320167486312504,0.40509616251777314,0.266,0.259,1,GNG7,-0,Not sig,NA
0.5320168251428009,-0.21093115173278543,0.099,0.11,1,PRIM2,-0,Not sig,NA
0.5330756665131626,-0.286017788617486,0.133,0.145,1,GLB1,-0,Not sig,NA
0.5335579380886777,-0.177435126998029,0.422,0.397,1,UNC79,-0,Not sig,NA
0.5338757712316478,-0.19652280096641037,0.103,0.09,1,CUX2,-0,Not sig,NA
0.5339685519079473,0.20194270173689935,0.164,0.148,1,CORO2B,-0,Not sig,NA
0.5344480366153064,0.19972934266016606,0.294,0.279,1,MON2,-0,Not sig,NA
0.5344504288365683,-0.44473615603187355,0.092,0.103,1,CCDC102B,-0,Not sig,NA
0.5345580452073849,0.2509879583371705,0.179,0.166,1,CCDC84,-0,Not sig,NA
0.5352680979870696,0.4161323646642301,0.222,0.21,1,CIRBP,-0,Not sig,NA
0.5355234303396663,-0.18275683575070822,0.122,0.134,1,ITPK1,-0,Not sig,NA
0.536992815188012,0.20066271378622913,0.261,0.248,1,HIP1,-0,Not sig,NA
0.5371156063909812,-0.12093974024834253,0.338,0.359,1,ITSN1,-0,Not sig,NA
0.5371749647851242,-0.18408290869847937,0.139,0.152,1,ACVR2A,-0,Not sig,NA
0.5380301501866702,0.27720243947477374,0.123,0.138,1,KIAA1324,-0,Not sig,NA
0.5391678193161736,-0.17762079091322636,0.275,0.293,1,HNRNPU,-0,Not sig,NA
0.5397665505947442,-0.3171276688026272,0.197,0.207,1,RPRD1A,-0,Not sig,NA
0.5400762593114247,0.9260641293557956,0.115,0.107,1,KYAT1,-0,Not sig,NA
0.5402787818441797,0.544158219312213,0.108,0.097,1,TMEM230,-0,Not sig,NA
0.5415419565683554,-0.16884389693301693,0.241,0.252,1,RAP1GDS1,-0,Not sig,NA
0.5420033544880714,-0.1516217450067282,0.093,0.103,1,DPY19L1,-0,Not sig,NA
0.542314978456709,0.2580708430522108,0.166,0.152,1,CBWD5,-0,Not sig,NA
0.5442874087997862,0.2408280888496366,0.173,0.159,1,TRAPPC12,-0,Not sig,NA
0.5443842957199987,-0.15510556662253527,0.118,0.103,1,NECAB1,-0,Not sig,NA
0.5457294067450296,0.11635029525563284,0.207,0.19,1,LINC01184,-0,Not sig,NA
0.5457960955644328,-0.21428099912036774,0.137,0.148,1,COG6,-0,Not sig,NA
0.5457972162582152,-0.2146083826447367,0.115,0.128,1,SAMD8,-0,Not sig,NA
0.5461718147712675,0.2705208839370564,0.127,0.114,1,ENTPD3,-0,Not sig,NA
0.5468662559547264,0.139372594629037,0.133,0.148,1,RBMX,-0,Not sig,NA
0.5491011890739241,-0.20958849741664776,0.23,0.245,1,NFATC3,-0,Not sig,NA
0.5495252134366192,0.38809405184992907,0.158,0.145,1,TARSL2,-0,Not sig,NA
0.5497070593506457,0.1022098633712093,0.266,0.293,1,INPP4A,-0,Not sig,NA
0.5507021144507046,0.2569178054648785,0.217,0.203,1,YTHDC2,-0,Not sig,NA
0.5514117093990126,0.27599772128435174,0.29,0.279,1,VWC2,-0,Not sig,NA
0.5514695026559167,0.135282872000563,0.174,0.159,1,STX12,-0,Not sig,NA
0.5518422233215053,-0.4357265529493688,0.09,0.1,1,CAPRIN2,-0,Not sig,NA
0.5523489084603804,0.18562451175857847,0.243,0.224,1,VPS8,-0,Not sig,NA
0.5550750512106883,-0.21681951142519373,0.212,0.224,1,CPLANE1,-0,Not sig,NA
0.5568955838084813,0.24875467168679255,0.113,0.1,1,VPS36,-0,Not sig,NA
0.5576230160768569,0.6850310264369599,0.133,0.124,1,ZNF346,-0,Not sig,NA
0.5576818747465443,-0.3766805557596116,0.222,0.231,1,KIAA2026,-0,Not sig,NA
0.558166232907247,0.12419217200388594,0.194,0.176,1,TBC1D1,-0,Not sig,NA
0.5583546796449628,-0.13796632504221512,0.216,0.197,1,WWP1,-0,Not sig,NA
0.5591650662209033,-0.13931093972168962,0.244,0.262,1,APC,-0,Not sig,NA
0.5592079128150529,-0.1820271262039771,0.127,0.138,1,ARSB,-0,Not sig,NA
0.5597664122030037,-0.5551134951959309,0.108,0.117,1,FERMT2,-0,Not sig,NA
0.5598283430091692,0.16556623215016827,0.149,0.134,1,TRAK2,-0,Not sig,NA
0.5624652165920792,-0.10138868890001616,0.166,0.179,1,RAB11FIP4,-0,Not sig,NA
0.5626442909036782,0.11629000251192168,0.213,0.197,1,HNRNPC,-0,Not sig,NA
0.5628998488937331,0.19416215680817153,0.138,0.124,1,WLS,-0,Not sig,NA
0.5630844307520491,0.12547781398306035,0.176,0.193,1,WDR59,-0,Not sig,NA
0.5633816308769739,-0.4173350232440188,0.094,0.103,1,PPARA,-0,Not sig,NA
0.5634506898677167,-0.3494797965348596,0.141,0.152,1,STX7,-0,Not sig,NA
0.5634866662954588,0.2258677091776057,0.168,0.186,1,SMARCA4,-0,Not sig,NA
0.5645844316010411,-0.2281054817725171,0.093,0.103,1,RBM14-RBM4,-0,Not sig,NA
0.5650725931326218,-0.4275666749882693,0.089,0.1,1,PTCHD1-AS,-0,Not sig,NA
0.5653282001532858,-0.1240853305287386,0.358,0.376,1,BAZ2B,-0,Not sig,NA
0.5654378646401637,-0.40572149302413657,0.111,0.121,1,SLC25A29,-0,Not sig,NA
0.5655265905211246,-0.22691543688728155,0.23,0.245,1,ABHD2,-0,Not sig,NA
0.5656746361446108,0.1978515447821147,0.174,0.159,1,PEBP1,-0,Not sig,NA
0.5657777164595943,-0.4671218896302469,0.349,0.359,1,GRIN2A,-0,Not sig,NA
0.5668281373680741,-0.2513790969439722,0.093,0.103,1,MTMR6,-0,Not sig,NA
0.5668966717596287,0.17742461580101,0.092,0.103,1,ATG4B,-0,Not sig,NA
0.5680128580720232,0.3194113973821867,0.17,0.159,1,VPS50,-0,Not sig,NA
0.5708073751514392,0.22278705775217555,0.366,0.362,1,LRBA,-0,Not sig,NA
0.5715618048742019,-0.6314932925638989,0.091,0.1,1,STXBP3,-0,Not sig,NA
0.5717669394279388,-0.324464458174587,0.406,0.376,1,CACNB2,-0,Not sig,NA
0.5718373802942317,-0.17057486955490697,0.424,0.431,1,NR3C2,-0,Not sig,NA
0.5728163169750604,-0.15959088742840974,0.138,0.152,1,PTPN11,-0,Not sig,NA
0.5728894533113644,-0.17630509365776303,0.185,0.197,1,MYO1D,-0,Not sig,NA
0.5729989628157592,0.19051066008614814,0.134,0.121,1,CNR1,-0,Not sig,NA
0.5734608836440739,0.28320730725135757,0.278,0.269,1,GAB2,-0,Not sig,NA
0.5736660671557076,0.24034894370398852,0.368,0.359,1,CDKAL1,-0,Not sig,NA
0.574073600039724,-0.5669067002778638,0.138,0.121,1,AP001347.1,-0,Not sig,NA
0.5744877757883375,0.1037305538367661,0.286,0.266,1,ARHGAP44,-0,Not sig,NA
0.574860784967105,-0.11137765620255469,0.15,0.162,1,ZC3H14,-0,Not sig,NA
0.5758997844527501,-0.23759566615607453,0.185,0.197,1,GBF1,-0,Not sig,NA
0.5764940393334819,0.10468163219742455,0.197,0.214,1,DUBR,-0,Not sig,NA
0.576823002758106,0.1630944363694265,0.136,0.124,1,CSDE1,-0,Not sig,NA
0.5769212745932949,-0.13151945281602673,0.174,0.186,1,TMEM245,-0,Not sig,NA
0.5773727068384962,-0.19703570176492335,0.312,0.324,1,MAP2K4,-0,Not sig,NA
0.5779602349360431,0.23126695655541418,0.253,0.241,1,SHISA6,-0,Not sig,NA
0.57808014300869,-0.2868798053632746,0.142,0.152,1,TCAIM,-0,Not sig,NA
0.578108909918817,0.1167470111575667,0.123,0.134,1,ME2,-0,Not sig,NA
0.5785434566288585,0.33138324816831666,0.261,0.255,1,CHD6,-0,Not sig,NA
0.5789668023719761,0.33416266237516656,0.107,0.097,1,KDM1A,-0,Not sig,NA
0.5798868049739105,-0.11942951176762862,0.09,0.1,1,KANSL3,-0,Not sig,NA
0.5807554280597989,-0.28147585507601114,0.094,0.103,1,ZFX,-0,Not sig,NA
0.58076775083415,-0.25853188672486843,0.117,0.128,1,CHD8,-0,Not sig,NA
0.5822660545345156,-0.148139240095155,0.103,0.114,1,UGGT1,-0,Not sig,NA
0.582312382359345,-0.716994801788991,0.109,0.117,1,THUMPD3-AS1,-0,Not sig,NA
0.5823806642317277,0.15527621733825225,0.099,0.11,1,SLC7A6,-0,Not sig,NA
0.5827788237509253,0.2604011841953611,0.137,0.124,1,SLC41A2,-0,Not sig,NA
0.5830125171799468,-0.19584592479905805,0.154,0.166,1,PHTF2,-0,Not sig,NA
0.5830375100410115,-0.14808414330165642,0.234,0.245,1,ADD3,-0,Not sig,NA
0.5836110662130242,0.12318041580681038,0.224,0.207,1,ICA1L,-0,Not sig,NA
0.5839260130355775,-0.15218286962655436,0.166,0.176,1,TET2,-0,Not sig,NA
0.5843742040636521,0.24277350627548822,0.101,0.09,1,MAU2,-0,Not sig,NA
0.5844175800495149,0.43105502022903536,0.138,0.128,1,TPK1,-0,Not sig,NA
0.5849670162288303,-0.10290075636549054,0.179,0.193,1,FP700111.1,-0,Not sig,NA
0.5850443069584939,-0.1870052320310407,0.306,0.314,1,NR3C1,-0,Not sig,NA
0.586279391792472,-0.29345290982125444,0.107,0.117,1,CROCC,-0,Not sig,NA
0.5873765759189502,-0.4528072573383194,0.137,0.145,1,UBC,-0,Not sig,NA
0.5874304691523107,-0.20086326688463813,0.11,0.121,1,EML1,-0,Not sig,NA
0.5881940046821722,-0.28184273313393826,0.108,0.117,1,AC013394.1,-0,Not sig,NA
0.5881974935034372,-0.17758209241400624,0.118,0.128,1,PAFAH1B2,-0,Not sig,NA
0.5891496252105846,0.4217949958058755,0.114,0.103,1,LHPP,-0,Not sig,NA
0.5894084768317749,-0.539889323208759,0.104,0.09,1,FAT4,-0,Not sig,NA
0.5901664736747539,-0.45397357859905063,0.105,0.114,1,ADNP2,-0,Not sig,NA
0.5908958193435558,0.11764363559144009,0.278,0.266,1,NUCKS1,-0,Not sig,NA
0.591300746890747,-0.12380529612487268,0.2,0.21,1,YLPM1,-0,Not sig,NA
0.5915766414892973,-0.3474812958036968,0.094,0.103,1,AP1S2,-0,Not sig,NA
0.5918572464104399,0.21626733750712723,0.243,0.234,1,NT5C2,-0,Not sig,NA
0.593241753594413,-0.13380930770836721,0.17,0.179,1,FBXW4,-0,Not sig,NA
0.5951072516986665,0.24765976396189704,0.106,0.097,1,HDAC5,-0,Not sig,NA
0.5953897970062816,0.3642803636821996,0.095,0.107,1,SMARCA1,-0,Not sig,NA
0.5954073752450537,0.2744693609030432,0.108,0.121,1,ATP6V0B,-0,Not sig,NA
0.5965699082986181,0.17531886995006485,0.148,0.134,1,HIBADH,-0,Not sig,NA
0.596857550824695,-0.18965940126129754,0.138,0.148,1,CPM,-0,Not sig,NA
0.597312527283828,0.2541045094825861,0.116,0.131,1,FAM19A4,-0,Not sig,NA
0.5986931265125046,-0.49952385418736833,0.11,0.117,1,HTR1E,-0,Not sig,NA
0.5994789073099099,0.10704638926202076,0.21,0.193,1,MIPOL1,-0,Not sig,NA
0.599898463357853,-0.10661320892703563,0.231,0.245,1,ZFR,-0,Not sig,NA
0.5999157349807493,-0.3724257101271544,0.098,0.107,1,HMG20A,-0,Not sig,NA
0.5999319430159225,-0.25820584894610976,0.095,0.103,1,ANKRD13D,-0,Not sig,NA
0.6004935264020612,0.24306337128039934,0.255,0.241,1,KLHL5,-0,Not sig,NA
0.6013279050329564,0.12187283031077789,0.349,0.331,1,PHF14,-0,Not sig,NA
0.6013856825922079,-0.37544907620416934,0.364,0.379,1,GABBR2,-0,Not sig,NA
0.6020141252627071,0.5369245227307841,0.117,0.107,1,BCAT1,-0,Not sig,NA
0.6022190702051917,-0.15653337462099165,0.115,0.124,1,NIM1K,-0,Not sig,NA
0.6022462335069914,0.3979203782443257,0.114,0.103,1,TMEM131L,-0,Not sig,NA
0.6024058463783994,-0.1142208811767772,0.223,0.234,1,RNGTT,-0,Not sig,NA
0.604531692614323,-0.1674783603437665,0.125,0.134,1,GRIN2D,-0,Not sig,NA
0.6047808753691435,-0.1944382684452855,0.174,0.159,1,CCDC3,-0,Not sig,NA
0.6063193760869596,-0.1410759600194762,0.101,0.11,1,UNK,-0,Not sig,NA
0.6068331479875149,-0.31331223194592256,0.118,0.128,1,KLF6,-0,Not sig,NA
0.6086076167927617,-0.2182178208600971,0.154,0.162,1,YWHAE,-0,Not sig,NA
0.6088349346128629,-0.25087718469109743,0.16,0.169,1,ARHGEF9,-0,Not sig,NA
0.6089367236010065,-0.22111302497309104,0.122,0.131,1,UBP1,-0,Not sig,NA
0.6089978760010752,-0.40195774914988947,0.137,0.145,1,PKNOX1,-0,Not sig,NA
0.6091186430657733,0.33922248356484663,0.11,0.1,1,CUEDC1,-0,Not sig,NA
0.611071385110833,0.3478524463922339,0.102,0.093,1,SPPL2A,-0,Not sig,NA
0.6116321217591054,0.20770993467825016,0.276,0.266,1,FAM13B,-0,Not sig,NA
0.6120699118015218,0.37059791321012886,0.136,0.124,1,STMN2,-0,Not sig,NA
0.6158232599193351,-0.269853460735967,0.17,0.179,1,HUWE1,-0,Not sig,NA
0.6163765856499576,0.1797856112909293,0.114,0.103,1,CUL4A,-0,Not sig,NA
0.6196324616907092,-1.1233494731391747,0.129,0.138,1,NRG1,-0,Not sig,NA
0.6201164036711871,0.19380513392653353,0.16,0.176,1,TANGO6,-0,Not sig,NA
0.620744984671614,0.1187272625535949,0.198,0.186,1,GALNT7,-0,Not sig,NA
0.6208888490508583,0.18870126647028695,0.406,0.403,1,TRAF3IP2-AS1,-0,Not sig,NA
0.6217085327623469,0.18576497247282664,0.214,0.203,1,KLHL24,-0,Not sig,NA
0.6240566148826336,0.13431966492873076,0.22,0.207,1,CPEB2,-0,Not sig,NA
0.6247338964260511,0.21917225651887595,0.122,0.11,1,FARP2,-0,Not sig,NA
0.6251529468021435,-0.6013885294684808,0.104,0.11,1,HNRNPLL,-0,Not sig,NA
0.626218738330048,-0.2520532320211928,0.116,0.124,1,RSU1,-0,Not sig,NA
0.6282063694950133,0.46989905266381954,0.13,0.145,1,CCDC57,-0,Not sig,NA
0.628585055273257,0.1418337579287508,0.152,0.166,1,NFX1,-0,Not sig,NA
0.6288930234228105,-0.10956096826219142,0.242,0.252,1,EPN2,-0,Not sig,NA
0.6290548238529151,0.24871583282482534,0.283,0.272,1,ATP6V0A1,-0,Not sig,NA
0.6290783519772724,-0.12628540824683754,0.263,0.276,1,ME3,-0,Not sig,NA
0.6297770152550453,-0.20820783855758096,0.466,0.469,1,RYR2,-0,Not sig,NA
0.6300205306707327,-0.16969856607387063,0.135,0.145,1,LRP6,-0,Not sig,NA
0.6300648812927532,-0.33156488024480313,0.095,0.103,1,AGPAT5,-0,Not sig,NA
0.6303650601642051,-0.11300375031538175,0.14,0.128,1,EEPD1,-0,Not sig,NA
0.6305666479410723,-0.13547736179399417,0.311,0.328,1,TLN2,-0,Not sig,NA
0.6310916858537938,-0.20131254974309842,0.099,0.107,1,CHCHD6,-0,Not sig,NA
0.6319483842887319,-0.17808709119520388,0.13,0.117,1,SPATA6,-0,Not sig,NA
0.6322483677925465,0.15603123408734865,0.174,0.162,1,PLCE1,-0,Not sig,NA
0.6323110485874637,-0.10615550679023394,0.212,0.197,1,TTLL11,-0,Not sig,NA
0.6345915578917927,-0.1559858962828206,0.118,0.128,1,HNRNPR,-0,Not sig,NA
0.6352026996782896,-0.1624688264164158,0.311,0.317,1,NIPBL,-0,Not sig,NA
0.6354109692067964,0.13444255558119234,0.11,0.121,1,LCLAT1,-0,Not sig,NA
0.6361927155455434,0.12549702155091813,0.368,0.359,1,CCDC91,-0,Not sig,NA
0.6362990323679912,-0.1105561130145134,0.251,0.266,1,HLCS,-0,Not sig,NA
0.6363448847464703,0.13103841534565475,0.252,0.272,1,TRPC1,-0,Not sig,NA
0.6367313380983606,0.20147788809941303,0.268,0.255,1,LARP1,-0,Not sig,NA
0.6370070378005288,0.11344162945130432,0.418,0.414,1,TSPAN5,-0,Not sig,NA
0.6377528878053873,-0.1611227307343281,0.137,0.145,1,APLP2,-0,Not sig,NA
0.6382772300642192,-0.1191136159434129,0.17,0.155,1,IBTK,-0,Not sig,NA
0.6383658319773995,0.16434798810578535,0.156,0.145,1,TOX3,-0,Not sig,NA
0.6386947000632879,0.21118548673355994,0.174,0.162,1,MYO9B,-0,Not sig,NA
0.6396508296151198,-0.21633334129629794,0.2,0.21,1,PBRM1,-0,Not sig,NA
0.639775252412853,-0.26299359819043655,0.476,0.497,1,MTUS2,-0,Not sig,NA
0.6399002644258812,-0.19465215933127022,0.224,0.234,1,AUH,-0,Not sig,NA
0.6407312870958013,0.43841911310502696,0.152,0.145,1,AL033504.1,-0,Not sig,NA
0.6408408908367951,-0.1231929125106957,0.229,0.241,1,ZNF207,-0,Not sig,NA
0.6411711002549362,-0.11857164209613436,0.095,0.103,1,MYO18A,-0,Not sig,NA
0.6411904696608124,0.1424509177496317,0.254,0.241,1,CAMK4,-0,Not sig,NA
0.6414111298852583,-0.2301928788730504,0.126,0.134,1,RANGAP1,-0,Not sig,NA
0.6423688251303612,-0.2308948294475124,0.194,0.2,1,CCNI,-0,Not sig,NA
0.6428679766281669,-0.2638344668142582,0.142,0.152,1,CPD,-0,Not sig,NA
0.6428986860026016,-0.14503594403350312,0.145,0.155,1,PWWP2A,-0,Not sig,NA
0.6431892937714383,0.12657729660404293,0.124,0.134,1,TIMP2,-0,Not sig,NA
0.6433612637478637,-0.1002866108661142,0.194,0.179,1,PIK3C3,-0,Not sig,NA
0.644075889793851,0.1343392423787475,0.094,0.103,1,COQ4,-0,Not sig,NA
0.6441513279139048,0.4438481001533813,0.15,0.141,1,PPARGC1A,-0,Not sig,NA
0.6445730317836418,-0.174436814391162,0.098,0.107,1,NT5C3A,-0,Not sig,NA
0.644761271867724,-0.20817969792101276,0.118,0.128,1,GUCY1B1,-0,Not sig,NA
0.6457954144300317,0.1611115961198923,0.188,0.179,1,SLC4A4,-0,Not sig,NA
0.6469066681096745,0.3231227575673863,0.132,0.124,1,DPH6-DT,-0,Not sig,NA
0.647307907705704,0.210349837466979,0.332,0.324,1,TNRC6C,-0,Not sig,NA
0.6480811578986982,-0.25674254599942326,0.15,0.159,1,MTR,-0,Not sig,NA
0.648081390780446,0.25250602027124347,0.153,0.145,1,MSH3,-0,Not sig,NA
0.6484395398600346,-0.14611189004804193,0.108,0.097,1,SAFB2,-0,Not sig,NA
0.6495850131590282,0.15011044691282005,0.328,0.317,1,ADAM22,-0,Not sig,NA
0.6498050879287567,-0.3466604931309551,0.11,0.117,1,ZMIZ1,-0,Not sig,NA
0.6513742472501206,-0.26293062229711295,0.093,0.1,1,HSPA9,-0,Not sig,NA
0.6516805748769912,-0.577603058851011,0.129,0.138,1,USP31,-0,Not sig,NA
0.6517021763426865,0.35026151183907,0.148,0.138,1,NAA15,-0,Not sig,NA
0.6520613646074511,-0.36605105593526865,0.146,0.152,1,SENP5,-0,Not sig,NA
0.6528591125322336,0.32671629358913074,0.141,0.131,1,YWHAB,-0,Not sig,NA
0.6533711837625036,-0.10141968053273986,0.23,0.241,1,EGFR,-0,Not sig,NA
0.6541098487962709,0.21455429726071573,0.273,0.266,1,DOCK1,-0,Not sig,NA
0.6548871839472007,0.3223262641996158,0.15,0.141,1,AC090517.4,-0,Not sig,NA
0.6562682411247462,-0.2163275103729621,0.113,0.121,1,SEZ6L2,-0,Not sig,NA
0.6566965784636816,0.12365763972018406,0.372,0.362,1,KIF5C,-0,Not sig,NA
0.6577414687814808,0.22344998681727302,0.13,0.121,1,AC009690.1,-0,Not sig,NA
0.6582007840624565,-0.3096803308296947,0.13,0.138,1,NAPEPLD,-0,Not sig,NA
0.6582828363543538,0.16446761986971192,0.106,0.097,1,EEF1A2,-0,Not sig,NA
0.6591164551148925,-0.11930002615837403,0.162,0.172,1,AP2A2,-0,Not sig,NA
0.6594929891256502,0.24033694530107352,0.336,0.334,1,MYO5A,-0,Not sig,NA
0.6597272887313685,0.18854836660864804,0.256,0.279,1,ZFYVE9,-0,Not sig,NA
0.6603318714795473,-0.18383341121627683,0.234,0.241,1,RNF144A,-0,Not sig,NA
0.6609565389630558,-0.14314428736358875,0.175,0.162,1,AGO4,-0,Not sig,NA
0.6640009754197302,0.43488168996391396,0.186,0.179,1,PALLD,-0,Not sig,NA
0.6641368205700443,0.7203330426917895,0.124,0.117,1,ST3GAL5,-0,Not sig,NA
0.664257343871953,-0.2850650275928448,0.489,0.455,1,PBX1,-0,Not sig,NA
0.6648657317926236,0.20999830341356707,0.13,0.121,1,KPNB1,-0,Not sig,NA
0.6652705202909247,0.11929051514291872,0.203,0.217,1,TLK2,-0,Not sig,NA
0.6655437249944147,0.2241590020431549,0.139,0.131,1,GPR149,-0,Not sig,NA
0.6657654380920177,-0.1213681674840047,0.12,0.128,1,KLHL2,-0,Not sig,NA
0.6658868548671774,-0.13931692668960094,0.122,0.131,1,UNC13B,-0,Not sig,NA
0.6660138388767853,-0.31006595374525886,0.148,0.155,1,RANBP2,-0,Not sig,NA
0.6670526810702675,-0.12745978192139246,0.128,0.138,1,NSUN6,-0,Not sig,NA
0.6674334803680164,0.34004696730029166,0.129,0.121,1,SYNJ2,-0,Not sig,NA
0.6676928097945226,0.13045606788793573,0.234,0.221,1,ZDHHC21,-0,Not sig,NA
0.6677217877752971,0.25236533597827315,0.106,0.097,1,PACSIN1,-0,Not sig,NA
0.6681021053497385,0.1877653628248639,0.116,0.107,1,SARAF,-0,Not sig,NA
0.6692464833680096,-0.10976046534939043,0.226,0.231,1,KTN1,-0,Not sig,NA
0.6699102846233818,0.287645949419706,0.11,0.121,1,SAMD4B,-0,Not sig,NA
0.6699236359576091,0.2673740281498364,0.2,0.217,1,MAPK8IP3,-0,Not sig,NA
0.6712815888058772,0.2152015829106989,0.159,0.172,1,CCAR1,-0,Not sig,NA
0.6717619932997694,0.4024669230498187,0.202,0.217,1,AKAP12,-0,Not sig,NA
0.6722833700746587,-0.14296627160122466,0.175,0.162,1,SEMA5A,-0,Not sig,NA
0.6725801506674276,-0.30178803022379513,0.197,0.203,1,NR6A1,-0,Not sig,NA
0.6732851142723618,-0.12530125663451996,0.197,0.207,1,CHST11,-0,Not sig,NA
0.6736978487178198,-0.12119725657891456,0.11,0.117,1,TAF2,-0,Not sig,NA
0.6739799369196784,0.22126714687626642,0.234,0.224,1,DOPEY1,-0,Not sig,NA
0.6742259011223439,-0.14419704073159167,0.166,0.176,1,ASAP2,-0,Not sig,NA
0.6766997575867758,0.2526810126569152,0.098,0.107,1,ZDBF2,-0,Not sig,NA
0.6775125371499056,0.2085381125224244,0.145,0.134,1,AP1G1,-0,Not sig,NA
0.6779337617407372,0.16718775574334288,0.266,0.259,1,KIDINS220,-0,Not sig,NA
0.6781268292546452,0.1286776529807765,0.296,0.286,1,UBE2R2,-0,Not sig,NA
0.6791984046145331,0.3947358462152816,0.157,0.148,1,VPS41,-0,Not sig,NA
0.6807295072949726,0.1523062272378789,0.102,0.11,1,FGGY,-0,Not sig,NA
0.6820607853433392,0.18124764079404038,0.165,0.155,1,CBR4,-0,Not sig,NA
0.6831645085139401,0.20172620455187462,0.157,0.169,1,RNLS,-0,Not sig,NA
0.6832334366554185,-0.10039037063799938,0.214,0.224,1,DHRSX,-0,Not sig,NA
0.6833692270327153,0.10787171089935921,0.23,0.217,1,CLVS1,-0,Not sig,NA
0.6836245518648745,-0.5296336117201048,0.101,0.107,1,TSPYL4,-0,Not sig,NA
0.6841833141158727,0.19244728034910263,0.354,0.345,1,BABAM2,-0,Not sig,NA
0.6849717240036419,0.1880017364961596,0.238,0.228,1,MAPK1,-0,Not sig,NA
0.6859085706308569,0.2585942261141808,0.185,0.176,1,ZYG11B,-0,Not sig,NA
0.6862744664166225,-0.2319407887219057,0.23,0.217,1,AMPH,-0,Not sig,NA
0.6864903095690169,0.3861715315401325,0.127,0.121,1,DNAJC5,-0,Not sig,NA
0.6865533603450651,-0.34519641063703066,0.106,0.097,1,MEIS2,-0,Not sig,NA
0.6867569341276804,0.1053298936495779,0.102,0.11,1,USP49,-0,Not sig,NA
0.6868041518460155,-0.12675421836071665,0.63,0.61,1,NBEA,-0,Not sig,NA
0.6874994613240919,0.1886629978179145,0.145,0.134,1,ATR,-0,Not sig,NA
0.6881433295378284,0.15040286909903672,0.126,0.117,1,AC096711.2,-0,Not sig,NA
0.6881435388781937,0.21754415317212825,0.178,0.169,1,SECISBP2L,-0,Not sig,NA
0.6882958883196237,0.3198007336129361,0.202,0.193,1,CACNG8,-0,Not sig,NA
0.6883481242794937,-0.14333081431257,0.183,0.19,1,ZNF706,-0,Not sig,NA
0.6886440492215167,-0.1371952373104074,0.127,0.134,1,PSMD14,-0,Not sig,NA
0.6887784468543336,0.17792745875659066,0.39,0.379,1,ATXN2,-0,Not sig,NA
0.6921032142369538,-0.12192392489716364,0.15,0.159,1,MSRB3,-0,Not sig,NA
0.6932646978488824,-0.15612915928768334,0.15,0.138,1,EYA3,-0,Not sig,NA
0.6933995962194714,0.22445456074855352,0.137,0.128,1,ABCA3,-0,Not sig,NA
0.6938495991021282,-0.49412019503870774,0.213,0.217,1,RPS6KA5,-0,Not sig,NA
0.6945858130056659,0.64006902224141,0.146,0.141,1,LINC02389,-0,Not sig,NA
0.6950690149705423,-0.20199216151381882,0.11,0.117,1,UBXN2A,-0,Not sig,NA
0.6952071382634517,-0.15987090606585166,0.17,0.179,1,IQSEC3,-0,Not sig,NA
0.6955189219123368,0.10465779493229699,0.103,0.11,1,ABLIM3,-0,Not sig,NA
0.6957382861143737,0.3455990080537106,0.326,0.324,1,RNF130,-0,Not sig,NA
0.6962795443296649,-0.26667436530740374,0.291,0.293,1,RPS6KC1,-0,Not sig,NA
0.6965216538286374,-0.421171929231196,0.125,0.131,1,CENPC,-0,Not sig,NA
0.6966861442849168,-0.5734064832813042,0.101,0.107,1,TSGA10,-0,Not sig,NA
0.6969094898685695,-0.16388742140002624,0.183,0.193,1,MAPK14,-0,Not sig,NA
0.6969772203137284,0.34704931949208584,0.1,0.093,1,TOB2,-0,Not sig,NA
0.6980262924043943,-0.2839127229805808,0.125,0.131,1,LYPLAL1,-0,Not sig,NA
0.6980348120479883,-0.1272575582269988,0.1,0.107,1,TSPAN3,-0,Not sig,NA
0.6986269036989419,-0.3328831183740588,0.106,0.114,1,DIRC3,-0,Not sig,NA
0.7005156850853322,-0.44063327053249096,0.155,0.159,1,KHDRBS1,-0,Not sig,NA
0.7010884185291217,-0.41542296081648655,0.102,0.107,1,PTAR1,-0,Not sig,NA
0.7018224781530995,0.24623135124951115,0.216,0.207,1,ADGRL1,-0,Not sig,NA
0.7019015560294747,-0.12407869444750552,0.249,0.259,1,DICER1,-0,Not sig,NA
0.7022078007175774,-0.2333659330111194,0.107,0.114,1,NXPE3,-0,Not sig,NA
0.7022548584126971,-0.19010628576713007,0.111,0.1,1,MRPS5,-0,Not sig,NA
0.7033615199567856,0.2802161934087001,0.159,0.152,1,KCNQ2,-0,Not sig,NA
0.7034429297238998,-0.1696876023699899,0.152,0.159,1,MPHOSPH8,-0,Not sig,NA
0.7044380245252905,0.3462585759615137,0.181,0.172,1,PRR16,-0,Not sig,NA
0.7045334694205272,-0.23759032490352272,0.654,0.683,1,AKT3,-0,Not sig,NA
0.7075874935139295,-0.10937476439492011,0.1,0.107,1,UBE2L3,-0,Not sig,NA
0.7093907250815805,-0.23624959710040194,0.131,0.138,1,PDHX,-0,Not sig,NA
0.7107985426110666,0.16507104526405492,0.115,0.107,1,ALS2,-0,Not sig,NA
0.7109611243412086,0.12501723498297668,0.186,0.2,1,FGF13,-0,Not sig,NA
0.7111903270590672,0.5004874447866103,0.11,0.103,1,LIMA1,-0,Not sig,NA
0.7123369081436656,0.40636549394864924,0.166,0.162,1,BICC1,-0,Not sig,NA
0.7126564343646042,-0.137671364256878,0.194,0.2,1,RNF13,-0,Not sig,NA
0.7128358511144078,-0.11610239698673722,0.152,0.159,1,TAF1,-0,Not sig,NA
0.7129901828326187,-0.22402365591676748,0.106,0.114,1,FOXN2,-0,Not sig,NA
0.7141054017222768,-0.15065377404178826,0.141,0.148,1,KPNA1,-0,Not sig,NA
0.7153594925904492,-0.13865164135445218,0.23,0.214,1,LONP2,-0,Not sig,NA
0.7161059172992721,0.12106598080491127,0.229,0.217,1,AC118549.1,-0,Not sig,NA
0.7174517323537983,0.13583367901060883,0.204,0.197,1,INPP5F,-0,Not sig,NA
0.7176019252823711,0.42803414673415285,0.168,0.162,1,MED27,-0,Not sig,NA
0.7184130463420917,0.16955010571654683,0.307,0.3,1,CHCHD3,-0,Not sig,NA
0.7192301114025754,0.18370096209978645,0.171,0.162,1,PHC2,-0,Not sig,NA
0.7193388822105847,0.192959231565826,0.135,0.145,1,LYRM4,-0,Not sig,NA
0.719843604274233,-0.3055489190606737,0.179,0.186,1,PDSS2,-0,Not sig,NA
0.7198551245090876,-0.3529335276261051,0.094,0.1,1,SNAPC3,-0,Not sig,NA
0.720209664694945,0.15322644548360906,0.147,0.155,1,OXCT1,-0,Not sig,NA
0.7247906142859066,-0.10742213064985129,0.252,0.259,1,RAB3GAP1,-0,Not sig,NA
0.7267624882350034,-0.2061644495204013,0.136,0.124,1,CANX,-0,Not sig,NA
0.7273579802806843,0.1743758811713651,0.151,0.162,1,PLA2G4C,-0,Not sig,NA
0.727366886879095,0.1923353732712128,0.147,0.138,1,MAP3K3,-0,Not sig,NA
0.7279028828827381,-0.5966259268906708,0.198,0.203,1,SORCS1,-0,Not sig,NA
0.7284862770404772,-0.102192410488683,0.288,0.297,1,WSB1,-0,Not sig,NA
0.7299708548640143,0.266077148613949,0.146,0.141,1,FAM78B,-0,Not sig,NA
0.730112362614554,-0.4086682273557649,0.133,0.138,1,NUP93,-0,Not sig,NA
0.7312427074224788,-0.12500807053394375,0.153,0.159,1,MGA,-0,Not sig,NA
0.7320866257541772,-0.24597582011179753,0.12,0.11,1,NDRG2,-0,Not sig,NA
0.7326615548676163,-0.2311401358214215,0.15,0.155,1,CENPP,-0,Not sig,NA
0.7330578633217879,0.16345511798668477,0.535,0.541,1,PRKCE,-0,Not sig,NA
0.7332209161498267,0.3236413585742184,0.154,0.166,1,EPB41L5,-0,Not sig,NA
0.7338509327156267,0.13970012009136668,0.294,0.29,1,MAN1A2,-0,Not sig,NA
0.7341573281339646,0.21453604557622843,0.208,0.203,1,SERGEF,-0,Not sig,NA
0.7345568966910043,0.1700614589297299,0.236,0.252,1,AVL9,-0,Not sig,NA
0.7349558616361411,0.234590274683416,0.125,0.134,1,SELENOO,-0,Not sig,NA
0.7366556703915355,-0.4561229009200398,0.13,0.134,1,BTBD10,-0,Not sig,NA
0.7395648932801213,0.11727037044046895,0.344,0.338,1,FNBP1,-0,Not sig,NA
0.740507889009367,0.2134248311583621,0.147,0.138,1,ZBTB4,-0,Not sig,NA
0.7406799944204341,-0.18969939780834294,0.189,0.197,1,SOS2,-0,Not sig,NA
0.7408796308748877,0.2036239728125046,0.116,0.11,1,DDX46,-0,Not sig,NA
0.741248904835658,0.24898222636384482,0.125,0.117,1,MID1,-0,Not sig,NA
0.7414972175825771,0.24553225340376006,0.267,0.262,1,CLEC16A,-0,Not sig,NA
0.7421174182863209,0.2905274205388634,0.102,0.097,1,CDC25B,-0,Not sig,NA
0.7424684152795715,0.2800586069154749,0.271,0.29,1,PHKB,-0,Not sig,NA
0.7426335063663276,-0.2910813560899086,0.202,0.207,1,LMBRD1,-0,Not sig,NA
0.7445127101823001,-0.25732213011706245,0.119,0.11,1,SYN1,-0,Not sig,NA
0.7452050289272909,-0.20798843114073032,0.118,0.124,1,ELOVL5,-0,Not sig,NA
0.7452558514328393,0.2639681278347581,0.103,0.097,1,BSN,-0,Not sig,NA
0.7455686968179618,-0.18913993922267286,0.13,0.134,1,DGKE,-0,Not sig,NA
0.7457819515566909,0.20937742589421915,0.11,0.117,1,MAP7D2,-0,Not sig,NA
0.746727128511739,-0.35581009916659,0.292,0.276,1,RALYL,-0,Not sig,NA
0.7479182530857795,-0.25663804948286845,0.14,0.145,1,KLHL3,-0,Not sig,NA
0.7491221305556061,-0.36115825231811605,0.138,0.141,1,SERINC1,-0,Not sig,NA
0.7497197139448928,-0.28818946256567124,0.142,0.131,1,ZCCHC2,-0,Not sig,NA
0.7502616248605418,0.20053482963716562,0.11,0.117,1,DHX30,-0,Not sig,NA
0.7506396153927098,0.2192501176336269,0.12,0.114,1,RUBCN,-0,Not sig,NA
0.7508536114557962,-0.4523567190558775,0.097,0.1,1,ICE2,-0,Not sig,NA
0.7510200629000285,-0.21593041908561617,0.17,0.179,1,JAK1,-0,Not sig,NA
0.7522495481811934,0.14129231188894753,0.301,0.293,1,UBE2K,-0,Not sig,NA
0.7526897786787148,-0.3845204515841464,0.111,0.103,1,DDAH1,-0,Not sig,NA
0.7559755512213324,-0.16845590333860716,0.112,0.103,1,MFF,-0,Not sig,NA
0.7562142751692318,0.2896531854659903,0.119,0.114,1,KLHL22,-0,Not sig,NA
0.7564859956776999,-0.4002812287861247,0.2,0.2,1,COMMD10,-0,Not sig,NA
0.7577328951979112,0.25090169524727673,0.124,0.117,1,SLC25A16,-0,Not sig,NA
0.7587720806634292,-0.2679370542712023,0.228,0.231,1,CDKL5,-0,Not sig,NA
0.7594729789011557,0.32694406530485953,0.109,0.103,1,MED15,-0,Not sig,NA
0.7602788671008527,-0.10463557513893504,0.129,0.134,1,UBA2,-0,Not sig,NA
0.7605029520405064,-0.3019893509009153,0.095,0.1,1,CYHR1,-0,Not sig,NA
0.7621666102979474,-0.17433623012455368,0.394,0.414,1,TANC2,-0,Not sig,NA
0.7628813403562393,0.12126801068649706,0.123,0.117,1,EIF2B3,-0,Not sig,NA
0.7633968923519778,0.16398501609828586,0.114,0.107,1,CALM3,-0,Not sig,NA
0.7636798396340279,-0.22920185233091794,0.117,0.124,1,SYNJ1,-0,Not sig,NA
0.7657238913411087,0.5276417371462397,0.118,0.114,1,ATG2B,-0,Not sig,NA
0.7659432402141985,-0.11876340930877835,0.169,0.176,1,CDC42BPB,-0,Not sig,NA
0.766284181486863,0.12943777200473439,0.113,0.107,1,WIPF1,-0,Not sig,NA
0.7676289796413777,0.11882252569037721,0.43,0.421,1,VPS13B,-0,Not sig,NA
0.7689736760405604,-0.21058400874105865,0.128,0.131,1,PDCD6IP,-0,Not sig,NA
0.770256847418126,-0.12282971694874309,0.203,0.207,1,XRCC5,-0,Not sig,NA
0.7716907892302951,0.1084587728321853,0.427,0.417,1,MLLT3,-0,Not sig,NA
0.7718463499686831,0.1429305955316873,0.171,0.166,1,ITGAV,-0,Not sig,NA
0.7725848429498332,-0.18193887040539858,0.219,0.221,1,ITSN2,-0,Not sig,NA
0.7730924885774844,-0.15246634049697655,0.201,0.207,1,TDRD3,-0,Not sig,NA
0.7738869743237137,-0.32889122669172866,0.129,0.131,1,RNF169,-0,Not sig,NA
0.7742187319995275,0.12749287244988938,0.438,0.445,1,KCNJ3,-0,Not sig,NA
0.7745855724347936,0.2381751878230861,0.101,0.107,1,TMEM130,-0,Not sig,NA
0.7748657427083141,-0.26108147214102057,0.165,0.155,1,TCF7L2,-0,Not sig,NA
0.7750011861756384,0.14998307661736066,0.236,0.234,1,LUZP2,-0,Not sig,NA
0.7782904829780863,-0.27790771664483327,0.106,0.11,1,EPM2AIP1,-0,Not sig,NA
0.7786366435361359,0.10481817424037358,0.164,0.172,1,ZCCHC14,-0,Not sig,NA
0.7788243901162909,0.29796229657295414,0.109,0.103,1,LRCH2,-0,Not sig,NA
0.7792500862255132,-0.15428339669043611,0.13,0.134,1,RUSC2,-0,Not sig,NA
0.7819088875835136,0.5857261713512205,0.121,0.117,1,PIGL,-0,Not sig,NA
0.7820251413655956,0.3828734669931488,0.162,0.159,1,RARB,-0,Not sig,NA
0.782226928769487,0.20254202184296732,0.184,0.179,1,VSNL1,-0,Not sig,NA
0.782888710576243,-0.4743562321972741,0.1,0.093,1,TMEM161B,-0,Not sig,NA
0.7831294724252722,-0.5516477208374625,0.114,0.117,1,TRNAU1AP,-0,Not sig,NA
0.7834895012213281,0.3703865039551504,0.104,0.1,1,MYSM1,-0,Not sig,NA
0.7858065194324395,-0.11020540180522154,0.286,0.293,1,CNOT2,-0,Not sig,NA
0.786006043832643,-0.1544679686201764,0.139,0.131,1,MTURN,-0,Not sig,NA
0.7863693500108486,-0.19624674458703817,0.376,0.383,1,PRKCA,-0,Not sig,NA
0.7871730111227526,-0.13133790393437464,0.174,0.176,1,ELP2,-0,Not sig,NA
0.7878222719973476,0.21591897767387702,0.154,0.148,1,SMURF2,-0,Not sig,NA
0.7893799913881318,-0.13893164136045855,0.1,0.103,1,PHTF1,-0,Not sig,NA
0.7899134196580189,0.10275780971978543,0.13,0.124,1,ZZEF1,-0,Not sig,NA
0.7900816352954819,0.15109496782293197,0.305,0.297,1,CTTNBP2,-0,Not sig,NA
0.7904402636092926,0.11427798782553877,0.244,0.259,1,PLEKHA1,-0,Not sig,NA
0.7906336814403975,-0.20084754626963197,0.19,0.179,1,GABRG2,-0,Not sig,NA
0.791125817834523,-0.21955664068555997,0.15,0.152,1,AP3B1,-0,Not sig,NA
0.7913347939627238,0.16399298275927893,0.156,0.148,1,UPF3A,-0,Not sig,NA
0.791963169901513,0.36424259056598646,0.155,0.152,1,NSG2,-0,Not sig,NA
0.7921638358296059,-0.14459950945723665,0.111,0.103,1,ACTG1,-0,Not sig,NA
0.7924092604595504,0.34992718683770657,0.156,0.152,1,TNKS2,-0,Not sig,NA
0.7928704866988531,0.35626221056633794,0.119,0.128,1,ADAM17,-0,Not sig,NA
0.793810837817942,0.13792285199217424,0.334,0.352,1,ZNF609,-0,Not sig,NA
0.7948374670063474,0.31156488482309097,0.155,0.152,1,FLNB,-0,Not sig,NA
0.795016118260689,-0.10834149118127151,0.216,0.207,1,RUNDC3B,-0,Not sig,NA
0.7952357383009354,0.28635232237559416,0.292,0.293,1,MAF,-0,Not sig,NA
0.7961990513585253,-0.24377037775401011,0.117,0.121,1,MANBA,-0,Not sig,NA
0.7984190396337979,-0.1533999711541597,0.107,0.11,1,TMEM260,-0,Not sig,NA
0.7994702379761145,-0.26740618265515387,0.106,0.11,1,EIF1,-0,Not sig,NA
0.8005657178736101,0.1460155899451962,0.122,0.117,1,CHFR,-0,Not sig,NA
0.8007871100171351,0.18116174144978436,0.286,0.286,1,LRRFIP2,-0,Not sig,NA
0.8013544195905141,0.1698616191498179,0.35,0.348,1,RPRD2,-0,Not sig,NA
0.801675641281888,0.12055767989178567,0.194,0.186,1,CHPT1,-0,Not sig,NA
0.8021799867997044,-0.3790999448405028,0.14,0.141,1,RNF217,-0,Not sig,NA
0.8030734687563876,0.17702942075110317,0.106,0.1,1,SCP2,-0,Not sig,NA
0.8035651459925757,0.17181361619306623,0.115,0.11,1,CMTM4,-0,Not sig,NA
0.8041117679727782,-0.2657012730316813,0.117,0.11,1,KCNN2,-0,Not sig,NA
0.8058673472420744,0.2095593651080654,0.424,0.438,1,CCDC88A,-0,Not sig,NA
0.806482034102422,0.2503711911986087,0.108,0.114,1,PCSK7,-0,Not sig,NA
0.8071292869678064,0.21731778072145258,0.243,0.255,1,ZER1,-0,Not sig,NA
0.8077664478275675,-0.29174635168521856,0.108,0.11,1,DTNBP1,-0,Not sig,NA
0.8079158991501023,-0.15757097794015484,0.132,0.124,1,STT3B,-0,Not sig,NA
0.8079994529436656,0.3876376825430398,0.142,0.138,1,GABPB2,-0,Not sig,NA
0.8109556601378767,-0.31127840927724726,0.107,0.11,1,MARCH8,-0,Not sig,NA
0.8120062876319801,-0.18025033879694274,0.138,0.131,1,BRINP3,-0,Not sig,NA
0.8121534411843203,0.2631289735974782,0.386,0.393,1,SCAPER,-0,Not sig,NA
0.812769384901713,-0.179597652423779,0.214,0.217,1,HSD17B12,-0,Not sig,NA
0.8131255578323234,-0.2569070264844736,0.102,0.097,1,PNMA2,-0,Not sig,NA
0.8136657471819092,0.1291691984080208,0.167,0.159,1,PURA,-0,Not sig,NA
0.8139814007434345,0.14998287076136485,0.119,0.114,1,PMS1,-0,Not sig,NA
0.8141158292547046,-0.2208600950089632,0.103,0.107,1,ACACB,-0,Not sig,NA
0.8163492848258684,-0.22602490467302738,0.234,0.238,1,ASCC3,-0,Not sig,NA
0.8165502292072402,-0.19553888893652244,0.182,0.183,1,RNF111,-0,Not sig,NA
0.8176863237697445,0.18873935971320693,0.225,0.221,1,PDXDC1,-0,Not sig,NA
0.8177786985299409,-0.2309234582102131,0.173,0.176,1,MAP3K5,-0,Not sig,NA
0.8181633068403618,0.12397343991175039,0.21,0.203,1,LINC00599,-0,Not sig,NA
0.818601917839948,0.2110385967252718,0.286,0.283,1,SMCHD1,-0,Not sig,NA
0.8191966404102414,0.25790354916940567,0.155,0.152,1,MAPKBP1,-0,Not sig,NA
0.8194296884926398,0.19043675457098674,0.163,0.159,1,AFAP1,-0,Not sig,NA
0.8202025149725285,-0.3909416753582282,0.111,0.114,1,MLH3,-0,Not sig,NA
0.8207010974475272,0.10039524333077265,0.368,0.366,1,NRCAM,-0,Not sig,NA
0.8229347516229149,-0.20837135727685774,0.105,0.1,1,HS3ST4,-0,Not sig,NA
0.8230451676575417,-0.10564007548433918,0.133,0.128,1,PKM,-0,Not sig,NA
0.8234668688644492,-0.20949905736736618,0.121,0.124,1,DHX15,-0,Not sig,NA
0.8238626191457136,0.17102246579914004,0.126,0.121,1,ZNF827,-0,Not sig,NA
0.8272416079649699,0.20296015121071376,0.168,0.162,1,CEP192,-0,Not sig,NA
0.8277243975712634,0.1129281644917654,0.225,0.234,1,SNX9,-0,Not sig,NA
0.8290183610545832,0.4484778253753602,0.11,0.107,1,AC008014.1,-0,Not sig,NA
0.8292348508118247,-0.17088608146336987,0.116,0.121,1,PREP,-0,Not sig,NA
0.8295274821199831,0.3933773114164244,0.1,0.097,1,ARPP19,-0,Not sig,NA
0.8300612366632775,-0.22111129995715384,0.423,0.424,1,DGKB,-0,Not sig,NA
0.8302181698550903,-0.3910142953551574,0.101,0.103,1,ICE1,-0,Not sig,NA
0.8303755427547849,-0.1986273791876029,0.154,0.145,1,LINC01004,-0,Not sig,NA
0.8309030979728375,-0.13350586912836315,0.189,0.193,1,OSBPL10,-0,Not sig,NA
0.8309069440493767,0.14604574504569856,0.234,0.228,1,ZDHHC20,-0,Not sig,NA
0.8309282668834914,0.3543705192576372,0.111,0.107,1,TXLNG,-0,Not sig,NA
0.8314078839709375,0.13847382391969698,0.209,0.203,1,PSAP,-0,Not sig,NA
0.831972603513117,0.5138937191492747,0.134,0.141,1,KDM2B,-0,Not sig,NA
0.8327332634020682,0.3631040370647114,0.111,0.117,1,TMEM63B,-0,Not sig,NA
0.8328398283877091,-0.18192084904735611,0.16,0.166,1,MACO1,-0,Not sig,NA
0.8338928962175167,0.34447991848140286,0.145,0.141,1,SLC35F5,-0,Not sig,NA
0.8343159689479057,-0.13771573004798054,0.346,0.348,1,BPTF,-0,Not sig,NA
0.8345792043259486,-0.17591153658214453,0.152,0.155,1,HSD17B4,-0,Not sig,NA
0.8370890516513092,-0.13080884770792345,0.614,0.641,1,PHACTR1,-0,Not sig,NA
0.8373604615952922,0.49084853199552314,0.103,0.1,1,HACL1,-0,Not sig,NA
0.8386798478588983,0.21822762010110042,0.298,0.314,1,SRRM3,-0,Not sig,NA
0.8394126839738194,0.16578811522694373,0.18,0.186,1,RNF157,-0,Not sig,NA
0.8406739854525908,0.24606738437481054,0.194,0.193,1,ERCC6L2,-0,Not sig,NA
0.8412320156074548,0.45621084756055313,0.15,0.148,1,ACIN1,-0,Not sig,NA
0.8412785890131957,0.11190160476837274,0.381,0.383,1,PLXNA4,-0,Not sig,NA
0.8421204761300437,-0.22304832584971146,0.134,0.134,1,C11orf58,-0,Not sig,NA
0.8428095071084724,0.19682968807812584,0.139,0.134,1,NDRG3,-0,Not sig,NA
0.843977240228549,-0.1916587024538024,0.174,0.176,1,SCFD1,-0,Not sig,NA
0.8456355275749183,0.14426932485651395,0.186,0.183,1,PIP5K1A,-0,Not sig,NA
0.8462958235174713,-0.11063319144619428,0.159,0.162,1,SETX,-0,Not sig,NA
0.846389099250616,0.2650641837038239,0.112,0.117,1,GALNT8,-0,Not sig,NA
0.8477449591018447,0.14614623089155332,0.23,0.228,1,CASTOR3,-0,Not sig,NA
0.8478806198647305,0.10799167483335181,0.111,0.107,1,C5orf30,-0,Not sig,NA
0.8492766241232245,0.1755906314012359,0.132,0.138,1,UBA6,-0,Not sig,NA
0.8502588797401636,-0.21593165690503802,0.106,0.1,1,CECR2,-0,Not sig,NA
0.850742711254749,-0.2778394861694866,0.155,0.155,1,MDN1,-0,Not sig,NA
0.8511202228841419,0.18362831306526123,0.126,0.131,1,BCL2L13,-0,Not sig,NA
0.8512066942557108,0.2820521248148763,0.138,0.134,1,KIFC2,-0,Not sig,NA
0.8527666142569678,-0.12225178762762268,0.101,0.103,1,NOP58,-0,Not sig,NA
0.8532874331730088,-0.29754549113172574,0.13,0.131,1,ZBTB44,-0,Not sig,NA
0.8536790080831104,-0.14393181330401078,0.197,0.2,1,RNF38,-0,Not sig,NA
0.8543995308689397,-0.3622887792444147,0.131,0.131,1,SPRED1,-0,Not sig,NA
0.8553406986338872,0.2840999796064736,0.103,0.1,1,VAPB,-0,Not sig,NA
0.8559203188120501,0.24836723090555565,0.154,0.152,1,UBAP2,-0,Not sig,NA
0.8568949101059034,-0.18106739812379016,0.16,0.162,1,LRFN2,-0,Not sig,NA
0.8574120104972285,-0.14884194527913608,0.394,0.393,1,WDFY3,-0,Not sig,NA
0.8591830347487885,0.23833280304175064,0.249,0.252,1,PPP1R13B,-0,Not sig,NA
0.8597700690395215,0.4331309032070154,0.094,0.1,1,TRPC5,-0,Not sig,NA
0.8603576544503265,0.28943005727992194,0.117,0.114,1,MMS19,-0,Not sig,NA
0.8621653303840812,-0.18312947262113025,0.138,0.138,1,MFHAS1,-0,Not sig,NA
0.862206062889717,-0.1612398882010428,0.123,0.124,1,GAP43,-0,Not sig,NA
0.8632195767024331,0.14275233975754195,0.181,0.186,1,JAK2,-0,Not sig,NA
0.8637100728860667,0.37772094416215823,0.179,0.19,1,NYAP2,-0,Not sig,NA
0.8642242110556496,-0.16151402105931162,0.111,0.114,1,ARMC2,-0,Not sig,NA
0.8642623728078473,0.22922803908605127,0.191,0.193,1,FRAS1,-0,Not sig,NA
0.8654916485320725,0.26032277930435,0.235,0.248,1,PTCHD4,-0,Not sig,NA
0.8662425539951867,0.21648335444809574,0.316,0.321,1,TULP4,-0,Not sig,NA
0.8664656407952039,-0.2914296028360862,0.11,0.11,1,DTWD1,-0,Not sig,NA
0.8673097025570338,0.23234722408946112,0.135,0.141,1,DHFR,-0,Not sig,NA
0.8676390720586415,0.1549479843447693,0.22,0.217,1,FAM120B,-0,Not sig,NA
0.8705426421797139,0.12291582070715962,0.237,0.248,1,USP33,-0,Not sig,NA
0.8708235608655348,-0.11071585471924794,0.35,0.355,1,STXBP5,-0,Not sig,NA
0.8730442539935908,0.22843425378794957,0.184,0.193,1,C16orf45,-0,Not sig,NA
0.8730480526066728,0.310477417401833,0.146,0.155,1,RUNX2,-0,Not sig,NA
0.8736960849135103,-0.27690385489654834,0.11,0.11,1,PBX3,-0,Not sig,NA
0.875691210804729,0.12760321707064048,0.332,0.328,1,PSPC1,-0,Not sig,NA
0.875774535417142,0.32215608863977113,0.19,0.19,1,RALGPS2,-0,Not sig,NA
0.8759469700186078,0.28056729343709047,0.155,0.162,1,GRIN3A,-0,Not sig,NA
0.876004760087171,-0.3860564645901995,0.116,0.117,1,CCDC138,-0,Not sig,NA
0.876867822226527,0.32844824548001605,0.129,0.134,1,B4GALT6,-0,Not sig,NA
0.8768750767500102,-0.17798856745246822,0.126,0.121,1,PPP4R3A,-0,Not sig,NA
0.8771326109846731,-0.10642242149924674,0.21,0.217,1,ADAM23,-0,Not sig,NA
0.8783425563170351,-0.30175950049383277,0.201,0.2,1,GFOD1,-0,Not sig,NA
0.8789121196713764,0.13726375963781234,0.256,0.255,1,EVA1C,-0,Not sig,NA
0.8831244731490289,-0.40840199901005997,0.126,0.128,1,ABCA10,-0,Not sig,NA
0.8833679961769514,-0.1134608132026027,0.14,0.145,1,SMIM14,-0,Not sig,NA
0.8844673854994507,-0.10723227069934421,0.174,0.176,1,KAT2B,-0,Not sig,NA
0.8859405149286663,-0.10854783219505715,0.137,0.138,1,NDRG4,-0,Not sig,NA
0.8869870812756618,-0.12004421427249362,0.19,0.193,1,PHF20,-0,Not sig,NA
0.8894478727415692,-0.17068418030761712,0.345,0.348,1,HMGB1,-0,Not sig,NA
0.8895119433763159,-0.10379979018154613,0.188,0.19,1,TAX1BP1,-0,Not sig,NA
0.8895310411491321,0.2873856869901722,0.109,0.107,1,METTL6,-0,Not sig,NA
0.8897246552285566,-0.19229846051317634,0.217,0.217,1,USP32,-0,Not sig,NA
0.8899636408407718,0.17224684086268421,0.123,0.121,1,WRN,-0,Not sig,NA
0.8901457445982797,0.3231122727308925,0.1,0.103,1,RBBP6,-0,Not sig,NA
0.8908807664161269,0.12897533908235848,0.102,0.1,1,PEX3,-0,Not sig,NA
0.8936091744709002,-0.15717300466372253,0.355,0.362,1,SRGAP3,-0,Not sig,NA
0.8938177859504176,0.28696554935633006,0.146,0.152,1,PPP2CB,-0,Not sig,NA
0.8940649108461278,0.16732678279972504,0.171,0.176,1,TTC21B,-0,Not sig,NA
0.8945568582126753,0.1682541360398359,0.13,0.134,1,DOCK11,-0,Not sig,NA
0.8958020084485854,0.10496563196571074,0.262,0.255,1,COMMD1,-0,Not sig,NA
0.8965450833036701,0.12122060612237096,0.155,0.159,1,ZNF586,-0,Not sig,NA
0.8972672525333093,0.19103220040990926,0.158,0.155,1,UQCC1,-0,Not sig,NA
0.8974445947624506,0.14333543980025076,0.27,0.269,1,UBR1,-0,Not sig,NA
0.8980206286491408,0.11933935646472493,0.272,0.279,1,CALM1,-0,Not sig,NA
0.8988979299673651,0.226676463125728,0.182,0.19,1,NAIP,-0,Not sig,NA
0.8994908583580538,0.11668761420196616,0.3,0.3,1,OLFM3,-0,Not sig,NA
0.8997198370585632,0.12570897715577523,0.236,0.241,1,CACNG2,-0,Not sig,NA
0.9002308662477834,0.11086310165924644,0.154,0.159,1,GAPDH,-0,Not sig,NA
0.9020880625322343,-0.38714234669653114,0.183,0.176,1,GRM1,-0,Not sig,NA
0.9026401747686289,-0.1544040790299538,0.116,0.117,1,ASXL2,-0,Not sig,NA
0.9045796958656303,-0.19933469541868098,0.186,0.179,1,RBM25,-0,Not sig,NA
0.9046179909279978,0.12948518408198995,0.426,0.431,1,MAPT,-0,Not sig,NA
0.9067948213841803,-0.25242696129735653,0.126,0.128,1,CYLD,-0,Not sig,NA
0.907076640519692,-0.3350151100715506,0.124,0.124,1,SNX10,-0,Not sig,NA
0.9072974461134506,-0.16240718552301175,0.136,0.131,1,ST7L,-0,Not sig,NA
0.9086047290677037,-0.12951717184796552,0.439,0.441,1,RAPGEF2,-0,Not sig,NA
0.9091121982727115,-0.5489429836010629,0.127,0.121,1,AFTPH,-0,Not sig,NA
0.909573847592657,0.1581603086562375,0.156,0.159,1,LONRF2,-0,Not sig,NA
0.9096459212491637,0.15305562008446338,0.112,0.114,1,DROSHA,-0,Not sig,NA
0.9112088477473379,0.22037280126212377,0.348,0.359,1,ENSA,-0,Not sig,NA
0.9112427650499959,-0.12425279970011793,0.108,0.11,1,SPTLC2,-0,Not sig,NA
0.9116400472091519,0.32637739346930594,0.16,0.166,1,ABAT,-0,Not sig,NA
0.9128096035294346,0.17266813648180712,0.274,0.276,1,TPST1,-0,Not sig,NA
0.9133127945138084,0.2494331048581921,0.186,0.19,1,GHR,-0,Not sig,NA
0.9140895244196493,0.1597230642491787,0.102,0.1,1,MFSD6,-0,Not sig,NA
0.9155288755488916,0.16859925261728137,0.102,0.103,1,FAM81A,-0,Not sig,NA
0.9157339316974626,-0.31150944562630456,0.268,0.255,1,RABGAP1,-0,Not sig,NA
0.9162994222730334,0.14235016056646355,0.098,0.1,1,RPS6KB1,-0,Not sig,NA
0.9172525229312337,-0.30139715297509506,0.106,0.107,1,RARS2,-0,Not sig,NA
0.9182374762660744,0.2311522462891782,0.256,0.266,1,AFF4,-0,Not sig,NA
0.922477915002395,0.3641006490479596,0.13,0.134,1,CMC1,-0,Not sig,NA
0.9234787481726822,0.2676983645734264,0.188,0.19,1,PPIG,-0,Not sig,NA
0.9249030893134869,0.18170889153497738,0.354,0.362,1,DANT2,-0,Not sig,NA
0.9252683916984417,0.22178316351168398,0.21,0.21,1,GMDS-DT,-0,Not sig,NA
0.9261145156622723,0.18651563962059237,0.143,0.141,1,SNX14,-0,Not sig,NA
0.9264799091032523,-0.23261479576472,0.11,0.11,1,OXSR1,-0,Not sig,NA
0.927227482532299,0.15801836172465444,0.13,0.128,1,MARCH4,-0,Not sig,NA
0.9275056220345301,-0.21362970241990703,0.174,0.172,1,FZD3,-0,Not sig,NA
0.9280532502523733,0.1520273023704124,0.387,0.4,1,RTN4,-0,Not sig,NA
0.9280897112836357,0.2677940195247282,0.237,0.245,1,ZNF91,-0,Not sig,NA
0.928486699560413,0.11749105361966422,0.182,0.186,1,MTCL1,-0,Not sig,NA
0.9286222610225533,0.29136913159816513,0.107,0.11,1,CYP20A1,-0,Not sig,NA
0.9295819124635665,-0.1997933262050483,0.102,0.103,1,CMC2,-0,Not sig,NA
0.9307856229852183,0.20097532435686383,0.116,0.114,1,NCS1,-0,Not sig,NA
0.9310541103731456,0.1261339197631186,0.336,0.348,1,SCN1A,-0,Not sig,NA
0.931459152050906,-0.1813861768309762,0.124,0.124,1,AL078639.1,-0,Not sig,NA
0.9315232324078536,-0.38881065841156826,0.262,0.266,1,CNKSR2,-0,Not sig,NA
0.9320842839033201,-0.16374596964932098,0.11,0.11,1,EIF2AK4,-0,Not sig,NA
0.9326780431371503,0.1475429671408659,0.33,0.334,1,TAOK1,-0,Not sig,NA
0.9336296907551543,0.1543012427767494,0.4,0.414,1,ANKH,-0,Not sig,NA
0.9353953438528898,0.12025077894528313,0.225,0.231,1,VEZT,-0,Not sig,NA
0.935543596068298,-0.1362917324799976,0.127,0.128,1,CAPN7,-0,Not sig,NA
0.9356935844955185,0.1628667372119696,0.167,0.166,1,SH3GL2,-0,Not sig,NA
0.9359172001328854,0.12896022151540298,0.146,0.148,1,XPO6,-0,Not sig,NA
0.9363335761858742,0.16818798599579854,0.214,0.221,1,VMP1,-0,Not sig,NA
0.9379866336054421,-0.1793581007396201,0.136,0.134,1,AKT2,-0,Not sig,NA
0.9385991646704344,0.14118169907851236,0.163,0.162,1,REEP1,-0,Not sig,NA
0.9393747321001467,0.4202878971449767,0.134,0.134,1,EXT2,-0,Not sig,NA
0.9406493365471591,0.2646796797571441,0.112,0.114,1,MUM1,-0,Not sig,NA
0.9410539764560857,0.1619788236253569,0.206,0.203,1,ASPH,-0,Not sig,NA
0.9424678729467089,-0.17427508403314868,0.16,0.155,1,PAK1,-0,Not sig,NA
0.9427313061433417,0.19283163235417344,0.256,0.262,1,SPTAN1,-0,Not sig,NA
0.9434534106438209,-0.16370639727975633,0.202,0.197,1,TFCP2,-0,Not sig,NA
0.9438511113174453,0.12067560224139218,0.299,0.303,1,UVRAG,-0,Not sig,NA
0.9451172578397827,-0.4450665105627954,0.113,0.11,1,RAB14,-0,Not sig,NA
0.9458591110583441,0.12345125927465822,0.197,0.2,1,WASHC1,-0,Not sig,NA
0.9476821161144354,0.1298696134145323,0.307,0.31,1,ANKIB1,-0,Not sig,NA
0.9482507905007119,-0.26687649995741725,0.104,0.103,1,ZNF106,-0,Not sig,NA
0.9506184230256572,0.17955749567361767,0.105,0.107,1,TYW1B,-0,Not sig,NA
0.9513717046746907,-0.22066572280233027,0.116,0.114,1,USP12,-0,Not sig,NA
0.9517744374495214,-0.3966806295158114,0.296,0.29,1,PRKCB,-0,Not sig,NA
0.9523380099319856,0.14993757168862987,0.186,0.186,1,SV2A,-0,Not sig,NA
0.953100891305766,-0.32805371978779385,0.101,0.1,1,ABCB9,-0,Not sig,NA
0.9533904590165136,0.1974137236824609,0.336,0.355,1,MGAT4C,-0,Not sig,NA
0.9542775577415901,0.1015831545933521,0.47,0.49,1,GRIA2,-0,Not sig,NA
0.9549604715805355,0.1636609727251624,0.133,0.134,1,AC097376.2,-0,Not sig,NA
0.9559804067273031,-0.17290139792493575,0.114,0.11,1,MIER1,-0,Not sig,NA
0.9564948520515189,0.1537699575326658,0.195,0.2,1,GABRA1,-0,Not sig,NA
0.956848035040078,-0.11217491049783501,0.104,0.103,1,ELAVL1,-0,Not sig,NA
0.9580985899296096,0.12684905804922936,0.139,0.141,1,SLC30A9,-0,Not sig,NA
0.9631147034571759,0.24072441596852015,0.15,0.152,1,ACTR2,-0,Not sig,NA
0.9640043151834745,-0.11731385045953013,0.253,0.252,1,ZNF721,-0,Not sig,NA
0.9643859679804646,0.24255482025463362,0.146,0.148,1,UBAP1L,-0,Not sig,NA
0.9646292279694968,0.1742940391550366,0.134,0.134,1,MAPRE3,-0,Not sig,NA
0.9650455450612445,-0.20260210766803177,0.207,0.203,1,PJA2,-0,Not sig,NA
0.9652023134039274,0.12826079137839208,0.099,0.1,1,GLUL,-0,Not sig,NA
0.965872166701986,0.10430952707491342,0.207,0.21,1,SMARCC1,-0,Not sig,NA
0.9661853863304493,0.186607815326136,0.15,0.155,1,AC022639.1,-0,Not sig,NA
0.9662825546806187,0.12501582349122164,0.158,0.159,1,U2SURP,-0,Not sig,NA
0.9669665561470288,-0.13307185852185133,0.326,0.331,1,EFNA5,-0,Not sig,NA
0.9676232723343443,0.36943223491185445,0.126,0.128,1,PRPSAP1,-0,Not sig,NA
0.9683884249943543,0.19184906317831696,0.246,0.255,1,ELAVL2,-0,Not sig,NA
0.9684515766552906,-0.1984177732395498,0.184,0.179,1,CREBRF,-0,Not sig,NA
0.969922968923542,0.12448515261342943,0.178,0.179,1,TTLL5,-0,Not sig,NA
0.970221308371086,0.20043808985581923,0.134,0.134,1,GPR176,-0,Not sig,NA
0.9710437195932708,0.12388607244908778,0.148,0.148,1,YEATS2,-0,Not sig,NA
0.9712590815067442,-0.1269478949937811,0.142,0.141,1,LMO7,-0,Not sig,NA
0.9714386688879767,0.1318182400142336,0.225,0.224,1,RPTOR,-0,Not sig,NA
0.9729800127713885,-0.22908704524344126,0.148,0.145,1,GPATCH2L,-0,Not sig,NA
0.9742773107937979,-0.12751899731109884,0.104,0.103,1,MDM2,-0,Not sig,NA
0.9772867178430786,-0.5661541497046207,0.102,0.1,1,SERINC3,-0,Not sig,NA
0.9775387829650121,0.2741295065771472,0.1,0.1,1,STAM2,-0,Not sig,NA
0.9777063489555788,0.1512288878646415,0.285,0.29,1,STXBP6,-0,Not sig,NA
0.9778043446685358,0.20659714834224552,0.231,0.238,1,FAM193A,-0,Not sig,NA
0.9806889679623795,0.1190971743028425,0.133,0.134,1,FUBP3,-0,Not sig,NA
0.9811077634415006,0.1431477422029026,0.401,0.421,1,GPATCH8,-0,Not sig,NA
0.9817259480171695,-0.3537331823584816,0.16,0.155,1,HNRNPDL,-0,Not sig,NA
0.9822780241811351,-0.2186491388256399,0.194,0.19,1,SESN3,-0,Not sig,NA
0.9847664302036371,0.44742597448633725,0.109,0.11,1,PPP2R3A,-0,Not sig,NA
0.985150554347016,-0.13600330961143825,0.116,0.114,1,HDLBP,-0,Not sig,NA
0.9885238806899963,0.1510407989104336,0.182,0.183,1,ACER3,-0,Not sig,NA
0.9890425245824718,-0.12318464565203635,0.19,0.186,1,MAP3K2,-0,Not sig,NA
0.9895118099440036,0.2975205820866374,0.122,0.124,1,PODXL2,-0,Not sig,NA
0.9896615390997135,0.1552931545668166,0.157,0.159,1,PAK2,-0,Not sig,NA
0.9906838005196196,0.13471005570619976,0.497,0.51,1,RAPGEF4,-0,Not sig,NA
0.9911358194997283,-0.11855285067392485,0.125,0.124,1,STIM2,-0,Not sig,NA
0.9913773775447873,-0.1796402808530757,0.19,0.19,1,GFAP,-0,Not sig,NA
0.9930455049512423,-0.17543257387736844,0.12,0.117,1,GLUD1,-0,Not sig,NA
0.9943185236189315,0.12658234875456434,0.186,0.19,1,PER3,-0,Not sig,NA
0.9944128756726568,0.29225381827293595,0.136,0.138,1,SPRED2,-0,Not sig,NA
0.9953549136836323,-0.23250036547622216,0.128,0.124,1,SEC31A,-0,Not sig,NA
0.9966036581628168,0.1978906405083735,0.139,0.141,1,HGSNAT,-0,Not sig,NA
0.9967762424681321,0.3478719517465204,0.25,0.259,1,DENND5A,-0,Not sig,NA
0.9974542590743867,-0.4214707615622405,0.164,0.159,1,DDX5,-0,Not sig,NA
0.9978108446216334,-0.16770122885704875,0.146,0.145,1,TMEM65,-0,Not sig,NA
0.9979723094724933,0.37984404898881996,0.099,0.1,1,IRS1,-0,Not sig,NA
0.9983819313338735,0.12108181547264693,0.167,0.169,1,VCL,-0,Not sig,NA
0.9988767911380245,0.24136233666631612,0.1,0.1,1,EIF4E,-0,Not sig,NA
0.9989596712263115,-0.2248536430467788,0.184,0.179,1,CLTC,-0,Not sig,NA
0.9993649201791618,-0.11233973937837005,0.114,0.114,1,SPATA6L,-0,Not sig,NA
0.9998224523052258,0.2354308268137908,0.172,0.176,1,NRXN2,-0,Not sig,NA
