gene,cell_type_breadth,mean_abs_log2FC,mean_neg_log10_padj,ppi_degree,cross_region_confirmed,Consensus_Score
AC026316.5,3,2.3117892791518844,63.23163682724955,7,1,8.879021756880519
AC068992.1,1,10.48293997889346,14.507810192603294,0,0,7.659441032491614
ARL17B,5,3.481918014105882,144.2631487667278,0,1,6.083123802119317
AC092957.1,4,1.6617329471466902,51.71808846290389,4,1,5.690607254770441
AC012593.1,2,1.0810056399375805,29.657781515378833,5,1,5.439976827580523
PCDH9,5,1.23222023621907,176.35091311104347,0,1,5.24012797060263
NEAT1,5,0.9521032428094112,184.09316272438457,0,1,5.22878664561774
AC006148.1,2,0.5380378638326982,12.094974548642952,5,1,4.604173774840506
ADAMTS9,5,2.326228900015424,118.07546849006968,0,1,4.583850214616781
PLP1,5,2.1906224456016394,104.66184892666394,0,1,4.149545382388227
TMEFF2,2,2.1832246322274163,100.94969118480228,0,1,3.9013821607431733
AC087564.1,2,0.4944581152866733,11.52093791671361,4,1,3.7328125800343632
ABCB1,3,0.4543076442212556,8.889237050996988,4,1,3.6877008218934635
AL138881.1,1,2.5613366991845408,77.91120176866998,0,0,3.4521652409932897
STC1,1,3.6868826998635886,39.21069477519283,0,0,3.3080580653293064
MALAT1,5,0.5108755776390012,110.56848455755505,0,1,3.069062593862642
ST18,5,1.7539411495480262,73.52026598136855,0,1,3.0521597568953363
MOBP,2,1.8271416372621863,75.23691639469976,0,1,2.9985704160459146
IL1RAPL1,5,1.33193679900386,82.0361010978441,0,1,2.9564133326553534
NKAIN2,5,1.6721587599333854,69.81889931221201,0,1,2.8998832814921274
SLC24A2,5,1.7846035665008253,66.29336649826689,0,1,2.8940006655443375
KLF2,1,1.2305776413588083,91.58278870774315,0,0,2.8208496269841166
GPR85,1,1.6562475630675886,76.52462736424319,0,0,2.755804689116447
PEX5L,5,1.7497710003923677,61.61096506568532,0,1,2.7515365688709106
CTNNA3,5,1.3328657327967697,72.43431508487942,0,1,2.717175336378295
PTPRD,5,1.4288465623266493,66.67873598525308,0,1,2.6435342918599813
CADM2,5,1.2133514734686899,72.59182176935994,0,1,2.6337335169828293
MBP,5,1.4361315875159069,65.7811786585178,0,1,2.6264333913731313
AL356258.1,1,2.240448223633366,52.903344024577024,0,0,2.5926979277766207
EGFL7,5,1.4107622608537984,64.81542003831714,0,1,2.5837546255347577
SLC6A1-AS1,1,1.6095754863160066,68.63595055243402,0,0,2.524570367824936
CARNS1,2,2.1905198316014007,44.79079688011245,0,1,2.503489114778241
LINC01608,1,1.1885850390988555,77.61930741408354,0,0,2.441247047912171
CNTNAP4,2,1.8922131167438923,50.24100843767093,0,1,2.421578690941701
BACE2,4,1.721546065711777,49.55550934304767,0,1,2.379674893189089
AC125613.1,1,2.21383350620241,44.322885563434546,0,0,2.3588422743894166
ABCA1,3,0.7852470797684317,11.00046559250067,2,1,2.3320916441162858
FLT1,4,1.2376999860894862,60.10114892321661,0,1,2.2894338686870683
AK5,2,1.5577572628702554,53.03974070332057,0,1,2.246987702224005
ANK3,5,1.586453802772252,45.8479176297719,0,1,2.238267794052364
SLCO4A1,4,1.5995433546861464,47.280461154022284,0,1,2.2336321871039133
AC090502.1,1,1.5049915199134127,59.209800546225146,0,0,2.212579999032086
ANGPTL4,1,1.93548150327787,46.572558842358774,0,0,2.2115498717002384
NRXN3,5,1.4917876354330402,44.547695839808746,0,1,2.136568668786152
KLF4,1,1.81867137055688,46.09913155004597,0,0,2.1143200800718187
HSPA1B,2,1.9808323726406523,34.91383824333847,0,1,2.103392896086228
GRIA4,1,1.6677004637919888,48.590007160550634,0,0,2.066183406169938
BCAS1,2,1.5937452690164742,43.95568954425773,0,1,2.0463180423674907
MIR181A1HG,2,1.095002151633206,58.37131184099421,0,1,2.0418839053963973
HSPH1,3,1.8593994862171819,33.24394041683717,0,1,2.0228875142410696
BAG3,1,1.74441882155144,44.14834956900544,0,0,2.0112900742820106
ANO3,1,1.7360679690939964,43.850022317566484,0,0,1.9977305100607083
UGT8,2,1.5617041003901935,41.052452268308656,0,1,1.9503502261172558
TF,1,1.81273373628317,39.50636527744525,0,0,1.9452474413695062
SNTG2,1,1.6262473863049467,44.69829650153407,0,0,1.9386357942217058
HIF1A-AS2,5,1.6677124847641098,31.189622279825596,0,1,1.9314136404096767
PLEKHH1,2,1.419285372991441,44.225086316170646,0,1,1.9255009953052251
SHTN1,3,1.3061630720672444,44.1567324527294,0,1,1.8910888501125733
HSPD1,2,1.981379923680318,26.310737459598947,0,1,1.8888299379516804
ADAMTS1,3,1.5559195831241102,36.53001015279247,0,1,1.8831201430706044
HHIP,2,1.5568569137239685,38.076780365646236,0,1,1.8724541446016452
PIEZO2,1,2.16258414687549,26.25375588652375,0,0,1.8698853511594402
HDAC2-AS2,2,1.3073498843617712,44.821591259469365,0,1,1.8585691749481381
KIRREL3,2,1.5671571940120943,36.07991242366426,0,1,1.8300895431020139
AC091826.2,1,1.49941452475778,42.92264502204904,0,0,1.8015400300992668
TRPC4,2,1.5811386491973838,34.49587330178203,0,1,1.8007315029431885
PLPPR1,1,1.3171690451921467,48.14194104216627,0,0,1.798712658269753
CRISPLD2,1,1.310097302468194,47.42702680063831,0,0,1.7756791140360102
LANCL1,2,1.1896811214032645,44.58193103758886,0,1,1.76655270747878
SLC39A14,1,1.94639443340724,27.91554166823868,0,0,1.7533506881061904
NCKAP5,4,1.1751647550173823,40.24272552702681,0,1,1.747517213396598
PARD6G-AS1,1,1.86428804824244,29.930603310243907,0,0,1.7436721348586104
SLCO1A2,3,1.2816475669295635,38.84673931323144,0,1,1.7404861430005647
NCAM2,5,1.0152881944844891,42.50004353043263,0,1,1.7370337386245351
SULF2,2,1.6699426015743053,28.310017626581576,0,1,1.7110922117677678
PCBP3,5,1.4610984351929144,27.472388198893594,0,1,1.6874757207873932
AL354809.1,1,1.3541743718418369,42.52866504789591,0,0,1.6855100549671116
DNAJB1,3,1.6415738104496362,25.97854836663404,0,1,1.682095894315416
KCNE4,2,1.3626731650267347,36.102711192529426,0,1,1.6811600464333851
TRPM3,1,1.9181000902166425,25.569346492482335,0,0,1.6740408475192547
CD22,1,2.02423675286713,22.179618195920725,0,0,1.6669396296364358
TTLL7,5,1.2566475665625048,32.474873863118376,0,1,1.662996512641637
DUSP1,1,1.021867862678424,51.28238854509936,0,0,1.6612861632525247
UNC5C,4,0.9327945067490575,43.349131954622926,0,1,1.6479381798292367
PI16,1,1.472662969914802,36.46604731722989,0,0,1.6206526494741347
NAMPT,4,1.5951605312886628,22.81606203303107,0,1,1.6191427817774136
PPP2R2B,5,0.9785541708798954,38.677453031176405,0,1,1.6146633336143073
LPAR1,2,1.1998569766841276,36.79326619722191,0,1,1.5793791277766511
CHRM5,1,1.8301391667595708,24.180155177297326,0,0,1.57502089856083
ABLIM3,1,1.2966967737111896,39.21105628170204,0,0,1.5605917698255136
SPOCK3,3,1.0378787764124724,38.65279130279893,0,1,1.5574195950772445
LINC02340,1,1.68237620333033,26.986690792571466,0,0,1.5371168743123913
OPALIN,1,1.4085050970903996,34.82168070411369,0,0,1.5326592205222411
CLEC5A,1,2.450254752526466,4.251686297296174,0,0,1.5304430181908508
HSPA4L,1,1.71057371311369,25.746146925253115,0,0,1.5267350734461482
DOCK10,5,1.1170085072452487,31.101416612582906,0,1,1.5265875964226678
KCNH8,2,1.304868842175528,30.738760741408527,0,1,1.5048715236116907
FRMD5,5,1.1157485000019665,29.74340019865451,0,1,1.4917340230189853
ALDH1A1,1,1.44710218864988,32.034499487704906,0,0,1.4912352039104497
RNF152,5,1.3298298856935253,23.403409282814334,0,1,1.4898342741365618
SLC2A3,4,1.3727807435283883,24.094909835182087,0,1,1.48851416420084
ZNF536,1,1.665043594653117,24.70647992737308,0,0,1.467469937041883
ADGRD1,2,1.3588252504062128,27.238924487441704,0,1,1.456869857967505
ENPP2,2,1.1350518679183368,33.72232274898875,0,1,1.4552670251010502
MCTP1,2,1.1711075016414187,32.56273404065439,0,1,1.4526531367654474
MTUS2,1,1.0591954534224417,41.82718132798821,0,0,1.4523219068228244
AC138627.1,1,1.44246354840041,30.060993387814236,0,0,1.438532428438375
NLGN1,2,1.176955590629568,31.157750149579222,0,1,1.4218227602120634
BSG,5,1.0570248798215895,27.933668123962203,0,1,1.4035816592393835
NET1,1,1.1447628571554491,37.302404456921444,0,0,1.401821272732076
NPAS2,5,1.0784511680860125,26.685920264406715,0,1,1.3880693847237462
C1orf61,1,0.993008786850869,40.928757031285706,0,0,1.381483870137739
PRUNE2,2,1.3527515443359355,24.252878526636678,0,1,1.3778178490883028
ZNF365,2,1.1757365764194259,29.30293749309354,0,1,1.3745858481139326
COL4A1,4,1.4192104176244227,18.12394210129824,0,1,1.3732641987758403
ATP10B,2,1.025825787906042,33.457714732643836,0,1,1.3687996762924861
TRIM2,4,0.9857164257426918,30.523597871738865,0,1,1.3661615890893894
ISYNA1,4,1.2676780571193158,22.211981495035236,0,1,1.3646249287141634
IL4R,2,1.1037279742046842,30.803188027051792,0,1,1.3594263866194802
CACNA1C,4,1.0235168580189635,28.777380068184335,0,1,1.350165393301903
NR4A1,2,1.4741446123052953,19.495216123581045,0,1,1.3476904682629136
CNP,1,0.88616337557792,42.65244759017645,0,0,1.346438099455175
MT-ND3,4,0.7848401991502986,35.533889018095294,0,1,1.344490850688711
PTP4A3,1,1.3348379221523934,29.416342549971443,0,0,1.3437391545642265
AC009063.2,1,0.7957551124522495,44.761131930433024,0,0,1.3330293313133146
CNKSR3,2,0.6884669635237414,41.73628687516468,0,1,1.3290095408280458
JUN,1,1.3554308443757423,28.198420781407247,0,0,1.328362858711134
PDE4B,5,0.7055173910557586,35.11447431902167,0,1,1.3260178027446023
ERMN,1,1.1682108510504503,32.28460449772565,0,0,1.2935858377536662
TSHZ2,3,1.295313318282647,20.466767028026762,0,1,1.2912220021954968
DIRC3,1,1.4701036358093498,23.329553718783316,0,0,1.2905436147243479
NAALADL2,4,1.127700833111216,23.25815715782715,0,1,1.288427470239198
EDIL3,4,0.9402471805284747,28.68877986412267,0,1,1.2870727413110425
FRMD4B,4,1.0375316687032194,25.664501338061054,0,1,1.282631051448169
MYOF,4,1.1427623684442463,22.451017171684256,0,1,1.2792712429693052
OSMR,5,1.1629394090878002,19.82024138981672,0,1,1.2782883058864112
QDPR,3,1.4745954704119602,14.687101353676935,0,1,1.2778810724945244
MDGA2,1,1.5044226996253056,21.748849454311745,0,0,1.276137815857974
FAM135B,1,1.4645256271913825,22.76077207580664,0,0,1.2722535203956529
SLC44A1,5,0.8983050192020208,27.293387356043123,0,1,1.2715423620626505
SLC16A1,1,1.078785730758284,33.815791222187954,0,0,1.266466078074469
ERBB4,5,0.9067852893484362,26.647581358554863,0,1,1.2616057504735967
MAN2A1,4,0.6958838036118445,34.813579368164405,0,1,1.2614562670067528
FP671120.1,5,0.6624754514081255,33.56805919100604,0,1,1.2559098107814275
PDE1A,2,1.170783838859629,24.683616421158355,0,1,1.2555431954184615
SLC1A1,2,1.3456507640764277,19.421139569121607,0,1,1.2518971266854886
PTH1R,4,0.9396677231047705,26.989208047059066,0,1,1.2441823714330784
BCL6,4,1.0608534628017392,23.400319277380685,0,1,1.2431072321603767
EXPH5,1,1.2446177026291996,27.972990732704446,0,0,1.2417141310935396
SHC2,5,1.050987059070309,21.60237463747015,0,1,1.2409691212034348
SH3GL3,2,1.2569533356003475,25.392155109234565,0,0,1.2362461475314857
CTGF,1,1.4829937606071888,20.568405244192252,0,0,1.2309755957277586
AATK,1,1.42356591481302,22.28515947089057,0,0,1.2304236972479297
CDH8,1,1.1810103654832482,29.20572647613991,0,0,1.2260125537261968
INPP5D,1,0.7187209992119674,42.588298032458184,0,0,1.2224173626167414
SLC1A2,4,1.0232179885516526,23.592705735669004,0,1,1.2203988798841818
LINC00609,3,1.1108518408494172,22.734548871632498,0,1,1.2130258447794862
TMTC1,3,1.0172179957104408,25.352357218795547,0,1,1.209980178877823
ZNF804A,1,2.027225894675581,3.748042553369361,0,0,1.2085803744789654
NEGR1,2,1.0976898278209963,24.909680597152395,0,1,1.207752448365712
RFX3-AS1,2,0.961033805188499,28.306676570849373,0,1,1.1927224248183328
TMEM144,3,1.025814782125399,24.154296280105644,0,1,1.1863297129555908
LINC00499,1,0.931665022989334,34.53880317015693,0,0,1.1769711861147234
AC025159.1,2,1.2079400712186885,20.309253486983668,0,1,1.1734072943453766
PFKP,1,1.15404517955929,27.721804301012206,0,0,1.1692198402969682
DLG2,5,0.5671921622418847,32.714418930299345,0,1,1.1649181129338182
PGGHG,3,1.3249690419244295,14.464050233990095,0,1,1.162915223730048
AC091948.1,2,0.46888592975098053,8.395313360197292,1,1,1.160547862148358
KLHL32,2,0.7962910356180172,31.81050044035197,0,1,1.1598273371806198
AL022068.1,1,1.25349338909579,24.29167185318344,0,0,1.1562190980100244
AC079594.2,1,1.287305819421752,23.060574880216972,0,0,1.1501784368875967
APLP1,1,0.7577490300728051,38.18174366591554,0,0,1.1408455832465418
S100B,1,1.3364885372130673,20.91437322918489,0,0,1.1325095949368251
SELENOP,1,0.8851538992196698,33.950277401231645,0,0,1.1282613722744825
SLAIN1,2,1.194317802761279,18.765340821297094,0,1,1.1248706802973312
CLDN5,4,0.901409339651978,23.116271864701442,0,1,1.11943952679241
MARCKSL1,1,1.12493437031918,26.45262573695406,0,0,1.116224190925504
NTRK3,3,1.0659571050007177,20.14566064938924,0,1,1.1155152815752412
ARRDC3,2,1.047275157723455,22.68283849169116,0,1,1.115252582362894
GRM3,2,0.434137113541967,40.604478101892845,0,1,1.1147876915987422
AL356599.1,1,1.50031861907129,15.294141471706144,0,0,1.1118553201671042
SH3BGR,1,1.4795561380301,15.360521534579997,0,0,1.0983344000378312
RFTN1,4,1.000462304444548,19.347086637802658,0,1,1.0976780023140362
HECW2,2,1.057123746721941,21.527124708852256,0,1,1.0935754313040698
GALNT13,1,0.9556461825321446,30.36830951036625,0,0,1.090296956577867
ZNF385B,2,0.8274712008784934,27.817012520006383,0,1,1.0828391249868898
ABCA2,1,1.27617491581581,20.547586986158713,0,0,1.0792492586044546
LSAMP,4,0.8026229675651013,24.347252770568005,0,1,1.0779745563084426
TMEM151A,1,1.2457192066811258,21.201162354153258,0,0,1.0733136622415458
CDK18,1,1.34102908579054,18.384083937165887,0,0,1.072605578322888
CDH20,2,0.751969637194849,33.54758620213015,0,0,1.0708278464748402
ANKS1B,4,1.0357095159239884,17.11971341994296,0,1,1.0677926398202817
DPYSL5,2,1.0531200192025292,20.5094136432526,0,1,1.0652190267085946
GLDN,2,1.0650416460126466,20.124416983626617,0,1,1.0643151759869374
MIR4435-2HG,4,1.0834394182393676,15.419054613909196,0,1,1.060194292712683
SMAD7,1,1.096491773181062,24.903598170954407,0,0,1.0567245655230653
MAP7,5,0.897573476177749,18.709924928990933,0,1,1.0565349508241189
HES4,4,1.1762107570725246,12.483465985568449,0,1,1.0546690894224182
ROBO4,1,0.9902456186294968,27.856828207250423,0,0,1.052839073354186
AL138828.1,1,1.787168928154555,4.376783387757387,0,0,1.0487838534851968
FAM13A,3,0.8917351068156821,22.40454765218661,0,1,1.0445829990796878
MAGI2,3,0.43085787761813726,35.84037146603593,0,1,1.0433508268050826
EDN1,1,1.1987495875510472,21.255803739380234,0,0,1.0403392783916332
LRRC7,2,1.1099144894513806,17.558847315799476,0,1,1.033016734708146
SYNE2,4,0.9002286183983411,19.6817219586065,0,1,1.0327581576549196
MFSD2A,1,0.8678694301130297,30.364681650394033,0,0,1.0260323427156666
PDE10A,4,1.0605586049511255,14.687755671848825,0,1,1.0251932682835996
IER3,1,1.2111817581733717,20.147408623904408,0,0,1.021733333414902
PLD5,2,1.0589389700731249,18.164656114008636,0,1,1.0108854858806515
COL4A2,4,0.9876340522164119,16.2395198651654,0,1,1.0106513087899436
AEBP1,1,1.06017198311207,24.029477416189092,0,0,1.0083295979860918
ANO4,2,1.0523658571698566,18.083161969623962,0,1,1.0040435830312178
PLOD2,3,0.9342067045070448,19.510022617193428,0,1,1.0033094807588172
STMN4,1,1.3175739948967329,16.26223136714138,0,0,1.002439322136969
RIPOR2,1,1.6961339554086765,4.994828198062139,0,0,0.9976707018493037
GPM6B,4,0.8678353200344863,19.162218441982763,0,1,0.9960945871135147
LINC02043,1,1.0824788318567111,22.87879977273419,0,0,0.9958865714308428
MECOM,4,0.9182426320596287,17.578390031359977,0,1,0.9933729143329522
CALN1,2,1.031211055613267,18.231063160953088,0,1,0.9922727813214831
AL359710.1,1,1.21305102583439,18.782876982388863,0,0,0.9890047923356943
ATP8A1,3,0.7090299047973324,25.52601576151239,0,1,0.9890016824120736
HS3ST5,2,0.7693715801972003,25.740099605277326,0,1,0.9884669969712948
AC105383.1,2,1.1178569410628394,15.401760648709676,0,1,0.984924973896075
FOSL2,3,1.098311232208954,13.931748485166976,0,1,0.9839042380011063
CNTN2,2,1.0938970878575585,20.06285078347587,0,0,0.9838731776082966
SRCIN1,2,1.1190778450916663,19.321413969847054,0,0,0.9837568643011497
ERG,2,1.1921010490360364,13.178419716328838,0,1,0.983651165663108
PCDH9-AS2,1,1.145020259246568,20.52068583591768,0,0,0.9826893471160492
TFPI,2,1.1410031534503549,14.355642656467971,0,1,0.9757082125363975
MMD2,1,0.767655233822106,31.246482709670005,0,0,0.9747986244990131
CNTNAP2,2,1.1530262906736182,13.96251922345024,0,1,0.9746755151037295
FA2H,2,1.142097991768405,18.235631423779118,0,0,0.9734568486300181
PLXDC2,5,0.6554059730920652,22.452623239699165,0,1,0.9730029926085002
FOLH1,1,0.653779956767985,34.43886945204496,0,0,0.9713111894610462
BTG2,1,1.2218512922566158,17.740313914252734,0,0,0.9693884733684205
NRXN1,5,0.9269504648365634,14.212781046295841,0,1,0.9656437175920063
AC108866.1,1,0.944834353981053,25.650127251658247,0,0,0.9645004801241343
HSPB1,3,0.914944683080293,18.441607467855075,0,1,0.9625307423405142
PGK1,2,1.2497823481521535,10.628202300801807,0,1,0.9621006444871492
LINC00639,1,0.5969677331171901,35.66442044190227,0,0,0.9603980257002037
FAM20C,1,1.16621010045839,18.931761635934084,0,0,0.9584793272577029
JAG1,1,1.3151005805538405,14.518232381595835,0,0,0.9570541828729703
NPAS3,4,0.7610119074616992,20.662149039020825,0,1,0.9554738721409419
IFI27,1,0.9944326788286176,23.83280025506301,0,0,0.9553529893840543
KCNQ1OT1,1,0.6961533965139627,32.15101792346632,0,0,0.945124688804571
CRIP2,3,0.917557562779057,17.554315007125197,0,1,0.94227050129914
PACRG-AS3,1,1.177300646822716,17.842296305513422,0,0,0.9393655081987339
SLC7A5,3,1.0258659204125422,13.900680339712093,0,1,0.9301628643278389
ADAMTS9-AS2,3,0.7986803699509581,20.471451025804104,0,1,0.9282485309674559
MKL2,3,0.830140246664945,19.542269115871385,0,1,0.928031774972837
GREB1L,1,0.8016817160819696,28.369690777576146,0,0,0.9277939376348371
LRRC4C,3,1.0252993882777965,13.764568834687367,0,1,0.9263476900809442
AC021231.1,1,1.26988335728755,14.440381352239035,0,0,0.9220504323251274
PDE3A,4,1.0557345613229228,10.64308611736714,0,1,0.9206033611572495
SLC5A11,1,1.262405002063069,14.57045264525655,0,0,0.9198330293374853
APOE,1,1.5923947173605306,4.882808183918911,0,0,0.9190274808386579
UPP2,1,1.1936980179269,16.21341766738046,0,0,0.9106533622160841
PECAM1,2,1.0046078055375882,15.732420107960197,0,1,0.910390133761641
NCALD,2,0.9189725765456545,18.228773343498673,0,1,0.9101575259879454
SLC2A1,1,0.697426855525453,30.57132459831123,0,0,0.9065843645692758
ANO2,4,0.9327568067132361,13.65210770751843,0,1,0.9058793713650968
CFH,3,0.9585439307221977,14.853743609728348,0,1,0.904757390389123
AKAP12,2,0.9513725220373772,17.020931924044625,0,1,0.9036652710753063
MCL1,1,0.9796047550989174,22.10650865912483,0,0,0.9013778641585884
P4HA1,4,0.893905861084653,14.498893128636313,0,1,0.8986336666840289
AC104596.1,2,0.8007866015904648,21.044961262003806,0,1,0.8941185460817415
ITGA2,1,0.6994180763572265,30.013897888203143,0,0,0.8941118893532157
NXN,4,0.7964854220419788,17.079161587861254,0,1,0.8918816068178772
LRP1B,4,0.8103832017271451,16.606464415660184,0,1,0.8902311818606621
CP,1,0.6422950885446128,31.400179775776625,0,0,0.8869876625855521
IER2,1,1.087207212674643,18.32931824171664,0,0,0.8856668875877253
HEPACAM,2,0.6866323971191421,23.72476268976435,0,1,0.8776193599852521
PTGES3,3,0.9096497552737471,15.15777431262257,0,1,0.8766073762294856
DNAJC6,2,0.8490742924423601,18.851376561627088,0,1,0.8746113990296033
SLC38A5,1,0.9157592176697372,22.732805068940138,0,0,0.8703492073728616
NAV3,2,0.8488310366039487,18.44675344453845,0,1,0.8643233488762346
CYP7B1,3,0.8399308179489772,16.68257478666707,0,1,0.8637353211888306
TPRG1,0,1.7506306990577394,0,0,0,0.8627091318597717
EPAS1,4,0.704172769664364,18.605899850746603,0,1,0.8625396074034368
SLC6A6,1,1.2798742442234194,11.711257677086758,0,0,0.8611629626294293
LRP2,2,1.1125533815603468,14.396191477130532,0,0,0.8559216425960032
CCP110,1,1.23243850347033,12.828167615240098,0,0,0.8543904027061919
YBX3,4,0.9272260636853377,11.688045907940296,0,1,0.852760357763527
PLA2G4C,2,0.8028158089531885,19.256814999903536,0,1,0.8509221974719835
COLGALT2,2,0.6909254246591517,22.47392592873996,0,1,0.8495037025033203
AL592183.1,2,1.0200643024480296,12.824921039760973,0,1,0.8490415791970695
CARMN,3,1.0038569605110164,11.26796348003586,0,1,0.8482890575606862
NALCN,2,0.6382076555155851,23.957700803114008,0,1,0.8480361802841541
FAM66D,1,1.06169058379648,17.53351875567219,0,0,0.8471271498471954
ELOVL7,4,0.9743956354627465,9.959774821796692,0,1,0.8440624102354322
NFKBIA,1,1.3107776553509043,10.078496104391228,0,0,0.842959223811003
KANSL1,5,0.5460937671656908,20.423241468934883,0,1,0.8423767681472101
ZNF331,1,1.2343893803629369,12.064062431153346,0,0,0.836724214589264
RPGR,3,0.981782871566933,11.440648664990954,0,1,0.8364654315655402
C10orf90,2,0.8984089308858911,19.49844360439175,0,0,0.8268482511803472
PARVB,4,0.8782976202351305,11.912790715393161,0,1,0.8226041956063841
ESRRG,2,0.9643248967351664,13.348937469738988,0,1,0.821383709299052
CMIP,2,0.6019125587456224,23.694817229544277,0,1,0.8149320787571936
SVIL,3,0.8607272441770162,14.077983015179381,0,1,0.8138594721512378
IFITM3,2,1.009384987527212,11.723806362255996,0,1,0.8137206408694654
LIPA,2,0.7940222944498769,18.02437416659984,0,1,0.81369856607834945
ELMO1,5,0.6545460452279155,16.083479068527637,0,1,0.8132302701067103
PALM2,1,1.1072358858695373,14.686960594556178,0,0,0.809299365043833
IARS,1,1.15911891253131,12.916126444824558,0,0,0.8029839335108038
KIF6,2,0.8013810912362099,17.267623168528907,0,1,0.8001698887119822
ZEB2,4,0.53808918467406,20.95185137569119,0,1,0.7997328110822235
ANKRD33B,1,0.9484129483297562,18.93477312638948,0,0,0.7993221291485303
GALNT18,4,0.7138075406561128,15.722922683858162,0,1,0.7975474855893339
AZIN1-AS1,1,1.01215672018948,16.989077258164308,0,0,0.7973089191326174
ATOH8,1,0.8636925919909302,21.309119800459857,0,0,0.7967098448956437
RBPMS,3,0.7773906868147318,15.754908194194408,0,1,0.7948326133526585
AC053527.1,2,0.8352546785299115,16.02174816833505,0,1,0.793804685278214
IL6R,2,0.8741286644372566,14.883893101008036,0,1,0.793794358899105
LRRC37A3,4,0.7351967549201487,14.735907132188784,0,1,0.7885229514242658
STAT3,4,0.6573726818577256,16.884945632207014,0,1,0.7853228574939151
GNA14,1,1.1829787052033782,11.36708285415383,0,0,0.781722412419794
SOX18,1,1.083422259618052,14.268579181164284,0,0,0.7814351398410763
RHOBTB1,2,0.6906314027766545,19.75714009120824,0,1,0.7814051733299597
FAM107B,2,0.8329728766224418,15.564753299477433,0,1,0.7807176468999314
AL589740.1,2,0.5852937270543072,22.794659860020595,0,1,0.780289997976156
AC004690.2,1,0.9016177498836196,19.414416744842846,0,0,0.7770946770509436
VEGFA,1,1.16561995453152,11.671963133616037,0,0,0.7766493126316036
ITM2A,1,0.8772166280765163,20.09984739856322,0,0,0.7763815749440471
GGT5,4,0.9038293401445702,9.302007384402291,0,1,0.776035633611649
NUDT4,1,1.19270237199589,10.817172183048873,0,0,0.7750909632493731
AC004889.1,1,1.125175877850095,12.7918994029327,0,0,0.7750640068172536
GPR37,1,0.7090905827039717,24.941549536776346,0,0,0.7744421500696137
AFF3,4,0.9828783974962971,6.89858638443584,0,1,0.7737751344477316
HDAC9,2,0.8697804513539098,14.171908550389876,0,1,0.7728252024015115
KIAA1217,1,0.9151048306997992,18.66743801854141,0,0,0.7682905918217483
HSPA1A,2,0.8930125358071808,13.293827329634528,0,1,0.767869910332648
COL4A5,3,0.6090407747527384,19.39726809757403,0,1,0.7627618893111978
PARD3,3,0.5455085990078556,21.134467948180966,0,1,0.7597201664407188
LINC00877,1,0.8895649825578447,19.000760165279125,0,0,0.757946925073184
BNIP3L,4,0.9034951906583074,8.517029573388443,0,1,0.7561773142728239
TMEM235,1,0.9856321542929388,16.078337026151377,0,0,0.7551602819547844
MKRN3,2,0.8368431502084349,14.317058290472506,0,1,0.7523714142428835
SLC6A1,3,0.42957990345017527,24.151152946640828,0,1,0.7503412578280223
SEMA3F,1,0.8358433125207805,20.26087183009311,0,0,0.7501568364307263
FRMD3,4,0.8574283347371725,9.59207918299904,0,1,0.749359599674022
STIP1,3,0.9698377878823505,8.299013607584833,0,1,0.7492331716947088
CEP112,2,1.1522508718803797,4.9032972924289595,0,1,0.7477483563285611
TSGA10,2,0.8353854879222201,14.066439429663445,0,1,0.7450435675666319
THSD4,4,0.46199369880760444,20.955315553756684,0,1,0.7441856287848914
IFI44L,1,0.9210484578378146,17.50147825204545,0,0,0.7435024926290984
AC007319.1,1,1.1277866311487033,11.402125006398501,0,0,0.7422468354479171
SAMD4A,3,0.7194408703922137,15.299413002873406,0,1,0.7410839194196587
ARHGAP29,3,0.8321565525790663,11.993128827724114,0,1,0.7408776462824793
ZMAT1,2,0.8338801803197122,13.938158859644084,0,1,0.7407377198759723
GTF2IRD1,1,1.1640248197131775,10.250073585717857,0,0,0.7399547458512552
CTNND2,3,0.7038441273170559,15.675189184330442,0,1,0.7390704871412265
C21orf91,1,0.996081512999435,15.1039389302344,0,0,0.7384528406420227
PTPRG,2,0.4076264128786367,26.27457685620875,0,1,0.7373483651908519
PLXNA2,2,0.6160121966609804,20.136988118373644,0,1,0.7363419036346578
AKAP13,3,0.7467540669405147,13.962744505045626,0,1,0.7276537540205532
AC078881.1,2,0.869703927937179,12.30611279141889,0,1,0.7261491385800031
LINC02328,1,1.2896480926964604,5.997758859758991,0,0,0.7255470674981076
FP236383.1,5,0.3362950717123975,21.786476420447084,0,1,0.7230548000048349
RBMS3,2,0.9109075304134748,10.895302143485667,0,1,0.7210217401956198
PLD1,2,0.9613030651897152,13.386076555774164,0,0,0.7201024190746023
ATP1B3,2,0.9342227352267818,10.162226848470421,0,1,0.719750440327031
MRPS6,2,0.8354422385698637,13.031440627032891,0,1,0.7192238323689283
FGF14,1,0.976355917569615,14.762689343068999,0,0,0.7155046639435323
ITGA1,2,0.9288509505409993,9.996241050845667,0,1,0.7116756644357262
RNF24,4,0.8339304931356754,8.738299261288162,0,1,0.7108470651506398
CERCAM,2,0.8898844020421824,15.092416666962292,0,0,0.7105237672714806
FAM13C,3,0.5647424417513947,18.513634710789006,0,1,0.7082960848503284
IRAK3,2,0.7135117714735372,16.12620933035117,0,1,0.707408058187713
SH3TC2,1,0.5382063859749588,27.193491345518158,0,0,0.7057766111156398
THSD7A,2,0.8809705186413206,11.102946982736565,0,1,0.704323024227835
LINC02062,2,0.8161927550307844,12.983325946009026,0,1,0.7039482231259221
GFPT2,1,1.23412034789943,6.655798952785552,0,0,0.701392755631086
FGFR3,1,0.721174500486961,21.558368306466846,0,0,0.6987421509819469
TACC2,2,0.9763265596272183,8.055971976232883,0,1,0.6979043276219867
IL18R1,1,0.8939814516568845,16.411794894153584,0,0,0.6964860731203074
HYDIN,2,0.8650114166260885,11.212020704589062,0,1,0.6953806499258699
GLIS3,4,0.6005683444013955,14.938078450255752,0,1,0.695147133061468
VWF,3,0.6518736649379872,15.381850982667014,0,1,0.6937450963452754
LEF1,5,0.6184154553164215,12.280802868288045,0,1,0.6917986311188841
FLI1,3,0.6777326740022585,14.415441269381697,0,1,0.6885033209283478
PDZRN3,2,0.6780440700825104,16.380675944037282,0,1,0.6878357535731491
CSRP1,2,0.7097749857612214,15.393886644446166,0,1,0.6863777355981374
EPM2A,1,0.963200993119917,13.943092310370634,0,0,0.685407999438543
AC090517.4,2,0.8091951681538232,12.423610247973592,0,1,0.6848467971893455
DPH6,2,0.7936273164244317,12.812324212099028,0,1,0.6831777602594598
CHADL,1,0.937779919986916,14.558375821060695,0,0,0.6821964594205557
HSP90AA1,3,0.8043998953138893,10.405536758865326,0,1,0.680915914049316
LINC00320,1,0.6214835658765302,23.74079466160174,0,0,0.6803893524542205
ABHD3,3,0.828936423405588,9.58655253411763,0,1,0.6783909465232206
ARMH1,1,0.903211849340633,15.366017830493293,0,0,0.6771039177814976
EBF1,4,0.5867931272128525,14.554181351083956,0,1,0.6754836823161003
AMER2,2,0.610695458097996,17.820859938513685,0,1,0.6745823653718619
AC007952.4,0,1.4539778203125873,1.120194106681769,0,0,0.6738148988106017
ABCC9,1,0.7700933788258242,19.119680763002755,0,0,0.673572151602937
ALCAM,2,0.6332068827669358,17.121408275486935,0,1,0.67356356263925
MARCH1,2,0.7470115271824558,17.787594813364105,0,0,0.6734124500939893
LRRTM4,2,0.8448944507521794,10.824267414860532,0,1,0.6709843655730385
ALK,1,1.02404712082152,11.411063120541959,0,0,0.6666257623217167
LINC01630,1,0.5261216177425578,25.931043824299927,0,0,0.6653969610777749
ITPKC,1,1.04224452353516,10.696461091007723,0,0,0.6620744013967448
DMD,3,0.5565129982875268,16.89739330605665,0,1,0.661894930625136
GRM8,3,0.866259056229599,7.828567563441354,0,1,0.6617514065612223
CREB5,3,0.7813917552381786,10.198782560653093,0,1,0.6589284533785489
CAVIN2,1,0.9115912521710952,14.347554177192059,0,0,0.6577820689551654
ANK2,3,0.6958293939623139,12.500450989373382,0,1,0.653884584647238
GARS,1,1.11279425673046,8.285501002725974,0,0,0.6534116322755346
AC115622.1,1,1.06414341436061,9.675971718102877,0,0,0.6525860929662174
ANLN,1,0.4699585256860561,26.959490933445835,0,0,0.6500334006642013
SLC7A11,2,0.6602294666705233,15.171310566858295,0,1,0.6445933448085351
SYNDIG1,1,0.6066130597477764,22.737428282399986,0,0,0.6444466254152285
KCND2,1,1.07727574966813,8.962946116325794,0,0,0.6443710289864636
PDGFRB,2,0.9355651913593667,7.018875493901644,0,1,0.6421898739822433
P2RY12,1,1.129937964003465,7.2595387909736315,0,0,0.6403100401690205
RIMKLB,1,0.5796062449397114,23.3548236954386,0,0,0.6401285122741253
CACNA2D3,2,0.5912945586684227,17.00921116664208,0,1,0.6401178423600028
ZNF98,1,0.731204044902389,18.89650818941453,0,0,0.639563639666654
LMCD1-AS1,3,0.7471156115771288,10.421968410580327,0,1,0.6394456981014734
LINC01748,1,0.741786928267079,18.463314312327483,0,0,0.6364767373846386
RAMP3,1,0.828345218440466,15.922881220179088,0,0,0.6362827881449215
AIF1L,2,0.7256908710568676,16.891773484615232,0,0,0.6354411884543396
AC010099.4,1,1.00329292562634,10.650816204951447,0,0,0.6324562027067903
MT2A,2,0.650829229914404,14.846360394618928,0,1,0.6296013516793908
KANK3,2,1.0377682758616982,3.516923351432792,0,1,0.6294086941276266
UFL1-AS1,1,1.03607107080065,9.522565651353368,0,0,0.6282291659502025
LDLRAD3,5,0.6257537136352954,9.433319434056411,0,1,0.6260143908782855
ECE1,4,0.8093974172151067,6.050559406516416,0,1,0.6257530219797294
HERPUD1,1,0.7368016445961474,18.054104870350372,0,0,0.6226071728359012
TUBA1A,1,0.7293591647502564,18.213763885156986,0,0,0.6211552986294421
PHLPP1,4,0.46997120939416465,15.786548731785683,0,1,0.6208674893488535
PDE7B,4,0.6930896000180541,9.195012177464333,0,1,0.6192894335127246
SUN2,2,0.7273930751235511,12.188103592606094,0,1,0.6191563921369585
NRG3,3,0.6803952202184241,11.522007873537216,0,1,0.6181525083794817
TPST1,2,0.7842258312186375,10.482490513756566,0,1,0.6180893899964822
MSR1,1,1.1720196224155297,5.130386897781778,0,0,0.6178756003496121
BDNF-AS,2,0.7927290610106686,10.18784242824328,0,1,0.616943848916996
STK40,1,1.10676246825953,6.921755465094791,0,0,0.6149262368452633
ACSS1,1,0.673377478799868,19.533176777310377,0,0,0.6131946457166135
FAM124A,2,0.6373995946585946,14.564596225054581,0,1,0.6127425243586709
NOP58,1,1.1492149960900404,5.508713706127965,0,0,0.6106561850725093
GNAI1,2,0.6181054885818403,15.035899215369064,0,1,0.6104128355827814
CNTN1,1,0.7930366002282105,15.906901044221717,0,0,0.6100692115799816
ZFHX4,1,0.6055032968559529,21.311465076618305,0,0,0.6080051288106963
IRAK2,1,1.0464145441303518,8.389181858286811,0,0,0.6074717801929265
MIR99AHG,2,0.48983057304092736,18.663563792758023,0,1,0.6072739278278053
ARHGAP42,4,0.7474296779137989,6.961056855719385,0,1,0.6031984835231086
NOSTRIN,2,0.7291515306777623,11.496790772846882,0,1,0.6031683664075352
DNAH11,1,0.6833150957788701,18.84054509108858,0,0,0.6031534863380038
MT-ND2,2,0.4508489839742694,19.620545624107756,0,1,0.602686156068079
SCARB1,4,0.6811245074777824,8.784041018707699,0,1,0.6002728808112936
C3orf58,2,0.6929100926374425,12.435201294761878,0,1,0.6001198948643816
SEPT4,1,0.74320678119895,16.853737629551524,0,0,0.5972967552756329
GPX3,1,0.913427254172868,11.83446473379169,0,0,0.5963305143852563
ADAMTS6,1,0.7171644410085946,17.57322661065257,0,0,0.5962347571775367
NMD3,1,0.960444380490795,10.269354184658729,0,0,0.5915979600604044
SPOCK1,3,0.8080373637583229,6.571731084626519,0,1,0.5877810520565503
NTM,3,0.578977816696787,13.189338667701234,0,1,0.5856669320856879
C1QA,1,1.247832533390708,1.608692291771016,0,0,0.5853071504077614
CPNE8,3,0.6693881201282035,10.518968456537221,0,1,0.5850425040149635
ADAMTSL3,2,0.6416924020424972,13.277891476405106,0,1,0.5837304825364447
SLC26A2,1,0.8242501781116818,13.910243749167366,0,0,0.5829996763049777
DNAJC27-AS1,1,0.961976842710729,9.832860253826862,0,0,0.5818117979877361
PDK1,1,0.9879808780699436,9.045807024517048,0,0,0.58115758226850045
ATP10A,3,0.659517185391162,10.600219377223539,0,1,0.5798560147373035
PPARG,0,1.334014959748446,0.8532823805099078,0,0,0.5794402808799223
IQCJ-SCHIP1,3,0.7285546969585708,8.502320033338727,0,1,0.5779100151385441
PCSK6,2,0.8124993357342742,12.013374102177892,0,0,0.5770120325497626
FTCDNL1,2,0.7392986566263164,10.095569328813246,0,1,0.5755750456903008
PRKG1,3,0.5612055278375173,13.226846524271135,0,1,0.5736107327181521
IGFBP7,2,0.7970710376733832,8.22529393996038,0,1,0.5710806363158386
PDZD2,2,0.5511078814310048,15.403570144293214,0,1,0.5706174842952823
SLC13A3,2,0.6659515338125335,12.042846694498433,0,1,0.5706067204824
LDB2,4,0.6876280708220549,7.32698529419964,0,1,0.5686206200609883
ATP1B1,1,0.5335200564910096,21.80360923493732,0,0,0.5676749371898283
LINC01170,1,0.6562170010570951,18.201896837319538,0,0,0.5673842259632998
LPCAT2,1,1.0791192302323651,5.792784143772419,0,0,0.5665068543640548
SLC20A2,1,0.5052036458031761,22.5761818411506,0,0,0.5662767419644521
DHCR24,1,0.6772402950010188,17.4633655143033,0,0,0.5643009718409314
POLR2F,2,0.6904325419983728,11.071514584399551,0,1,0.5642344880751098
DDR2,1,0.900564361774522,10.893693723946335,0,0,0.5634196154794188
APOD,2,0.6732860895289496,11.484190756642752,0,1,0.5620100662747963
HIPK3,3,0.606152310750691,11.385039739442522,0,1,0.5604508098072365
KSR1,3,0.7986991901557006,5.693338831775373,0,1,0.5590057309642504
MAG,1,0.6134078962473175,19.113448519600286,0,0,0.5588629903543817
ATG4C,2,0.613502456715731,12.968328064280966,0,1,0.5553857164076058
SLC6A11,1,0.94555328884386,9.23773414425181,0,0,0.5549342165226857
MT-CO3,3,0.43864824968285354,16.01447894671533,0,1,0.5536623658268013
SORBS1,3,0.4496050156963428,15.659019611064254,0,1,0.5527911420391364
SH3D19,3,0.505855708752297,14.012257854463465,0,1,0.5527690926212488
UTRN,2,0.5784222531127811,13.850133061039381,0,1,0.5517718419749557
MEIS1,2,0.6511545774245793,11.682501593157724,0,1,0.5507847589516073
SAMHD1,2,0.7506881587914893,8.75835065538848,0,1,0.55048925097275
ARFGEF3,3,0.5433062877720825,12.780872603148367,0,1,0.5493810947049671
BRINP2,1,0.856010814108435,11.609801315804898,0,0,0.5487395032405531
TTLL11,2,0.6018498259303173,12.942334323594235,0,1,0.5462169290148746
UPP1,1,0.818637164813284,12.593535371865674,0,0,0.545995753605357
LINC00299,1,0.615211458830329,18.478480082457,0,0,0.5443158039124979
MFSD6,1,0.6882308422995911,16.33791649405434,0,0,0.5442149286281501
MGAT5,3,0.5265750274999659,13.061772999572332,0,1,0.544167577241612
GDAP1,2,0.6402406370312211,11.705452190743008,0,1,0.5433789898204858
AC007364.1,2,0.8323571259082951,6.051179779451473,0,1,0.5425544659695074
PRTFDC1,2,0.6037920373764553,12.71886735957693,0,1,0.5420531816717651
RASGRP3,2,0.5316723421148033,14.603095087113337,0,1,0.5364068303980423
SLC1A3,4,0.43383183637100886,13.447104912450017,0,1,0.5359908075801533
CHORDC1,2,0.8927245612239697,3.9963523414524804,0,1,0.5353459615822501
SLC38A1,1,0.993806962246299,7.041790337819244,0,0,0.5353432528415203
AMZ2,1,1.02438627006188,6.1071604933733425,0,0,0.534346583077423
CD44,1,0.934447070087735,8.722223217882542,0,0,0.5339334842221991
COL5A3,3,0.6955598496316762,7.599911727470106,0,1,0.5312391145701932
COBLL1,4,0.5037590975053466,11.195426086955205,0,1,0.530852862828205
TIMP3,2,0.7128820973522613,8.831022286763455,0,1,0.5246649007356194
PAMR1,1,0.735461384265152,14.167737660417993,0,0,0.5245197312777121
AL359091.1,1,0.7706164549267062,13.11914751929216,0,0,0.5240209275496573
DCLK1,1,0.8470291533129064,10.83022195276576,0,0,0.5226938402761387
APIP,2,0.7430831763259016,7.853391105153719,0,1,0.52231724382515
F11-AS1,1,0.838945204665545,11.040716159028575,0,0,0.522043190161052
LRRTM3,1,0.7344745212417799,14.06569395614287,0,0,0.52124849390645
SDK1,2,0.6800041485243956,9.64225396721499,0,1,0.5208977086169416
NOTCH3,2,0.7896398448600577,6.378312440001036,0,1,0.5194976483364288
DAAM2,3,0.4334596826218748,14.739354147064525,0,1,0.5180077948516951
COL18A1,3,0.7737357540062595,4.780746126957359,0,1,0.5179521553154358
LGR5,1,0.6085013169632529,17.585873533435727,0,0,0.5171066796083754
ARHGAP10,4,0.6037489888358623,7.714056412146856,0,1,0.5169678961853758
SORBS2,2,0.7149442437943134,8.248446497127881,0,1,0.5116158865197212
PRICKLE2,2,0.5502516103857502,12.992330594657686,0,1,0.5097424920215775
MCAM,1,0.9715347794223668,6.623544101360943,0,0,0.5086093612624782
LINC01266,1,0.87605445420041,9.398350428242408,0,0,0.5081365903845634
CADM1,2,0.5612177295179642,12.580801368234635,0,1,0.5074771036481366
ATP6AP1L,1,0.801696484635774,11.49857603259451,0,0,0.5062509056167674
ADAM22,2,0.7194518613322501,7.86168358134556,0,1,0.5052474884178609
AC005162.3,1,0.883197333450892,8.99364539481284,0,0,0.5032465289050353
STXBP6,2,0.4808753607647216,14.73356941491241,0,1,0.5025290619233024
AL139383.1,1,0.7405580178523627,13.132305702160778,0,0,0.502373853282965
FKBP5,2,0.40001863664123316,16.932771867229572,0,1,0.49836521626700414
PPM1H,3,0.6940036595705854,6.283916857540618,0,1,0.497218981196622
DSCAML1,2,0.7367620685678988,6.996873676132612,0,1,0.4962942928066083
BAIAP2,1,0.981837934586383,5.816491452192367,0,0,0.4959764438157457
PLSCR4,1,0.7349225315990076,13.023030781453484,0,0,0.4955233028617091
FMN1,1,0.8783991492003707,8.819168757912927,0,0,0.49537895655908015
C8orf37-AS1,1,0.931305030861713,7.270980691707496,0,0,0.49537453423478073
CCDC85A,2,0.7415910690076319,6.809971341095046,0,1,0.49515471962084256
TMEM163,0,1.2197781452461829,0.763987675994329,0,0,0.49369006701815604
KLHL4,1,0.439951612846897,21.51189980354525,0,0,0.4919777789596018
PAM,3,0.6564262908287241,7.166418337439755,0,1,0.4917968212973779
PDLIM1,1,0.7529117386240961,12.342723543277781,0,0,0.49167664353088336
NRG2,1,0.6677172052872455,14.834749447215161,0,0,0.4916581044423166
CC2D2B,1,0.970684909541027,5.900564440742403,0,0,0.4899231269574067
PPFIA2,1,0.5665304950958772,17.691119780246538,0,0,0.48905138771741125
PITPNC1,2,0.5236461021741139,12.796178550178544,0,1,0.48538989290988743
FEZ1,2,0.5949093390880348,10.701315302627663,0,1,0.48514699288492047
C9orf85,2,0.7164985402336548,7.138761373642862,0,1,0.48502484733740003
PRR5L,2,0.5496386353172639,12.004290728473645,0,1,0.4846064672613376
ADGRL3,2,0.38086054371757455,16.92173617932456,0,1,0.4840829055395536
PLEKHG1,2,0.5242152468431546,12.719091846252557,0,1,0.48387985312477366
LINC00862,1,0.4515782832388977,20.811181153327787,0,0,0.4829694271695373
CMC2,2,0.7249712918113842,6.799056842028426,0,1,0.48273121067548785
AC066613.2,1,0.6183901012081848,15.915606920751252,0,0,0.4826019277054206
SRGAP2B,2,0.5865069047449942,10.833349527793809,0,1,0.48230303887082415
NR2F2-AS1,3,0.6705717104676765,6.33048664199976,0,1,0.48125140746412487
ENTPD1-AS1,3,0.6829343974468866,5.956130787240863,0,1,0.480935896568346
ARHGAP24,2,0.5562956427180359,11.630924039871367,0,1,0.4801442252233147
TMEM232,1,0.715163061077094,12.969569948164654,0,0,0.479741257104392
AL355974.2,1,0.93210608942018,6.595080755924738,0,0,0.4790716688215854
STMN1,1,0.747010266943413,11.952666011221714,0,0,0.47761579336367815
FAM157C,1,0.908262689767089,7.168127333711668,0,0,0.47595821030891544
GYS1,1,0.9053681946588,7.152211517643708,0,0,0.4734443482953555
STARD4,1,0.8533471091276201,8.612486760210166,0,0,0.4718989957630831
RBFOX1,2,0.7332299757043941,6.0221068383014025,0,1,0.46935573777792583
CAP2,1,0.875735697853212,7.803619364608053,0,0,0.4680564468051252
COLEC12,2,0.7353195813947586,5.906203145556543,0,1,0.46798740440787645
STK33,1,0.652524996393592,14.322333952054262,0,0,0.46774743165202337
ZBTB16,3,0.3989850608378415,13.594921538873853,0,1,0.46420763113383856
SEMA3C,1,0.6787683475478092,13.337690384836305,0,0,0.4623310461963891
SEPT9,2,0.6936446314052268,6.865960650071053,0,1,0.46149985973049834
WASHC5,1,0.6627486619073264,13.767447989452691,0,0,0.4613572175035335
RNF220,3,0.4418412058925221,12.218361542812161,0,1,0.4611442252840914
RFX2,1,0.61053541012149,15.237849827470017,0,0,0.45992440179709954
GRK5,2,0.6694116102586771,7.507374623475152,0,1,0.4598098242575339
RCBTB2,0,1.1973273595412113,0.053376633337286775,0,0,0.4595203603869027
TRERF1,0,1.164559554355698,0.9505442128384138,0,0,0.4579809510584082
FAM66C,1,0.809628652354458,9.332902034944446,0,0,0.4579370569770373
VEGFC,1,0.7185720424658606,11.980136494901647,0,0,0.45751088103541904
DOCK5,3,0.539963071437751,9.189789493925776,0,1,0.45720746460456196
RELL1,3,0.6604867218349804,5.560885251050301,0,1,0.45464841351845975
ICAM2,1,0.765807559699856,10.447982029585303,0,0,0.4537614577158447
MYRF,1,0.8534575508151313,7.851247062553112,0,0,0.4529588565701094
ENPEP,1,1.0364526577336686,2.4194548567127296,0,0,0.45102470140935574
DCN,1,0.6669502929084459,13.189094019952167,0,0,0.44997787919582233
MAN1C1,1,0.855395829422512,7.6654191399779075,0,0,0.44973271012147437
AC104389.4,2,0.7653805585781754,4.290102803144228,0,1,0.4495840679731764
PLCL1,4,0.4727792002398682,8.839307268926046,0,1,0.4493316426982278
ETS1,2,0.8330577365061221,2.280096629742875,0,1,0.44883968462135826
SOCS6,1,0.9743591398242164,4.117457143803615,0,0,0.44805536897527143
JUND,3,0.5302390270724566,8.967043623220231,0,1,0.4445324846443851
SLC4A4,1,0.563932582754914,15.932295537022318,0,0,0.4432047928548469
RHOJ,2,0.7005403703353623,5.929305359667123,0,1,0.44313742047417004
NEBL,3,0.44414150426340704,11.413713956263994,0,1,0.4427204790495597
CLASP2,3,0.5103915458451584,9.378912067534312,0,1,0.4403131464971697
AGBL4,1,0.653021527339247,13.16245085654336,0,0,0.4391287728169833
DISC1,3,0.5667824047576154,7.680805304410733,0,1,0.43911062961748515
LINC01376,2,0.6804035924301994,6.355704414299769,0,1,0.4390696485666139
AC008691.1,0,1.140968095217993,0.85750781499212,0,0,0.4384084581823128
CHSY1,2,0.7535977269088853,4.159593990281691,0,1,0.437708601246917
CALD1,3,0.7549586686244474,2.1026667640547023,0,1,0.4373077258776812
ZBTB46,2,0.7043920181216609,5.571339820544004,0,1,0.4370089920362342
GABRE,1,0.9010714898873272,5.780505288345066,0,0,0.43602856852767674
SYNM,1,0.878961688770726,6.4170639894935375,0,0,0.4357695111240032
STPG2,3,0.5970553320677763,6.608683927150922,0,1,0.4344545012256923
CAMK2D,3,0.4558637887849444,10.731910467214545,0,1,0.43425465901165883
PLCB4,3,0.6049105180338208,6.2983113153301415,0,1,0.4324422681414082
TSPAN9,2,0.8006021423631637,2.5702976228969727,0,1,0.4323624296726105
CLYBL,1,0.754375758006283,9.859727035329124,0,0,0.430705054618034
FAM95C,1,0.3913954384221965,20.48022209022784,0,0,0.4306999058967537
CDH6,1,0.5807959284881372,14.903990104156863,0,0,0.42983967779585075
ADGRE2,0,1.158431447789026,0,0,0,0.42974968307969386
VSIG4,0,1.122114979061803,1.0590519726773893,0,0,0.42966079049098005
LIMK2,2,0.7675019670620671,3.4084120702119747,0,1,0.4291044789956514
SHROOM4,2,0.5329141632633688,10.261873468861022,0,1,0.42884183985391855
CRB1,2,0.5206502734271883,10.617707768768813,0,1,0.42876678885567665
ELL2,4,0.4689295002755686,8.070229312468587,0,1,0.4273003743340733
BNC2,1,0.8313637142281833,7.429699790452393,0,0,0.42627287264566843
ARL15,2,0.6079937936610614,7.947135664032455,0,1,0.4258951775898763
DLGAP2,1,0.8840617093847097,5.814357895038045,0,0,0.42443850962955604
RRBP1,0,1.1490403451132676,0,0,0,0.4228838070603935
BACH1,3,0.5107663259265798,8.662352457068538,0,1,0.4226826751063647
C15orf41,2,0.6384416966043379,6.881265740740132,0,1,0.4215231779779004
CDH5,1,0.8147417262538378,7.703944686652817,0,0,0.42097294551041303
NEDD9,1,0.5378465498362214,15.772376995904501,0,0,0.420137340812405
RNASE1,2,0.6186448512240592,7.392179504718326,0,1,0.4198156776421984
RBMS1,3,0.5913792548147243,6.181551441136541,0,1,0.4196320563913566
PARP9,0,1.1387315205088444,0.16201486676235566,0,0,0.4193952007462931
AC019197.1,1,0.6440334091462621,12.586039574558656,0,0,0.41815489288564517
SGK1,2,0.702773677949343,8.821239164074292,0,0,0.41703014318396425
AL392023.2,1,0.7271024350614868,10.087483311960161,0,0,0.4164562920049993
ITIH5,2,0.7006306471414048,4.824343916570561,0,1,0.4155940594509828
CASC2,1,0.76271273631411,9.008453326220353,0,0,0.41552971745168904
ZNF280D,2,0.567521569423903,8.713616655165696,0,1,0.4154576047148688
IL17RB,1,0.865584201575503,5.993237790341352,0,0,0.4153991452442311
GCNT2,0,1.1384466755775802,0,0,0,0.41513872917840833
ANKRD18A,1,0.5878124958080843,14.092890594992594,0,0,0.4147028039192607
JDP2,1,0.748988257020293,9.371537684861927,0,0,0.41456797833862896
RPS11,0,1.1376584894628237,0,0,0,0.4145624828811527
GLTP,1,0.5465159716719636,15.243247927832458,0,0,0.4132543926753342
AL137145.2,1,0.792899805124427,7.997614282426603,0,0,0.41234206207766394
PTPRM,2,0.5452528972150791,9.210857266019387,0,1,0.41160129377585264
RAPGEF4,2,0.683161154478381,5.154947306851305,0,1,0.41108273189280764
CCSER1,1,0.6224711031430836,12.89504234616404,0,0,0.41011156306759455
DOCK6,2,0.6469755677670815,6.161951321987422,0,1,0.40978901994540906
RPL28,0,1.130585806416935,0,0,0,0.40939161353880926
ZIC1,1,0.7055098197652918,10.368182058875588,0,0,0.4076835781758194
FRYL,4,0.3904700044465914,9.546561595686835,0,1,0.40682699780855547
SLC39A10,1,0.4399836723842934,18.01149256839529,0,0,0.40453752045749103
SLC22A15,2,0.595960366811681,11.426448112267604,0,0,0.40403409469646034
ARHGEF3,2,0.6629159390998172,5.4414537984456395,0,1,0.4034402244981232
ZSWIM6,4,0.3937056530386625,9.300925971929066,0,1,0.4030549658837963
DPP10,3,0.5880302365834164,5.545111430769085,0,1,0.40128102591252335
ACTG1,1,0.5682363596922954,14.126278904481902,0,0,0.40122487000374657
CDYL2,2,0.6628777432257374,5.3458981866609045,0,1,0.4010246779604989
NLK,3,0.4033833652091693,10.919974280810022,0,1,0.40058509099020245
PER3,3,0.5283488081744162,7.260084825822973,0,1,0.40049923493722683
KLF6,2,0.4329239052614185,12.034260307221029,0,1,0.4000246618755354
MT-ND4,2,0.3702548757319519,13.856507950676823,0,1,0.39973905439065904
GRID2,1,0.5197512649452655,15.48379715133058,0,0,0.3996971353802085
AC006059.1,1,0.7255689917695167,9.45830043352384,0,0,0.3996139681899094
PRKCH,2,0.5818715061615405,7.634524217797151,0,1,0.39898592471669525
LRRFIP1,1,0.5786020183659031,13.663584962399247,0,0,0.3972420439250843
ERO1A,1,0.7051264569795057,9.872550673568167,0,0,0.39501909705870103
SLC6A12,3,0.6444208086731646,3.64329602713895,0,1,0.39498828846309464
TNS1,3,0.6341326978202853,3.7282030407524966,0,1,0.3895881536846012
ENOX1,2,0.45789529042047145,10.880260485179662,0,1,0.3894466791361626
ADGRL2,2,0.7530631172102349,2.2039188172715654,0,1,0.3884518367508235
COL16A1,2,0.5623975304624539,11.743177738011699,0,0,0.38741019368289775
AC099792.1,1,0.653242661494527,11.068513320957257,0,0,0.38696981292490434
BOK,1,0.5018876424044747,15.457497187858687,0,0,0.38597981339298865
MT-ND1,3,0.42012813417638317,9.838580709346362,0,1,0.385806785458475
ZDHHC9,1,0.5664882319760813,13.509195561760427,0,0,0.38452791718977447
ZBTB20,2,0.2590843894426527,20.460650313702562,0,0,0.3834776878994398
WWTR1,4,0.4941070822278998,5.542368592556201,0,1,0.38254486464799586
SLIT2,1,0.7777797701404142,7.239020591462603,0,0,0.3823329701645092
BCR,1,0.7438763293464724,8.230782643766354,0,0,0.38232689835924216
CPQ,5,0.42858279623385465,5.44865975415969,0,1,0.38229829755747957
UBC,3,0.6554388930207268,2.752259046761197,0,1,0.38077956583866235
CARMIL1,0,1.05697053787195,0.9884093036054103,0,0,0.38026827751610093
BTG1,0,1.089669165571843,0,0,0,0.3794772794219208
SAMD12,2,0.3772889794665024,12.789961358597907,0,1,0.3782322165889068
ARHGAP31,1,0.8414453174862266,5.206007075429601,0,0,0.3780807882019884
CCNH,3,0.5339648511889208,6.1743860019691645,0,1,0.37747709531109686
SLC38A11,2,0.4100249889124539,11.789846179889025,0,1,0.3771760570219729
C2CD2,2,0.7093841480968135,3.0215367317537227,0,1,0.3769475427599588
DNAJB6,2,0.6039143916710228,6.087959462552505,0,1,0.37645799286329495
MT-ATP6,3,0.3159481095749025,12.49539224957304,0,1,0.3760253237592647
SLC48A1,1,0.7223830801297333,8.556404165604835,0,0,0.374749304326006
SLC19A3,1,0.5813660269296015,12.594032092587463,0,0,0.3725382039466253
MYO5A,3,0.5292570261833492,6.041414924871479,0,1,0.3707126728259392
NCAM1,3,0.5545269515464047,9.275048601984105,0,0,0.3699855262143512
DGKB,2,0.5281107770141745,8.045521270504585,0,1,0.36995069026758753
HIF1A,3,0.6066068085044852,3.74051510552674,0,1,0.36977149438486645
NT5DC1,2,0.4308198428631211,10.871258908811624,0,1,0.36942678177057264
KCNT2,3,0.5075291260094612,6.531926946201455,0,1,0.3670835972880504
TRIM66,1,0.755489352886548,7.277871605660188,0,0,0.36700710857726754
GPM6A,3,0.5945983572081299,3.918043606486567,0,1,0.36542791844489
PITPNM2,3,0.5482699789079862,5.241104427592224,0,1,0.36461599053013827
DDIT4,0,1.0683417871639704,0,0,0,0.3638847402898396
ASRGL1,1,0.5438118371231349,13.327491147029194,0,0,0.363408908834012
ATF7IP2,0,1.0346427839509849,0.9292609215501503,0,0,0.3624664354016257
B4GALT5,3,0.5753298225136324,4.358977680721149,0,1,0.36235810539854385
FAIM2,1,0.5992166661167408,11.632214107617335,0,0,0.3615562067068379
VPS37B,1,0.7707082404537292,6.60938090507707,0,0,0.3614303131619629
C2orf72,1,0.73246518180822,7.723113114230874,0,0,0.3612991620909932
ESYT2,4,0.5361731523042337,3.452061613304299,0,1,0.36106963513763457
PODXL,0,1.0636997858857604,0,0,0,0.3604909529617663
HLF,2,0.537322042751234,7.378645181433395,0,1,0.36002204024463524
TDRD3,2,0.4632942753462903,9.540576875214338,0,1,0.3599196005245556
IPCEF1,1,0.8277401066994492,4.8116694894538075,0,0,0.35820764591539406
PRKACB,2,0.3982185297362642,11.349893629141471,0,1,0.3575513319204995
MIB1,2,0.5650467699820991,6.463595464406061,0,1,0.35742761736908557
FHIT,3,0.3454221497501158,10.85715650044474,0,1,0.3566397839028762
TNIK,1,0.4958830636484805,14.450367592133894,0,0,0.35642497398506195
LHFPL6,3,0.5214223489138619,5.685374099204829,0,1,0.35608841357927934
ARHGAP22,2,0.5498005523562467,6.8554914652333325,0,1,0.3560732371932902
HYAL2,1,0.8767245693044877,3.249369351356364,0,0,0.35498364266348414
CCDC7,3,0.47809040093105754,6.897294620775834,0,1,0.35469015729909337
TENM2,1,0.508027298085676,14.002346388627416,0,0,0.3541090960026909
AL034397.3,0,1.0532054762583145,0,0,0,0.35281851754093063
ENDOD1,1,0.573348133134783,12.018081665006854,0,0,0.3522851745336501
RHOB,2,0.5468080372633981,6.787736063354253,0,1,0.3521924110989161
DEPTOR,2,0.4779126277496284,8.75198355550751,0,1,0.3509027806580678
FAM219A,3,0.5790052422648314,3.7877404739282854,0,1,0.35077187631784157
LINC00271,1,0.803934349756635,5.158060755611887,0,0,0.3494583352208346
GRIA2,2,0.44018457793612353,9.79787080421798,0,1,0.34945293171775205
PXN,3,0.6246183829264926,2.358440965574228,0,1,0.34840633449461156
PRKCQ,1,0.6218030726387754,10.442019639994623,0,0,0.34833017021656465
EPB41L4A,3,0.6310884107824308,2.159260906899846,0,1,0.34815974354219925
MT-CYB,2,0.43332135350791573,9.94542434379888,0,1,0.34812207754053237
SREBF1,1,0.8458750330518225,3.782543879436527,0,0,0.34575169544138423
ZCCHC24,2,0.471412387009557,12.730540217583496,0,0,0.34556150985322487
NR2F1-AS1,1,0.56664657132889,11.874452263926576,0,0,0.34379680583784583
LINC01505,1,0.5884175324131673,11.232952077621201,0,0,0.34368466431118977
TRPC6,1,0.6901176562506622,8.19089190525405,0,0,0.34202695986317333
COL24A1,1,0.7733475519105315,5.750710568278893,0,0,0.34190456950588566
SLC7A1,2,0.4590683715755739,8.928139113241633,0,1,0.3415272126862743
TMEM108,2,0.6599584040081099,3.0215600358499692,0,1,0.34081274853841553
SGIP1,3,0.49131223222490517,5.945683622466824,0,1,0.3405790575956217
NKAIN1,1,0.545760760866944,12.341345023049964,0,0,0.34019321784743145
FOXN2,2,0.565328714950448,5.726106858850271,0,1,0.33920632687171526
ARHGAP26,2,0.426402977531015,9.766837607429002,0,1,0.33860172589333315
SCD,2,0.5819164941287631,9.201607376083345,0,0,0.338175084558072
EPHB1,1,0.53738521123781,12.501416900767945,0,0,0.33806948835360395
AC138150.1,1,0.767994882758723,5.7240744151317875,0,0,0.3373256596888744
KIAA0825,1,0.759080397369872,5.869731524290679,0,0,0.33444773412297685
SDC4,1,0.679265072912108,8.19745416466287,0,0,0.33425655831556383
HTRA1,3,0.5588804535052885,3.7092791680831723,0,1,0.33409806498659855
AC106791.1,2,0.5556000168057443,5.792053229919499,0,1,0.3337414168811593
ADAM9,1,0.7821692328526074,5.161479274338862,0,0,0.33363118114207
STOM,3,0.5332236999904139,4.438446390067696,0,1,0.3335597984846185
HMCN1,1,0.6328290434405703,9.490933354728924,0,0,0.3326267782131276
USP54,2,0.4883819022439273,7.6544028090587455,0,1,0.3311319693998933
TLR5,0,1.0230949820192772,0,0,0,0.33080460421648794
TMEM64,1,0.6032553074802995,10.279441822402532,0,0,0.33070753192838437
GAREM1,1,0.5931645022254052,10.568645172724741,0,0,0.330556343604074
SH3BP5,1,0.8857797586947591,1.9979206045350824,0,0,0.3303343309084909
VRK2,2,0.4528121730414899,8.623508315745688,0,1,0.32934155411672505
UBE2B,2,0.6223642544709426,3.661123471381517,0,1,0.32930809510298803
WWOX,4,0.30488704332892724,8.916172093897684,0,1,0.32850555631945844
KIAA1324L,2,0.5203640071739308,6.595622805693234,0,1,0.32805878538235866
RASGRF1,1,0.5456717592415885,11.8549745503318,0,0,0.32797534529006556
PPP1R14A,1,0.597679946025078,10.321593470158428,0,0,0.32768459235748587
C22orf34,1,0.4529242474274854,14.541635613059249,0,0,0.3272980851003277
TMTC2,3,0.4236992946418321,7.3676520654782625,0,1,0.3266772729053813
SYT9,2,0.45736460652124566,8.378199144064585,0,1,0.3265403863184228
TPD52,1,0.4770969643365723,13.791040399180822,0,0,0.3262159507387413
TACC1,3,0.41996927506211834,7.446158094881994,0,1,0.3259118475819759
ICA1L,1,0.687722596487896,7.581359456425779,0,0,0.3250457042912464
SYNJ2,1,0.7338339340086096,6.220789151716017,0,0,0.3247617137634825
C7orf50,1,0.7322044575443594,6.238549444473333,0,0,0.3240141679038203
ST8SIA6,0,1.0077269070923758,0.17113362012063313,0,0,0.323845005724797
TFRC,0,1.0133304053610788,0,0,0,0.32366567974394406
ELOVL5,2,0.5645775251753181,5.12212660936771,0,1,0.32356564305233837
P2RX7,2,0.5360034515515492,5.945949029574149,0,1,0.323259634113716
ITGA11,1,0.7080190229719483,6.90700196175895,0,0,0.3230345277220607
GATM,1,0.5025065356763977,12.904819388015735,0,0,0.32264924213687096
LINC00461,1,0.530790887538547,11.993548276111605,0,0,0.32055837821397865
B2M,2,0.6408295262121997,2.749209717960132,0,1,0.3200224014848755
PDE1C,3,0.3757033323246956,8.501747628528394,0,1,0.31992454496624356
MFAP3,1,0.6715433411871019,7.8308555467957435,0,0,0.3194510694445501
RIPOR3,1,0.4689315509604115,13.732520349530178,0,0,0.3187839573716052
CA2,1,0.5120013674643671,12.469696870476708,0,0,0.3187186702138867
SLC38A10,0,1.0062193406425024,0,0,0,0.31846674939373115
DLEU7-AS1,1,0.8589697582318392,2.2807431245028638,0,0,0.3178002302110717
EPS8,3,0.4311120401271661,6.699211976570237,0,1,0.31539463767564146
MBNL2,2,0.3144004386900808,12.100875095685616,0,1,0.31503612496933675
SUGCT,1,0.660146831512876,7.979427307359726,0,0,0.31483135270648255
CEBPD,2,0.5821893681345022,4.256764034722578,0,1,0.31481916523407993
CPED1,1,0.7262291776349883,6.031093060368544,0,0,0.3144619600741259
QKI,3,0.3100206156413366,10.186750286557496,0,1,0.31400631559634784
LINGO1,2,0.3976305994669343,13.564857603773293,0,0,0.31246617938864474
CRIM1,3,0.43077499838895505,6.584423011306142,0,1,0.31228002519823306
ABHD17B,1,0.4548002350148546,13.872026355507858,0,0,0.3119382883952946
LHPP,2,0.5392048275028019,5.3775225751941615,0,1,0.3113970610337482
CCNY,3,0.38632333260772916,7.831833983249588,0,1,0.31094992833002
CERK,1,0.8201492981850658,3.112555144519928,0,0,0.310202677482607
GPR37L1,1,0.762996554643785,4.77967043020428,0,0,0.310073801809847
ZNF160,1,0.7259757685868536,5.850142664700944,0,0,0.3097553346480708
ZNF100,0,0.992828132916405,0,0,0,0.3086763791709227
MGAT4C,1,0.502608420628552,12.270547086682264,0,0,0.3068753459273909
SERF2,1,0.8719381024934555,1.4634094672521347,0,0,0.30685895543182257
AC016831.7,3,0.2747156813421483,10.921152971065947,0,1,0.30654503919056053
TAPT1-AS1,2,0.39707746716049,9.320192625790892,0,1,0.3060015243521196
NECAB1,1,0.464160099068868,13.341186150269756,0,0,0.30551736986137656
PFKFB3,2,0.6235993007115634,2.666494165232299,0,1,0.3053585182661339
LIMS2,1,0.8859737742535165,0.9666446390332843,0,0,0.3047079721753919
TPCN1,2,0.6365994419989407,2.2559179944226924,0,1,0.30460402607298426
INSIG1,1,0.8559692278638861,1.8394761626359801,0,0,0.30458071514542107
APOLD1,1,0.3670856508396055,15.971718195673308,0,0,0.30027418756533986
PCDH10,1,0.6739760813409073,6.967850401734249,0,0,0.29966598796754745
RPS6KA2,3,0.37427385852031914,7.671330579048831,0,1,0.29813005170037643
MROH7-TTC4,1,0.748103298395117,4.72503775459825,0,0,0.29782018598014254
EEF1A1,0,0.9775269705260644,0,0,0,0.297489632784426
FGFR1,2,0.5645906228603569,4.053747038922568,0,1,0.2968799170669013
ANKRD37,1,0.7861086319532016,3.567759029874058,0,0,0.29668945059039387
CARS,1,0.730166096042369,5.172313330530579,0,0,0.2958821691311351
UPB1,1,0.8031100685193824,2.9956497031315283,0,0,0.2948241389563289
CACHD1,2,0.5218391987219659,5.22026057849772,0,1,0.29477151272494806
NHS,1,0.7564193149837173,4.2418571643726946,0,0,0.2918269635048072
BACE1,1,0.5167423812427203,11.250284185516373,0,0,0.29171572202654844
ITGB5,1,0.6430720318952665,7.526021910279417,0,0,0.291018778478204
ISPD,1,0.750554708321837,4.365654564952838,0,0,0.2906326151143449
B3GLCT,1,0.706543127338859,5.63045011144402,0,0,0.29005864966255535
JAKMIP2,2,0.3894720310744294,8.891183402732565,0,1,0.2897216233778507
LAMA2,3,0.40496035262091834,6.412276088080601,0,1,0.2891054383158088
THUMPD3-AS1,2,0.5381805403054485,4.508112327952761,0,1,0.28892448932338277
GBE1,2,0.6439824531210611,1.3765186603449775,0,1,0.2880284722160535
SHLD1,1,0.6714528643239541,6.560228360867883,0,0,0.28763611500792713
CYFIP1,2,0.6006827134425633,2.622638463587438,0,1,0.28750829146113444
FAM171B,1,0.6121701012709134,8.270647182788329,0,0,0.28703198616256614
NDUFAF6,2,0.5600374054495909,3.759181415029525,0,1,0.28619081108492295
TTYH1,2,0.4641538518685401,6.562650148965847,0,1,0.28613941775470864
ADAMTS18,1,0.4976873060132052,11.568493878286265,0,0,0.28573549030023965
THBS4,1,0.756618750167084,3.981329189500273,0,0,0.28546303173332643
KCTD8,3,0.3967055495267241,6.501845481713798,0,1,0.2853083612715728
ID1,1,0.6178319338222691,8.01537285039491,0,0,0.2847929081657251
AC007262.2,1,0.8367444410146545,1.5790898402217386,0,0,0.28401918957729505
PLAT,1,0.7847676363393109,3.086265226988024,0,0,0.283678091767875
P3H2,0,0.9584218471820464,0,0,0,0.283521793996754
PRKCA,2,0.4418797399343483,7.075268443140178,0,1,0.2826633676845348
INPP5F,2,0.587104615662708,2.7909790015232043,0,1,0.281787563084379
KLF7,3,0.419388552468252,5.696406054190193,0,1,0.2817667135080486
AMOTL2,1,0.5612972677474619,9.539378214894564,0,0,0.2815400640099664
LANCL2,1,0.6780714143392295,6.112359867495913,0,0,0.28128420083238437
NKD1,1,0.6522997634074206,6.853001068650291,0,0,0.28094862944008503
BMPR2,2,0.4449234435189745,6.850240244561437,0,1,0.2792659159038833
ZEB1,2,0.46019405990590856,6.379715479515595,0,1,0.2786734591619191
CALM1,2,0.4715114435993419,6.031710510657319,0,1,0.27825214470868803
CD163L1,0,0.95106172264708,0,0,0,0.2781407749313215
DSEL,1,0.6219284397553095,7.628318747391536,0,0,0.27811666876739477
NTRK2,2,0.2911171001152298,15.292567125132559,0,0,0.27776349164765335
SDCCAG8,3,0.39426960903189073,6.25893260452889,0,1,0.2774578384006281
GHR,1,0.61605405154459,7.773742818694232,0,0,0.2774555486216319
CTTNBP2,2,0.48911167990152254,5.469574253110961,0,1,0.27707381245945845
CRY2,1,0.815098634801857,1.8965778698952347,0,0,0.2761268311648286
RGS6,2,0.5275411396559198,4.302430272589648,0,1,0.2760066571871801
ATP1A2,1,0.3074747440746118,16.741246811236547,0,0,0.2759203907773336
MOSPD2,1,0.5708556084998899,9.030209927470207,0,0,0.27580576280770047
REPS2,1,0.41953528641981674,13.448441143766495,0,0,0.2755719257566549
DGKH,2,0.6052312620668535,2.006548389058697,0,1,0.2754396846261804
AL136164.2,2,0.6005937314409986,2.1385970341033946,0,1,0.2753486284032296
RASA3,1,0.8039627765121107,2.185634810545089,0,0,0.275207941722994
BTNL9,1,0.4646243187565964,11.981676368341192,0,0,0.2718870718987783
DCBLD1,1,0.6782760214648214,5.721649008113732,0,0,0.2716712069357115
PPP3CA,3,0.3045517270790518,8.638156888717772,0,1,0.2713137169121113
USP31,2,0.45468728060132324,6.226480016521877,0,1,0.2708185771658038
ANXA4,2,0.6230132538965703,5.2407616156696655,0,0,0.2692525582758124
SKIL,1,0.6160634759787407,7.43340662228795,0,0,0.26895855343636266
SRGAP2,2,0.43535999190594454,6.678200109251054,0,1,0.2679753160437124
ARHGAP15,1,0.6536384885957842,6.261626793156514,0,0,0.26715087349126204
MIR29B2CHG,2,0.49095752454412755,4.9925018489590895,0,1,0.2665028426663919
IFRD1,1,0.644691266185945,6.471541164934337,0,0,0.26585459201078804
CYSLTR2,1,0.6486337599845438,6.352165859488489,0,0,0.2657541689806874
PRKN,3,0.3906370657915988,5.811603945634273,0,1,0.2636247940449916
CD84,0,0.9301976522363702,0,0,0,0.2628869622914425
ABCC4,1,0.46225897295094753,11.664940572215734,0,0,0.26224356846700314
SRGAP1,2,0.4942427575091919,4.717777348941809,0,1,0.2620402264704398
GAB1,1,0.3258365969263972,15.641802925450527,0,0,0.26187332414855813
AC074327.1,1,0.6539270534344017,6.019532099800805,0,0,0.2613126920524037
MYL6,1,0.6937837558115854,4.815318277468536,0,0,0.26036274629253475
CNIH3,1,0.663900759987564,5.684804568848804,0,0,0.26024076902715715
TBC1D16,0,0.9264630522448214,0,0,0,0.26015657999141256
ZFYVE28,1,0.6880669716231342,4.961816618961748,0,0,0.2598436936220968
MRC1,0,0.924741662380069,0,0,0,0.25889806437292423
PAAF1,1,0.742109388087522,3.3314082459042713,0,0,0.25861578100621857
ELOVL2,1,0.638832977183209,6.346229359467011,0,0,0.25844044037235625
ENPP4,1,0.5920262822325464,7.697997459335511,0,0,0.2579961138256238
PSAT1,2,0.5187857678169224,3.8242324605163804,0,1,0.25765697165391116
FNDC3B,3,0.3952531570388882,5.407807547862274,0,1,0.25691009068957943
SNCA,2,0.6533723057328309,3.854187108334134,0,0,0.25680224341481683
TPST2,1,0.4958738753148988,10.455669147772957,0,0,0.2566038426739123
BTBD3,1,0.47660943488345964,11.00750067900268,0,0,0.25630798672790184
CRYL1,1,0.639058968236914,6.230441725776417,0,0,0.25571251016952806
CD99,1,0.6405415641855665,6.185662984379443,0,0,0.25567756861963004
RHOQ,2,0.5157951664330683,3.8122098225809635,0,1,0.255170123678225
PAPSS2,1,0.3940563785862887,13.369324865215411,0,0,0.2549673290590349
LIFR,2,0.3517442431423675,8.596839322259704,0,1,0.2547839802156936
FXR1,2,0.5282656901529554,3.4024658756641397,0,1,0.2540492203233855
PXK,1,0.6456374833343377,5.9688623834030485,0,0,0.25398608124747174
COL21A1,1,0.710232125530657,4.0779379254227575,0,0,0.25396350415759206
TRIO,2,0.3759169157582479,7.7763360696046195,0,1,0.25195504084257003
ARHGAP35,2,0.47346268988132856,4.8873817316695005,0,1,0.2510856859445145
EHD2,1,0.5046124540623051,9.974107263426275,0,0,0.2509600033825403
CYBRD1,1,0.6333004374530372,6.158328260729682,0,0,0.24970054426428112
EMP2,1,0.5328301839006688,9.031089973905297,0,0,0.24802719893983777
GALNT17,1,0.5199097581478112,9.402447749922963,0,0,0.24786003243626353
TNXB,1,0.6554942179806728,5.411760425889752,0,0,0.2472722319000255
GPI,1,0.7492431657112331,2.667668851313979,0,0,0.24724664609455643
GOLGA7,1,0.5807358455643565,7.597020152893913,0,0,0.24721853472481592
PLCE1,1,0.3604418872271228,14.04121757430735,0,0,0.2471800235535948
PLA2G16,1,0.683156631466493,4.564441576144741,0,0,0.2463246234272764
UNC5D,1,0.637395390082388,5.894448394929176,0,0,0.2461008894818802
VSIG10,1,0.711779733310967,3.7177214329350754,0,0,0.24609433810559872
MIDN,1,0.6766587958087489,4.709386492308606,0,0,0.24519572562533043
ITGB1BP1,1,0.790035491236236,1.366245252159656,0,0,0.24455178496074992
GCC2,0,0.905038701545048,0,0,0,0.24449314399487493
SSTR2,1,0.664749724777333,4.969814727070788,0,0,0.2429961995109346
EMCN,1,0.4830241403009139,10.277408015586504,0,0,0.24275518441291816
MT-CO2,3,0.2777360681853179,8.276845170226752,0,1,0.24268067710313243
EPB41L2,2,0.389419467223851,7.006781079349976,0,1,0.2425981594741776
AL391807.1,1,0.741397720858567,2.6955886872637165,0,0,0.24220843237208595
DNAH7,1,0.512664088927749,9.37938513673784,0,0,0.2419864330788249
STAC,1,0.6879959024817651,4.1838805563970665,0,0,0.24035366366850147
SPIDR,2,0.4483487103362655,5.1861264282147665,0,1,0.2401893964947174
MUC20-OT1,3,0.3725540485447648,5.389195742730198,0,1,0.2398496257505325
SEMA6A,2,0.3901272270148776,6.830818844000245,0,1,0.2387188865355809
ARL5A,0,0.8970150243008215,0,0,0,0.238626998657124
SLCO1C1,1,0.557738975234805,7.925500497013748,0,0,0.2386130693483941
ZFHX3,3,0.3492909741980605,6.014647052696892,0,1,0.23846986799196185
CSRNP3,1,0.609898995682643,6.3481315860909735,0,0,0.23733421103412183
ITGA7,2,0.5503295146803637,2.0682127518528293,0,1,0.23684156847961008
PBX1,3,0.3162306276226761,6.91549676096647,0,1,0.23680858470326127
UBA6-AS1,2,0.5515795970393164,5.970284673916358,0,0,0.23525548978336774
GNAI2,1,0.611140857181211,6.1872358292169745,0,0,0.2342218840645825
IQGAP2,0,0.8902994343411703,0,0,0,0.23371720162355047
LRMDA,3,0.4085860929236737,4.040791304066283,0,1,0.2325006052550286
KCNK13,0,0.8501432778804544,1.0809713980374018,0,0,0.23136879118544124
XPO1,3,0.4692676756505613,2.2096126349679226,0,1,0.23111002469488615
FBN1,2,0.4406746767987132,4.9866905872199565,0,1,0.22959562956685117
SYNE1,2,0.5590584946385946,5.517184567033646,0,0,0.2294018586043835
PCDH17,1,0.5558971762568438,7.59755071346343,0,0,0.22907213250991681
PRNP,1,0.4281588641852121,11.318199990389324,0,0,0.22864892058770842
STK24,2,0.5139464264498862,2.7866774093780067,0,1,0.2281938100182572
SEPT7,2,0.3639445125574805,7.141915065858862,0,1,0.22734986445345698
MAGI3,3,0.4322536449377749,3.1332127567278407,0,1,0.22712664395817303
LINC01141,0,0.8806976369634425,0,0,0,0.22669728579107895
RCAN2,1,0.4583882253647742,10.251339241338151,0,0,0.2240923866552409
SLF2,2,0.4727764979573413,3.8064456677112846,0,1,0.22357496068947397
RALGAPA2,1,0.42609304948427007,11.174209242300046,0,0,0.22354073788996814
GRASP,1,0.5633754485384141,7.102033493978889,0,0,0.22215817961963774
YPEL2,3,0.42789972673015353,3.02148130034297,0,1,0.22115167273973574
CALCRL,1,0.5560351195340077,7.267897541748341,0,0,0.22093603176236226
BORCS5,2,0.4644963260281535,3.941897169037389,0,1,0.22090577978243492
EEF2K,1,0.6470741893457,4.600538842119864,0,0,0.22084654532465764
TXNIP,2,0.3896336216756899,10.10791661075649,0,0,0.2202419356129608
PDXK,2,0.5044280510650867,2.7461520834027,0,1,0.22022228937268123
ADCY9,2,0.5009090133666861,2.839387899768595,0,1,0.21997916289098757
GALNT7,2,0.48068610386792765,3.418340087946388,0,1,0.21966022231642857
PHTF2,2,0.4687311170697218,3.717977301019964,0,1,0.21840683076901118
SMAD6,1,0.4977630079218638,8.843461433598556,0,0,0.2177012121305309
MOB3B,2,0.31008657793204036,8.303361260108709,0,1,0.21699482563748845
RPL37A,0,0.840851974497739,0.7629074527321944,0,0,0.21662850394746855
MYO1B,2,0.4829172569055306,3.229904844891908,0,1,0.21658304924960742
CAMK1D,3,0.43661421941940654,2.5585938267437482,0,1,0.21595683630911017
KIAA1958,1,0.40488578342613923,11.487474490358771,0,0,0.21586348462819033
SNTA1,1,0.612172732618855,5.4054752233671755,0,0,0.21544265889645126
LAMP1,1,0.6266777436204213,4.981023662822179,0,0,0.21544168301207456
LDLR,1,0.6703174123652957,3.696726290912608,0,0,0.21525645514690245
KHDRBS3,1,0.7280287063734188,1.981144049670316,0,0,0.2145826592217015
MTSS1L,1,0.48254307828807,9.146291099134395,0,0,0.2141405755904226
FAM222A,1,0.5059416950426876,8.445459279323826,0,0,0.21373591725923924
DPYD,2,0.48442106506007016,3.068743597269279,0,1,0.21365559887662322
EPHA6,1,0.512828828863904,8.233045846625748,0,0,0.21346361567396743
FAM69A,2,0.4743070628440619,3.335943540096114,0,1,0.2129376581590634
MMP28,1,0.720737341491307,2.122430851548217,0,0,0.21278220447244411
MFF,1,0.5957773475896379,5.752200789315064,0,0,0.21211945639985197
DTNB,2,0.35738681963610397,6.723166563267096,0,1,0.21209235481962924
BHLHE40,2,0.5176026079551937,2.031944377432758,0,1,0.21200855686850978
STAMBPL1,0,0.8590856881965788,0,0,0,0.210896696031605
MTFR1,1,0.5711965730796276,6.390820331658676,0,0,0.21010535326208585
ETV6,3,0.3798211128154565,3.985166993423688,0,1,0.21008053405947524
ATP1B2,1,0.570778977715877,6.400518462134258,0,0,0.21004237195100722
DNAJC15,0,0.8572954960326217,0,0,0,0.2095878787528651
ASAP1,3,0.3491304503060116,4.841456407637046,0,1,0.209038321485081
PLA1A,1,0.5000905839931784,8.428548579091764,0,0,0.20903560157664025
ADD1,2,0.3752800014398328,6.050310370477092,0,1,0.20836166822054114
NDFIP2,1,0.46046850376535825,9.537503912883219,0,0,0.20777688337809624
CXADR,1,0.5655151242655275,6.447383227799006,0,0,0.20736494259766064
SH3PXD2B,1,0.6120177955536068,5.00108299111134,0,0,0.20522494803714003
IL18,0,0.8500972084505136,0,0,0,0.2043251793876884
RNF145,2,0.5074426348606291,2.0175095628033843,0,1,0.20421987766206423
KNDC1,1,0.63674390583311,4.217551253592502,0,0,0.20372442626418785
IZUMO4,1,0.716093164685918,1.86508733653056,0,0,0.20295665611383545
RASGEF1C,0,0.8191384755906841,0.8454493191855299,0,0,0.2028161209888582
TM6SF1,0,0.8087560641082829,1.1462572245937175,0,0,0.20274169785802848
KALRN,2,0.4536586273560324,3.5128478768558677,0,1,0.20226175637456673
MPP6,1,0.656601978305648,3.57369700699741,0,0,0.20215494330546674
MACROD2,2,0.49209258207086687,2.365096183007402,0,1,0.20168243703519095
AC084032.1,0,0.8459802083588112,0,0,0,0.20131522271092422
CFAP70,1,0.65348879073406,3.567971516705097,0,0,0.199735817103028
RGL3,2,0.4921995286318263,2.273369749439187,0,1,0.19946868336922385
CYTH3,2,0.5202247188736737,1.4484732506773672,0,1,0.1993465635788741
ITPKB,2,0.37393932786378337,5.711337310832202,0,1,0.19891167082415373
TOGARAM1,2,0.37228441172986027,5.752202237005725,0,1,0.19872283492973233
ZNF462,1,0.5053780238907315,7.858201811279958,0,0,0.19865017658750633
HLA-E,1,0.38828680667030646,11.280756344014142,0,0,0.1985626919595862
NAV2,2,0.3897805820640534,5.220464004269271,0,1,0.1982279665495673
TERF2IP,1,0.7409091491766534,0.9097526488427663,0,0,0.19722904946344927
CTBP2,2,0.38265299325944546,5.381393935490852,0,1,0.1970380665865188
TMSB10,1,0.6903540150164642,2.363960678115395,0,0,0.1966038605926267
PNPLA6,2,0.4614799553936765,3.0507664372951258,0,1,0.19643406352898374
PTN,2,0.40251599568015595,4.765028486511781,0,1,0.1961590428384315
GABPB1-AS1,2,0.38778907673577323,5.1906448748345175,0,1,0.19602688608663643
MFAP3L,1,0.44476109003457687,9.488986353362577,0,0,0.19508083016819128
CNN3,1,0.5002191809048685,7.854370242163681,0,0,0.19478278569186253
PHF14,2,0.3901597901733376,5.04555027843412,0,1,0.19413468686141433
DLC1,3,0.3934683951011497,2.917208089430358,0,1,0.1933733308219031
MAML2,2,0.35403198011889986,6.063226533058858,0,1,0.19314987994485067
LPP,3,0.321516092208059,4.940762773557149,0,1,0.19133068456537372
IMMP2L,3,0.3342485896087898,4.5681961842033525,0,1,0.1913302515521666
GARNL3,1,0.5869677834870182,5.164057773275961,0,0,0.19098298058042829
FAM49B,3,0.3907861754282186,2.8873976295241692,0,1,0.1906674827199488
FUT8,1,0.3239719390678234,12.845726506890307,0,0,0.19064528459072216
AC002429.2,1,0.446815781134788,9.23173164602734,0,0,0.190155072289438
HS3ST4,1,0.5534246647858976,6.112290978180702,0,0,0.19015269867919854
MYH9,2,0.4664654548883218,2.6503109312602615,0,1,0.19007291407840676
SLC4A8,1,0.4095473824670358,10.299190942312315,0,0,0.18958029102562246
SLX4IP,2,0.47817822671764965,2.241041074722466,0,1,0.18840986098382953
AC233296.1,1,0.538688945741987,6.449331858842703,0,0,0.1878008966795346
SORT1,1,0.3692200453287315,11.397994845718793,0,0,0.1875523054776887
GMDS-DT,2,0.42852765078806815,3.6176446443547303,0,1,0.18650691762452226
SLC39A8,1,0.4903605192738256,7.77162766248259,0,0,0.1855076095709342
KIAA1755,1,0.42546600367457454,9.666934857007723,0,0,0.1854204581246821
AGPAT4,1,0.653636967169618,2.984360129811203,0,0,0.18526161490996634
PSD3,2,0.33344444121751005,6.3218687554793584,0,1,0.18456086162649138
HSD17B4,1,0.5105880738184586,7.134436406385826,0,0,0.1843747428439964
ASTN2,1,0.5242025986829235,6.727540214780714,0,0,0.18416137976872365
SLC8A1,1,0.5463850466060096,6.021330111131268,0,0,0.18273318943896583
ADARB2,2,0.4295528504249438,3.4304992666177156,0,1,0.18258029628453132
HSPA4,1,0.6989913999505257,1.5304613111121483,0,0,0.18209227453656301
TAL1,0,0.8193731584030792,0,0,0,0.1818626927426441
LAT2,0,0.8185454229612404,0,0,0,0.18125753176031173
KCNJ10,1,0.45574534927357363,8.609809733094767,0,0,0.1811437293633409
ST13,0,0.807647159410171,0.31113453293486387,0,0,0.1810639954941804
SLC25A46,1,0.5027385874650234,7.213562801604431,0,0,0.1806130583491225
BOC,1,0.571065168714973,5.2109558485949306,0,0,0.18052833884320962
TIPARP,1,0.6434723603389458,3.082924959096888,0,0,0.18029303848279377
GAB2,2,0.32908951004319326,6.245433986947345,0,1,0.17946709829914892
RAPGEF5,3,0.3024771727844952,5.0198710928757695,0,1,0.17938790521934034
ENG,1,0.4523452965808743,8.636063422674624,0,0,0.17931392965358256
GRB10,1,0.6850559702053366,1.8127724039324509,0,0,0.17895804961045586
SLC11A1,0,0.8131681469602987,0,0,0,0.17732618188386673
LDB3,1,0.34193189728144935,11.763929565038461,0,0,0.17674533030018252
ICK,1,0.5720335237383061,5.013412510093385,0,0,0.17630034721913856
KBTBD12,1,0.665381793941044,2.1962362379493454,0,0,0.17415567741599058
DEAF1,1,0.556788423383747,5.355739303124175,0,0,0.17370821194252622
MGLL,2,0.4160110035469244,3.4613323545808368,0,1,0.1734502108748387
KCNIP1,1,0.6796322959249925,1.733208071565477,0,0,0.1730047260121006
GPCPD1,1,0.4956247927889873,7.084685708576241,0,0,0.17219191620731977
SLC31A2,1,0.4561632043375458,8.197068331060086,0,0,0.17113617094943034
SECISBP2L,2,0.3715594087359561,4.661666847373086,0,1,0.17094387906461764
HIVEP2,2,0.48981759645321366,1.1510905909948415,0,1,0.1696851666889555
PMS1,1,0.6664429200965337,1.9727572702164764,0,0,0.1693474648505161
SETBP1,2,0.4608918137683809,1.9578572210401115,0,1,0.16869585346340188
AC108062.1,1,0.57660427597678,4.569963350756621,0,0,0.16856170384519414
CCDC85B,1,0.5764765034617008,4.565658629198413,0,0,0.1683607279289975
SLC25A13,2,0.37645810225968634,4.4095991489582325,0,1,0.16822699007198638
RNF144A,1,0.6399804561622695,2.6995346219828744,0,0,0.16816042493665628
CIRBP,1,0.49380182397728517,6.974563256014018,0,0,0.16810753683121052
NAPEPLD,1,0.4722913936662877,7.596862236632936,0,0,0.16793037837900399
LINC01792,1,0.5131366838474845,6.395389744658004,0,0,0.16777169031874412
ZNF516,1,0.47655147571031437,7.448514362247536,0,0,0.1673382160132153
NKAIN3,1,0.334928555291843,11.573836788925941,0,0,0.16687536143187676
MEGF9,2,0.38888385070854087,3.9839775665727513,0,1,0.16667662128138436
PPP2R3A,1,0.584087364486022,4.248307439412771,0,0,0.16599549603956879
ADK,3,0.33007507767523897,3.667478331803797,0,1,0.16577299355651123
KDM6A,1,0.4254444231167217,8.880165856735077,0,0,0.1657459033437026
RNF170,2,0.43651715594906604,2.540163234452278,0,1,0.16542535272468167
CADPS2,1,0.5386719353755356,5.526280578612529,0,0,0.1647244359411869
DCC,1,0.6479865738820856,2.287522448211274,0,0,0.16371889938361645
CLU,2,0.4333141773885309,2.5557874842664776,0,1,0.16347403992931098
NDRG2,2,0.3639896067714993,4.582414427905512,0,1,0.16342930586080157
AC097103.2,1,0.48204331161900793,7.126630179026005,0,0,0.16331049100339232
PER1,1,0.6824787105612762,1.2599842778573052,0,0,0.1632614414477126
AC092691.1,1,0.41723483022294583,9.008591984716986,0,0,0.1629527820360276
ZFPM2,0,0.7926150814895716,0,0,0,0.16229974630853866
STAT1,1,0.6457393305530076,2.284460118868288,0,0,0.16199941244229665
GTDC1,3,0.3383502636366971,3.2566676122273712,0,1,0.1615582053656525
ANO6,2,0.3976450629110369,3.5199698245909694,0,1,0.16148794985712187
VAV3,0,0.7913731727658467,0,0,0,0.16139178143808813
WBP2NL,1,0.657591667764393,1.8990683059154094,0,0,0.16103503020783336
CRYAB,1,0.6780392594395956,1.2951131198029238,0,0,0.16089349397688324
SCFD2,2,0.42844796796475904,2.56372450542752,0,1,0.16011465318036033
PGS1,1,0.5733966805545763,4.325250986655577,0,0,0.16010205742331254
B3GNT5,0,0.7883913845298745,0,0,0,0.15921178308743222
SYT14,1,0.5471744182445271,4.95334088601656,0,0,0.15662475416754054
BCAS3,3,0.26320239092900233,5.243284916322188,0,1,0.15625632012391139
MOG,1,0.31075004093261027,11.847907896342054,0,0,0.15604648257254
KCTD13,1,0.634242334141811,2.3820716803905087,0,0,0.15603290116145097
SCD5,1,0.48321959017594396,6.780254311894621,0,0,0.1555156763787488
CHKA,1,0.47623814789232377,6.977902259860154,0,0,0.15535008759621224
DKK3,1,0.531233150157981,5.364834183399237,0,0,0.15525189174874948
LRCH1,2,0.4148955961383601,2.759246108026451,0,1,0.15509189882687358
ARMC2,1,0.604409050781636,3.136080681437602,0,0,0.1530618701120987
FGD4,3,0.35350859398600426,2.467068970657399,0,1,0.15291104602801808
CSMD1,1,0.5116640599035717,5.826466556708771,0,0,0.1524795238397682
MARCH8,1,0.44450121313244345,7.78308737096499,0,0,0.1522660118877568
IL3RA,1,0.5444001211761926,4.839923198026222,0,0,0.15176251743778774
LIX1-AS1,1,0.577268847474731,3.8706302634177767,0,0,0.15157353453895106
CHST15,1,0.4749712527349357,6.838128445990592,0,0,0.15093136580910754
RPS9,0,0.7767640779498293,0,0,0,0.1507110086658025
RAB30-AS1,2,0.35279416416650766,4.395051087358963,0,1,0.15056267363989123
TSHZ1,1,0.616221867731579,2.6779260821943782,0,0,0.15025049103564947
TSPAN14,2,0.43425863780765467,1.9986848406975228,0,1,0.1502443709820095
SERTAD2,0,0.7751932717951132,0,0,0,0.149562585452789
LMO3,1,0.473603477657245,6.7926299591650645,0,0,0.14879452152431788
DPH6-DT,1,0.5239571014937532,5.307301407654465,0,0,0.14849478552859524
PTTG1IP,1,0.6549330602720721,1.4584345827961425,0,0,0.14808131900360927
CYLD,1,0.4633956935298797,7.044910319964966,0,0,0.14763522501667936
PIP4K2A,2,0.35636963136424404,4.16497795941275,0,1,0.14742794030979434
ACTB,2,0.39639350704364495,2.9840960213671464,0,1,0.1471832029508106
LILRB1,0,0.7718641333392458,0,0,0,0.14712863784532926
GABRB1,1,0.337603634864408,10.684168513438676,0,0,0.1466012311694162
CLMN,2,0.322903540488377,5.099408049176366,0,1,0.14630907920604674
EGLN3,1,0.512403275645022,5.5188593896093074,0,0,0.14533387336290868
RNF13,2,0.2999888972160976,5.714726301779721,0,1,0.14493086904915042
C1QTNF3-AMACR,2,0.5341591534059585,2.864591940098925,0,0,0.1449182512303026
ENO2,1,0.6438259871461082,1.6507066909516317,0,0,0.14476513895795484
BICRAL,2,0.3337093518572042,4.7117613208956355,0,1,0.14452323443636209
PTPN12,2,0.39830476787845204,2.8072929164623597,0,1,0.1441628042881917
C6orf89,1,0.4850232624590759,6.265536455846511,0,0,0.14397323780398935
MVB12B,2,0.30527665418706734,5.508918037442108,0,1,0.14365429758703338
HLA-B,0,0.7493628318891824,0.48329861300692917,0,0,0.14275388585206206
CAMK2N1,1,0.43013770540170587,7.797339628221502,0,0,0.14212090607103622
MITF,1,0.5244466405777621,5.034554461627638,0,0,0.14203763796332924
DUSP10,1,0.5560565425064117,4.0951667975765575,0,0,0.1416755577297078
TIE1,1,0.5031828742300442,5.639237299844891,0,0,0.1416006469804848
ATL1,1,0.38008962800795154,9.22702359153393,0,0,0.14125365262523448
KCNMB4,1,0.5452341335273541,4.388056962257845,0,0,0.1410816121401307
ABCA9,1,0.5186733974606161,5.163032128695268,0,0,0.14102703036865755
SBF2,3,0.32121145834893766,2.9158680406664375,0,1,0.14051248660719212
RPS6KA5,1,0.40528505310362306,8.454795304865788,0,0,0.14037868512356153
ADGRL4,1,0.5771086627369819,3.4191716728255175,0,0,0.14017595314074444
ATP11A,2,0.37058170776526755,3.447816902490628,0,1,0.13989894827855204
HSPG2,1,0.5035834581014358,5.55853019242885,0,0,0.1398769096526821
CORO1C,1,0.5702985486609212,3.6061783254542026,0,0,0.13986973208327316
SLC25A33,1,0.583603641914005,3.161857134764967,0,0,0.1384950142174189
FAM196B,1,0.4723184020801397,6.414298482020481,0,0,0.13840173428776337
RUNX1,1,0.5789290950446415,3.2842341843202174,0,0,0.13813523380411713
XKR6,2,0.42411424006273035,1.81053550466562,0,1,0.13812652278099596
SHISA6,1,0.5460548276659398,4.2083644030715766,0,0,0.13719169743508378
SSH2,3,0.30546617379322005,3.21848752374165,0,1,0.13656250902786654
DIO3OS,1,0.5724985454878428,3.3835877525145635,0,0,0.13591635089241277
SNX25,2,0.4196947735717645,1.8331509654502343,0,1,0.13546051780250815
MYO1E,0,0.7558361221414254,0,0,0,0.1354104891337558
ACTN1,1,0.5546477765638511,3.847558572368753,0,0,0.13445868529343374
CLIC5,1,0.4826877508540729,5.942494797067225,0,0,0.13419398345818062
TNFAIP8,1,0.48107679907651124,5.981273031467603,0,0,0.13398515051175452
PHYHIPL,2,0.3208799814155701,8.595095048227536,0,0,0.13217540051412874
UNC79,1,0.49658876023927173,5.4476561183940495,0,0,0.13199267611410237
FMNL3,1,0.5338730097390025,4.352856242285492,0,0,0.13189589456261194
FAXDC2,2,0.3474043004726278,3.8002348117229054,0,1,0.13175961279297754
BBS2,1,0.42937424919388445,7.38389051312063,0,0,0.13123200241878324
CMTM8,1,0.5421857674749733,4.0814799882130215,0,0,0.13119258528307298
ARHGAP6,2,0.43065197233240665,1.3334613581481294,0,1,0.13098576890666735
TBC1D1,1,0.5595859448749088,3.5153514369988224,0,0,0.1297682347739167
NIPSNAP2,2,0.34391137148160406,3.814163542196656,0,1,0.1295539505086039
VWA8,2,0.37304353012565705,2.958966462648501,0,1,0.129484027988245
FIGN,1,0.4219917635223148,7.513251036782109,0,0,0.12906693028305588
DOCK8,1,0.5021256081161725,5.16398468999747,0,0,0.12895267097601332
ATP13A4,1,0.359113309177512,9.341447665460462,0,0,0.12877685703591707
CEMIP2,1,0.6622080647451191,0.45740594234320137,0,0,0.12838768352752533
FLNA,1,0.6052608738077618,2.120155465307676,0,0,0.12830000216465004
DIP2C,1,0.3233264364796846,10.35344886779999,0,0,0.12789950995839836
DAB1,1,0.587412338327568,2.608977958060709,0,0,0.12746493125188263
PTCHD1-AS,1,0.384070149086072,8.54974026793153,0,0,0.12724073976656325
AIG1,2,0.3745525238379704,2.804979539913511,0,1,0.12673963165015534
MSI2,1,0.39107190929084423,8.31486050947078,0,0,0.12649088222550842
SLC16A1-AS1,2,0.42282910923230504,5.382459575272054,0,0,0.12643762659130814
FADS2,1,0.599907845883039,2.181819396959142,0,0,0.12592715958993458
DGKD,0,0.7428187177100782,0,0,0,0.12589340812585356
MLXIPL,0,0.7427686425233956,0,0,0,0.12585679793903345
ZNF618,1,0.648938284660799,0.7268110043089528,0,0,0.1254176385779055
ANGPT2,1,0.42222776753575864,7.355266233718867,0,0,0.12529195171985533
IFT88,1,0.512104778059994,4.694956222155956,0,0,0.12452900228080065
ITGAX,0,0.7397339767450408,0,0,0,0.12363814058711446
ACYP2,3,0.30441479501345114,2.7311748088373764,0,1,0.12361749480420074
WNT2B,1,0.5055391050012075,4.836230658720397,0,0,0.12325879501183971
CDH23,1,0.512391353865938,4.615587256872923,0,0,0.1227553489439163
ZC2HC1A,1,0.568201646975652,2.976757271899554,0,0,0.12260951017057102
ARHGEF12,2,0.5147033514731596,2.53994665607454,0,0,0.12258220881352268
ABCB7,0,0.7381568029314232,0,0,0,0.12248506195097746
LAMP2,1,0.6229304141787826,1.356771625333799,0,0,0.12214382131968048
KLKB1,1,0.579377663686555,2.621099635966659,0,0,0.12189362664784152
LAPTM5,0,0.7371892757558312,0,0,0,0.12177769862397796
NPL,1,0.5215427810665114,4.280070096525782,0,0,0.12106252365789454
ALPL,1,0.541693561495415,3.646267364587684,0,0,0.11995819514716903
ALG13,2,0.39154308204217636,2.0020645446458465,0,1,0.11909929005928312
RGS7,1,0.449215407598708,6.290293638247122,0,0,0.11841256014276924
INSR,2,0.3640329011830604,2.758514268483247,0,1,0.11788767501266849
PTPN18,0,0.731861596690905,0,0,0,0.11788260928320989
TRPC1,1,0.53774321698793,3.675266961915119,0,0,0.11779468592727256
EHBP1L1,1,0.48866841836530234,5.108783988373982,0,0,0.11773477650264765
SPTLC2,2,0.37125868960655295,2.540798711806826,0,1,0.11773048259020348
BMP2K,2,0.3942330403973167,1.8471159654773797,0,1,0.11719427346842033
FGFR2,2,0.3201598897134992,8.005570016320984,0,0,0.11691864111319925
CCDC171,1,0.515800236106441,4.240724290402209,0,0,0.11588100139431617
MEGF10,2,0.29876539287738624,8.570266499672645,0,0,0.11538694462705049
TTYH2,1,0.57563252739905,2.466492276422063,0,0,0.11529241032926056
TNC,1,0.597302351442843,1.8188742373588698,0,0,0.1149534619951621
RTKN,1,0.49109144892942674,4.889903247405221,0,0,0.11403715278201039
CACNA2D1,2,0.3065628512267031,4.277822108350203,0,1,0.11383359189677525
JCAD,1,0.4696017849941939,5.486868194631814,0,0,0.11324216230487659
ADHFE1,1,0.531057639794251,3.682595639020101,0,0,0.11308995096423026
NGLY1,1,0.572800752615091,2.44146084912131,0,0,0.11259663418721622
PRKD1,1,0.599891846470904,1.6439821182416539,0,0,0.11247667256951127
ARFIP1,1,0.47898284548789183,5.178857674237092,0,0,0.11240452364395803
CLTA,0,0.7241256892989134,0,0,0,0.1122268537362806
CCNL1,0,0.7236211207665112,0,0,0,0.11185796148727382
AKAP6,1,0.283791701228029,10.861206303767032,0,0,0.1116826861882646
PPIP5K2,1,0.58977092455235125,1.8712085291439748,0,0,0.11075486535602777
AL357153.2,1,0.492994296901425,4.67622748844607,0,0,0.11008927673628058
METTL25,1,0.5036182037245932,4.329618878663929,0,0,0.1091958487604569
HIVEP1,2,0.5468934471959119,1.054909301391916,0,0,0.1090103144528516
ST6GALNAC3,1,0.4846898119438677,4.86216766020653,0,0,0.10866386676713607
LRRK1,0,0.7154823396044303,0.09963285739731377,0,0,0.1083971615390857
SLC16A14,1,0.5842283389964087,1.872497313616642,0,0,0.10673485944225213
ERBIN,1,0.2762900086016127,10.872350292994014,0,0,0.10647661781986778
SLC19A1,1,0.6226023650993636,0.7361745099066,0,0,0.10639729651802937
TRPC3,1,0.4135286794510504,6.8431073349535,0,0,0.10613483930169952
PLEKHM3,1,0.45534191563012005,5.617794942903895,0,0,0.10608813985030556
E2F3,1,0.5964617180814566,1.4714668703121285,0,0,0.10565830049296437
KLHDC1,1,0.539692598071394,3.1203218700428677,0,0,0.10535362899056447
PCMTD2,1,0.4709838188830367,5.091509029690402,0,0,0.10437384432483886
TBX15,1,0.5125641694807026,3.8571856322627878,0,0,0.10393172573859819
RYR1,1,0.6117671441063584,0.9196189985399551,0,0,0.10305929548733432
RAPGEF3,2,0.38154893597026035,1.6367951646719026,0,1,0.10266564246958745
RHOU,1,0.3876617540814371,7.453073876262193,0,0,0.10246448114591956
SUCLG2,2,0.40515688999374255,0.8951965024985735,0,1,0.101395401828812
ZNRF1,1,0.5844902546188252,1.6394331766145656,0,0,0.101102838633451
VSTM2B,1,0.4309716945773989,6.114189211239798,0,0,0.10067423008541035
BGN,1,0.511748749877249,3.748070689115558,0,0,0.10060914432786332
GREM1,1,0.4135210886592922,6.605770388447992,0,0,0.10019901768409871
PAPOLA,2,0.3861970655161834,1.3887340108017767,0,1,0.09986567547166106
TECPR2,1,0.5722103745782829,1.9177901558328874,0,0,0.09908019296679642
SMCHD1,1,0.43783401135915945,5.845707768872459,0,0,0.09898282896565792
CDKN1C,1,0.44238144993681944,5.707353252697364,0,0,0.09885045546054441
MAML3,2,0.3573064418880435,2.1878688026723845,0,1,0.0987113725777088
SPOCK2,1,0.4943896244582395,4.179056805435762,0,0,0.09868674186473957
SHANK3,1,0.42659492328331305,6.155027447101344,0,0,0.09849476713944831
PTP4A2,0,0.7051994527167837,0,0,0,0.09838979983841607
MIR646HG,0,0.7042259776673576,0,0,0,0.09767808799498205
HSPA9,0,0.6947414120711404,0.27014290590248796,0,0,0.09749386612425652
TARSL2,1,0.544828806333511,2.65484967674374,0,0,0.09747810958023113
CTNNA2,2,0.45218907485810556,3.3609260849897495,0,0,0.09739133279284136
FREM2,1,0.569923026879159,1.9140761915062097,0,0,0.09731510332484128
ANKRD36,3,0.30397239192117564,1.6816358466066796,0,1,0.09706951523125924
EFNB2,1,0.5196185087765535,3.374062047849738,0,0,0.09701750989430788
IGF2BP2,1,0.5446465019978821,2.637015640135977,0,0,0.09689921199853334
CCDC50,1,0.3810162604168098,7.385819871987881,0,0,0.09592547480840882
WDR7,2,0.3200034826189244,3.1652201306263272,0,1,0.09585982128455584
ITGB3BP,0,0.67441601301671,0.7910584171302509,0,0,0.09564984876153575
SVEP1,1,0.5262800031444861,3.1218348402853278,0,0,0.0955854266568425
MYO9A,2,0.30922973149375504,3.4681483101298123,0,1,0.09555226673479016
CDK6,1,0.457206093610682,5.127839697486098,0,0,0.09520867368586873
MIA2,1,0.5966707672677033,1.0467609548144432,0,0,0.09519912923917793
SFMBT2,2,0.3486955538009995,2.274390424156326,0,1,0.09457780641519348
KCNJ3,1,0.556385737299974,2.1597154689497695,0,0,0.093555652003482
PTPDC1,1,0.4330810745720471,5.767452727617927,0,0,0.09355259935757322
FSTL3,0,0.674982031236217,0.6658203932443776,0,0,0.09293437963998094
ARNTL,1,0.489856164961172,4.0590582944877625,0,0,0.0923739406464722
XRRA1,1,0.5483482215839817,2.3460017397608284,0,0,0.09233407228846913
SMOC1,0,0.6962386140595678,0,0,0,0.09183849171480106
TSC22D3,1,0.5814445753520112,1.353138589696711,0,0,0.09172256643608398
ADGRF5,1,0.5107805189884458,3.4159445914945414,0,0,0.09160252452697204
CLEC1A,1,0.5828105821405838,1.3028323110163251,0,0,0.09146427101467842
AL158071.4,0,0.6955925965380119,0,0,0,0.09136618549449448
DDB2,0,0.6948749635661268,0,0,0,0.09084152090691162
RAMP1,1,0.470320892171695,4.564390907259345,0,0,0.09071822250429039
ANO5,1,0.550456475887654,2.2094905378783523,0,0,0.0904644589288369
RPL35,0,0.6940959834897297,0,0,0,0.09027200518434865
EDNRA,1,0.5397394188660178,2.492227241496497,0,0,0.08969383491950825
DTNA,1,0.534923883398066,2.6314260462768453,0,0,0.089651297625294335
ROR1,1,0.49934441616935293,3.6629558409831504,0,0,0.08941354106855323
ATP1A1,1,0.5309199186538667,2.7348134262064083,0,0,0.08930729315272788
IGSF11,1,0.2808482527706341,10.04519097858651,0,0,0.08914117132789193
GPAM,0,0.666765037170928,0.7403227032908879,0,0,0.08878846793428397
AKAP7,1,0.4944436162056153,3.779822200523952,0,0,0.08875065196232432
TLN2,1,0.40298702722962004,6.453478389023734,0,0,0.08869224191726692
FAM171A1,2,0.3514327189350478,5.960256822696199,0,0,0.08867667340889811
TUBB4A,1,0.3401899194143767,8.28931605211934,0,0,0.08865256586340063
PDS5B,2,0.38363831758800093,1.0132724259756605,0,1,0.08861341003586946
NCBP3,1,0.4519927837953653,5.015044998397245,0,0,0.08857883057621797
EXT1,1,0.4244821805855677,5.816926967045904,0,0,0.08850210955189651
DOCK4,1,0.4617745370715147,4.711421187840849,0,0,0.08814374964446924
ITGB8,1,0.32750270332555603,8.635500271250423,0,0,0.08802689532872573
TPRN,1,0.45423662112654334,4.922836999370165,0,0,0.08791533430668873
DSE,2,0.3543672040687602,1.7932312689812209,0,1,0.08670178525190446
RIC8B,1,0.506816807514153,3.3243688105669333,0,0,0.08641645937873797
GLUL,0,0.6810939621216439,0.22065052479638605,0,0,0.08627950380154215
FAM129B,1,0.5121482171705024,3.0912190395103396,0,0,0.0844886279972034
GALNT15,1,0.5682609634928453,1.448805025097634,0,0,0.08447436094132262
PIK3C2B,1,0.4485594004690235,4.951211655216776,0,0,0.0844736831831308
OSMR-AS1,1,0.5616515970696613,1.633758799215454,0,0,0.0842636126645008
PLA2G4A,1,0.5635702258699078,1.5741165113213869,0,0,0.08417606534663545
NDRG1,1,0.5515010582232007,1.9090313333753528,0,0,0.0837206674411686
MALRD1,0,0.654687133748577,0.8780807598313005,0,0,0.08340038226230645
SPECC1,2,0.35858009369267546,1.5253037064012078,0,1,0.08308721605100759
DYNLL2,1,0.5089350458287597,3.1270411737223593,0,0,0.0830345421081478
RERG,1,0.4838624589482541,3.8559601804380637,0,0,0.08291716028823264
APBB1,1,0.3933021119600229,6.483328547278061,0,0,0.08235741579491931
UBE2E2,3,0.24883411788093265,2.6825976342534394,0,1,0.08176843568020457
SEC14L1,2,0.33477722105344626,2.15688151356905,0,1,0.08146589048601746
AGTPBP1,1,0.4496966588609898,4.773375200151157,0,0,0.0808615879358044
LGR4,2,0.3063039113387914,2.9538517459648066,0,1,0.08056260236691215
LMNA,1,0.587737817240047,0.7162401241546308,0,0,0.08040957898480867
DTWD1,1,0.4678015683235126,4.222269286612182,0,0,0.08032783655272284
ZFYVE16,2,0.2614200964596479,4.247202747008067,0,1,0.08006445008211001
EMID1,1,0.460195075002007,4.42482487701102,0,0,0.07982789612730247
SYTL4,1,0.49073796611783926,3.515347873682904,0,0,0.07943308896745761
HIP1R,1,0.485031393287199,3.6764543833017154,0,0,0.07928651207972758
AL645608.8,1,0.4767828700315772,3.9141948640707667,0,0,0.0791963357995208
LY86,0,0.6737044428105081,0.10720755428617026,0,0,0.07804242628573846
DNM3,1,0.359147609086708,7.285039515990357,0,0,0.07741903809677132
HBS1L,1,0.38074351235566617,6.650562560193963,0,0,0.0773543985378341
KIF21A,1,0.43853403272542313,4.949012603046849,0,0,0.07708914611153135
STK39,2,0.3221408560135338,2.3437138064947347,0,1,0.0768957153264199
FUT9,2,0.3285963631302154,6.1483714654273935,0,0,0.07668128234542758
SRSF3,0,0.6753291901539857,0,0,0,0.07655152093752467
AL160272.2,1,0.50906924034775,2.8636017688144655,0,0,0.07655016551445722
PSEN1,2,0.29792103469354814,3.030460615324496,0,1,0.07634804919425477
ANKFN1,1,0.485904802595119,3.520279832511767,0,0,0.07602277556781491
TGM2,1,0.35533248023169994,7.338897668816116,0,0,0.07597551940793905
RNF144B,0,0.6742449628203406,0,0,0,0.07575883761730502
CLIC4,1,0.46227197403460263,4.187530338064071,0,0,0.07541711371402197
FTL,1,0.37010696677951466,6.866316042555437,0,0,0.07496894576596742
MLLT3,1,0.5532043206786653,1.503957438737002,0,0,0.07484446182750985
FAR1,1,0.36970596356379426,6.864993625702179,0,0,0.07464272771016231
MCC,1,0.4956365051905404,3.173903943722259,0,0,0.07448286813423756
PPP1R10,0,0.6288326002072501,1.2670551136962822,0,0,0.0742172137963787
FCGBP,0,0.6719087141661451,0,0,0,0.07405079606310395
RGL1,1,0.40323347841714674,5.85181825088355,0,0,0.0738389097193523
PHLDB3,0,0.6622416181004543,0.2664855146459713,0,0,0.07364173915886381
NUAK1,1,0.5416975594673739,1.7888376738634317,0,0,0.07355004147253466
TCF7L2,1,0.52200334229602,2.3538656439563406,0,0,0.07326970961239292
DNAJC5,2,0.36509375612473083,0.8824488399830084,0,1,0.07178654809420533
NCOA7,2,0.4493020302599235,2.408618514639795,0,0,0.0714855587971586
ADAM23,0,0.634366569885178,0.9763582109874497,0,0,0.07099956083118172
METTL9,0,0.6674952783022412,0,0,0,0.07082411390373226
LGI4,1,0.516677055519862,2.4068977598671855,0,0,0.07070073684003764
SVIP,1,0.42124052089018504,5.172511264698388,0,0,0.0700302829790698
TROVE2,1,0.46844022956573816,3.7837572029130078,0,0,0.06983778567534311
SYT11,1,0.44358278937200524,4.509552727647935,0,0,0.06979965296268285
HEG1,1,0.340766159128004,7.51273738764885,0,0,0.0696697031564522
CASC15,2,0.4697903954828678,1.7344735979596348,0,0,0.06962002110169255
ME1,1,0.524685943537769,2.1265779381172916,0,0,0.06955179666152417
TOX2,1,0.4928928253209675,3.0460366334255977,0,0,0.06928196709717822
ANKAR,1,0.4847271292781403,3.2806832966485637,0,0,0.06917504179812618
CEP128,1,0.4454282747676336,4.417950137531003,0,0,0.06886004704341955
POC1B,1,0.43754643307290053,4.623897751867223,0,0,0.06824355377871222
RBM17,1,0.5673142206375781,0.8240292455454411,0,0,0.06817109531598335
TTL,1,0.38564864238841406,6.1268133590562135,0,0,0.06785378551986325
GAPDH,0,0.6539980945879205,0.25592244430285277,0,0,0.06735092677124749
ELF2,2,0.28890167503742054,2.9286812404535953,0,1,0.06721082331687654
IPO13,1,0.4556806394757109,4.051130691187351,0,0,0.06718998048588418
SMTN,1,0.461425857624562,3.8646850247131845,0,0,0.06673166870274715
SNTB1,1,0.5181123652078156,2.1932157334465825,0,0,0.06641088491765597
CHST3,0,0.6604428800413722,0,0,0,0.06566807485595925
OLMALINC,1,0.5075095395761626,2.4605540812570266,0,0,0.06533902156109216
ZBTB44,1,0.4276002513395438,4.7949056547072875,0,0,0.06524478372451448
FHL5,1,0.4490007443147545,4.158167475082064,0,0,0.06498077828185232
IQSEC1,1,0.48037059137399996,3.23397646025976,0,0,0.06482290731638662
LINC00476,1,0.49436782666743917,2.8075333358933787,0,0,0.06440093175423159
DAPK2,1,0.4123908657598432,5.200670436207074,0,0,0.0642638669648153
FAT4,1,0.37880282531702447,6.156932828645659,0,0,0.06360136564790295
KIZ,1,0.5518299333246605,1.065944513556247,0,0,0.06289513469869422
SPOPL,1,0.4940712526471145,2.732856835211544,0,0,0.06231818434419671
UTP23,1,0.4578522954887637,3.786132421997797,0,0,0.06215624994767191
JAG2,1,0.5423192433117137,1.3129270664319668,0,0,0.06211311188450788
CSGALNACT1,1,0.4622266570893285,3.6545616622732635,0,0,0.0620668429383449
SEL1L,0,0.6549125977755675,0,0,0,0.06162486143366709
HIBADH,1,0.4443535090041858,4.156212768743938,0,0,0.06153432262893936
MYBPC1,0,0.653841336596911,0,0,0,0.06084165772576479
IQCA1,1,0.436858527505516,4.321547815194156,0,0,0.0601858896522104
ABTB2,1,0.4562800393883313,3.7484445940531046,0,0,0.06006507144833269
COBL,2,0.33127183834570906,5.397927409010638,0,0,0.05988619799388514
OTUD7B,2,0.3343719125388355,1.280089444547943,0,1,0.05926140926537475
FGF1,2,0.359533962714989,4.5186676851506045,0,0,0.058578943061495165
AC006978.2,0,0.6449973654549614,0.14613608645837578,0,0,0.05802725350445537
ZC4H2,1,0.469798010362781,3.2679597008149717,0,0,0.05794237708125832
DNAJB2,2,0.473815250867153,1.141523270471762,0,0,0.05774672625353981
TMEM156,0,0.6491938744638561,0,0,0,0.05744387794295873
LRIG1,1,0.5280416557440255,1.5381670801128244,0,0,0.057302714780409394
MTMR10,1,0.49831575420080376,2.40127569386122,0,0,0.0571362325784166
SNX3,1,0.5091113814702146,2.0432886594627555,0,0,0.056084040651755894
TGFBR3,0,0.646100104853742,0,0,0,0.05518200952252776
POMP,0,0.6012389218921315,1.2968456578370784,0,0,0.054787723543785846
DAB2IP,1,0.47326238534700427,2.997992386968944,0,0,0.05372959887624399
TLE4,2,0.23762477312667007,3.88861155228942,0,1,0.053707567707853884
FBXO32,0,0.643711624690613,0,0,0,0.053435781284928666
MAST3,1,0.5410524984774625,0.9887514014243808,0,0,0.05308690247741131
DENND2A,1,0.5305978195629205,1.2889379484485992,0,0,0.05294411860426966
VLDLR-AS1,1,0.41895834254427855,4.549012819375679,0,0,0.052782591050561344
CSNK1D,0,0.6414596718964584,0,0,0,0.05178936880070627
DGKG,1,0.396671780974561,5.155688122313179,0,0,0.051647615190717935
SLC4A7,0,0.618761634732262,0.6429051303464601,0,0,0.051258825916511444
TBC1D8,1,0.5562817450532813,0.420078461181635,0,0,0.050011799061180584
PARP4,1,0.49135995676942656,2.318328078847147,0,0,0.04997822994129964
MAN1A1,1,0.4933644535620845,2.247066102967482,0,0,0.04966312318974184
MYO15B,1,0.499809531816752,2.032649167667681,0,0,0.0490175718971264
PREX2,3,0.22723343482776778,2.000545267235279,0,1,0.04893383044304313
ADGRV1,1,0.5351547060364552,0.9686894091870013,0,0,0.048273717373730846
ATP2B1,1,0.45370175482328456,3.3382540960167884,0,0,0.04793076104321627
CTSZ,0,0.6357131185774844,0,0,0,0.04758803867062246
BAALC,1,0.404813105569133,4.7097630290240735,0,0,0.046457567329225846
HAPLN2,1,0.4102919072752124,4.478236701417398,0,0,0.0446780594442314
AC004158.1,1,0.3921090433302472,5.004589139423266,0,0,0.0445363097904833
PGAP1,0,0.6289464699306204,0.06768934330068264,0,0,0.0443322471134671
KLF9,1,0.5118818814016481,1.4916106956945805,0,0,0.044324942093731765
PPP1R9A,1,0.2709436112923068,8.538055828031633,0,0,0.04424148002946689
AC113414.1,1,0.49661200396071253,1.9190573479394684,0,0,0.04384155831627756
CMTM7,0,0.6305305778421656,0,0,0,0.043799060594009245
COL23A1,1,0.506219984464892,1.6312283878134968,0,0,0.04367409286871193
PTBP2,1,0.265615051185519,8.670417554093326,0,0,0.04365303201477731
VEZF1,1,0.38376812635246826,5.212706105446868,0,0,0.04363838957364859
HLA-A,0,0.6303000590814523,0,0,0,0.04363052732525201
TMEM165,1,0.37816556692583003,5.347704269400572,0,0,0.042915495401103204
TMEM63A,1,0.39465420891288655,4.846821316494213,0,0,0.04245499091778265
HNRNPL,0,0.6286055322658282,0,0,0,0.04239165139884059
SMAD1,1,0.39769517091242557,4.719471335452055,0,0,0.04149619307701595
ACP6,1,0.506586941267607,1.5208158353651184,0,0,0.04118352899110432
GCFC2,1,0.437419828122996,3.5383949365847203,0,0,0.041027836855604904
IRS2,1,0.39202389608518307,4.857143282223571,0,0,0.04078986984022374
ADCY7,0,0.6262448818544131,0,0,0,0.04066576961378414
TFEC,0,0.6190209147752413,0.20648804061388065,0,0,0.040543754822765024
TANC2,2,0.40527926179363327,2.4523600068413702,0,0,0.04039327770592529
NFAT5,2,0.27690431048272407,2.201055943764068,0,1,0.04025852795217928
EPHB2,1,0.4096880635649862,4.318288380743855,0,0,0.04024000269095231
DEK,0,0.6254292840019386,0,0,0,0.04006948247583687
ANKDD1A,1,0.365708842427336,5.5964126444210835,0,0,0.04002273659437
EYA3,1,0.39954614078961453,4.576648517503761,0,0,0.039280771367138693
RAB27A,1,0.48458289442080194,2.071089932664057,0,0,0.03884581971062771
C5orf30,1,0.4200264854604549,3.956350036035617,0,0,0.03875481563998688
FRY,1,0.3328852701438974,6.496962770560789,0,0,0.03852707444556483
DHRSX,1,0.4235087209358718,3.8423105083959026,0,0,0.03845121933651644
AC109927.1,0,0.6222569926231509,0,0,0,0.03775020644874426
MAT2A,1,0.4193288968443861,3.9340275435017795,0,0,0.037687039685384706
SPTBN1,1,0.3297186266333061,6.553669139866174,0,0,0.037628833802288944
SAT1,1,0.4932670346989262,1.755346541267077,0,0,0.037305440561645926
GLCE,1,0.3723395375774027,5.283215026440665,0,0,0.037044685308318864
AC118549.1,2,0.3637629581111304,3.5329473268774483,0,0,0.03704086086738714
CHIC2,1,0.4840834461830078,2.0038877273889693,0,0,0.03680150820824002
GMPR,0,0.620325803985213,0,0,0,0.036338306034515974
CGNL1,1,0.44665655248634684,3.0081603375076873,0,0,0.03453202247006819
PRPF38B,0,0.6175547862380546,0,0,0,0.034312402905122955
ITPK1,0,0.617245967613153,0,0,0,0.03408662426503857
RBMS2,1,0.3844333859148503,4.802820514587969,0,0,0.03388306702055257
TNFRSF1B,1,0.4173241005411559,3.8312882906696295,0,0,0.033654207387599895
MRAS,1,0.400536068955744,4.298981482899846,0,0,0.033066523558277425
TRIM9,1,0.31034554631021394,6.917217277493281,0,0,0.0325489662201596
RNF150,1,0.5170270520285452,0.8673951556310049,0,0,0.032489499463704885
CREM,1,0.4592945234148349,2.5529152084721156,0,0,0.03239661517591248
ZRANB3,1,0.4444787814834249,2.981956817697253,0,0,0.03228510458938956
EVL,1,0.4270772952369312,3.4795848203529345,0,0,0.03199689413129915
PKNOX2,1,0.4815686377000665,1.863240446377436,0,0,0.03144860648078755
VPS13D,1,0.3848562287563365,4.69097277785355,0,0,0.0313975011203232
LRP8,1,0.40161487654888806,4.19526992621559,0,0,0.03126383279875076
PTPN9,1,0.46631580764471325,2.295769115453356,0,0,0.03110466905544082
NORAD,1,0.3864557308682335,4.616895681529023,0,0,0.03071596036800938
RFC3,1,0.4627884538574135,2.378086846979637,0,0,0.03058265551023051
CARHSP1,1,0.4852611823703464,1.7168144234220404,0,0,0.030489535836764385
ZNRF2,0,0.6123222144543125,0,0,0,0.030486846911362983
SEC11A,0,0.6117572485592577,0,0,0,0.030073797887781153
FDFT1,1,0.4872831856602478,1.6403644234871448,0,0,0.030057596454262404
SORBS3,1,0.4966324710413409,1.3651879926460888,0,0,0.030017143090233116
LAMA5,1,0.3826638946567428,4.639301413598333,0,0,0.028503578184355942
PTPRB,1,0.3086499757999204,6.791681783907453,0,0,0.02817260694765092
BSDC1,0,0.608926960335072,0,0,0,0.02800456185479573
GRAMD1A,1,0.42263476853819254,3.4428586571455337,0,0,0.027831277159370407
FYN,1,0.40690425510364636,3.8930814376659932,0,0,0.027580221155394852
BASP1,0,0.6069951663639247,0,0,0,0.026592218878824805
DIAPH2,1,0.4208086120951433,3.4391596653072627,0,0,0.026403740564383396
SOX8,1,0.3706484616602111,4.86997017583725,0,0,0.0254826987511408
MTSS1,2,0.24634539490519453,2.44774931231686,0,1,0.02408083009614574
VCL,1,0.4720433272335105,1.8323876888062967,0,0,0.023713701330412923
ZDHHC11B,0,0.6029531248891546,0,0,0,0.0236370647729839
TMBIM6,2,0.28800548519488967,1.2013504008032032,0,1,0.023395282049756175
ALDH3A2,0,0.6023513887085191,0,0,0,0.023197132833656306
DSCAM,0,0.5666654737162837,1.0423684153175292,0,0,0.02315237343821433
SLC16A7,1,0.44757895281430543,2.5247227670550374,0,0,0.02312687388984458
SNCAIP,1,0.45395133527222,2.3381784485878914,0,0,0.02312461967156637
CYBA,0,0.601480014321156,0,0,0,0.022560067228413597
PAWR,1,0.4551378619559582,2.2764416669294163,0,0,0.022449494781171513
FRAS1,1,0.4573990646401855,2.199795697131729,0,0,0.022187538472226986
HDAC11,1,0.4010292714253246,3.8407721684000458,0,0,0.021977957937969236
ANOS1,0,0.5789459174279612,0.6346350527109645,0,0,0.02194273967077659
AL365273.2,1,0.47553049622469834,1.656521068302082,0,0,0.021868855650428676
SLC16A3,0,0.6005190381595383,0,0,0,0.02185749337622879
KLHL42,1,0.38188937880607265,4.395519850301492,0,0,0.02184602448114909
CPVL,0,0.5999749665141051,0,0,0,0.021459720229439136
GNB4,1,0.39549484180284034,3.981936682087982,0,0,0.02145895061919432
MAP3K5,1,0.4861625493056182,1.3144884597911723,0,0,0.021095722704051002
RAPGEF1,1,0.4944023894300483,1.0700308546511932,0,0,0.021011711799765187
LRRC28,0,0.575051056097716,0.6684571696190237,0,0,0.01994029339219376
SNX2,1,0.49655131199389885,0.9462829790622446,0,0,0.01949074484935194
UGCG,0,0.5970166454544963,0,0,0,0.019296878833509126
SPIN1,0,0.5956046932791303,0,0,0,0.01826459445584301
CHD1L,1,0.4416838311884374,2.4853607196086087,0,0,0.01783339634476914
KIF9-AS1,1,0.417924888764496,3.169065185933657,0,0,0.01754666261645182
MSC-AS1,1,0.3956486715450631,3.8156843826204376,0,0,0.01741731646659086
TMSB4X,0,0.5941523348745028,0,0,0,0.017202768908189073
TXNRD1,0,0.5935309460817297,0,0,0,0.016748468858635193
TMEM123,1,0.4274669350959277,2.8517967047081387,0,0,0.016595395321747138
SKAP2,1,0.4536110535174841,2.0649699723296355,0,0,0.01604925435430353
THSD7B,1,0.3719185128228353,4.4318847883047905,0,0,0.015464921529102994
MEF2C,2,0.2687246816236174,1.437061200196007,0,1,0.015188642556955775
DNAJC7,0,0.5913763689661412,0,0,0,0.01517324815661493
PACRGL,1,0.44438578208102014,2.2960256924983353,0,0,0.015077942985031786
CKB,1,0.3761030623065668,4.287220858758153,0,0,0.014909586680081605
N4BP2L1,1,0.4667883915491656,1.6295851131605064,0,0,0.01480442370869027
RGCC,1,0.477812702239676,1.3044831208439558,0,0,0.014741112582537644
CBR4,0,0.589446557240428,0,0,0,0.013762354408904026
TBXAS1,1,0.4572768011907522,1.8615987637266547,0,0,0.01364771886918053
NECTIN2,0,0.5892185494016278,0,0,0,0.013595656886080387
MIR222HG,0,0.5890080138854381,0,0,0,0.013441733454325255
NSMF,1,0.449702077630024,2.0728717178022573,0,0,0.013388823784126879
FARP1,1,0.4368427502514878,2.4490669465098134,0,0,0.01338719864630791
ERC2,0,0.5886733293951042,0,0,0,0.01319704416750199
ZC3H6,0,0.547327984328569,1.2021655943673641,0,0,0.01300745828154562
PICALM,1,0.2881939971589066,6.762960672174134,0,0,0.012499505583323953
SLCO2B1,1,0.33460077710098646,5.403586362567852,0,0,0.012461398290471416
NSMCE2,1,0.28064168075057816,6.971206651600667,0,0,0.012181358295219782
CDKL1,1,0.25541439921689546,7.702129903938595,0,0,0.012000958066677073
TMEM132C,0,0.5864825344391069,0,0,0,0.011595344444804506
ACER3,1,0.28989135420360707,6.676216415473792,0,0,0.011572996201693525
RMDN1,0,0.578537740648759,0.22686775852849772,0,0,0.01145555242577935
TBX3,1,0.4351973161862424,2.419496110600764,0,0,0.011445336430195796
SLC9A3R1,0,0.58567984164161,0,0,0,0.011008492248690702
PON2,1,0.27719238074980157,7.001593168676256,0,0,0.010418819469977053
SH3YL1,1,0.44562755785545266,2.0540434845396014,0,0,0.00993946884917303
TTC7A,1,0.4076053670139478,3.163941769373244,0,0,0.009873997994958528
PDK3,0,0.5838280911178806,0,0,0,0.009654669385330938
SPARCL1,1,0.4359521075997199,2.3253299864367003,0,0,0.009644265087022506
KCNMB2-AS1,1,0.370133866922888,4.249547290870641,0,0,0.009604143055316254
KCTD12,0,0.5631038702401199,0.5978336474420534,0,0,0.009441003626854336
MINK1,1,0.4636138260116128,1.5060492689473748,0,0,0.009396729417905654
ARHGEF6,0,0.5833500836845502,0,0,0,0.009305196071401345
PCNX2,1,0.4652574783154928,1.4322419733470182,0,0,0.008754208498309254
NEO1,1,0.4707321546040299,1.2693832146882498,0,0,0.008687461858232187
MAPK8IP1,1,0.3954626549498163,3.4504378256878057,0,0,0.008155005277441202
AC008537.1,0,0.5816581201166414,0,0,0,0.008068194146545207
ABLIM1,1,0.45087201696151574,1.8249205328665414,0,0,0.008048684552684149
RASSF1,0,0.5815301468223643,0,0,0,0.007974632314391411
XAF1,1,0.35192359609512425,4.704032669168064,0,0,0.0076466339731885305
SH3TC2-DT,1,0.3748443076140363,4.030838347693074,0,0,0.007583147492606455
NARS2,1,0.3965462120981442,3.3893939207403885,0,0,0.007421911628520712
SLC7A6,0,0.5798844454983885,0,0,0,0.006771452917324104
CRK,1,0.4581461386036343,1.54932117439059,0,0,0.00648050237711733
TINAGL1,0,0.5792728141922175,0,0,0,0.0063242866086719455
ETFA,1,0.4345674824722768,2.2196109955796124,0,0,0.005990388752397526
TOX,0,0.5784113343164521,0,0,0,0.005694454923901208
MAP4K4,2,0.3072774249627123,3.9154074915267874,0,0,0.005300467112645133
EIF1AX,1,0.4292883897255422,2.313322136134377,0,0,0.004472355160972477
IQGAP1,1,0.38245866621112207,3.6834807881028464,0,0,0.004470711917041196
HCK,0,0.5767055414484196,0,0,0,0.004447342337564567
ITPR3,1,0.4005421096626802,3.132995923206416,0,0,0.003936784608836731
MAP2,1,0.38670465563884315,3.525972587594003,0,0,0.0036393598692420212
PLSCR1,1,0.4690602830940187,1.0508874659953862,0,0,0.002005657112013213
SGCD,1,0.259413227647371,7.184212510294039,0,0,0.0019834617487930343
GPR173,0,0.572531848323795,0.01800007611391773,0,0,0.0018457000094065099
TPT1,0,0.5729819788871159,0,0,0,0.0017250295508017552
ENTPD1,1,0.44459895759324525,1.7480902495658253,0,0,0.0015426867415297288
DCAF17,1,0.3643197509336583,4.095890121969209,0,0,0.0015140288244183406
CMC1,0,0.5724017253278385,0,0,0,0.0013008036494025358
RORA,2,0.2732862003113439,4.745616691556325,0,0,0.001193540174730238
ANKRD29,1,0.4031986122969037,2.940718619791581,0,0,0.0010745859939238081
CPT1A,0,0.5669966277467798,0.14353364652339667,0,0,9.355484088199592e-4
CCDC82,1,0.38866958434650306,3.3458437739540403,0,0,5.750994671597518e-4
ETNPPL,1,0.434044474487235,2.0152341516742283,0,0,5.013082553447382e-4
EPC2,1,0.3195519763749357,5.361452633746569,0,0,4.0637090708986554e-4
AXL,1,0.4803378601993839,0.651404939327138,0,0,2.6898453787532143e-4
GNAQ,2,0.30917242879616347,3.647679255377777,0,0,-3.7379590686328554e-6
SLC27A1,1,0.4776759278062497,0.7022081073337858,0,0,-4.07761252997115e-4
ZNF518A,2,0.3901352068486927,1.2592198991388954,0,0,-4.912651829104544e-4
WDR60,1,0.46847731209557764,0.966764886401885,0,0,-5.225029085904808e-4
PLCB1,2,0.377546270138471,1.613224589087765,0,0,-8.496753175237784e-4
SERPINI1,1,0.2897742478259741,6.170268634445909,0,0,-0.0011545965940311367
SBNO1,0,0.56902595127727,0,0,0,-0.0011672394442167324
ARF1,0,0.568918595978339,0,0,0,-0.0012457273702807517
CD164,0,0.5688631193567197,0,0,0,-0.0012862865696803135
PABPN1,0,0.5686179396615647,0,0,0,-0.0014655385113856853
KIF2A,1,0.25360988407143004,7.209506599114529,0,0,-0.001627371656474765
FCHSD2,2,0.21066839484732677,2.445815244382409,0,1,-0.0020511058627736695
DNM2,1,0.41732528616329667,2.395020110213581,0,0,-0.002232557447924401
PALMD,1,0.3267521967234732,5.039315901822804,0,0,-0.0023786571708173656
CFLAR,2,0.36652391800645867,1.8694079945301878,0,0,-0.002506981751135658
SLFN12L,1,0.4532364574483124,1.3157544993773602,0,0,-0.0029450521101483515
FAM117B,0,0.55066755706394,0.45344135212960274,0,0,-0.0032591289679906313
CASC3,0,0.5661325826878574,0,0,0,-0.0032825938066308727
AGRN,1,0.3845925649230326,3.3048435111756764,0,0,-0.003430089277345518
POU3F2,1,0.444336632441463,1.5554882280331088,0,0,-0.003461593206045422
HIF3A,1,0.38485063259048424,3.296029667819008,0,0,-0.003461643923886765
YARS,0,0.523745537232928,1.228983564620044,0,0,-0.003563678249915033
ENTPD3-AS1,1,0.4158177971814766,2.385177635863001,0,0,-0.0035806203564360253
ARHGAP27,0,0.5652060071163806,0,0,0,-0.003960017237714621
DEPP1,1,0.3267514231882628,4.958143257776755,0,0,-0.004407460878242924
DUBR,1,0.29214931124468346,5.966839716040189,0,0,-0.004501198931093588
IQCB1,0,0.564035335781526,0,0,0,-0.004815900143266118
LPL,1,0.4308342058656266,1.888507244520556,0,0,-0.0050122229134365376
GPC5,3,0.2534431710701168,3.065248832546116,0,0,-0.0053006669259770675
CCDC122,1,0.31657601590888557,5.206358365217795,0,0,-0.0056446638810840255
PARVG,0,0.5626807236220213,0,0,0,-0.005806262985896301
RTTN,1,0.39479409845621816,2.881868397239438,0,0,-0.006540464700978534
DNAJB14,1,0.4190141852031497,2.166963165207336,0,0,-0.006696191165490791
ITGAV,1,0.4201130579241138,2.1331835661111245,0,0,-0.006736841941544155
TFDP2,1,0.4648034300224642,0.8255073515647763,0,0,-0.006738056621804315
TRIM38,0,0.5605199812449486,0,0,0,-0.007385991137407648
SLC12A2,1,0.31682819069371204,5.12087475656746,0,0,-0.007596252839193656
CARD11,0,0.5599961669084367,0,0,0,-0.007768954077521885
SLCO3A1,2,0.29689771540622895,3.676753645101138,0,0,-0.008251360664790042
ATG16L2,0,0.5593080148345035,0,0,0,-0.00827206505236465
AARS,0,0.558743656609322,0,0,0,-0.008684669805858705
ZDHHC20,1,0.4165640986825062,2.1576113515692437,0,0,-0.008721131233007759
KMT5B,1,0.3364148442232575,4.494241895427344,0,0,-0.008933865422142966
NPIPB5,1,0.44046746661221914,1.448484736358887,0,0,-0.008964023518927944
MYO1D,2,0.35444223332199826,1.9496430772557276,0,0,-0.009335142391771842
SLC35G2,0,0.534896223776025,0.668223115877276,0,0,-0.00942292743466358
B4GALT1,1,0.41339445608164893,2.2170287583519572,0,0,-0.009553824588397646
OSBPL3,1,0.459190047006351,0.8683570233431896,0,0,-0.0097713525900891135
ZNF736,0,0.539278467256818,0.5210791984590473,0,0,-0.00989569410632346
SELENOW,1,0.370429948279602,3.459276193618589,0,0,-0.00992567363657157
SESN3,1,0.3955932617895004,2.720615242591496,0,0,-0.009985380423278095
DUSP22,0,0.5182233276939009,1.102964241713604,0,0,-0.010749799270950808
JAM3,1,0.4490680305341167,1.1128500711560305,0,0,-0.011062523405340106
LYST,1,0.42645427615892634,1.7711027506971337,0,0,-0.011147961853109081
SPATA6,2,0.32984276722068184,2.5963401192883904,0,0,-0.01116108080584198
INPP5B,0,0.5553400734251254,0,0,0,-0.01117304427804841
CABLES1,1,0.330339379358236,4.581375451220572,0,0,-0.011198482405895882
AKAP11,1,0.3965148493709798,2.6399302352771845,0,0,-0.011327657463106128
AC025569.1,0,0.5538341840644552,0,0,0,-0.012274006540534815
SHLD2,0,0.5537466179663105,0,0,0,-0.012338026495817264
SIRPA,0,0.5530555099712363,0,0,0,-0.012843298557465077
AUTS2,1,0.20983882163965908,8.03271036216976,0,0,-0.013059423435720266
BMPR1B,0,0.5526461805422366,0,0,0,-0.013142561083666376
CERS6,1,0.36757353991612757,3.3950737037185448,0,0,-0.013618215890278569
CAPN2,0,0.551415491008365,0.012625497398663392,0,0,-0.013726853780400117
AL162511.1,1,0.38503981592290926,2.8767725007143485,0,0,-0.013799192836419866
PURA,2,0.36338230344888833,1.5081342709436403,0,0,-0.013830875391363837
TMEM220-AS1,0,0.512778150386552,1.1386963130569234,0,0,-0.013837964806836078
PCBP4,1,0.3713785960595851,3.2745675807609285,0,0,-0.013847375609083529
MACO1,0,0.55123746247273675,0,0,0,-0.01417248099246482
SOX10,1,0.3238088136226317,4.644039465487794,0,0,-0.014407239211817288
BTBD8,2,0.3582406878869002,1.630614126698525,0,0,-0.014529562967899298
TMEM50B,1,0.3869535973805214,2.7850638129596264,0,0,-0.01469151823969185
PPFIBP1,1,0.46166246144079326,0.5919862666652683,0,0,-0.014869358504812205
RBM14-RBM4,0,0.5294421982851598,0.5965459863710862,0,0,-0.015201365601320432
GAS7,1,0.37165878076839254,3.209485837068646,0,0,-0.01526871069167117
SH3GL1,0,0.5371871021580998,0.3578437377298452,0,0,-0.015503419067679922
SOX5,1,0.32226154339673546,4.636088449664174,0,0,-0.01573712501529813
PIK3R1,1,0.34885484157744623,3.849544591193706,0,0,-0.01594780061551919
EGFR,0,0.5421023631677053,0.17509638798446323,0,0,-0.01647610731920872
DCLK2,0,0.5479838876124534,0,0,0,-0.016551183726477223
TJAP1,1,0.343559675126188,3.9661378932348605,0,0,-0.016905835587778063
FBXL7,2,0.22776925547140486,5.336055830507927,0,0,-0.017330958442681427
SLC35F1,1,0.3789522909963591,2.899622116131061,0,0,-0.017678871837173656
LPGAT1,2,0.3323707105672982,2.258055798126851,0,0,-0.017765506224850833
RUNDC3B,1,0.389962119671994,2.5571680963880516,0,0,-0.018186341087550538
KCNAB1,1,0.4158221228434857,1.7958485791507781,0,0,-0.018302858293721594
ETS2,1,0.3915723483015442,2.4968689120565783,0,0,-0.0185157747995172
CHL1,1,0.415667842216873,1.780098132276101,0,0,-0.018809205545463573
ANXA3,1,0.4003939244523895,2.2161963930875195,0,0,-0.01907936789554543
RCBTB1,1,0.39702474580650887,2.281197565390996,0,0,-0.019918422932829305
CASK,1,0.4363804022084512,1.0948780217689673,0,0,-0.020787566243399905
NIPAL3,1,0.31314753597418266,4.694882215018838,0,0,-0.020931352105009904
CLCN3,1,0.3294718177293714,4.212681145134154,0,0,-0.02104522207857791
ARMCX4,1,0.40795251361971807,1.8860616480333854,0,0,-0.021802235090046307
LINC02256,0,0.514874827102656,0.7581516616181888,0,0,-0.021813638198169782
MTCH1,0,0.5399154193795697,0,0,0,-0.022450075950884663
MCF2L,1,0.29582493819297373,5.125252055550284,0,0,-0.02284244776414629
CAST,1,0.4340479971296673,1.0711260825274471,0,0,-0.023086280811065688
LRRK2,0,0.5389979655625905,0,0,0,-0.02312083042757386
RYR2,1,0.327455403635024,4.179252739328191,0,0,-0.02335469742878611
CTNNA1,2,0.33803579596152233,1.8665109967771716,0,0,-0.023407158180115212
RAP1GDS1,1,0.2571647174718612,6.2320766579718,0,0,-0.023451186282359232
DHRS3,0,0.5380464510061099,0,0,0,-0.023816486859083122
AC098829.1,1,0.4321551928564449,1.0938521694849086,0,0,-0.023902267865442375
TAZ,0,0.529841269719375,0.22423844751056038,0,0,-0.024212347169075457
SNX24,1,0.43642308362235205,0.956336032013562,0,0,-0.02421807165743435
NMT1,0,0.5374070472208474,0,0,0,-0.024283957748014617
GRID1,1,0.4030885952482287,1.9272181556155061,0,0,-0.024329900816940406
RBAK-RBAKDN,0,0.5278899482201395,0.27589174718094356,0,0,-0.024348320241822194
CA5B,1,0.43743424024555055,0.9194040354739323,0,0,-0.024401620128102916
FAM222B,1,0.3536203248113156,3.3584999552040835,0,0,-0.024733330185822106
CBLB,1,0.4177558128102002,1.478014160523468,0,0,-0.024830768944147513
MYRIP,1,0.44504315672364275,0.6672307237809559,0,0,-0.025139692258289326
RPL8,0,0.5354938443125248,0,0,0,-0.02568270871707984
ROBO1,1,0.38790638756721,2.3154256171756775,0,0,-0.02572964754348933
SH3RF3,1,0.4182100871921683,1.4202164142164126,0,0,-0.025942823102268323
MED27,1,0.25779176894000655,6.1080050938785195,0,0,-0.02609288772546707
SCIN,0,0.5348207791748615,0,0,0,-0.026174789567184734
PLPP1,1,0.41269744133671354,1.560699029634077,0,0,-0.026462942615722157
SMS,0,0.504310352995487,0.8797314872507452,0,0,-0.026499490048682454
FOXP2,0,0.5341208065001741,0,0,0,-0.02668654263466072
RTN3,1,0.31957663636560263,4.275043394423736,0,0,-0.026721404124123563
CNOT6L,1,0.44643673989477956,0.5619213738332621,0,0,-0.026752172837170934
GALNT1,1,0.33636312289794074,3.7547126475372488,0,0,-0.02745008975805731
SLC44A3,0,0.53277247488443,0,0,0,-0.027672313744425997
MACF1,2,0.2448434733065154,4.421572449076592,0,0,-0.027697864199905026
SRGN,1,0.43035403870678846,0.9823862701285686,0,0,-0.028004266776840342
LAMC1,0,0.520610202032677,0.3418876132014038,0,0,-0.02802155408652525
EFCAB11,0,0.500403469351856,0.9277506895447734,0,0,-0.028155987287824834
PPP1CB,0,0.5317855957195731,0,0,0,-0.028393825394961894
FAM182B,1,0.4188614249954285,1.2842204626937284,0,0,-0.028864720036461677
CDK8,0,0.5132089010235625,0.501114619720956,0,0,-0.02945411673662221
KIF13B,2,0.3351781318444684,1.6984144539981045,0,0,-0.02969659018603478
TAPT1,0,0.5299754366623957,0,0,0,-0.029717240556194804
CPB2-AS1,1,0.29330025278259786,4.914719187075946,0,0,-0.0299487822000888
SMAD9,0,0.528515719993336,0,0,0,-0.030784445762984877
COLGALT1,0,0.5282144606305246,0,0,0,-0.031004697793670905
MT-ND5,1,0.3065985173280277,4.482600401554323,0,0,-0.031023594475946534
EML6,1,0.387377646533461,2.110173458623708,0,0,-0.031244790739852715
PPARGC1A,1,0.397432891449608,1.7869258136868624,0,0,-0.031970256009494546
DYNC2LI1,0,0.526355981123366,0,0,0,-0.03236344024608803
PCDH11Y,1,0.37502650516209224,2.426357690356763,0,0,-0.03237435688800139
FGGY,1,0.3916734344291014,1.9269398275554694,0,0,-0.032682529055344536
RTN1,1,0.39015728961189644,1.9678836286252939,0,0,-0.03276793781144041
AP003108.2,0,0.500011937058105,0.7484427310401799,0,0,-0.03292255610121149
PEBP1,2,0.29855682965812946,2.6371710352943065,0,0,-0.0330141351697739
TM4SF18,1,0.3900097370999556,1.9563589888098438,0,0,-0.033163777049222104
DGKI,1,0.3650120232880744,2.6604678856382473,0,0,-0.03384634212533487
NBPF26,0,0.504247014974953,0.5839840350464786,0,0,-0.033935555690388634
CYP27A1,1,0.37730575909427044,2.2927954380615123,0,0,-0.034045267096122905
ZFAND3,1,0.27282182547929845,5.342361383276845,0,0,-0.03423527343790078
ALOX12-AS1,1,0.27939617162574004,5.142839318445508,0,0,-0.03441414244658955
FAM126A,1,0.4018476500886662,1.5586833338582575,0,0,-0.03444563782284005
BLNK,0,0.5234400208555795,0,0,0,-0.034495311482839394
IGF1R,1,0.33934113163989776,3.385172142522154,0,0,-0.034506459939835324
RAPH1,1,0.3818872264757683,2.140248291266776,0,0,-0.034507389289773704
POR,0,0.523276076696848,0,0,0,-0.03461517177047578
UBE3D,1,0.41928254801185566,1.0416128925785486,0,0,-0.03461880272313207
CDIP1,0,0.494463022557822,0.8327144120019839,0,0,-0.034873718689351664
TTC8,0,0.501104616069843,0.6294762578730958,0,0,-0.03509627574131526
KPNA5,1,0.35057893606563334,3.0289850616690415,0,0,-0.03519039928772663
ZBTB38,1,0.3214783299932265,3.862962232646046,0,0,-0.03562762447038069
ITGA6,1,0.4131319485408333,1.169782450295192,0,0,-0.0359129958319431
KANK2,1,0.3791789988570424,2.160648941832199,0,0,-0.035977640928559096
OTUD7A,1,0.42442903526825204,0.7844006016888811,0,0,-0.037283075134334834
POLN,0,0.519394085487935,0,0,0,-0.03745331243069999
LNPEP,1,0.3001701194617641,4.41148011919093,0,0,-0.03750048674101737
AHDC1,0,0.491886046760114,0.7962142023329781,0,0,-0.037669777444122046
VGLL4,1,0.3513242977718424,2.9076605194672047,0,0,-0.037676964532789015
AC027117.2,1,0.345667729639076,3.051309209118051,0,0,-0.03822319643719313
STK38,1,0.4396081430104722,0.2930568436358555,0,0,-0.03846263260477423
CNNM2,1,0.4335286572658192,0.45821018878570324,0,0,-0.03878073059768476
TEAD1,1,0.3430319525976869,3.0947636139523516,0,0,-0.039064441428343935
MTHFD2L,1,0.38587199963551755,1.8248587418861102,0,0,-0.03947465483054767
ST3GAL5,1,0.3233541522978044,3.638174847889086,0,0,-0.03987290218771007
IL13RA1,0,0.5160363826072434,9.110841415219575e-4,0,0,-0.03988537860857441
TBC1D5,1,0.2834248538358848,4.796065855533163,0,0,-0.040133486966550405
TSC22D1,1,0.3835507657091285,1.855513602953011,0,0,-0.040405754605187055
LMNTD1,0,0.515258977895806,0,0,0,-0.04047650757979705
SPATA6L,0,0.48609513584161074,0.8303898307791644,0,0,-0.041049600730839006
MIS18BP1,0,0.5143014737833002,0,0,0,-0.041176543001772065
SH3PXD2A,1,0.3873768679213114,1.6916871620435268,0,0,-0.0417019601300648
SNED1,0,0.49859224799172397,0.4324812764063784,0,0,-0.041855337522667804
LINC01088,0,0.513269260744126,0,0,0,-0.04193119844503207
AMD1,0,0.5128370283669808,0,0,0,-0.04224720541625468
SIK3,2,0.26084990748838727,3.3682939665433786,0,0,-0.04231346563495998
DLEU2,1,0.23098367445629364,6.237688440932007,0,0,-0.04245204067090387
C12orf76,1,0.21749683590809443,6.630838548882119,0,0,-0.04248879512519013
GDI2,0,0.5119143004019227,0,0,0,-0.042921815845547925
LIPE-AS1,1,0.387899185486957,1.624279144076827,0,0,-0.043004396792894695
ZMYND11,1,0.32266866724431115,3.5252319342808285,0,0,-0.04319613631188371
OPA3,1,0.36973442635353554,2.1462367442433163,0,0,-0.04324272252508568
RCAN1,1,0.3322740640057464,3.2414934328559646,0,0,-0.043263283596554555
ZNF782,1,0.34162233973725376,2.964140695340554,0,0,-0.04335885388647481
AL139260.1,1,0.26778118607753976,5.122097138158851,0,0,-0.043424187970501876
MKL1,2,0.3338159225172811,1.1827631153902292,0,0,-0.04357694324612792
RB1,1,0.3954287505458118,1.3577310083148009,0,0,-0.04415966280273895
HPCAL1,0,0.4996701923604469,0.3001142043732993,0,0,-0.04437466674334408
ATP13A3,1,0.40265093420586595,1.1352144205438912,0,0,-0.04443945270570859
TMEM87B,1,0.38064558065878173,1.7583459433190274,0,0,-0.044957649190629584
LUC7L3,1,0.341612203241503,2.897547778702918,0,0,-0.04503020332074331
RPS6KA1,0,0.5089502231605574,0,0,0,-0.045088865611000534
KLHL20,0,0.49318526104939686,0.4522771395774498,0,0,-0.0453137754966562
SAMSN1,0,0.5083955232077477,0,0,0,-0.045494409159548235
ZNF608,1,0.37633944020308185,1.8557128960015403,0,0,-0.04567300637356303
BCLAF3,0,0.481654219947009,0.7741259927661981,0,0,-0.045702222457271326
SLC30A10,0,0.5080294316714834,0,0,0,-0.04576206027427775
ZFAND5,0,0.49513724837743134,0.368709302866118,0,0,-0.045974755251861024
MAOB,0,0.494391680862377,0.3856608812785929,0,0,-0.04609627855292993
LINC01184,1,0.36599463830631146,2.1383152689048988,0,0,-0.046174829525753525
DDHD1,1,0.3390384383572125,2.925413691605524,0,0,-0.046215616245649904
AGPS,1,0.37014583907170767,2.0148419113393463,0,0,-0.04622506286759756
KAZN,1,0.39232082702985543,1.3473574302152542,0,0,-0.046691080902301674
TLR1,0,0.5067245682610337,0,0,0,-0.04671605159005743
KIF5B,0,0.5065893500901675,0,0,0,-0.04681491018300209
COL27A1,1,0.4092458189427048,0.8415663991465814,0,0,-0.04695520483411336
FKBP15,0,0.5062709790718153,0,0,0,-0.04704767261949286
SBNO2,1,0.39158163021621745,1.343590465053152,0,0,-0.0473256350141953
ST3GAL2,0,0.50568222340946,0,0,0,-0.04747811444543806
ABCD2,0,0.495380602192319,0.29830241244576056,0,0,-0.04755607551435648
FLNB,1,0.4009778676445775,1.0569396756000906,0,0,-0.04761846812425925
SEMA6B,1,0.3117426948322684,3.65269697433941,0,0,-0.0479992289374795
USP3,0,0.5049424112545285,0,0,0,-0.04801899433022972
TCP11L2,1,0.30698024119755574,3.7908717318422256,0,0,-0.048028545455642266
NCK1,0,0.4933110481597856,0.3330184623711353,0,0,-0.0482016952326667
FMNL2,2,0.30663292758870836,1.7930119728194382,0,0,-0.048202431427603956
ZBED5,1,0.2716130178975488,4.803265915189331,0,0,-0.048589265726246264
STXBP3,1,0.32500936109605005,3.232427504719333,0,0,-0.04880106730945785
LRRC63,1,0.28128619116056264,4.504344949532409,0,0,-0.04898622130668431
RASSF4,1,0.36454390882852905,2.05966125684866,0,0,-0.049200769976694425
SQSTM1,1,0.4102810015665355,0.7110865925629923,0,0,-0.04945864077812616
AC022414.1,1,0.35349933298233727,2.3709530614387373,0,0,-0.04949734609537751
JAK3,0,0.5022646997309281,0,0,0,-0.04997668087368001
NINJ2,1,0.22020666247549703,6.239815206116483,0,0,-0.050278020124758516
ADORA1,1,0.3283438925500677,3.07097892401204,0,0,-0.05039724742569385
HECTD2,0,0.5006437252613798,0,0,0,-0.051161782359908974
FBXO34,1,0.36950249835310106,1.8257142897150982,0,0,-0.051421091094001475
SLC22A23,1,0.34697720235385043,2.462640288247647,0,0,-0.05197474105676855
LARP6,1,0.31503997355914826,3.3910662843251878,0,0,-0.05212586705318498
VASH1,0,0.4993236602610287,0,0,0,-0.05212688762419534
ACSS2,0,0.4989539259975111,0,0,0,-0.05239720195266627
CPNE2,0,0.49870048350175056,0,0,0,-0.05258249486383907
CPEB2,1,0.2689695394296487,4.712204263887763,0,0,-0.052797256366957715
SLC6A13,1,0.3599997655814744,2.0358430848492834,0,0,-0.05311815088006902
MAPK11,1,0.37104043382399876,1.7064814086292392,0,0,-0.05327593846008144
ZHX3,2,0.24087354286708118,3.500274711305888,0,0,-0.053620506724158176
ZMYND8,1,0.28269586260945845,4.27496359298824,0,0,-0.05368709223167302
SLC12A7,0,0.49708143045367026,0,0,0,-0.053766191590474195
SIPA1L2,1,0.4074621788642981,0.6150239683530255,0,0,-0.053919784263844195
XRN2,0,0.49673145359301485,0,0,0,-0.05402206119576418
RAB8B,1,0.383890616370477,1.2949551888855988,0,0,-0.05416380474826728
TRA2A,1,0.26114373336600377,4.865576592648972,0,0,-0.05468646570611192
CNOT8,1,0.3648900596540816,1.8219172107349357,0,0,-0.054888141643180566
TANGO2,0,0.4954671990041303,0,0,0,-0.05494636322544165
SCLT1,1,0.39372179960046444,0.9590469366075651,0,0,-0.055369429548902185
BIN1,0,0.4947221497241937,0,0,0,-0.055491071995107014
TET3,1,0.37812984283093093,1.4096109612335275,0,0,-0.055510659601238604
NHSL1,1,0.39234270290809553,0.9863429429557552,0,0,-0.05569565545747525
CD46,1,0.40308291009604924,0.6616574510324598,0,0,-0.055956268911318344
TCF4,2,0.2525981241826628,3.041541232750869,0,0,-0.05651085955232217
KIAA0930,1,0.3202220877013737,3.0598763113938774,0,0,-0.056612552160725194
LARP1B,0,0.49305080666467926,0,0,0,-0.05671299817657297
CCND3,1,0.3966025001623046,0.813553885112732,0,0,-0.056898731055120236
LARP4,1,0.40302650675349466,0.6037136952476082,0,0,-0.05744533007339955
PLEKHB1,1,0.2998773082619726,3.6046631432342617,0,0,-0.0578742725900802
SPIRE1,1,0.34117697921068535,2.3907831396129176,0,0,-0.05801078392070355
NDUFA4L2,0,0.4529113955368962,1.1126315724492988,0,0,-0.05825808209857529
UNC13B,1,0.40496305126328486,0.5071923698144496,0,0,-0.05844126534294364
CAMTA1,1,0.3356667010688302,2.5271230374058162,0,0,-0.05863268531602092
CADPS,0,0.49040062155701,0,0,0,-0.05865056003759096
PILRA,0,0.4895646130331602,0,0,0,-0.059261769506171014
ABCC5,1,0.3917024992036046,0.8399608332348992,0,0,-0.05982132003883972
DLGAP1,1,0.3552038968276016,1.9045964643880995,0,0,-0.05990385401655263
APAF1,0,0.4884576930306168,0,0,0,-0.06007104353533954
SLC9A9,1,0.36392647814782986,1.6316185934437566,0,0,-0.060347558644025134
MYO10,1,0.3638224117025212,1.628755827528051,0,0,-0.06049517320681291
TSC22D2,1,0.35379252747862844,1.9199452987250651,0,0,-0.060552195253077895
ANKS1A,1,0.2763944115277605,4.181605222471491,0,0,-0.06062683004439133
ZDHHC14,1,0.2958325908478583,3.6056096435250637,0,0,-0.06080773314855695
CHD8,0,0.48740538057552846,0,0,0,-0.060840393749010666
RHPN1,0,0.486935888756819,0,0,0,-0.061183641260046405
SALL3,0,0.486543637933644,0,0,0,-0.06147041754323407
DEF6,0,0.486173490111773,0,0,0,-0.06174103422601623
ANAPC16,1,0.3678714729500318,1.4403791377975763,0,0,-0.062241802617586106
PABPC4,0,0.4851368086048608,0,0,0,-0.06249895658547823
SGK3,1,0.35241501964809,1.877512050592552,0,0,-0.06261956493319568
AK3,1,0.32614696634876417,2.640890908648668,0,0,-0.06274991877703653
AFF1,2,0.28830367665957024,1.7334649980923353,0,0,-0.0630909101342199
MAP4K5,1,0.21705007425935943,5.809268331873578,0,0,-0.063343769928447
COMMD1,1,0.3196090899325394,2.7985019175679504,0,0,-0.06359160643164849
UBE2E3,1,0.3311985543544545,2.458392330044875,0,0,-0.06361672179368588
PLXNB1,2,0.25739352876282895,2.612894314145123,0,0,-0.06371539916942807
PCYT1B,0,0.472559110891883,0.31700757011834624,0,0,-0.06377358653439459
ZNF621,0,0.48317139399043,0,0,0,-0.06393587976000979
EGLN1,1,0.39812522918936066,0.47549537534567937,0,0,-0.06423243074982062
CASP7,0,0.481686419318878,0,0,0,-0.06502155120229908
PNPLA8,0,0.481642224939962,0,0,0,-0.06505386190497839
ZNF248,1,0.350590172488157,1.8242242924092433,0,0,-0.06528520495230773
PNISR,2,0.3232400527680138,0.6178470629817427,0,0,-0.06542440715828841
ATP9A,1,0.31487156297631286,2.860948668770836,0,0,-0.06549489347738549
SAP130,0,0.480904269601243,0,0,0,-0.06559338426335962
HACE1,1,0.3105725282559453,2.9817519858533026,0,0,-0.06561945773851419
UBAP2,1,0.34697963550810096,1.9088326740267485,0,0,-0.06581079825791472
UBR1,1,0.3286738784276929,2.443689030532917,0,0,-0.06582991058251066
PROX1,1,0.2879883737509424,3.6336634372843233,0,0,-0.06584170208710653
IDS,1,0.34757152959905446,1.884014416792319,0,0,-0.06599818877103525
LY6E,0,0.4733559627915973,0.19193765398417373,0,0,-0.06631609168676746
RNF19A,1,0.3448576075873644,1.942012438096666,0,0,-0.06653316860950509
PNPT1,1,0.2990271059278253,3.2749084968802733,0,0,-0.06673534641112701
SLC11A2,1,0.37453482458154225,1.0555557600336027,0,0,-0.0669856714513423
RASSF8,1,0.38064118457595136,0.8734141102675473,0,0,-0.06707240759746178
LDLRAD4,2,0.2927314266536563,1.4316480111439431,0,0,-0.06739517955983836
RANBP17,0,0.478341643368966,0,0,0,-0.06746693144968081
SPP1,1,0.26018884888420024,4.376729929717921,0,0,-0.06759926085943863
EVA1C,1,0.37768074013170316,0.9358080878280365,0,0,-0.06767778052830462
GPT2,0,0.454063726598174,0.6992932559071389,0,0,-0.06774357685173377
MAPRE2,1,0.27297439451206024,3.99321476189194,0,0,-0.06783447915364312
MXI1,1,0.38193443409036,0.8046409806020118,0,0,-0.06784532222338084
SRGAP2C,1,0.33315392108162784,2.2316811299746844,0,0,-0.06785191407322953
INTS1,1,0.37589211954640434,0.980851764689841,0,0,-0.06785995505310163
TTC28,2,0.24350746393543582,2.847181767084301,0,0,-0.06801348645852755
GRAMD2B,1,0.3939051560078388,0.425540810121963,0,0,-0.06856594537200222
MAPK10,1,0.29204168951767784,3.4009715719248534,0,0,-0.06869251190959652
DAGLB,0,0.47662909996001446,0,0,0,-0.06871897938584946
GPHN,1,0.3391364413421151,2.0203732120432556,0,0,-0.06875795937945882
ARID5B,1,0.32266702878604747,2.4935291237882407,0,0,-0.06897620400445818
ETV5,0,0.4756333998411347,0,0,0,-0.06944694007424425
LRP2BP,0,0.475039487664855,0,0,0,-0.0698811518499514
TTN,1,0.344894523004728,1.8002631091969434,0,0,-0.0700480304555749
RBFOX2,0,0.474787685233109,0,0,0,-0.07006524570318858
CHSY3,0,0.46268256376487704,0.35208849838859546,0,0,-0.0701178157527187
LHFPL2,1,0.34243453019570913,1.8693214314755906,0,0,-0.07012100089977237
ABI2,0,0.47462482510005477,0,0,0,-0.07018431345493657
PLLP,1,0.24864665643920486,4.601634105068912,0,0,-0.07041819018835178
DPF3,1,0.2319137173290272,5.088866434075002,0,0,-0.070477376719109
USP40,2,0.2899512693497108,1.387647706644797,0,0,-0.07052718797125888
LYPLAL1,1,0.29912967193239487,3.1111871176489823,0,0,-0.07075122030867714
BHLHE41,0,0.4737116283595461,0,0,0,-0.0708519555644991
ABCA8,1,0.1954978702733736,6.132631059797683,0,0,-0.07102090590224512
CD86,0,0.4733884476716238,0,0,0,-0.07108823437133553
HSP90AB1,0,0.4703266146492038,0.07306955327768455,0,0,-0.07150098530566405
NTNG1,0,0.4283736354757033,1.296834785842281,0,0,-0.0715951110070931
APBB2,2,0.21333602456514014,3.5839361432878385,0,0,-0.07166288132695124
STARD8,0,0.4290939682114533,1.2607031153272912,0,0,-0.07197128456429307
BAZ1A,0,0.4719978451184842,0,0,0,-0.07210490994731715
POU6F2,1,0.32508745083369306,2.29089350310087,0,0,-0.0722698225421915
MAP1B,1,0.3270722821759195,2.230603138088312,0,0,-0.07232516221547158
DZIP3,0,0.430582805018732,1.2006818033125892,0,0,-0.07238252524767391
SEMA5A,0,0.47116653781734,0,0,0,-0.0727126823315259
F3,0,0.460958817623459,0.29487521575631415,0,0,-0.07280762635977503
FCHO1,0,0.4710096882140995,0,0,0,-0.07282735575878017
PSAP,1,0.3641776705475931,1.1093937226353818,0,0,-0.07321259769501595
ADAP2,0,0.4697591726915008,0,0,0,-0.07374161309732853
SRSF11,1,0.3132630456408196,2.5775008759916966,0,0,-0.0737533182852548
STXBP1,0,0.469651399790281,0,0,0,-0.07382040633424262
SNX19,0,0.46939984346963787,0,0,0,-0.07400432025458185
MAGI1,2,0.2402090753927253,2.6918213660720482,0,0,-0.07430689959416224
MRPS5,1,0.3581792319016073,1.2216317022445575,0,0,-0.07479362325268576
IFI16,1,0.32473319246979454,2.1977110074241204,0,0,-0.07485714735204832
LATS2,0,0.4502333915244634,0.5220995335274612,0,0,-0.07497144150977031
AL359915.2,1,0.37826850291529907,0.6265974514430621,0,0,-0.07497422436043563
PARD3B,1,0.25648062660053106,4.176073546694051,0,0,-0.07532410327016052
NR2F1,1,0.35359443771144095,1.3335960159545621,0,0,-0.07534796521243273
NRCAM,1,0.313344792494633,2.5044947252074223,0,0,-0.07551773709234236
CABIN1,0,0.4639292401443847,0.09309063166603769,0,0,-0.07567787254526538
FRMD4A,1,0.34524353971392563,1.531879579056847,0,0,-0.07649888708699198
ZNF146,0,0.4655612024301422,0,0,0,-0.07681076741736372
SH2B3,0,0.46550572839888454,0,0,0,-0.07685132472293861
AHI1,1,0.3406807146224437,1.642479226438625,0,0,-0.07707126587929813
BTBD1,0,0.4647075354212867,0,0,0,-0.07743488708114918
KCNMA1,0,0.4547031288035961,0.2909034991721496,0,0,-0.07748042784175563
ARFGAP3,0,0.4646160599860277,0,0,0,-0.0775017651698023
FZD4,0,0.4395446139201658,0.7267203009212886,0,0,-0.0776732513824087
IREB2,1,0.31147606733492456,2.466272769236773,0,0,-0.07783901151833258
MPDZ,2,0.26751940589549283,1.750701935601624,0,0,-0.07785568636475089
PHF10,0,0.4640352972640007,0,0,0,-0.07792636332230267
BRMS1L,1,0.20429184115769555,5.5883972079111794,0,0,-0.07819021470011328
SFXN5,0,0.46366540464116107,0,0,0,-0.07819679342796285
NME5,0,0.463240783593318,0,0,0,-0.07850723572322191
CACNA1D,0,0.46298556408626246,0,0,0,-0.07869382781508281
PCED1B,0,0.46289419558461936,0,0,0,-0.07876062772410415
RAB1A,1,0.36933613988370695,0.7298689123481998,0,0,-0.07892429869663832
ZNF521,1,0.34450398304098256,1.4557115991401632,0,0,-0.07894276821624957
FTH1,0,0.46259757988138295,0,0,0,-0.07897748475507409
HSPB8,0,0.447467837115325,0.4406362385334548,0,0,-0.07902885095545058
LINC00854,1,0.31712004611747546,2.2527043642799103,0,0,-0.07904904812939421
RNF169,1,0.37813924176146985,0.46121143792140634,0,0,-0.0792011818538013
UNC5B,1,0.2909882498255405,3.0057265022104827,0,0,-0.07933856435390119
ZNF568,0,0.461980615160851,0,0,0,-0.07942855034616696
RASAL2,1,0.32239502272582327,2.0805837503863267,0,0,-0.07949321946284535
MAPK4,1,0.25567552766529,4.022232311246288,0,0,-0.07975670256208052
CCDC88A,1,0.34022091954455314,1.5438615236704942,0,0,-0.07987155704054151
CLDN10,0,0.418535225287891,1.2477427451336687,0,0,-0.08001466459637072
FAM155A,1,0.252033741111823,4.108932855430866,0,0,-0.08025286628535701
NCAN,1,0.312327540301248,2.3410491052842795,0,0,-0.08034542462506605
CMKLR1,0,0.4604569771608502,0,0,0,-0.08054248871607783
ARHGAP5,1,0.35312702685778774,1.1302763284388158,0,0,-0.08076998353359188
SUFU,0,0.46010683108773337,0,0,0,-0.080798482033334465
CCDC149,1,0.3339193367359835,1.6822097058614522,0,0,-0.08102180427899314
NACC2,1,0.29685821067854057,2.7646152747132207,0,0,-0.08107158929995964
SPON1,1,0.305339806126828,2.5070043313609216,0,0,-0.08130751062140368
TIAM1,1,0.3548556694268087,1.0413121450214629,0,0,-0.08172908862079636
GLCCI1,1,0.35279121941019004,1.0973636308179964,0,0,-0.08183787419710442
LAMA1,0,0.423844820466969,1.0066972370146006,0,0,-0.08215573321259197
AC027097.2,0,0.4576664284418687,0,0,0,-0.08258267102393413
ZDHHC21,1,0.3754223650284767,0.3956500294503723,0,0,-0.08282566684404796
AGPAT3,0,0.45642169659469045,0.022156875957637222,0,0,-0.08293907222457594
PHF21A,2,0.2792658451771658,1.2022289557041286,0,0,-0.08297235458048009
FES,1,0.3243605905452262,1.8702006502757293,0,0,-0.08331296800880417
ST3GAL1,1,0.37038903107542237,0.522317945277604,0,0,-0.08334054337860408
GFOD1,1,0.35636562921413567,0.9287843100746369,0,0,-0.08343685201673426
NFKB1,1,0.310799813238132,2.2619563560983296,0,0,-0.0834386209476499
ARMH4,1,0.33108027704492327,1.6666626640939235,0,0,-0.08348592275747463
HS6ST1,0,0.456351996997196,0,0,0,-0.08354365757115705
ZNF24,1,0.2449782193900404,4.182833222384372,0,0,-0.0835646610919418
IL1R1,0,0.425091760303398,0.9098526868752475,0,0,-0.08366391778414581
NUP214,1,0.3572219746953107,0.8909166929901083,0,0,-0.08375696167588276
DOPEY2,0,0.45602777570915154,0,0,0,-0.08378069716526958
SOBP,1,0.20774672799465022,5.2570251699510875,0,0,-0.0839442324122936
ZNF83,1,0.37236526503608613,0.4379689777174265,0,0,-0.08400331421344343
SRSF4,1,0.36407571656983273,0.66982215064938,0,0,-0.08427058871928306
MSH3,1,0.35480829429287275,0.9384817109762262,0,0,-0.08433312010605196
SNX6,0,0.45493602923000065,0,0,0,-0.0845788777654782
ST6GAL1,1,0.33089541284977514,1.6168890120966235,0,0,-0.0848647581075736
FAM172A,1,0.23601406767813427,4.376894508256593,0,0,-0.08526943628606082
ATP8B4,0,0.4101032409228762,1.277912418612865,0,0,-0.08542548384626152
APBA1,1,0.32043385182904127,1.8997543575498885,0,0,-0.08544537354160298
STAU2,1,0.2951844033911469,2.623468505781045,0,0,-0.08582211195992215
MT-CO1,1,0.34096527347717226,1.2831276012136021,0,0,-0.08584224229868487
ROCK2,1,0.36462099716755425,0.5874727536836588,0,0,-0.08592957307103577
KLHL24,2,0.268639186221036,1.3917145676329028,0,0,-0.08600692713918669
RCOR3,2,0.2830807506634611,0.9654260197180006,0,0,-0.08610018936900769
CLIC2,0,0.419383427724665,0.9663869747996185,0,0,-0.08642469811134092
PRDM5,0,0.40916771993973,1.223203443891946,0,0,-0.08747644516924505
RERE,1,0.19616827828076033,5.44567374420369,0,0,-0.08769557816096438
SIL1,0,0.43836500224395997,0.35960968547124555,0,0,-0.08770856096682125
AC098850.3,0,0.4505821221546637,0,0,0,-0.08776203816856729
AC104123.1,0,0.45041167066727406,0,0,0,-0.0878866559924937
STIM2,1,0.336235256366736,1.312744906112887,0,0,-0.08856033906384589
SKI,1,0.3657775022156584,0.43777435918671515,0,0,-0.08882451914829798
EMB,0,0.4483736338156682,0,0,0,-0.0893766736005443
LINC02147,1,0.31813988193476117,1.8010250995768908,0,0,-0.08958942528884134
LINC01411,1,0.2846106694866588,2.774641025076081,0,0,-0.08977530932189476
UHRF1BP1,0,0.44698071924954863,0,0,0,-0.09039503949927323
OGFRL1,0,0.44614413141837056,0,0,0,-0.09100667250196108
SLC15A2,1,0.3290917003420023,1.4107238640308974,0,0,-0.0913348511087986
TPM1,0,0.4337453421335602,0.336909300628593,0,0,-0.09165322274218897
RNF182,0,0.445258848374066,0,0,0,-0.09165390678679901
AC009690.1,0,0.4451937969690619,0,0,0,-0.09170146615198325
POT1-AS1,0,0.402513595903323,1.2434804695702903,0,0,-0.09183464782489022
TPM4,0,0.4376380827109471,0.21376083680682767,0,0,-0.09188429942265479
LINC01094,0,0.44490391771216825,0,0,0,-0.09191339813772721
CEP97,1,0.2584435624324298,3.4468989515470563,0,0,-0.09210867417989343
CDYL,1,0.34499223034342075,0.9126017525834885,0,0,-0.09215634244921958
ARID4A,0,0.4444743312617757,0,0,0,-0.09222747066039062
KLHL5,1,0.29991725797035373,2.2162812380792105,0,0,-0.09253617585475965
TBC1D14,0,0.4435452117362806,0,0,0,-0.09290675398732384
HOPX,0,0.443524169175415,0,0,0,-0.09292213829511177
LIMA1,1,0.3275219593189541,1.380862042214704,0,0,-0.09322864459602506
AC097376.2,1,0.31627192011998,1.6963512802262752,0,0,-0.09357055576983303
RNF157,0,0.4425869618716629,0,0,0,-0.093607334631912
PRKX,1,0.30582978486652945,1.9889096933437471,0,0,-0.0938947709679715
SNX27,1,0.3345857210323157,1.146494369752766,0,0,-0.09392037721468607
UGGT2,1,0.28162227453428645,2.6946697774945463,0,0,-0.09395835708639994
AC099669.1,0,0.428166391969866,0.4060301907242006,0,0,-0.09400491311188017
ANKRD28,0,0.4418486582942905,0,0,0,-0.09414711158908765
MAPKAPK2,0,0.43925996939188755,0.06702782614595734,0,0,-0.09436490774644027
TESK2,1,0.3107840147538084,1.8218384617525374,0,0,-0.09444727412000303
MEF2C-AS1,1,0.30638739089291844,1.9492331585332214,0,0,-0.0944784892637903
ZNF846,0,0.44095475395419786,0,0,0,-0.09480064894078045
FAT1,0,0.440928198387445,0,0,0,-0.09482006383115514
MSH2,1,0.3148979076350047,1.6705111716594443,0,0,-0.09522076184635508
PDE4D,0,0.44037788914034526,0,0,0,-0.09522239731565794
HGF,0,0.440308435768536,0,0,0,-0.09527317497792284
HERC2,1,0.3378867524766932,0.9881880386233887,0,0,-0.09546253482162337
NFIB,1,0.33897495119050325,0.9560511129825423,0,0,-0.09546994438816933
PLEKHA7,1,0.31072202594681814,1.7815140792142772,0,0,-0.09550016848398579
YWHAE,0,0.43961610275232593,0,0,0,-0.09577934265785217
CRADD,1,0.2458985572422964,3.6528742697360705,0,0,-0.09613373433329372
UACA,0,0.43887177144239686,0,0,0,-0.09632352651652173
SMARCA2,1,0.22837423430191445,4.150570614916762,0,0,-0.09651004357707488
ADGRB3,0,0.4342811143529822,0.12620855477251053,0,0,-0.0965262379966461
FAM214A,1,0.2604519739255817,3.2112585911115246,0,0,-0.0965281956350027
AC244021.1,0,0.4378192664931482,0,0,0,-0.09709301746351087
CFAP54,0,0.43774851559973,0,0,0,-0.09714474374946852
SPATA5,1,0.3336316851844436,1.043392591468942,0,0,-0.09719405229470451
EEPD1,0,0.4375035498694181,0,0,0,-0.09732383926054632
SCARB2,1,0.24852187017729632,3.5277394222211282,0,0,-0.09734252829958784
GNA12,0,0.4374318439899175,0,0,0,-0.09737626374098315
MBOAT2,1,0.32179843539040637,1.367908788034952,0,0,-0.09773679718089051
MATN2,0,0.43679050267813746,0,0,0,-0.09784515116398024
CXorf36,1,0.2714131028929904,2.833369220571175,0,0,-0.0979566826616125
DYRK1A,1,0.30261650842588167,1.9023976138300471,0,0,-0.0984056645064354
AC239809.3,0,0.40984991206526705,0.7638267773267673,0,0,-0.09845600792977532
LSS,0,0.4227199229967275,0.3871859090304937,0,0,-0.09845770707180394
LMBR1,1,0.301345471824218,1.9360390739934457,0,0,-0.09849433513141678
PDE8A,1,0.2891126134237702,2.2928049474621117,0,0,-0.09852342194377167
RASGRF2,0,0.4351576519280466,0,0,0,-0.09903893545057786
KIAA0232,1,0.33725270150056685,0.8595731104276306,0,0,-0.09913975751692086
METRN,0,0.397018748674686,1.1022757330602326,0,0,-0.09938019782780326
CCAR1,0,0.4335350048847357,0,0,0,-0.10022525976276067
ARHGAP17,0,0.43336060223057127,0,0,0,-0.10035276630190444
TRPS1,1,0.23737954949578066,3.723040941852235,0,0,-0.10060878292849029
TSC22D4,0,0.433007712926122,0,0,0,-0.10061076520752178
DLG1,2,0.2244587578016975,2.0907718222984095,0,0,-0.10084028228421303
AC009061.2,0,0.432639592416572,0,0,0,-0.10087989971344685
TJP1,1,0.30859568614717897,1.6195399170047513,0,0,-0.10110194788770033
DUSP16,1,0.34106263783654944,0.6640805803823792,0,0,-0.10123901370412008
SERINC5,1,0.30762563354047096,1.6367020940724464,0,0,-0.1013823310460848
PFKFB2,0,0.431886792054267,0,0,0,-0.10143027533315045
LIPE,1,0.2847580141053363,2.3026745906167787,0,0,-0.10146047843344122
ZBTB8OS,1,0.3273973744883817,1.0437115667183143,0,0,-0.10174401381959708
ZNF704,1,0.2318238410625634,3.834197594096599,0,0,-0.10189314532632518
USP39,1,0.2928580727858431,2.0463267960437914,0,0,-0.1019437810000138
ANTXR1,1,0.33327993615233126,0.8535176247881188,0,0,-0.10219557027271148
ASXL1,1,0.3460652382214649,0.4684893702681062,0,0,-0.1024687737081405
AKNA,0,0.4303289909732187,0,0,0,-0.10256919048023097
BICD1,1,0.33531405976285644,0.7696439834290598,0,0,-0.10280414088975248
ADAMTS10,1,0.34828530816652414,0.38747330003361774,0,0,-0.1028699968199826
AC079447.1,1,0.2848139490916182,2.2436838482094497,0,0,-0.1028935693167648
PPM1K,1,0.23982201915138215,3.5590768113702382,0,0,-0.10292000864541512
TTBK2,0,0.4298095165499989,0,0,0,-0.10294898049085789
FAM149A,0,0.4290052064446224,0,0,0,-0.10353701510779804
HPS3,0,0.42894748568246066,0,0,0,-0.10357921500811061
GRAMD1B,0,0.42881160576568145,0,0,0,-0.10367855740637096
CCDC146,0,0.4284039274509376,0,0,0,-0.10397661279575712
IFNGR1,0,0.4282622283128641,0,0,0,-0.10408020965202042
TRPM2,0,0.42787725241927355,0,0,0,-0.10436166720254161
SAMD8,0,0.42045911327745045,0.20590790675212703,0,0,-0.10464013767593078
TULP4,2,0.2471865245108185,1.2723934451710286,0,0,-0.10467250498038118
PAXBP1,0,0.4273499298852847,0,0,0,-0.10474719500109253
SOX6,1,0.24555943509499809,3.3148503255675923,0,0,-0.10482777784001354
CNST,0,0.4272254568088016,0,0,0,-0.1048381978087905
ANKIB1,1,0.240275972222484,3.4685318264328275,0,0,-0.10485054381550071
ELOVL6,1,0.32231291910786203,1.0653118077108825,0,0,-0.10492156208129674
ATP5MC2,0,0.427057188129769,0,0,0,-0.10496121977203145
GGNBP2,0,0.4204401517231614,0.1891150025564958,0,0,-0.10507360015498973
PACS1,1,0.3187315777988209,1.1571664223893534,0,0,-0.10524475070433847
TCF7L1,1,0.3282017179553564,0.8785110202205523,0,0,-0.10528377470064237
PARP14,0,0.4266040507245572,0,0,0,-0.10529251050021426
TNRC6C,2,0.22636358772184423,1.841650212780356,0,0,-0.10567238488133339
TIMM23B,1,0.3432685012328471,0.421183207056965,0,0,-0.1056955061669391
ADGRG1,0,0.42594021098784673,0,0,0,-0.10577784661955032
PIGU,0,0.425937039257411,0,0,0,-0.10578016548546952
STMP1,0,0.425802102795785,0,0,0,-0.10587881811956312
SEM1,1,0.30610343241957605,1.4998129484887859,0,0,-0.10591562973342061
ULK2,1,0.31356800128099965,1.2804903031682524,0,0,-0.10593840461381196
MGMT,1,0.33038238493763106,0.7819604430175797,0,0,-0.10610196187437237
HMGB1,1,0.27110325140615055,2.49759864440119,0,0,-0.10657302198468072
SNAP23,0,0.42343363479896906,0.035427903203799425,0,0,-0.10672518825855677
LDLRAP1,1,0.274493035405753,2.3914499401192573,0,0,-0.10674704416620978
STK3,1,0.31682701853074685,1.1497538917501846,0,0,-0.10682239710200955
WASHC1,1,0.3027912040948163,1.536994215856838,0,0,-0.10740817633332664
ZNF345,0,0.423498351193438,0,0,0,-0.10756310093778945
CCDC66,0,0.423131697000408,0,0,0,-0.10783116341332802
TTC7B,1,0.33687613332672145,0.5219091244764845,0,0,-0.10785218380116302
ANXA2,1,0.3014637967173721,1.5488180724424305,0,0,-0.1080832102412086
TBC1D4,1,0.31742927336066534,1.0704344931612157,0,0,-0.1083640176220706
CECR2,1,0.33040984155316544,0.6776061893927398,0,0,-0.10868935879605074
PYGB,0,0.42163385515228,0,0,0,-0.10892624210438659
MGRN1,0,0.42161019429811264,0,0,0,-0.10894354065779752
NKTR,1,0.3318087896264687,0.6213795941315676,0,0,-0.10907149999681576
HSPA12A,0,0.42139029510515,0,0,0,-0.1091043099143751
FAM193B,0,0.42115100280384365,0,0,0,-0.10927925755682646
MAP3K20,0,0.4189073048300321,0.060412253799219315,0,0,-0.109410130802967
TSEN2,0,0.420533371818866,0,0,0,-0.10973081025675394
BABAM2,0,0.4205117188151133,0,0,0,-0.10974664086199218
BCKDHB,1,0.2941509533898652,1.6782857879092608,0,0,-0.11019468818454978
AFG1L,0,0.419656225188663,0,0,0,-0.11037209597384727
UPF2,0,0.4195442296716171,0,0,0,-0.110453976383561
IFI44,0,0.4174627114213869,0.05987507925815921,0,0,-0.11047970155841902
USO1,0,0.4096467354926207,0.28825929482906826,0,0,-0.11048742299012664
TMOD2,0,0.412171388001882,0.21385232224731568,0,0,-0.11050082478820296
ANAPC5,1,0.2545730317018966,2.822568852146999,0,0,-0.11053839775445112
ZMIZ1,0,0.41934064826109563,0,0,0,-0.11060281563841046
PELI2,1,0.29717624975374374,1.572557927617757,0,0,-0.11062467335096515
RAI1,0,0.41917759491384193,0,0,0,-0.11072202464990019
SLC25A29,1,0.33111985731461535,0.5694081132867242,0,0,-0.11087377827504213
CLDND1,1,0.16563127464340455,5.404447968791012,0,0,-0.11105141129129462
QSER1,0,0.4023741335681693,0.46949362857508864,0,0,-0.1112760022442679
ATP8B1,0,0.418275379732028,0,0,0,-0.11138163809412918
RDX,1,0.2995582939200985,1.472354055724068,0,0,-0.11138691664288186
WBP1L,1,0.31706639035565415,0.9542812903068317,0,0,-0.11153161058547303
RNF149,0,0.4174536689318027,0,0,0,-0.1119823944347696
YY1AP1,0,0.41700048703762266,0,0,0,-0.11231371768903063
HLCS,0,0.41666843871501,0,0,0,-0.11255647966216503
ZDHHC2,0,0.37680225172295995,1.159494277356977,0,0,-0.1127308629185667
APTX,0,0.3747359755736242,1.2063242010788526,0,0,-0.11307140018297236
TENT4B,0,0.41263180756160456,0.09238326741284107,0,0,-0.11319932337287984
ARHGAP1,1,0.2729583664754087,2.1768738069781186,0,0,-0.11323060117115269
EFHD1,0,0.415490655716279,0,0,0,-0.11341756193611365
KLHDC10,0,0.4154858670635584,0,0,0,-0.11342106294094922
CDK19,1,0.2738522266241946,2.1360693377129008,0,0,-0.11359666599832835
PHYKPL,1,0.32762318326578893,0.5623387023405825,0,0,-0.11360685327903614
LTBP1,1,0.29752881128174724,1.4421828861402188,0,0,-0.11362455881123923
HABP4,0,0.41514781778255805,0,0,0,-0.11366821224086619
BCAR1,0,0.4054885249214733,0.27836971248110837,0,0,-0.11377461705809608
ACBD6,1,0.29212762207014953,1.5851696419414876,0,0,-0.11400062163154781
UBE2J1,0,0.414218738122023,0,0,0,-0.1143474664223537
PPM1D,0,0.3986987217883014,0.4404741120722675,0,0,-0.11468821433439032
ATP2B4,1,0.31544653996438904,0.8471840497509141,0,0,-0.1153918990738145
CD53,0,0.4122545426621856,0,0,0,-0.11578349826765849
ITGB4,0,0.412187696063673,0,0,0,-0.11583237010662625
MTHFD1L,0,0.4005575883086611,0.32332712417284537,0,0,-0.11625630798396766
ANKRD11,0,0.3967011618763658,0.4315930808744858,0,0,-0.11637054692043323
ACACA,1,0.3077082892204565,1.0340143033726237,0,0,-0.11638109251942624
CDK17,1,0.2520126749491602,2.662076864450573,0,0,-0.11642045416027605
FOXP1,1,0.3063190056805072,1.0617873093643795,0,0,-0.11670284741978745
ETV1,0,0.410770671081041,0,0,0,-0.11686836323575227
SYMPK,0,0.4106687315660135,0,0,0,-0.1169428916586448
PIBF1,1,0.23800265629237571,3.047825320587241,0,0,-0.1170246508732952
MCM9,0,0.4100018599921912,0,0,0,-0.11743044436728241
SNX32,0,0.409827592030343,0,0,0,-0.11755785243228783
AC003991.1,0,0.409777566619845,0,0,0,-0.11759442622752284
SPART,1,0.23834671426707246,3.0034560372687227,0,0,-0.11788175147422525
ACSL3,0,0.4090324504164052,0,0,0,-0.11813918392525255
RALY,0,0.4089710869263365,0,0,0,-0.11818404703978443
TMEM161B-AS1,1,0.3249455475370992,0.4414183960496983,0,0,-0.11858588630969197
PADI2,1,0.29957115536183593,1.1798750273473457,0,0,-0.11868560533344635
HMG20A,0,0.407956751613392,0,0,0,-0.1189256319996265
STAT5B,1,0.28722042437100553,1.5308860070523846,0,0,-0.11894466523162084
FBXL4,1,0.2743607905808048,1.9051318443652534,0,0,-0.11899522328634754
AFDN,0,0.40769576197818747,0,0,0,-0.11911644265727828
AFTPH,1,0.2747436977579364,1.8742954570215067,0,0,-0.11948577837652488
RPS6KA3,0,0.40292816936341097,0.11984966569393705,0,0,-0.1196074002540639
DLG5,0,0.406761106274482,0,0,0,-0.1197997735081845
GCLC,1,0.3199411531951992,0.5379437138308748,0,0,-0.11983276964243977
PDGFC,0,0.40665704930442276,0,0,0,-0.11987585001166208
MAPT,1,0.269970223576466,1.9961358070596307,0,0,-0.11993129533890995
NAA16,0,0.39841760820383765,0.23554326001085282,0,0,-0.12001428762986757
NADSYN1,0,0.4064463554423006,0,0,0,-0.1200298892108173
EML2,0,0.40619258346365594,0,0,0,-0.12021542300836
SREBF2,1,0.3268014016453936,0.3182087123250025,0,0,-0.12030766923315464
AC116366.3,1,0.30306191503375685,1.0090025011303305,0,0,-0.12040303981280975
WDR41,1,0.29194163302961584,1.3306967044575115,0,0,-0.12049504320269061
HIPK2,1,0.2332867347576122,3.0426138839535093,0,0,-0.12060269833329326
CLIP1,1,0.3161329188621943,0.6086553755424949,0,0,-0.12085013379955281
LHX2,0,0.405242537891621,0,0,0,-0.12091000545895068
SLC6A8,0,0.4051750937437646,0,0,0,-0.12095931416884317
PPP1R12A,1,0.2742396080728928,1.827608857915289,0,0,-0.12102086554308786
NEDD4L,1,0.31393084754643796,0.6633712808677154,0,0,-0.12109290668233746
KNOP1,0,0.404938535244193,0,0,0,-0.1211322631169537
NCKAP1L,0,0.4049137109503941,0,0,0,-0.1211504122661404
TNFRSF1A,0,0.3856696022023901,0.5604045324484832,0,0,-0.12121719244428175
SEMA3B,0,0.400817580630879,0.10844201602891225,0,0,-0.12143550061209962
DLL4,0,0.3845541422408666,0.5762937233452445,0,0,-0.1216356913020285
CEP63,1,0.2898177995267406,1.3392279306750248,0,0,-0.12183461975033455
ANKRD12,1,0.2679982630757133,1.9765353968802994,0,0,-0.12186275421107512
CDH2,1,0.2539561804609727,2.380865597528001,0,0,-0.12202609616595234
ADCY4,0,0.4036463502952127,0,0,0,-0.12207698515439945
PIAS2,1,0.2912275461423135,1.283854998575461,0,0,-0.12218753584701403
TRIP11,0,0.40349491679871935,0,0,0,-0.12218769884244976
ZMAT3,0,0.4033526283674542,0,0,0,-0.12229172653352899
AFF4,1,0.31482473030021746,0.5884480353246373,0,0,-0.12231147131100831
PIR,0,0.403201435609156,0,0,0,-0.1224022642168376
DTX1,0,0.40280677422954,0,0,0,-0.1226908028683257
EVI5L,1,0.2726135177899536,1.7997084348425996,0,0,-0.1229068472970743
DENND4C,1,0.29305117257135654,1.1983160003573408,0,0,-0.12299161367557954
CLK1,0,0.40198083574696647,0,0,0,-0.1232946500859221
MMP24OS,0,0.4019021440233067,0,0,0,-0.12335218194741347
EIF3E,1,0.3009759216369064,0.9485541921855506,0,0,-0.12343852366257385
NSF,1,0.31662133917461804,0.48836522195168364,0,0,-0.12349870403619878
CKMT2-AS1,1,0.2765226430539563,1.6537165636757842,0,0,-0.12369672689744632
ATXN1,1,0.2686093054836058,1.8763378647295434,0,0,-0.12391962618340749
DIS3L2,1,0.2641905219719022,1.9940868662888034,0,0,-0.12420805663523835
AC087500.1,0,0.40062201214395,0,0,0,-0.1242880919332243
ACVR1,0,0.3903071749701487,0.2907260107182675,0,0,-0.12456502467823093
USP6NL,1,0.28351566266882544,1.4074487070730264,0,0,-0.12473752594758655
NR2C1,0,0.3757823003131814,0.6689731067383347,0,0,-0.12573306924162522
PDCD6IP,1,0.3064176573285403,0.6961720279273975,0,0,-0.12576624963406235
NFATC4,0,0.398510682926957,0,0,0,-0.1258316939084449
CTSS,0,0.3982588733174054,0,0,0,-0.126015793009407
STOX2,2,0.20334302948890368,1.700189302797001,0,0,-0.12603745937460173
HDLBP,0,0.39815532646790475,0,0,0,-0.1260914965615251
NCK2,0,0.388041844438491,0.28770593942136213,0,0,-0.1262966793620514
CD47,0,0.3801536065345806,0.5134162595338599,0,0,-0.12642404371671906
TCF12,1,0.2390058237622569,2.629616189449631,0,0,-0.12674090546012373
VMP1,1,0.31723040421042026,0.3390584135277728,0,0,-0.12678410143614624
NID1,0,0.3934972159878484,0.10535230378877213,0,0,-0.12686465282387574
TAF1D,0,0.3970925622754552,0,0,0,-0.126868488085848
ACSL5,0,0.3966177412373432,0,0,0,-0.127215631812372
PTPN1,0,0.3965043601547892,0,0,0,-0.12729852521505616
CX3CR1,0,0.3964839891581964,0,0,0,-0.12731341853928282
PRPF40A,0,0.3894185437871889,0.19917591291530726,0,0,-0.12750224351123876
MGST2,0,0.3961749169567088,0,0,0,-0.12753938257031228
MID1,1,0.25175875151558463,2.2236798661629242,0,0,-0.127560201970028
ST7,0,0.3906069508400383,0.15809763835784613,0,0,-0.12765980531183974
TMCC3,0,0.39442196117617195,0.03793997308411538,0,0,-0.1278729806623085
LINC01135,1,0.23427854837461953,2.7217778240490076,0,0,-0.12789422005209017
PLEKHA1,1,0.1807685093277165,4.285620680334928,0,0,-0.1279403379556803
ASPH,0,0.3954245406398766,0,0,0,-0.12808798595982565
RNF219-AS1,1,0.203517003657727,3.6123777853845236,0,0,-0.12813094686410123
MAST2,0,0.39517966975716967,0,0,0,-0.12826701212740682
IRF2,0,0.3951260512955476,0,0,0,-0.12830621281794904
ST3GAL6,0,0.38012117116310024,0.42704127531392366,0,0,-0.128605984950468
FBH1,0,0.3946493854735158,0,0,0,-0.128654705274022
NCOA1,2,0.19786435493274332,1.7544607770310399,0,0,-0.1286868760157585
AHNAK,0,0.3945389744151238,0,0,0,-0.12873542727912116
DDX17,2,0.19395600690430406,1.8656730504670265,0,0,-0.128765456264163
RNF10,0,0.3942847520798654,0,0,0,-0.12892129033434327
FAM126B,0,0.3942781808079554,0,0,0,-0.12892609461982293
CTTN,0,0.3938206300775592,0.012071274172632535,0,0,-0.12895899039490435
ADIPOR2,0,0.3942180583122513,0,0,0,-0.1289700504379763
PHACTR1,1,0.30652953118195925,0.5386535995349034,0,0,-0.12962032712368043
TPM3,0,0.3933190886113025,0,0,0,-0.12962729109702636
EFCAB2,1,0.3055719021859539,0.5644375244239721,0,0,-0.12967619812283526
CRYBG3,1,0.2874467497923351,1.0877555414356483,0,0,-0.1298515748397279
LARGE1,1,0.2860729075766163,1.112592681032215,0,0,-0.13023539819393798
EMC2,0,0.391994661972754,0,0,0,-0.13059558517397277
PTK2B,0,0.39196078170899185,0,0,0,-0.13062035518219478
RALB,0,0.3918751576746584,0,0,0,-0.13068295528617652
PPCDC,0,0.3915871713880065,0,0,0,-0.13089350331314192
NAA38,0,0.391471300468371,0,0,0,-0.13097821704654766
PPP2R2D,1,0.30835195354105543,0.4238886854076272,0,0,-0.13115554504644045
PPP2R2C,1,0.2615361349549692,1.7876396040127192,0,0,-0.13130713057963883
HIST1H2AC,0,0.3906551258629375,0,0,0,-0.1315749258510923
ENO1,0,0.390603719151299,0,0,0,-0.1316125095216
PCAT1,0,0.39060263126060646,0,0,0,-0.13161330488321785
MROH1,0,0.390211112698398,0,0,0,-0.13189954580722746
RFX7,1,0.3028466845675914,0.5520673446900798,0,0,-0.13197770680289683
GTF2F2,1,0.2540440139424676,1.9782327493089573,0,0,-0.13202235518518823
DDX3X,0,0.3900283291720338,0,0,0,-0.13203317963849484
C21orf62-AS1,1,0.2795445191987381,1.2308880135453184,0,0,-0.13205251892173753
SFT2D2,0,0.3899732816645778,0,0,0,-0.1320734251106629
PRAM1,0,0.38996273805935233,0,0,0,-0.13208113358630985
ARHGEF37,1,0.2205275911857531,2.9565319356005624,0,0,-0.13208186929058308
YTHDF3,1,0.27585598967564456,1.3358724205008825,0,0,-0.13212600286395398
GLUD1,1,0.2854373275301395,1.053463142795807,0,0,-0.1321775267785249
SERP1,0,0.389765202591961,0,0,0,-0.13222555262583588
HIP1,1,0.27664606907087486,1.3044784135215488,0,0,-0.1323328056602074
SWAP70,0,0.37696542324724047,0.36725763209156936,0,0,-0.1324069631660517
ZNF385D,0,0.3889897205974471,0,0,0,-0.13279251088551677
SORL1,1,0.2805250301662901,1.1644605757061939,0,0,-0.1329954669135895
USP53,0,0.388688097767374,0,0,0,-0.1330130286486989
TLR2,0,0.38815882526120826,0,0,0,-0.1333999820803911
CYYR1,0,0.35755653321309566,0.8907326247246155,0,0,-0.1335169637504486
LCOR,1,0.1805261193002351,4.068728258220444,0,0,-0.13353698069835768
CBFB,1,0.30403893272345694,0.45394444880254947,0,0,-0.13355781836799596
AL158152.2,0,0.38790508897773074,0,0,0,-0.13358548978104182
GALK2,1,0.25321473137963907,1.9297803165893324,0,0,-0.13383931467037224
THRB,0,0.38743629648127687,0,0,0,-0.1339282260145343
PIGN,1,0.28777516847743695,0.9076421632826465,0,0,-0.13411190915622795
SPRY4-AS1,0,0.387177444231435,0,0,0,-0.13411747402044938
MTX2,1,0.2519753543030392,1.949914628327435,0,0,-0.13424233822188253
MAPKAP1,1,0.24098524281346334,2.2687019642583737,0,0,-0.1343118064655825
NUTM2A-AS1,1,0.2720119956634655,1.358372111648615,0,0,-0.1343741701133519
PLEKHG3,1,0.26266742266716925,1.6293892548676234,0,0,-0.13443419846176552
FAM193A,0,0.3867074659631971,0,0,0,-0.13446107717685152
DOCK3,1,0.27563800681494754,1.2464313871025994,0,0,-0.13452020918822416
H3F3B,1,0.2865197515995669,0.9261112384194465,0,0,-0.13456826827781682
MORC3,0,0.37955240871610757,0.19972026271547672,0,0,-0.1347018162649053
FOXO1,1,0.3000833386088385,0.5211203151294554,0,0,-0.13477126583366228
PTBP1,0,0.3862362153578501,0,0,0,-0.134805610544449
TGFB1,0,0.386055006933425,0,0,0,-0.13493809281183675
C2CD5,1,0.2712707456127726,1.3542730417900308,0,0,-0.13501852356303018
RAD9A,0,0.385096907993728,0,0,0,-0.13563856311455882
CEP192,1,0.26456064065004053,1.5249258858096546,0,0,-0.13566025556820738
RAB30,1,0.28321263383296447,0.9790914835546088,0,0,-0.13566231388409938
NDE1,0,0.37819578893760547,0.19848092396708517,0,0,-0.13572461389748144
MTMR1,0,0.375065195580861,0.2897773067330535,0,0,-0.13573220711655673
SH3BP4,0,0.3414278174822273,1.272784325535504,0,0,-0.13576251890329807
TMEM41B,0,0.3848150087989643,0,0,0,-0.1358446608421648
PPP2R5C,1,0.26285000136121617,1.5622219165038664,0,0,-0.1359790058975699
HSD17B14,0,0.384549226928406,0,0,0,-0.13603897512393082
KANK1,1,0.15739370394348368,4.641496028619436,0,0,-0.13613760198134656
NRP1,1,0.27293044246391623,1.2543999546251547,0,0,-0.13630061289386508
SRRM2,0,0.37677872773619525,0.21340339902023817,0,0,-0.13638776979235934
SUMF1,1,0.2810382298656184,1.0104055770067368,0,0,-0.13646959358156247
CACNA1B,0,0.383711237527894,0,0,0,-0.1366516328200558
ELP4,1,0.2692587249530872,1.3453460343481625,0,0,-0.13671257726022246
LRP4,1,0.2570074170609325,1.70204798206836,0,0,-0.13675674987103548
SPARC,0,0.353826578622233,0.869569283147356,0,0,-0.13677275227956334
MAST4,1,0.25511329237862734,1.7541156247301875,0,0,-0.13684055302957165
DIAPH1,0,0.3832111078051082,0,0,0,-0.13701727983604234
GALNT6,1,0.2252150093477256,2.6213129090894074,0,0,-0.1370309016171563
NADK2,0,0.350132367630195,0.9654768161452023,0,0,-0.13707719128142082
MFSD11,0,0.3829563782069571,0,0,0,-0.137203513753372
ACTN4,1,0.28462376587001115,0.8745102207848726,0,0,-0.1372437718999273
ATP2C1,1,0.2621902305080787,1.5283486045164674,0,0,-0.13730775021890074
TMEM132B,1,0.262974712831799,1.5029747969305385,0,0,-0.1373682200186308
DPP6,1,0.20253918181607,3.2636864307578763,0,0,-0.13755849009985938
CCSER2,1,0.25529518019791236,1.7106968085746883,0,0,-0.13779246787920663
NME7,0,0.381929478437634,0,0,0,-0.13795428464193024
GPR107,0,0.3814313567361367,0,0,0,-0.13831846358481747
ZNF800,0,0.38126304087221446,0,0,0,-0.13844152004513652
PPARA,0,0.38095671946307375,0,0,0,-0.13866547295991472
TGFBR2,1,0.2703700864160233,1.227713351718038,0,0,-0.13883931102757407
PTEN,1,0.22357498341887785,2.5948666945259493,0,0,-0.13889073588085854
SYNPO2,0,0.35941198272046226,0.6186684348386269,0,0,-0.13895842842634223
FENDRR,0,0.38052063104749256,0,0,0,-0.1389842990976123
FBXO7,0,0.3781974470688906,0.06683347018968766,0,0,-0.13901283976814305
HSP90B1,0,0.38038519057711734,0,0,0,-0.13908332021469502
METTL15,1,0.23721459942041104,2.180196392078419,0,0,-0.13928000425175485
GFAP,1,0.2871230257979529,0.7181298062265128,0,0,-0.13932398581123884
NBEA,1,0.2369589624894894,2.184982539268642,0,0,-0.13934731140170314
GAB3,0,0.379735421550506,0,0,0,-0.1395583691766674
SRPK2,1,0.23447077588823562,2.2457934701975346,0,0,-0.13964696971291213
MTUS1,1,0.25940919386766237,1.5091313221164706,0,0,-0.13982115506965231
MIR4300HG,0,0.367128937622676,0.3557300133965365,0,0,-0.13988649798357566
MICU1,1,0.2692330557098244,1.2166391905446545,0,0,-0.1399473060936534
RNLS,0,0.3787192239940943,0,0,0,-0.14030131563080944
DPY19L1,0,0.37864823195665276,0,0,0,-0.1403532182182116
CTDSPL2,0,0.37848107934774755,0,0,0,-0.1404754242177273
DNAJC1,0,0.3783237141809941,0,0,0,-0.14059047457570867
STRN,1,0.2293421257112052,2.3561368329627244,0,0,-0.14063942939880175
HNRNPU,0,0.37814910403534785,0,0,0,-0.14071813281277742
PWWP2A,1,0.21135209864144014,2.8707883325073857,0,0,-0.14093256325362885
UBE2E1,1,0.2924337453301917,0.49294935011446983,0,0,-0.14106781678708252
COG6,1,0.2336639910820098,2.2048923997273575,0,0,-0.14125879721213291
SERBP1,0,0.37678607732977193,0,0,0,-0.14171464756664515
SH3KBP1,1,0.268683229512776,1.1570053533836797,0,0,-0.14183934044217594
CELF1,1,0.25262438060577985,1.6255614696373608,0,0,-0.14187235400180398
ATP10D,0,0.3761527516197529,0,0,0,-0.14217767474832532
AL078590.3,0,0.3543466375223257,0.6348811459484177,0,0,-0.14225662185416366
SPCS3,0,0.376001418087012,0,0,0,-0.1422883153524414
BCL2L1,0,0.3759169110547731,0,0,0,-0.14235009881133265
TRAPPC8,0,0.3752807068759542,0,0,0,-0.14281523045407435
RLF,0,0.37526720130065083,0,0,0,-0.14282510443893043
YWHAG,0,0.3750529122626196,0,0,0,-0.14298177208683244
CCDC26,0,0.37503407425643664,0,0,0,-0.14299554463510167
PALD1,1,0.2576837391851642,1.4291799991832876,0,0,-0.1430803638572058
NLGN4Y,1,0.25982482755714686,1.356755887314148,0,0,-0.14332464587812166
DENND3,1,0.2728212955265747,0.975174524542782,0,0,-0.14335733848437104
SHISA5,0,0.36144365453122007,0.3794424227588121,0,0,-0.14345053783766135
ZC3H12C,1,0.26588416022958944,1.1739662850477879,0,0,-0.1434619541119584
PDLIM5,0,0.3743565953140241,0,0,0,-0.1434908524370596
LGALS3,0,0.3742427655838232,0,0,0,-0.1435740738479901
DANT2,0,0.3741303495359649,0,0,0,-0.14365626170961013
URI1,1,0.2431295024931962,1.8300774397895752,0,0,-0.14370391730175397
SSFA2,0,0.3739793409759824,0,0,0,-0.14376666472472882
R3HDM1,1,0.2637399858233236,1.216999522266153,0,0,-0.1439543098755281
UBR5,1,0.2828468488557132,0.6571141770481721,0,0,-0.1439748978508792
RAB11FIP3,0,0.3672315982573297,0.18736056661519987,0,0,-0.14401844266159491
POM121,0,0.37326754513541194,0,0,0,-0.14428706176021494
EZR,0,0.3731860721378404,0,0,0,-0.1443466270231623
CCDC102B,0,0.3581880023933662,0.42955867566456524,0,0,-0.1445785184723527
ATP11B,1,0.26187071296885833,1.2455547241623368,0,0,-0.1446074425413018
NUMA1,0,0.372762359012469,0,0,0,-0.14465640553235265
ITPR1,0,0.37259609769666935,0,0,0,-0.14477795990360162
SERINC3,1,0.2218014851577066,2.4101295107711502,0,0,-0.14480332455892542
COL4A3BP,0,0.3723428339174891,0,0,0,-0.1449631221543051
DCAF5,1,0.2765732928197242,0.8010965716216454,0,0,-0.14496387410369682
RARS2,0,0.37220634716136164,0,0,0,-0.1450629082154528
SSBP4,0,0.3720304852506794,0,0,0,-0.14519148162338483
SETD5,1,0.28610253559536086,0.5074091787237531,0,0,-0.14533528806961254
SPRED2,0,0.36332020398826065,0.24616451271997417,0,0,-0.14540876225889637
NCOA2,1,0.24508090853301945,1.7025116660206112,0,0,-0.14546468619700087
XRN1,0,0.37102021349650116,0,0,0,-0.14593009569773563
SEMA4D,0,0.3655257238671191,0.14853614344558472,0,0,-0.14623570986111054
KAT6B,1,0.24436807121996038,1.689408069777191,0,0,-0.1463132605549891
SAFB,0,0.37029994146977063,0,0,0,-0.1464566897097964
RUBCNL,0,0.3702924101762889,0,0,0,-0.14646219587122342
ENSA,0,0.37011962479420585,0,0,0,-0.14658852001571307
MIRLET7BHG,1,0.2754201030000746,0.7679300020302626,0,0,-0.14663570000316478
RNPC3,0,0.3697866266859692,0,0,0,-0.14683197638124895
CD81,0,0.3694059962639741,0,0,0,-0.14711025693858312
SGPP1,1,0.26888132747379145,0.9387481152615534,0,0,-0.1471480427764329
GPATCH2L,1,0.26286783463445046,1.1141473191099731,0,0,-0.14716188266116997
SEC63,0,0.3692046094265885,0,0,0,-0.14725749173146613
RGS3,0,0.369031613396251,0,0,0,-0.14738396988181096
CENPC,0,0.3688797291986931,0,0,0,-0.1474950130793702
UBE2Q2,0,0.368666925896626,0,0,0,-0.14765059449924567
CD109,0,0.36861943563398,0,0,0,-0.14768531483685768
RNASEH2B,1,0.2594453265631095,1.1926396473584684,0,0,-0.14770282733000845
TSC1,0,0.368516693457041,0,0,0,-0.14776043008936543
CALCOCO2,0,0.3682080985407501,0.007394058776429621,0,0,-0.14780129189479044
MPRIP,0,0.35923317593890147,0.2666964322168989,0,0,-0.14788378091045026
WDR20,0,0.36824937541712444,0,0,0,-0.14795586747123193
JAKMIP3,0,0.3682466534461608,0,0,0,-0.1479578575160445
AC027644.4,1,0.2414715616660092,1.700318924363719,0,0,-0.14815828481580862
NFIC,1,0.2747908628426771,0.7209398243003429,0,0,-0.1482698706587267
ELAVL3,0,0.367485298747357,0,0,0,-0.14851448724837532
SP110,0,0.36747443525161294,0,0,0,-0.14852242959737205
SMG7,1,0.2787202251404656,0.589213124847593,0,0,-0.1486885150165541
SGCE,1,0.2617028864190851,1.0850272220657788,0,0,-0.14874119709617772
MAP2K1,0,0.36667334440942706,0,0,0,-0.1491081105969892
LAMA4,0,0.3641757032508379,0.07078872938152733,0,0,-0.14916536871463054
MTMR2,1,0.24134527578495438,1.6634613850927025,0,0,-0.14917156200646126
TMLHE,0,0.36641967673903425,0,0,0,-0.14929356813431519
NPTN,0,0.36639899415857985,0,0,0,-0.14930868925885848
ANKRD17,1,0.23550064245871952,1.8274783109930088,0,0,-0.1493463537648217
BTRC,1,0.21320753446289786,2.4703498738264895,0,0,-0.14958168991456622
EPG5,0,0.36601348427319713,0,0,0,-0.14959053721310192
CELF2,1,0.25520721150935727,1.2155522510491092,0,0,-0.15022882085708267
BRD4,0,0.35969225211386746,0.15287197985981207,0,0,-0.1503922481038062
HSPBAP1,0,0.3647734473875688,0,0,0,-0.15049713357457722
KLHL29,0,0.34519480710962913,0.5716325521861202,0,0,-0.15052793981810014
WIPF1,1,0.2237187227882711,2.1134061369766095,0,0,-0.15081576780628636
SESTD1,1,0.23172980194703108,1.876841485335306,0,0,-0.15086980782440085
OTULINL,0,0.3629594217238887,0,0,0,-0.15182337562864473
KIAA1551,0,0.34682870753091344,0.4699177891855566,0,0,-0.15187490647046054
RALGAPA1,1,0.19696036390740326,2.848706733189428,0,0,-0.15200616987570903
XPNPEP3,0,0.362699835009088,0,0,0,-0.15201316060508627
CHST11,1,0.22944807269487463,1.8942522528850618,0,0,-0.15210295202340668
DCUN1D1,1,0.18748533590182115,3.114853675339761,0,0,-0.15228326480200366
RAP1B,0,0.3621207068021166,0,0,0,-0.15243656375651907
SSH1,0,0.35931954493611934,0.07500694571205303,0,0,-0.15261032779108005
CWF19L2,0,0.36186020172067546,0,0,0,-0.15262702015480653
ELF1,0,0.3617699883208254,0,0,0,-0.15269297556388206
GOLGA4,1,0.24333809226544606,1.4610873532461965,0,0,-0.15277126858724133
LAMB2,0,0.3615130306733544,0,0,0,-0.15288083841776196
SPPL2B,0,0.361252252246813,0,0,0,-0.15307149465984132
LINC01004,1,0.25604022458504583,1.074937438547522,0,0,-0.15313330439778633
APCDD1,0,0.360898848680351,0,0,0,-0.1533298695446533
NUCKS1,1,0.2602703175553976,0.9324756584623346,0,0,-0.1536003177124311
TRIM22,0,0.36008212220773783,0,0,0,-0.15392698182169373
NPIPB4,0,0.35992452212469395,0,0,0,-0.15404220392799695
ARHGEF7,0,0.3491970627442471,0.309912552460669,0,0,-0.15414139780657302
SCRN1,0,0.359435307249786,0,0,0,-0.15439987105121838
TPK1,0,0.3591861296356828,0,0,0,-0.15458204588885846
PCLO,0,0.342662609674148,0.48039743842614896,0,0,-0.15465890666988943
REV3L,1,0.28090419713799164,0.27936975256905383,0,0,-0.15483377334352177
SCARA3,0,0.355323986305183,0.09616163709253628,0,0,-0.1550029117258997
ARFGEF2,1,0.2774535286729914,0.3720603687870848,0,0,-0.15504053754499186
MICU3,1,0.27608989506370174,0.4119166617285027,0,0,-0.1550416179552207
ARID5A,0,0.35820008216609595,0,0,0,-0.15530294948336434
SPAG9,1,0.2554096997628122,1.003263132539511,0,0,-0.15538518969251652
SEPT2,0,0.3580773172120525,0,0,0,-0.15539270347531603
GMDS,0,0.3518762987619624,0.17774609525651996,0,0,-0.1554850030300856
SEL1L3,0,0.35752283082725,0,0,0,-0.15579809088336463
SH3RF1,0,0.3357755567650568,0.6362375097933813,0,0,-0.15580012869913024
TPPP,1,0.17429122887946236,3.3386993881318374,0,0,-0.15633636357272884
CDC42SE2,1,0.20909041252184551,2.312270300629032,0,0,-0.15654162579487046
AC090825.1,0,0.35647488948148764,0,0,0,-0.1565642453599924
ITPR2,1,0.24687001056061803,1.2034588510344388,0,0,-0.15662635914566392
SEPT6,0,0.3419186244608552,0.4227918706958585,0,0,-0.15664221171836704
ZSCAN5A,0,0.356193102197158,0,0,0,-0.1567702612693932
ADD3,1,0.20902204060527912,2.30271398753372,0,0,-0.15683039372523128
MBNL1,1,0.1833785461173269,3.049597879296179,0,0,-0.15691628501826554
MYEF2,0,0.35596517102652586,0,0,0,-0.15693690273978556
PRMT3,1,0.23695305363104896,1.4805723951570031,0,0,-0.1569525308119788
PDXDC1,0,0.355895144861027,0,0,0,-0.1569880991740087
HK1,1,0.2734649121824263,0.40165812821767516,0,0,-0.15721708146889785
CSF1R,0,0.3486545531132836,0.19863331252044986,0,0,-0.15731853222834827
KIAA1328,1,0.25490771645101995,0.9365674807274093,0,0,-0.15741869748871284
PKN1,0,0.3552985195101808,0,0,0,-0.15742429456344423
SLC30A1,0,0.31609089423937903,1.1413287998996806,0,0,-0.15757109618931972
RFTN2,1,0.22647560768165975,1.7603875198607264,0,0,-0.157620974799912
PKM,0,0.35494564045229415,0,0,0,-0.15768228597775508
RANBP2,0,0.35440644314463776,0,0,0,-0.1580764954749918
NOVA1,1,0.2039741453362151,2.3989157340580585,0,0,-0.15811716575963602
TMEM260,1,0.22415464706111282,1.8009957296245123,0,0,-0.1583031732171109
DENND5B,0,0.3539329591647142,0,0,0,-0.15842266167245783
UBR4,0,0.3537786665838602,0,0,0,-0.15853546564952176
SLC2A13,0,0.35340758601311983,0,0,0,-0.15880676426905996
MCF2L2,1,0.24685576727333383,1.1113030446765753,0,0,-0.15893944385478392
STK38L,0,0.3530380604766749,0,0,0,-0.15907692599626005
MAF,0,0.352964603669783,0,0,0,-0.15913063058732957
WDPCP,1,0.2678916937715269,0.48394904941535166,0,0,-0.1592355054425042
ANKRD6,0,0.352808563625337,0,0,0,-0.15924471214262742
FSTL1,0,0.35276995925305316,0,0,0,-0.15927293596714037
NSD2,0,0.35261650701102787,0,0,0,-0.15938512556883103
MSL2,1,0.2597517699706935,0.7053544860054427,0,0,-0.15965444337283502
UGP2,1,0.24840984964076782,1.0310629295046603,0,0,-0.15980818480949638
CDC14B,0,0.33713460911245524,0.43452887017203423,0,0,-0.15984655702502615
DGLUCY,0,0.34632615993264737,0.1650471239421407,0,0,-0.15986003931974863
AL136531.2,0,0.3519015578808228,0,0,0,-0.15990782798808642
STX18-AS1,0,0.351698993538936,0,0,0,-0.16005592365963262
YEATS2,0,0.3515918478883349,0,0,0,-0.1601342583108907
CMSS1,0,0.3513164577487762,0.006851436019643558,0,0,-0.1601644023227836
KIF1B,1,0.2436555292014082,1.1559073813857423,0,0,-0.16016463573447087
MAPK8,1,0.25026561472496106,0.9548341718745136,0,0,-0.16035613354771794
PIK3CA,1,0.25898108485048577,0.6975396721719731,0,0,-0.16041316118619126
RAB14,1,0.25881583515303763,0.6989224257906754,0,0,-0.1604994254806132
CD34,0,0.35086254474365086,0,0,0,-0.16066745501257432
DNM1L,1,0.25438008853802696,0.7984485896671888,0,0,-0.1612555866837332
XYLT1,0,0.34994539129409297,0,0,0,-0.16133798988933518
VPS13A,0,0.34978526859620673,0,0,0,-0.16145505629032347
LRBA,1,0.24246017287671653,1.1387571694853065,0,0,-0.1614670934954761
GIPC1,0,0.3497369968206402,0,0,0,-0.16149034799543144
WASL,0,0.349233746475444,0,0,0,-0.16185827651203755
PDE4DIP,0,0.3490895973419568,0,0,0,-0.16196366457060568
HACD2,1,0.20633301182622335,2.166852493761172,0,0,-0.1621910875407479
FAF1,1,0.1967466116087352,2.44163870768503,0,0,-0.16233374010616192
GOLGB1,0,0.34856814909206957,0,0,0,-0.1623448976544957
XXYLT1,0,0.34849204952548984,0,0,0,-0.16240053437866947
PANK2,0,0.34825898107875164,0,0,0,-0.1625709317339711
PRCP,0,0.348066510942178,0,0,0,-0.16271164748810119
FBXO9,0,0.304469506647596,1.2667810700731654,0,0,-0.1629329023966449
SRRM1,0,0.34752799636804055,0,0,0,-0.16310535783589222
APC,1,0.23632998214990733,1.2441819954805167,0,0,-0.1633146819379469
TBC1D19,0,0.3472155072438748,0,0,0,-0.16333381999395596
SLC23A2,0,0.3471786759435325,0,0,0,-0.16336074751785923
RAD51B,1,0.23262825202044873,1.3448577098534036,0,0,-0.16350547699836848
UBQLN1,0,0.3469198608370923,0,0,0,-0.16354996836807179
CDC37,0,0.346694472163022,0,0,0,-0.1637147510081675
SIPA1L1,1,0.2485151717584849,0.8712357354782091,0,0,-0.16372474078328098
XPO7,1,0.2511361563760955,0.794476201681103,0,0,-0.1637264965475274
NISCH,0,0.3464755194759707,0,0,0,-0.16387482827015584
RALGPS1,0,0.346394641359934,0,0,0,-0.16393395861262522
ESAM,0,0.3463835974837277,0,0,0,-0.16394203283856257
HIVEP3,0,0.34616921807096357,0,0,0,-0.16409876655982497
NOD1,0,0.34571607764329326,0,0,0,-0.16443005949774037
GLB1,0,0.3343147208921862,0.332875000724669,0,0,-0.1644481863978433
AAK1,1,0.2180121934247649,1.7272477742651686,0,0,-0.16463666734260618
ITM2B,0,0.34498746065621233,0,0,0,-0.1649627545466154
ATP6V0E1,0,0.34491287398106807,0,0,0,-0.16501728518927938
BMPR1A,1,0.21592006326369909,1.7673087040774595,0,0,-0.16516524154662965
TMEM106B,1,0.23091614921855985,1.3221090226531114,0,0,-0.16532561789457761
PRPF4B,0,0.34443304828458654,0,0,0,-0.16536808784330856
EPHX1,0,0.344386548968429,0,0,0,-0.16540208369563206
AATF,1,0.22796339321496503,1.3975465759151549,0,0,-0.16559945359208394
ITGAM,0,0.3432924726045028,0,0,0,-0.16620196768473536
USP9Y,0,0.3432812377948575,0,0,0,-0.1662101815029406
VPS50,1,0.22820780914665892,1.3619576241046223,0,0,-0.16631001123445505
UBE2D3,0,0.32998457523391217,0.38067761606000616,0,0,-0.16641954413497012
CEP290,1,0.2138880699217297,1.7652364863996295,0,0,-0.16670261864251362
KIAA1147,1,0.21380262519752363,1.7668345054938719,0,0,-0.1667251583955519
NEDD4,0,0.33938502458635034,0.08056152570458229,0,0,-0.16704575159968482
TMEM51,0,0.3421010505916083,0,0,0,-0.16707302150127118
CFL1,0,0.3420061240230434,0,0,0,-0.16714242272849728
XPO4,1,0.2239379241405576,1.4527093151653176,0,0,-0.16716415559392833
RMND5A,1,0.23529407312112105,1.111386432887386,0,0,-0.16739016514707894
JUNB,0,0.3416570752624829,0,0,0,-0.16739761379577045
PLD3,1,0.1815251749965136,2.6831718386548817,0,0,-0.16742707778417365
ZNF638,1,0.2247791694432711,1.4156811942719174,0,0,-0.1674743288025145
PKD2,1,0.20874077847608946,1.8785888321903639,0,0,-0.16763352242300072
KITLG,0,0.34131774946769977,0,0,0,-0.16764569636046708
FOXK2,0,0.3411395701482048,0,0,0,-0.16777596403606324
HERC4,1,0.24903945765482283,0.693688674928969,0,0,-0.16777775186879906
UHRF2,0,0.34094518968680304,0,0,0,-0.16791807643698542
CAPS2,0,0.332353019656922,0.24480451165138808,0,0,-0.1680829874032209
AP3D1,0,0.340641877094237,0,0,0,-0.168139829592877
LINC02172,0,0.34034967316509357,0,0,0,-0.16835346115661548
KLF12,0,0.3401696116581996,0,0,0,-0.16848510490760693
PPP6C,0,0.3401480763852859,0,0,0,-0.1685008494393166
CHD6,1,0.24672497679392222,0.7305742624411579,0,0,-0.16854822902741806
TANGO6,0,0.34002332776446725,0,0,0,-0.16859205369867694
ZNF721,1,0.22423944035730814,1.3838314144877164,0,0,-0.16866474863199005
PIP5K1C,0,0.3398988638546465,0,0,0,-0.16868304980458815
RSRC1,1,0.2337169921243453,1.1045941835150461,0,0,-0.16871289196134015
RAB12,0,0.3398263421851603,0,0,0,-0.16873607071263239
COL11A1,0,0.339756931267416,0,0,0,-0.16878681733654569
EPRS,0,0.339725523184628,0,0,0,-0.16880977992250304
WLS,0,0.3396850369705427,0,0,0,-0.1688393795697434
APBB1IP,0,0.3395430780283739,0,0,0,-0.16894316636991097
LRRC49,0,0.339264577390905,0,0,0,-0.16914677939749437
ABCG1,0,0.33921678792784854,0,0,0,-0.16918171848182803
HCLS1,0,0.33909933353054755,0,0,0,-0.1692675899026434
MDM4,1,0.2323644877662609,1.1204273233811135,0,0,-0.16930609554004006
ACSL1,0,0.3390093782119934,0,0,0,-0.1693333566273608
SIPA1L3,0,0.32561650303156364,0.3828340523664325,0,0,-0.1695591784526821
TNS3,1,0.23251451630882974,1.0983136572963101,0,0,-0.16974895701454523
NUP153,0,0.33838659770537616,0,0,0,-0.16978867416496035
DDX5,0,0.3383861605571425,0,0,0,-0.16978899376593568
FAM135A,0,0.33832022500314696,0,0,0,-0.1698371995362938
CPE,0,0.33829969846978175,0,0,0,-0.16985220657413136
RBPJ,1,0.23167547709557176,1.1156414763608644,0,0,-0.16992941686075996
SLC12A6,0,0.32994394088856616,0.23317037153031286,0,0,-0.17013497437866582
ZNF708,0,0.3376622534784235,0,0,0,-0.17031824538031834
CSMD2,0,0.33763205151543785,0,0,0,-0.17034032616684133
GREB1,0,0.337561352840043,0,0,0,-0.17039201427597495
MPZL1,0,0.3373919531725504,0,0,0,-0.17051586310979905
DMXL2,0,0.3373889247416687,0,0,0,-0.1705180772087909
CDR2,0,0.3373176478882159,0,0,0,-0.1705701880264179
TTC27,0,0.3215601280149709,0.45804131754171096,0,0,-0.17064562895560859
NCOA6,0,0.3369639415110551,0,0,0,-0.17082878429744908
NPC1,0,0.3363574746205711,0,0,0,-0.17127217487932633
CREB1,1,0.21850756645973402,1.4438370261560676,0,0,-0.17135600312349597
MARK4,0,0.335699027103719,0,0,0,-0.17175356872326675
GOSR1,1,0.24445977311436848,0.6604471146137827,0,0,-0.17195657673679932
ARAP2,1,0.2266915779614923,1.1769360755406215,0,0,-0.1720416161781146
PTPN2,0,0.3351805750203282,0,0,0,-0.1721326112967973
TBC1D15,0,0.33516067963431906,0,0,0,-0.17214715690005727
WDFY2,1,0.2121789940082649,1.5970473136263117,0,0,-0.1721546273359958
TCF25,0,0.33207224118964945,0.08901543869858888,0,0,-0.17218092379151737
DECR1,0,0.334854027868257,0,0,0,-0.17237135134021775
SNRNP70,0,0.3347346817731642,0,0,0,-0.172458605789518
AC002546.1,0,0.33441666364142114,0,0,0,-0.17269111022907369
ADCY3,0,0.3342900159576352,0,0,0,-0.1727837029016307
ACTR3,0,0.3258949430366287,0.24472371269534143,0,0,-0.17280653421509354
NR3C2,1,0.19830197337373806,1.967924489070556,0,0,-0.17303317315114564
ZNF718,1,0.24341333844917182,0.6474407511513619,0,0,-0.1730466160418198
MAP4K2,0,0.33374597374711124,0,0,0,-0.17318145452843015
RSBN1L,0,0.33357420197783233,0,0,0,-0.1733070376161893
QTRT1,0,0.333390150084256,0,0,0,-0.1734415987562431
OSBPL1A,0,0.3288809108097556,0.12833828589717355,0,0,-0.17353157032125846
NRP2,0,0.33325159347168887,0,0,0,-0.17354289809843812
UBR2,0,0.3331052595985357,0,0,0,-0.17364988342968013
PPIG,0,0.3329555564483714,0,0,0,-0.17375933205400196
AC139887.2,1,0.19646045756658295,1.9868903166128236,0,0,-0.17390561953604056
KPNA4,0,0.3283149918154027,0.1285864127165218,0,0,-0.17393911628438924
GPD2,0,0.33267831425385425,0,0,0,-0.17396202502846886
ADAM15,0,0.3326704774712277,0,0,0,-0.1739677545343386
RAB40B,0,0.3324617722764249,0,0,0,-0.17412033981016553
EIF4G2,0,0.33232041340266744,0,0,0,-0.17422368789770717
BMT2,0,0.3323035245813605,0,0,0,-0.17423603538843424
PPHLN1,1,0.23922005869057916,0.7220080746083132,0,0,-0.174249148242063
UBE2K,1,0.24273029439769833,0.6105934555292498,0,0,-0.1744666855976752
TTN-AS1,1,0.239047988010797,0.7135015573923239,0,0,-0.1745874998330566
ZDHHC17,1,0.24240866571793152,0.614243149094869,0,0,-0.17461063585140807
FANCL,1,0.22343138015008754,1.1680320328445097,0,0,-0.1746476438070485
INTS10,0,0.33134204923932464,0,0,0,-0.17493897419359422
SP3,0,0.33126830083674796,0,0,0,-0.1749928919715374
NPLOC4,0,0.33117925016474176,0,0,0,-0.1750579973052282
SNX9,0,0.3308123523435571,0,0,0,-0.17532623789837046
WDR44,0,0.3303993640153894,0,0,0,-0.17562817546167037
DENND4A,0,0.3214808981878365,0.26022994846116454,0,0,-0.1756462116262208
PKD1,0,0.33030637215966135,0,0,0,-0.17569616221192508
MPPED2,0,0.3293145301401048,0.026147689442226455,0,0,-0.1757679572181982
ARSB,0,0.30053722311051434,0.8678238069944287,0,0,-0.17577644563769243
DIP2A,0,0.33018921503697296,0,0,0,-0.175781816293978
MSRA,0,0.3301517912871034,0,0,0,-0.1758091769603079
ENOX2,0,0.33001831294538486,0,0,0,-0.1759067635565941
PDE6D,0,0.329872625733421,0,0,0,-0.1760132761110275
RASA2,1,0.24155182642086476,0.5770770261804965,0,0,-0.17616573431581156
LENG8,1,0.24542061543039992,0.46335499519570605,0,0,-0.1761787864487182
LINC00278,0,0.3296305029607644,0,0,0,-0.1761902931233961
SLC38A2,0,0.31763169944109887,0.34980286169471736,0,0,-0.17622224422355778
SUCO,0,0.32943134328903,0,0,0,-0.17633589962578294
UBE2D2,0,0.32937949032445635,0,0,0,-0.17637380955375284
EPC1,0,0.32932398415615094,0,0,0,-0.17641439035486312
BBS9,0,0.32345033000825063,0.16934317773302637,0,0,-0.1764773137961064
JAZF1,1,0.22957002076687105,0.9112965085614972,0,0,-0.1765746357464551
MAPK6,0,0.329035577143904,0,0,0,-0.17662524597614132
SPATS2L,0,0.32897514967403096,0,0,0,-0.1766694247622363
DAAM1,0,0.3289231373518164,0,0,0,-0.17670745119727072
PCNX1,0,0.32885472899619783,0,0,0,-0.17675746484365257
LIMS1,1,0.24655989885554336,0.4048151531586916,0,0,-0.17680857005407624
IGF2R,0,0.32875674399289107,0,0,0,-0.17682910210582325
IKZF2,1,0.18893045566456282,2.086340433586985,0,0,-0.17692590440277972
BID,0,0.3283630037043823,0,0,0,-0.1771169673435959
PIK3C2A,0,0.32158632771427426,0.1913414626232369,0,0,-0.1772904289850269
EPB41,0,0.3281007481318336,0,0,0,-0.17730870353354705
PAPSS1,1,0.2286744802044837,0.9068271847866822,0,0,-0.17734104309156035
AGFG1,0,0.32805619541163206,0,0,0,-0.17734127622109908
TMEM117,0,0.3271518975719372,0.024639032552756106,0,0,-0.17738676368473338
SLC25A36,0,0.32794734018463,0,0,0,-0.17742086075110086
ZC3H13,1,0.21758091816487712,1.2181712209353472,0,0,-0.17767212813399014
CWC27,1,0.20645432956237111,1.5347654558944335,0,0,-0.1778961737897593
MAN1A2,1,0.21091017951934785,1.4029891835796615,0,0,-0.17793113939288419
UBE2H,0,0.3215924889712653,0.16550026682642538,0,0,-0.17793161120109507
ITFG1,1,0.23147493351228998,0.7971639222434206,0,0,-0.17803374479066625
PIP5K1A,0,0.32698956849148386,0,0,0,-0.17812109180244606
ZNF141,0,0.3269415825318264,0,0,0,-0.1781561745462995
ZSWIM5,0,0.3250134796733053,0.03559832084958807,0,0,-0.17867633363892427
NLGN4X,0,0.326221608655984,0,0,0,-0.17868255057894894
ATXN10,1,0.19899808087360504,1.721293522539287,0,0,-0.17868674496761944
PTPRK,0,0.3058766974711862,0.5871837166315024,0,0,-0.17888500821579165
ST8SIA4,0,0.3259312854260077,0,0,0,-0.178894807155345
FBXL5,1,0.23866531243881367,0.5521144328333766,0,0,-0.1788998105889435
BCL2,1,0.21453670900352248,1.2567672687642428,0,0,-0.17893337403359327
INF2,1,0.23408587318953658,0.6794867941193676,0,0,-0.17906524094922582
SLC30A7,0,0.32564514598144145,0,0,0,-0.17910400494802747
MGA,1,0.22562331448238526,0.9154056390488992,0,0,-0.17935741618479223
HRH1,0,0.325219704500169,0,0,0,-0.1794150470657358
MLH3,1,0.19840029106348156,1.6987585938810816,0,0,-0.17968686566312425
PTK2,1,0.23435113869111196,0.6443621770953206,0,0,-0.17974895317680895
SFPQ,1,0.23619641092942928,0.5884808618609265,0,0,-0.1797961574234006
NHLRC2,0,0.3245234767797481,0,0,0,-0.17992406218085635
AVL9,0,0.32443816860276703,0,0,0,-0.17998643136015374
WDR27,0,0.3119980368166674,0.3575372992319828,0,0,-0.18014778124646944
DNMT3A,0,0.3242019176459594,0,0,0,-0.18015915546241162
MFGE8,0,0.3239025888027783,0,0,0,-0.18037799608179783
NEK11,0,0.323776219276127,0,0,0,-0.18047038539246366
SSBP3,0,0.3236946713743674,0.002155747318749494,0,0,-0.18047614036237503
WDR13,0,0.32347107823448223,0,0,0,-0.18069347533543073
RNF217,1,0.23328303752812285,0.6368388218029493,0,0,-0.180717830559742
SUPT3H,1,0.20837822663639882,1.3431489680971624,0,0,-0.18127747190153642
ABCG2,0,0.28707388154894,1.0301734669069929,0,0,-0.18156296763902113
HDAC7,0,0.31272504967932807,0.2785058918675246,0,0,-0.1815909946698263
DHX36,0,0.32209066417479587,0,0,0,-0.18170270205952682
CDK12,0,0.32179131751223583,0,0,0,-0.18192155570673846
GLYR1,0,0.321609426971385,0,0,0,-0.18205453667241236
BTBD9,0,0.312941438600457,0.2523318977323016,0,0,-0.18208679406519251
ARHGAP21,1,0.23655149097188904,0.48426613434444804,0,0,-0.18214054113255262
SEC23A,0,0.32138026544142473,0,0,0,-0.18222207766386184
NSRP1,0,0.2882973263912578,0.9679050790440865,0,0,-0.18222438459874624
TBCK,1,0.18443634698206884,1.9815206604798252,0,0,-0.18283066918871327
KDM4B,0,0.3201926336226193,0,0,0,-0.18309036045301108
SEPT11,0,0.32012588953209664,0,0,0,-0.18313915734794145
RYBP,1,0.1965000993006945,1.6144002648901534,0,0,-0.1831839421190095
UBE2Z,0,0.32005276072516053,0,0,0,-0.18319262213681645
AC110285.1,1,0.17560516468000914,2.222761909405773,0,0,-0.18325935731682647
CDH19,1,0.15451703213133872,2.839084906938407,0,0,-0.18327709225726463
ACVR2A,0,0.31963742862367045,0,0,0,-0.18349627324298817
PTPRJ,0,0.3193183730469886,0,0,0,-0.1837295361630517
WNK1,1,0.20482983558408524,1.3377143993232052,0,0,-0.18400750808727123
SOGA1,0,0.31891127163463956,0,0,0,-0.1840271697765874
WRN,0,0.3187016805583935,0,0,0,-0.18418040272419128
COPA,0,0.3186100569714847,0,0,0,-0.18424738912716004
TRAF3IP2-AS1,1,0.23702715298021917,0.3803667015504456,0,0,-0.18438888866078368
ANKRD23,0,0.31830259980766845,0,0,0,-0.18447217239712227
ZCCHC2,1,0.2374085969608955,0.36348059858049137,0,0,-0.18453194164311937
ASAP2,0,0.31816696954073126,0,0,0,-0.1845713322752971
ALPK1,0,0.3111115311856515,0.20592548933847618,0,0,-0.18458419129451042
RUNX1T1,0,0.3181227027916447,0,0,0,-0.18460369588812295
SCMH1,0,0.31798202480211324,0,0,0,-0.18470654617824495
PDE5A,0,0.3178031555775117,0,0,0,-0.1848373182464657
OGA,0,0.3146540589421468,0.09161596695697546,0,0,-0.18485045393216265
PMP22,0,0.3175590559657809,0,0,0,-0.1850157805344811
TNFRSF10B,0,0.3095058420063779,0.23473089185471388,0,0,-0.18503836509574045
FNDC3A,0,0.31724571779428706,0,0,0,-0.1852448634347399
CEP170,1,0.227804893686061,0.6155349540430733,0,0,-0.18525523914381264
AHCYL1,0,0.3169828357364661,0,0,0,-0.18543705765079893
NLRP1,0,0.3169180889326988,0,0,0,-0.1854843943206939
DNAJC3,0,0.3167387918716534,0,0,0,-0.18561547918199994
CNTNAP3B,1,0.22576086390108596,0.6585279759158945,0,0,-0.1856753835887094
JADE1,0,0.316614791175848,0,0,0,-0.18570613663012947
CORO2B,0,0.31636266497437937,0,0,0,-0.18589046719281935
CACNB2,0,0.30457103188987766,0.34409721819889794,0,0,-0.18591352040614734
CAMK2B,0,0.316326758904439,0,0,0,-0.18591671827675088
SH3TC1,0,0.31615686798937026,0,0,0,-0.1860409262638149
DMTF1,1,0.1961449605258105,1.4992288358314079,0,0,-0.18632134193460964
SPAST,1,0.21534401483218465,0.9229225351143934,0,0,-0.18668483429459526
PPP1R16B,1,0.11269313416004167,3.9189735096180844,0,0,-0.18687185127375538
XIST,1,0.1961440603533297,1.4768103484735082,0,0,-0.18688216453322198
VSIR,0,0.31487210183521563,0,0,0,-0.18698022438809042
GSE1,0,0.30599387779413767,0.25962128924308714,0,0,-0.1869840480052774
PHF20L1,1,0.20769030446063444,1.1294578366579964,0,0,-0.18711985538049247
MAP4,0,0.29849128459755586,0.4644434883928728,0,0,-0.1873513914779421
C9orf3,1,0.21654621496277449,0.8477361610475961,0,0,-0.18768456146673074
AKAP8L,0,0.3138710710410597,0,0,0,-0.18771208235636905
EIF3A,0,0.31380892667620175,0,0,0,-0.1877575163718563
HIBCH,0,0.3137724961035056,0,0,0,-0.18778415092203427
DACH1,0,0.3137382228820015,0,0,0,-0.18780920822337085
YWHAQ,1,0.17142277744965584,2.1558635184009423,0,0,-0.18798869021588
INPP4B,1,0.20313105368354972,1.2244021201601996,0,0,-0.18808079717824278
PARN,1,0.22557859176011746,0.5599408271671419,0,0,-0.1882720130787487
OSBPL10,0,0.2975440921820497,0.45002105838266043,0,0,-0.18840425720159068
BACH2,1,0.21452318379535,0.8781206879796257,0,0,-0.18840439867053443
VAPA,0,0.31284044531658173,0,0,0,-0.1884655773069496
ARRB2,0,0.3126024688751237,0,0,0,-0.1886395629185416
PTOV1,0,0.312264182712665,0,0,0,-0.18888688540352325
CEBPB,0,0.312204014805398,0,0,0,-0.1889308744222678
SERPINE2,0,0.31212739910832,0,0,0,-0.18898688849169415
DOPEY1,1,0.22134791301882067,0.6533206362729728,0,0,-0.18903182551632253
WWC3,0,0.3119671420018187,0,0,0,-0.18910405315940565
ANKH,1,0.19970307613482488,1.2751344343614013,0,0,-0.18931937231904328
CLCN4,1,0.1286755623216368,3.3471000694453306,0,0,-0.1894762703534914
IL6ST,0,0.3055872419878994,0.17120999881903282,0,0,-0.18949044941878085
WDFY1,0,0.3113080306414263,0,0,0,-0.18958593234224622
LPIN1,0,0.28274237291701,0.8267069869229667,0,0,-0.18981371251780926
PCGF5,0,0.31099445933202596,0,0,0,-0.18981518569064265
FEZ2,0,0.310980994245317,0,0,0,-0.18982503007411122
SPATS2,0,0.31091091518669645,0,0,0,-0.18987626517872574
FAM198B-AS1,0,0.310885324051555,0,0,0,-0.18989497496895386
CASTOR2,0,0.310763126241153,0,0,0,-0.18998431431972213
HM13,0,0.3107268899696956,0,0,0,-0.19001080681541915
INPP5A,0,0.3076315999323499,0.090444590229675,0,0,-0.19001387312617046
ABHD2,0,0.31064795406206314,0,0,0,-0.19006851720087523
ACTN2,0,0.3105117623589554,0,0,0,-0.1901680875474767
GOLPH3,0,0.31047714882986766,0,0,0,-0.19019339364916804
CDC14A,0,0.3104410193840702,0,0,0,-0.19021980804416042
FGFR1OP2,1,0.21578243552395115,0.7671135041602296,0,0,-0.19025745973407016
IFT122,0,0.310354613327865,0,0,0,-0.19028297988773454
DMGDH,0,0.310137912315923,0,0,0,-0.19044141094025527
JAK2,0,0.29846532637779244,0.33730548461934867,0,0,-0.19054713141594476
RNF115,1,0.2145779805624746,0.7708426760289134,0,0,-0.19104486222067257
ATP11C,0,0.30928332403393677,0,0,0,-0.1910662041508343
MBTD1,1,0.20114071386196164,1.1577676429995098,0,0,-0.19120092033946096
TPP2,0,0.3090430914525558,0,0,0,-0.19124183923613858
AC013394.1,0,0.3087810706379864,0,0,0,-0.19143340379350987
ATG5,0,0.3087586965222929,0,0,0,-0.19144976160682498
DOCK9,0,0.30084274236310804,0.23106132207418592,0,0,-0.19146368544565598
CERS4,0,0.30095610026275454,0.22105374085162136,0,0,-0.19163086562741016
LMO2,0,0.30847303994961867,0,0,0,-0.19165860636976662
EIF1,0,0.30814921080417956,0,0,0,-0.1918953592667145
NUBPL,0,0.308141636852431,0,0,0,-0.19190089661578597
RECK,0,0.30812392395489596,0,0,0,-0.19191384659222827
SMG1,0,0.30797369172261424,0,0,0,-0.19202368203078773
PRKAR1A,0,0.3079352773917955,0,0,0,-0.19205176691515885
CSTF3,0,0.30788397180694926,0,0,0,-0.19208927665142883
RBMS3-AS3,0,0.3076793714669307,0,0,0,-0.19223886085006614
EFR3B,0,0.3072630398468003,0,0,0,-0.1925432427086639
ST8SIA1,0,0.306882986697565,0,0,0,-0.19282110121937215
KDM5A,0,0.30676990943051796,0,0,0,-0.19290377250121749
ANKFY1,0,0.3067040652032643,0,0,0,-0.19295191150219732
MS4A6A,0,0.306692640108311,0,0,0,-0.19296026443881903
SLC35F5,0,0.306261695089155,0,0,0,-0.19327533021701537
CEP350,0,0.30003062217282617,0.17944870470408117,0,0,-0.1933470600963356
HACD3,0,0.305992974167474,0,0,0,-0.19347179325184266
STARD7,0,0.3058129386519938,0,0,0,-0.19360341800039838
FANCC,0,0.2954162903959957,0.3009462140974746,0,0,-0.19368479381776965
ACAP3,0,0.3056355478460443,0,0,0,-0.19373310919031128
GATAD2A,0,0.3054856006087359,0,0,0,-0.19384273626780596
DZIP1,0,0.30532944669,0,0,0,-0.19395690107709254
SLC9A3R2,0,0.30529589108509014,0,0,0,-0.1939814337258153
CXXC5,1,0.1863872816814932,1.4765497219085433,0,0,-0.1940219000671587
LUC7L,0,0.30502223770874903,0,0,0,-0.19418150289970165
FNIP2,0,0.30498505164023937,0,0,0,-0.19420868979615544
KDM7A,0,0.30485753800577287,0,0,0,-0.19430191556902204
RAP2A,0,0.3047657467000141,0,0,0,-0.19436902459197164
NIM1K,0,0.304659719514349,0,0,0,-0.19444654152864949
CSPP1,0,0.30463169070080764,0,0,0,-0.19446703351616015
DIDO1,0,0.3046065058348639,0,0,0,-0.1944854462812105
MIR34AHG,0,0.30448770339272074,0,0,0,-0.19457230326347422
LRRC4B,1,0.17205537107018704,1.8733916219877107,0,0,-0.19458424460477458
CHD2,0,0.3044693103575122,0,0,0,-0.19458575049152835
TCF20,0,0.3043122293905675,0,0,0,-0.19470059306979318
CRTC3,0,0.30382013161604793,0,0,0,-0.19506036789346182
ELP3,0,0.3038066939185462,0,0,0,-0.19507019225256184
YAP1,0,0.3037734669198755,0,0,0,-0.19509448465583362
TECR,0,0.29820736665719827,0.15888895259999145,0,0,-0.19519377091556012
MEIS2,1,0.11443781589439506,3.5330386432997507,0,0,-0.19523955352035116
LIN52,1,0.20915258659760072,0.7598806063953781,0,0,-0.19528529752037022
PSMD11,0,0.3032347981070864,0,0,0,-0.19548830776817383
TMEM181,0,0.29314076460088406,0.28831742418797607,0,0,-0.19566399266979626
NBEAL1,0,0.3028629839124049,0,0,0,-0.19576014274336678
AC016597.1,1,0.13529031495084998,2.9018688713856338,0,0,-0.195765063453548
STYXL1,0,0.302855956536663,0,0,0,-0.19576528048834213
CNTNAP3,0,0.302566037436344,0,0,0,-0.1959772416037876
LEMD3,0,0.3025143384897332,0,0,0,-0.19601503892855487
SLC18B1,0,0.302326583378263,0,0,0,-0.1961523075073206
STK4,0,0.30223936157179043,0,0,0,-0.19621607574946387
PIGL,0,0.301994160130841,0,0,0,-0.19639534358961414
NR6A1,1,0.21327589545509423,0.5879261688396354,0,0,-0.19656730595472666
STARD13,1,0.19882475978349248,0.9997587061269975,0,0,-0.19684224958990199
N4BP1,0,0.29228422773815393,0.26234388189360824,0,0,-0.19693920413904
SYK,0,0.3011357700348356,0,0,0,-0.19702291632296115
FRS2,1,0.20175537935317434,0.903130833427644,0,0,-0.19711407452551177
DOCK11,0,0.3010037239933866,0,0,0,-0.19711945575828954
INTS6,0,0.3008190314142544,0,0,0,-0.19725448530634032
FNBP1,1,0.1740348460502643,1.7051726200570514,0,0,-0.1973402830269203
PRKAG2,0,0.30067667999411607,0,0,0,-0.1973585590488588
GON4L,0,0.3006231549422106,0,0,0,-0.19739769144715086
WARS,0,0.3004432265906477,0,0,0,-0.1975292378477005
CHD7,0,0.300416070053445,0,0,0,-0.1975490921101854
GPATCH8,1,0.198111609771057,0.9893678972977925,0,0,-0.1976232689027546
KCNQ3,0,0.2885955007227109,0.33762969230658657,0,0,-0.19775490300108406
TCERG1,0,0.3001124768447986,0,0,0,-0.19777105042571402
SOCS5,0,0.2999352186326339,0,0,0,-0.19790064467573404
SLC10A7,1,0.19291743457834987,1.1297493473345863,0,0,-0.19791308092036708
CTIF,0,0.2954520113031851,0.12929499906767672,0,0,-0.1979476790478477
DPYSL2,1,0.21244120502709418,0.5565164679129813,0,0,-0.19796237717707238
MANBA,0,0.29978291882724495,0,0,0,-0.19801199172598652
ATF7IP,1,0.1967325486288345,1.010665141398878,0,0,-0.19809935821632985
FARS2,1,0.18867746839419866,1.2433029292143725,0,0,-0.19817560702522474
MIER1,0,0.29949836701967447,0,0,0,-0.19822002879035489
SLC25A37,0,0.29943433713259043,0,0,0,-0.19826684131934402
CYFIP2,0,0.299219924099395,0,0,0,-0.19842359962064998
AHCTF1,0,0.29911361756122723,0,0,0,-0.1985013207931578
SON,0,0.2990290264049857,0,0,0,-0.19856316575547334
TRIB2,0,0.29899849249371746,0,0,0,-0.19858548923082975
ICA1,0,0.2989973045146006,0,0,0,-0.19858635776753003
PGM5,0,0.2989957160906062,0,0,0,-0.19858751907122224
FAM168B,0,0.29891493945669356,0,0,0,-0.19864657521966927
BST2,0,0.2988947324992993,0,0,0,-0.19866134861412424
DOCK1,0,0.2985854758934279,0,0,0,-0.19888744746400094
CPEB4,1,0.20132632358762168,0.8349440154876632,0,0,-0.19913152402672352
AC005261.1,0,0.29806194358554106,0,0,0,-0.19927020421176045
DLGAP4,0,0.2977090924760682,0,0,0,-0.19952817519286442
TNS2,0,0.29762647959648786,0,0,0,-0.1995885738285071
KMT2E,0,0.297343293639462,0,0,0,-0.19979561231360057
TANC1,0,0.29720306380182415,0,0,0,-0.19989813495792363
PLAGL1,0,0.2971828480391795,0,0,0,-0.19991291478993548
CASKIN1,0,0.297070221365196,0,0,0,-0.1999952566412319
ABO,0,0.29695240471164824,0,0,0,-0.20008139290916516
USP22,0,0.29687359466976,0,0,0,-0.2001390112736281
ABCA5,0,0.2967930868269199,0,0,0,-0.20019787090775265
MTERF1,0,0.281781221687826,0.43919450882443023,0,0,-0.2001990803596031
ZNF706,0,0.29673525849403637,0,0,0,-0.20024014945348786
FAM208B,0,0.29119198569887783,0.16015999488308774,0,0,-0.20029098727408232
MECP2,0,0.29662960127516436,0,0,0,-0.20031739590583386
AF279873.3,0,0.296609312576869,0,0,0,-0.20033222906141723
CPSF6,1,0.21693420309273842,0.32849375821497245,0,0,-0.20037506647044795
MYO6,1,0.2069501562665696,0.62020577105684,0,0,-0.20038551999378396
ZNF292,1,0.19729837015591153,0.8939793970347678,0,0,-0.2006012777221649
FAM208A,0,0.2960474310943966,0,0,0,-0.20074302305754238
D2HGDH,0,0.295987417932238,0,0,0,-0.200786898941465
ANXA6,0,0.29593174991103843,0,0,0,-0.2008275980739303
SGPP2,0,0.28417430273180155,0.34009087294399437,0,0,-0.20092576325248485
PREX1,0,0.29558900368803764,0,0,0,-0.20107818132857636
HDAC4,0,0.2955744923064076,0,0,0,-0.20108879066281332
IL1RAP,0,0.2954704391306201,0,0,0,-0.20116486439228232
DYSF,0,0.29540595971844974,0,0,0,-0.2012120055710176
CFAP47,0,0.295314318627686,0,0,0,-0.20127900477113086
SRSF5,0,0.29523121224115195,0,0,0,-0.20133976421185423
MAP3K14,0,0.29512736508196064,0,0,0,-0.20141568732169357
NSD3,0,0.29510222898185606,0,0,0,-0.20143406443382675
MARCH3,0,0.29499050842928565,0,0,0,-0.20151574381581627
TLK2,0,0.29498233519613226,0,0,0,-0.2015217193021298
PARG,1,0.20038402821170134,0.7618065525320981,0,0,-0.2016479056232725
GPSM2,1,0.19551940070550522,0.8944827590247462,0,0,-0.2018893126608316
MARCH7,0,0.2944390628494732,0,0,0,-0.20191890807810858
LITAF,0,0.27815185514526386,0.47506896479960353,0,0,-0.20195614102123055
ARHGAP32,0,0.29434257838390543,0,0,0,-0.20198944829061066
SUGT1,0,0.2942831151731121,0,0,0,-0.20203292210269774
NFIX,0,0.294252759510978,0,0,0,-0.20205511525933678
KRIT1,1,0.18112971532682423,1.301833080459257,0,0,-0.20223132559445828
MOSMO,1,0.19783481230355215,0.8053945222824604,0,0,-0.20242252804412258
LCP2,0,0.2936608051031698,0,0,0,-0.2024878957019978
RPTOR,0,0.29361888092803534,0,0,0,-0.20251854664881658
CHD1,0,0.2935257479606429,0,0,0,-0.20258663656642303
STT3B,0,0.29344520125602813,0,0,0,-0.20264552461256014
KDM2B,0,0.29324431507756177,0,0,0,-0.20279239337152932
CREBZF,0,0.29321621865653,0,0,0,-0.20281293478717033
ARNT,0,0.2931452002946921,0,0,0,-0.2028648566204532
PFKL,0,0.293044548913023,0,0,0,-0.2029384432834438
SEC14L5,0,0.2929659830452349,0,0,0,-0.2029958831311599
ADAM17,0,0.2927263706791592,0,0,0,-0.20317106477435648
ARID1A,0,0.26894657399435207,0.6934670394511946,0,0,-0.20322911045703468
NR2C2,1,0.19231935392579788,0.9300283440913505,0,0,-0.20334071318170155
LATS1,0,0.2924810600016968,0,0,0,-0.20335041247779656
PHF3,1,0.16778065069942655,1.6455434732804555,0,0,-0.20340268928152738
MCCC1,0,0.2921917185076367,0,0,0,-0.20356195130279353
EFR3A,0,0.2917546845121156,0.010231170649552122,0,0,-0.20362582535625642
EEF1D,0,0.2920553549624943,0,0,0,-0.20366164728385408
RIF1,1,0.2060313958331454,0.5131134123251618,0,0,-0.20373311658329746
FAM49A,0,0.2917290461297689,0,0,0,-0.20390021309096407
PRRC2B,0,0.29170296966742754,0,0,0,-0.20391927770601934
USP34,1,0.2009631800791085,0.6537655498893171,0,0,-0.20392407551375052
CDK14,0,0.29165975543244665,0,0,0,-0.20395087182120386
ANGPT1,0,0.291433583107791,0,0,0,-0.20411622739165153
MED14,0,0.2701539876254838,0.6220279627632933,0,0,-0.2041313933438484
AC007566.1,1,0.19411150534169244,0.8376609343406589,0,0,-0.20433842214001513
CPOX,1,0.1447652315222423,2.264769721030076,0,0,-0.2047569291582928
DIP2B,1,0.18588778244028234,1.0613256296872857,0,0,-0.20476217449013678
HNRNPR,0,0.29053339176567244,0,0,0,-0.20477436119787512
USP4,0,0.29028515026801177,0,0,0,-0.20495585163671182
FTO,1,0.14026179227279076,2.380517816007052,0,0,-0.20515724788186251
NEK10,0,0.28985149834500884,0,0,0,-0.20527289644408625
GOLIM4,0,0.2898298712673344,0,0,0,-0.20528870809465585
DARS,0,0.2898202603496194,0,0,0,-0.2052957346784066
KPNA6,0,0.2893436392550759,0,0,0,-0.20564419443401827
CPPED1,0,0.28928346108134984,0,0,0,-0.20568819095861568
RAC1,0,0.28924207283246217,0,0,0,-0.2057184500874241
OPA1,0,0.27619775190501533,0.3716045992165682,0,0,-0.20597002958981325
KTN1,0,0.28882118322550804,0,0,0,-0.20602616431001677
TFCP2,1,0.19595962327034872,0.7153779268229312,0,0,-0.20604270641864825
FN1,0,0.28851859215501463,0,0,0,-0.20624738995798225
KDM3A,0,0.28845576825745817,0,0,0,-0.2062933207827815
TOM1L2,0,0.28806513423128627,0,0,0,-0.20657891501864686
AC124319.2,0,0.287878070497922,0,0,0,-0.2067156781278717
SND1,1,0.1977115648305761,0.6304383584568651,0,0,-0.2068842155804494
RILPL1,0,0.2874103411995347,0,0,0,-0.20705763705263264
IP6K1,0,0.2873809597226857,0,0,0,-0.20707911797817186
SUSD6,0,0.28198243023318154,0.15739972716320033,0,0,-0.207093103376481
UTY,0,0.2736794389300879,0.3997913012041872,0,0,-0.20710688591533805
KIAA0355,0,0.28728140825817056,0,0,0,-0.20715190048694637
PPP4R1,0,0.28725708596966043,0,0,0,-0.2071696826178826
FBXW11,1,0.1863131287504302,0.9502186231391416,0,0,-0.2072274016753753
SEMA6D,1,0.1809160899570385,1.1046682456590913,0,0,-0.20731401065956362
PPP3CC,0,0.2870409468136863,0,0,0,-0.20732770289506106
TBC1D32,1,0.1767226477470027,1.2056573408410678,0,0,-0.2078564682024347
EPN2,0,0.2863121897453127,0,0,0,-0.20786050035797857
NDUFS2,0,0.2861874028524495,0,0,0,-0.2079517325981972
PTMA,0,0.2857415743878352,0,0,0,-0.2082776797281139
PTCHD1,0,0.2857296201115,0,0,0,-0.20828641955154592
MSN,0,0.27579912833581605,0.28335161566915096,0,0,-0.20846661765227628
RPH3AL,0,0.28523667759767096,0,0,0,-0.20864681196779847
SUN1,0,0.26538857852282577,0.5762667233792645,0,0,-0.20875882796938636
MRVI1,0,0.285057403698715,0,0,0,-0.20877787989520016
PPP4R2,0,0.2847686281084716,0,0,0,-0.20898900498545497
FMNL1,0,0.2846622626532598,0,0,0,-0.20906676923246995
ARFGEF1,0,0.28454637143614986,0,0,0,-0.20915149780544748
MYO18A,0,0.28452082105978393,0,0,0,-0.2091701777967575
GPC6,0,0.28425589954056174,0,0,0,-0.20936386307191904
SCP2,0,0.284034219606871,0,0,0,-0.20952593423578952
MUM1,0,0.2839934748691654,0,0,0,-0.20955572289077334
GALNT2,0,0.28351116332197296,0.013133828729171768,0,0,-0.20958017165296333
CFDP1,0,0.2839331213592417,0,0,0,-0.20959984760442757
CLIP2,0,0.27837795423084455,0.15822555624610185,0,0,-0.2097077167014242
CYB5R3,0,0.28339567245019837,0,0,0,-0.20999277883983247
TP53BP1,0,0.283334752569737,0,0,0,-0.21003731762945066
MTREX,0,0.282976216233652,0,0,0,-0.21029944510446252
TTTY14,0,0.2810577718715255,0.05283562793367804,0,0,-0.21038183905334282
MFSD1,0,0.2828180640991813,0,0,0,-0.2104150708179654
ORC4,0,0.2826493303119391,0,0,0,-0.21053843282384171
NCKAP1,0,0.2826073192168511,0,0,0,-0.2105691473182167
TAPBP,0,0.2787871276480913,0.10764389653279556,0,0,-0.21067243803192245
PPP1R12B,1,0.17535335663963325,1.1256102283091844,0,0,-0.21085767771876696
MED13L,1,0.1564241314444847,1.6674036322866734,0,0,-0.21115927622769726
MIGA1,1,0.1719952878552397,1.2108148581499676,0,0,-0.21118379214051225
ALDH2,0,0.281651550639563,0,0,0,-0.2112679138828441
RREB1,0,0.2812750754032373,0,0,0,-0.21154315656585954
GNAS,0,0.27563981253612,0.1618489706364063,0,0,-0.21161904676308596
FOXN3,1,0.20113239974131986,0.33689215699143266,0,0,-0.2117179851982393
SIK2,0,0.2809500566794674,0,0,0,-0.21178077916869997
MTOR,0,0.2809434701431736,0,0,0,-0.211785594614037
ATRN,0,0.2764050047003813,0.1301301597780629,0,0,-0.21185216050592082
PDSS2,0,0.28077706336631314,0,0,0,-0.21190725533250032
LUZP1,0,0.2807509328158277,0,0,0,-0.21192635949163302
NEK7,0,0.27696849302633403,0.1083486122281948,0,0,-0.21198444118114723
VPS45,0,0.2805574632360059,0,0,0,-0.2120678059430696
NELFA,0,0.280549725645229,0,0,0,-0.21207346292934653
SEPT8,0,0.280195102085442,0,0,0,-0.21233272975658563
KAT6A,0,0.27585798323966004,0.1253704032303563,0,0,-0.2123710209822074
SCAF4,0,0.2801228829828982,0,0,0,-0.21238552945662198
PPA1,0,0.2800795877746137,0,0,0,-0.21241718277174104
ZBTB7C,0,0.280015302547002,0,0,0,-0.21246418198130074
BBX,0,0.2800006041374067,0,0,0,-0.2124749280524967
LNX2,0,0.27998144774527417,0,0,0,-0.21248893337411867
RHEB,0,0.2799058913761432,0,0,0,-0.2125441729642747
ZFYVE9,0,0.2798131783803026,0,0,0,-0.21261195583885262
N4BP2L2,1,0.19279110048864734,0.5399567292941714,0,0,-0.2127424276478852
INPP4A,0,0.2794783667219968,0,0,0,-0.21285673809873334
RHBDF2,0,0.2794332058700828,0,0,0,-0.2128897553940258
G3BP1,0,0.2794181413321941,0,0,0,-0.21290076914320977
ARGLU1,0,0.27939422973831474,0,0,0,-0.21291825101351491
GLG1,1,0.18202038860925115,0.8426709324724796,0,0,-0.2130531067584847
RAPGEF2,0,0.27881993841056746,0.008950610807726125,0,0,-0.213114471490569
FAM110B,0,0.2791148646205607,0,0,0,-0.2131224960663954
LMF1,0,0.279052366118108,0,0,0,-0.21316818899341872
ALOX5,0,0.2790248314061976,0,0,0,-0.21318831974107758
NRDC,0,0.27898947276005726,0,0,0,-0.21321417060108752
CROCC,0,0.278969179391983,0,0,0,-0.21322900717076654
ELP2,0,0.278875043091921,0,0,0,-0.2132978306292524
RAVER2,0,0.278787554372934,0,0,0,-0.21336179401229607
RNF180,0,0.27859149651043624,0,0,0,-0.21350513276845656
AC096564.1,1,0.10619364351161908,3.042786455585891,0,0,-0.21351669822280828
STRBP,0,0.2783599634880039,0,0,0,-0.2136744075683688
TFEB,0,0.27807392901582595,0,0,0,-0.2138835286152816
PALLD,0,0.277993472616441,0,0,0,-0.21394235063887232
VIM,0,0.27797187910538473,0,0,0,-0.21395813774874134
GABPB2,1,0.16134185553038244,1.40109356833057,0,0,-0.21421812190118356
KCNQ1,0,0.2774359669920674,0,0,0,-0.21434994542610558
TTC3,0,0.2700430667835167,0.21626349538040154,0,0,-0.21435121140647825
ZRANB2,0,0.27732686668123757,0,0,0,-0.21442970913796006
IGSF21,0,0.2771718320512746,0,0,0,-0.2145430556303556
UBAC2,0,0.2769084048960785,0,0,0,-0.2147356483694769
KLF13,0,0.27688188054272317,0,0,0,-0.21475504043960086
IQCK,1,0.17894805951496756,0.8630671854876478,0,0,-0.21478966445031916
TUT4,0,0.2767426525831079,0,0,0,-0.21485683060654326
SYT17,0,0.27659131842645046,0,0,0,-0.2149674716668074
KIF13A,1,0.19605107422954848,0.3531725334540131,0,0,-0.21502617116761596
WDSUB1,0,0.27644697149656,0,0,0,-0.21507300433518645
POGZ,1,0.18145633967623398,0.7758549248930183,0,0,-0.2151349982962803
EPS15L1,0,0.2763396255256219,0,0,0,-0.21515148544151436
UGDH-AS1,0,0.276329186025934,0,0,0,-0.21515911780514996
BCLAF1,0,0.2761003072411747,0,0,0,-0.21532645208035303
CDC42SE1,0,0.2760772849860971,0,0,0,-0.21534328375119133
LEPR,0,0.2732965769189091,0.07826219341347058,0,0,-0.21542075595985338
ZBTB1,0,0.27439347649070056,0.042232276406854376,0,0,-0.21551907737860931
SUZ12,0,0.27581124551474445,0,0,0,-0.21553778636601875
LSM14A,0,0.2756351005739032,0.004439292354664362,0,0,-0.2155556433410591
HNRNPM,0,0.2757593175926826,0,0,0,-0.21557575109573435
PDE7A,1,0.17274182585853284,1.006022941783815,0,0,-0.21575507334231292
CYB5R4,0,0.26197913623871955,0.3956384839445139,0,0,-0.21576479339583404
DHX30,0,0.27536829226633,0,0,0,-0.21586163141286407
NBPF1,0,0.25845399242473355,0.49394575327338913,0,0,-0.21588566510726495
PAQR5,0,0.27533330499416997,0,0,0,-0.21588721075974143
ECT2,0,0.2752616798948758,0,0,0,-0.21593957618141796
ITSN2,0,0.27516515534025543,0,0,0,-0.2160101457032008
MAP3K1,0,0.27506540258588996,0,0,0,-0.21608307537586052
CHPT1,0,0.2749818013004538,0,0,0,-0.21614419663932413
ZNF451,0,0.2748053473155652,0,0,0,-0.216273202915284
RAB21,0,0.2747446052015592,0,0,0,-0.21631761173907338
PLOD1,0,0.2744290115147632,0,0,0,-0.21654834365638154
SMURF2,0,0.274371242590312,0,0,0,-0.21659057876835341
SNX29,0,0.2743602138985845,0,0,0,-0.21659864189285227
ARRB1,0,0.2743380755436502,0,0,0,-0.21661482734045073
RAD23B,0,0.2742832724355798,0,0,0,-0.21665489413116473
MAP3K8,0,0.27406798215190575,0,0,0,-0.21681229379411185
PPM1A,0,0.2582640366163923,0.448290094941675,0,0,-0.2171653278010014
EP300,0,0.27355356166602757,0,0,0,-0.21718838884916275
ARHGAP12,0,0.2734471219636939,0,0,0,-0.2172662073785715
FAM213A,0,0.273252925452582,0,0,0,-0.21740818529263656
WAC,0,0.27297024172425416,0,0,0,-0.21761485659614416
B3GAT1,1,0.14862810988603598,1.6283611225381887,0,0,-0.21783452578359142
PHC2,0,0.2722822053319191,0,0,0,-0.2181178829956673
TRIM33,0,0.2722730885228749,0,0,0,-0.21812454833441935
SH2B1,0,0.272212371734589,0,0,0,-0.21816893864246456
FNBP4,0,0.27184139807005847,0,0,0,-0.21844015910240766
TLK1,0,0.27176121254923474,0,0,0,-0.2184987830855039
TRPC4AP,0,0.2716203051251726,0,0,0,-0.21860180111620942
EVI5,1,0.17871784556661002,0.7102651016173515,0,0,-0.21877599783740403
STX12,0,0.27125433758192946,0,0,0,-0.21886936157910172
NRIP1,0,0.27122591160406445,0,0,0,-0.21889014393517714
FAR2,0,0.27120723156534243,0,0,0,-0.21890380099274848
CD55,1,0.1777717263284952,0.7254558690641262,0,0,-0.21908814226716794
LRRC1,0,0.27065995394956177,0,0,0,-0.21930391803840574
AGO4,0,0.2704876174340886,0,0,0,-0.21942991401456424
TCAF2,0,0.2703141529373091,0,0,0,-0.21955673466276276
DAZAP1,0,0.270262097941662,0,0,0,-0.2195947922965293
AP3S1,0,0.2702482338050994,0,0,0,-0.21960492842708185
BMP7,0,0.268081435279743,0.06276796711153178,0,0,-0.21962071860171697
TTLL5,0,0.2701695309796333,0,0,0,-0.21966246840515208
USP32,0,0.27005255011453233,0,0,0,-0.21974799362451608
ATM,1,0.1806402898007017,0.6131131138533434,0,0,-0.21979800006326766
SMARCD3,0,0.269940235622524,0,0,0,-0.2198301072382124
LPAR6,0,0.26981944614167497,0,0,0,-0.21991841695311798
DNHD1,0,0.26535319875219776,0.12271952459144363,0,0,-0.220117351382511
NDUFA10,0,0.26945159288082576,0,0,0,-0.22018735607235532
NUP98,0,0.26933490329358684,0,0,0,-0.2202726683372072
AEBP2,0,0.26569972141856263,0.10425021395570928,0,0,-0.2203254946571595
RPS6KC1,1,0.1718408241103024,0.8474119790442821,0,0,-0.22037696744090768
HNRNPD,1,0.15888307668357537,1.2234402736698218,0,0,-0.22045471903936092
JAK1,0,0.2690696622155301,0,0,0,-0.22046658724322282
GTF2IRD2B,0,0.2690254206006478,0,0,0,-0.22049893248032254
ZFX,0,0.26780165072709355,0.03474896922525377,0,0,-0.2205253731753373
CCDC6,0,0.268908175116813,0,0,0,-0.220584651163594
CCM2,0,0.2685525683562364,0,0,0,-0.22084463681320743
UBA2,0,0.26853478482090576,0,0,0,-0.2208576384332494
HECTD4,0,0.26847184329927876,0,0,0,-0.2209036552535183
SERPINB6,0,0.2683254828632016,0,0,0,-0.22101066000502956
ZNF827,0,0.24256198234624293,0.7517805566134441,0,0,-0.22106193663169763
GBF1,0,0.24715924228868924,0.6139587811197758,0,0,-0.2211445740777552
PPP6R3,0,0.26811956269979864,0,0,0,-0.2211612091322847
BTAF1,0,0.2679925485633693,0,0,0,-0.22125406971996348
VAPB,0,0.2678894331745665,0,0,0,-0.22132945782928842
GNA13,0,0.26782621032348464,0,0,0,-0.2213756803307456
ZFP36L1,0,0.2676241507362809,0,0,0,-0.22152340697394726
UPF3A,0,0.2675469138103008,0,0,0,-0.22157987522652633
ITGB1,0,0.2674493610802788,0,0,0,-0.22165119645181808
LMO7,0,0.2295781408588004,1.1070388249400342,0,0,-0.22167774055424463
PLCH1,0,0.267242332502545,0,0,0,-0.22180255594561232
KPNB1,0,0.262665336378985,0.13310261791614816,0,0,-0.2218230198050007
ACSL4,0,0.2671823119165854,0,0,0,-0.22184643725710812
PLEKHA5,0,0.2671794899208083,0,0,0,-0.22184850043049698
ZNF654,0,0.26708616097960436,0,0,0,-0.22191673362540953
DENND1A,1,0.16224510857722899,1.063092305669692,0,0,-0.22200329276240766
NAP1L1,0,0.2669375486855664,0,0,0,-0.22202538472007197
RHOA,0,0.2667637367740916,0,0,0,-0.22215245936466554
MYSM1,0,0.2666328608986271,0,0,0,-0.22224814328655218
BANP,0,0.26246410356335304,0.12091228052607719,0,0,-0.22227473854559315
BRSK1,0,0.26657506069741344,0,0,0,-0.22229040126510116
SLMAP,0,0.2592262382259886,0.20794700169609853,0,0,-0.2224672437236972
SUCLG2-AS1,0,0.266291312044514,0,0,0,-0.22249785113959564
R3HCC1L,0,0.2595909218731477,0.1938378507957321,0,0,-0.22255316333345543
GAN,0,0.266189813392887,0,0,0,-0.2225720572453383
GPRIN3,0,0.2661769843404873,0,0,0,-0.2225814366213565
C6orf62,0,0.26587002811729826,0,0,0,-0.22280585365144698
PIK3CD,0,0.26570032315916153,0,0,0,-0.22292992568458905
LINC00632,1,0.12724156384536592,2.048597613102416,0,0,-0.2229699908779444
SLC9A8,0,0.265579057058992,0,0,0,-0.22301858385795323
BCL2L13,0,0.26531129912048634,0,0,0,-0.2232143428515918
GULP1,0,0.26526492874799235,0,0,0,-0.22324824443264196
SNRK,0,0.2648915931054394,0,0,0,-0.2235211917449923
ZNF644,0,0.2648272038312831,0,0,0,-0.22356826702343335
C16orf72,0,0.26472536750754067,0,0,0,-0.22364272000272853
SPG7,0,0.2645979222343432,0,0,0,-0.22373589579637398
RPL13,0,0.26451008251909147,0,0,0,-0.2238001157943137
PRELP,0,0.2644515896843851,0,0,0,-0.2238428801602223
TRA2B,0,0.2643169078769058,0,0,0,-0.22394134661556148
CUL4A,0,0.2641620903164119,0,0,0,-0.2240545344075239
MYO9B,0,0.26415811013064927,0,0,0,-0.22405744433864955
TMEM65,0,0.264010300935413,0,0,0,-0.22416550828428441
TRIP12,0,0.2637735416145532,0,0,0,-0.22433860405371236
FCHO2,0,0.26370400588900744,0,0,0,-0.22438944192515226
ZNF254,0,0.2636633197549477,0,0,0,-0.2244191877347556
RYR3,1,0.130077431081585,1.9068326635549393,0,0,-0.22443891718204512
RTN4,1,0.16086640435693034,1.0029408424999162,0,0,-0.22451425721593027
PDHX,0,0.263502388288669,0,0,0,-0.224536845429834
CDK5RAP2,0,0.2534037601142301,0.2854322940230137,0,0,-0.22478797945455226
PSME4,0,0.25776777192986117,0.15709988699641395,0,0,-0.2248040374227867
PPP4R3A,0,0.2630084109947861,0,0,0,-0.2248979943782854
TNKS,0,0.25391315707717116,0.26378340912320525,0,0,-0.22495649175602056
ATP6V0B,0,0.26275561327612695,0,0,0,-0.22508281589011447
TMEM47,0,0.262753370780337,0,0,0,-0.22508445538854177
DCUN1D4,0,0.26258381433834876,0,0,0,-0.2252084188408816
PRTG,0,0.26058012355510385,0.05765054654246545,0,0,-0.22523282779336717
ANKRD13D,0,0.2624882803358236,0,0,0,-0.22527826416571856
ZFC3H1,0,0.2622972504049365,0,0,0,-0.22541792697920604
KDM3B,0,0.262198877768249,0,0,0,-0.2254898476418276
LAMA3,0,0.26217965462500326,0,0,0,-0.22550390176547885
HNRNPK,0,0.2620822657081694,0,0,0,-0.2255751032262361
UBXN7,0,0.26205691234786693,0,0,0,-0.2255936391782451
USP37,0,0.2618198228739171,0,0,0,-0.22576697632403342
YIPF4,0,0.2617510273359806,0,0,0,-0.22581727304109223
KAT2B,0,0.2569338501148633,0.13926828082395298,0,0,-0.22585927464970135
UMAD1,1,0.16964439829832192,0.6895457474948269,0,0,-0.22592734331772135
NFYC,0,0.2552327307104626,0.17729167471081417,0,0,-0.22615289052932086
ZCCHC14,0,0.260826631733592,0,0,0,-0.22649310268729234
CEP85L,0,0.22792600839524624,0.9604026907776821,0,0,-0.22654957789117025
VOPP1,0,0.2604920774119704,0,0,0,-0.22673769680720376
FGD2,0,0.26047349202081926,0,0,0,-0.22675128466752428
AC008014.1,0,0.2603476765341251,0,0,0,-0.22684326891716727
PITPNB,0,0.26024223652876954,0,0,0,-0.22692035656376647
PACSIN2,0,0.2602269704081961,0,0,0,-0.22693151769092823
PSMD14,0,0.26010764033079,0,0,0,-0.22701876042962799
TRPM6,0,0.2600081764435994,0,0,0,-0.2270914789102395
ARHGAP23,0,0.2600074424812858,0,0,0,-0.22709201551327984
EXOC2,0,0.2599609271250386,0,0,0,-0.2271260230925827
AC103923.1,0,0.259924907794732,0,0,0,-0.2271523569816607
ADNP,0,0.25989225537918637,0,0,0,-0.2271762293047102
KDM2A,0,0.2563537322172788,0.10020555710670682,0,0,-0.22725945072939546
PHLDB2,0,0.2572539670971989,0.06954057967346217,0,0,-0.22736750231405994
PITPNA,0,0.25935865821914844,0,0,0,-0.2275663445096614
ID2,0,0.233833400414105,0.7365961344687473,0,0,-0.22782284976597558
HCG17,0,0.25872912823587296,0,0,0,-0.2280265966190073
OSBPL9,0,0.2585145933388416,0,0,0,-0.22818344401549387
AGO3,1,0.1416121242329739,1.418484490717567,0,0,-0.22820807216308192
EYA1,0,0.2584561547006911,0,0,0,-0.22822616875806467
TSEN15,0,0.258385429407498,0,0,0,-0.22827787632758645
MBD2,0,0.25834870725310255,0,0,0,-0.22830472405441318
AC008050.1,0,0.25833805883642463,0,0,0,-0.228312509158169
DNAJC13,0,0.24709867694844248,0.324812983926313,0,0,-0.22841365889196924
GPR137C,0,0.2580907710710122,0,0,0,-0.22849330231921008
PCM1,1,0.12217886324052409,1.9714630198651413,0,0,-0.22859869383921222
SMAD2,0,0.25786216110934007,0,0,0,-0.22866044005668468
ABL2,0,0.2500774430822329,0.22609872416444898,0,0,-0.228702415635587
DCAF10,1,0.1628140284880358,0.7744327833308658,0,0,-0.22880000775729825
PCDH7,0,0.226646343173448,0.904290780652918,0,0,-0.22888719931899904
CCDC91,0,0.2575426945751684,0,0,0,-0.2288940034295568
SAFB2,0,0.257429870131676,0,0,0,-0.2289764898710015
ETFDH,0,0.257194150576665,0,0,0,-0.22914882546309417
MPP5,0,0.256950949322602,0,0,0,-0.22932663095791062
TP53TG5,1,0.1381978929796502,1.4716225669574057,0,0,-0.2293764852237647
HNRNPH1,0,0.2567985633423816,0,0,0,-0.22943804101095724
SENP6,0,0.2567765299934823,0,0,0,-0.2294541496881867
HGSNAT,0,0.25673299822524454,0,0,0,-0.22948597595331668
TRAPPC10,0,0.25661926578158173,0,0,0,-0.22956912623763598
NAIP,0,0.2565902216332003,0,0,0,-0.22959036054086512
ZRANB1,0,0.25637792706048934,0,0,0,-0.2297455700264952
PRR14L,0,0.2552301709715866,0.0305940778378041,0,0,-0.2298202538228593
CAPZA2,0,0.2560332745776334,0,0,0,-0.22999754695601393
PDPK1,0,0.25588013596637454,0,0,0,-0.23010950726088691
TAOK1,0,0.255798054364568,0,0,0,-0.230169517477038
IL17D,0,0.255790538230442,0,0,0,-0.23017501255539408
SETX,0,0.255722405133117,0,0,0,-0.23022482495924013
EXOC6B,1,0.14624164052393973,1.1973130854930334,0,0,-0.23034976075781527
RUSC2,0,0.25544521824575006,0,0,0,-0.23042747749840892
VPS8,0,0.25530818281510936,0,0,0,-0.23052766469788005
WASHC4,0,0.2552744605648421,0,0,0,-0.23055231918174857
SMARCA4,0,0.2550061348916731,0,0,0,-0.23074849324866928
UBE4A,1,0.13798541321589786,1.4199317229125823,0,0,-0.23082341477812074
DHX15,0,0.2547355818063376,0,0,0,-0.2309462957863146
EIF2B3,0,0.25466963427764505,0,0,0,-0.23099451031142582
NFX1,0,0.2544036345590958,0,0,0,-0.23118898386280567
CST3,0,0.254210032863806,0,0,0,-0.23133052690443567
BAZ1B,0,0.2541378227631146,0,0,0,-0.23138332002317863
GANC,0,0.25360558879783,0,0,0,-0.23177243859051547
PPP1R1B,0,0.253457919508994,0,0,0,-0.23188040024997253
CHCHD3,1,0.15435030391029902,0.8982302063964233,0,0,-0.2318945820008556
PTPN13,0,0.25325632822037186,0,0,0,-0.23202778451804396
FYB1,0,0.2531880161051858,0,0,0,-0.23207772780262698
RC3H2,0,0.24462054090586458,0.2506528295796983,0,0,-0.23207845398509508
AOAH,0,0.25308095555650967,0,0,0,-0.2321560002354975
CCM2L,0,0.2530058733446129,0,0,0,-0.23221089316723692
MED15,0,0.2529697293178212,0,0,0,-0.2322373182224576
PRKCE,1,0.16907657838626586,0.4525504420120433,0,0,-0.2322642143935128
ARPC2,0,0.2525949097120352,0,0,0,-0.23251135046678315
PHLDB1,0,0.2519784091489811,0,0,0,-0.23296207671032476
DAP3,0,0.25187379478453864,0,0,0,-0.2330385607272607
PPM1B,0,0.251767970120615,0,0,0,-0.23311592959941235
NFATC2IP,0,0.25176136731400056,0,0,0,-0.23312075694005163
NCOR2,0,0.25167200608405793,0,0,0,-0.23318608932400076
DST,0,0.25159648235766496,0,0,0,-0.233241305048909
STXBP5,0,0.25136739548548404,0,0,0,-0.2334087914577312
TOP1,0,0.2513340188880383,0,0,0,-0.23343319323331824
SLK,0,0.25132739939614923,0,0,0,-0.23343803277263436
AC074032.1,0,0.22809773388226684,0.679376284223094,0,0,-0.23344595692619222
NUMB,0,0.25128376190551727,0,0,0,-0.23346993633186663
RASIP1,0,0.25115233593154884,0,0,0,-0.23356602243316252
LYRM4,0,0.251096211541891,0,0,0,-0.23360705521859296
PHACTR2,0,0.2509362209148595,0,0,0,-0.23372402506200485
GAPVD1,0,0.2507008751975029,0,0,0,-0.23389608733976214
GIT1,0,0.2506307402534384,0,0,0,-0.23394736330246785
CNOT1,0,0.250516528426513,0,0,0,-0.23403086406597579
DROSHA,0,0.250409174736494,0,0,0,-0.23410935081575734
RBM39,0,0.25029067349052103,0,0,0,-0.23419598759219074
AGAP1,1,0.1428065801295296,1.1400956186512001,0,0,-0.23429082520944605
GSPT1,0,0.25014203611363034,0,0,0,-0.23430465702503595
NFASC,0,0.2501386940562324,0,0,0,-0.23430710041773814
KLC1,0,0.2500187594128468,0,0,0,-0.23439478515725548
ARL3,0,0.249999620217397,0,0,0,-0.23440877790630793
ZNF532,1,0.15425402182783776,0.7976528846269669,0,0,-0.2344780716821468
EDA,0,0.24980322357519819,0,0,0,-0.23455236434578158
PEX14,0,0.24975676649868025,0,0,0,-0.23458632931652085
KHDRBS1,0,0.24935529522981892,0,0,0,-0.2348798467076605
GSN,0,0.2479442539241151,0.038119125993889016,0,0,-0.23495899319602345
ST5,0,0.24024899508642023,0.26140113915779256,0,0,-0.23500594514300166
MAPKBP1,0,0.2491460895457505,0,0,0,-0.23503279789336676
ENOSF1,1,0.1576843322072677,0.6737599191088621,0,0,-0.23506583574782663
MLC1,0,0.249000346477883,0,0,0,-0.2351393512842943
ANAPC1,0,0.24890937100518573,0,0,0,-0.2352058638481436
NUTM2B-AS1,0,0.24875476273111133,0,0,0,-0.2353188986298943
CPSF7,0,0.248635642904696,0,0,0,-0.23540598765318008
UBL3,1,0.13286558697789436,1.3859493064353843,0,0,-0.2354156511567989
RNF216,0,0.24861404764207842,0,0,0,-0.23542177604362322
WFS1,0,0.248539286555295,0,0,0,-0.2354764341993953
MTF2,0,0.248445462921039,0,0,0,-0.2355450290665502
BOD1L1,0,0.24838625478876222,0,0,0,-0.23558831638962421
COL6A1,0,0.24832926370324931,0,0,0,-0.2356299828201646
PAK2,0,0.24824346944241849,0,0,0,-0.23569270737747908
DENND1B,0,0.2480055890557603,0,0,0,-0.23586662276298906
TTC17,0,0.2478928931286251,0,0,0,-0.23594901524556597
RCOR1,0,0.24773558434363555,0,0,0,-0.23606402438259447
RABL6,0,0.2476007021489844,0,0,0,-0.2361626373418667
CCDC30,0,0.24458276734230355,0.0873425958467304,0,0,-0.23618665757374002
MLLT6,0,0.24755756981697,0,0,0,-0.23619417157743616
PDE3B,0,0.24745662762803466,0,0,0,-0.2362679708508842
UBA6,0,0.24089273846825493,0.19048961575589743,0,0,-0.23630714797461877
AC073941.1,0,0.246954341880958,0,0,0,-0.23663519414560888
SNX14,0,0.2468629901080547,0,0,0,-0.2367019818241758
PRIM2,0,0.24608338391165396,0.022697645877799315,0,0,-0.23670481557127773
ILKAP,0,0.246502034738734,0,0,0,-0.23696587786490952
R3HDM2,1,0.16243507389550804,0.45751765500304825,0,0,-0.23699573285561182
MBD5,1,0.13985330945527516,1.1164335367803437,0,0,-0.23704121207383239
PABPC1,0,0.24635821385752263,0,0,0,-0.2370710259368109
TMEM131L,0,0.24631139546866487,0,0,0,-0.23710525506457356
LINC00894,0,0.24630619814375662,0,0,0,-0.2371090548514233
MORF4L1,0,0.2463037149299181,0,0,0,-0.2371108703398631
SORCS2,0,0.24624065163510483,0,0,0,-0.23715697618903822
TBCA,0,0.24179242947699914,0.1295398504418073,0,0,-0.2371723147173311
APPL2,0,0.246135745995543,0,0,0,-0.237233673158481
KCMF1,0,0.24598968455162573,0,0,0,-0.23734045931552356
WHRN,0,0.245851956938213,0,0,0,-0.2374411525728305
NBDY,0,0.2457315459014613,0,0,0,-0.23752918560561018
EDEM3,0,0.2455707321562467,0,0,0,-0.23764675723430645
CTNNB1,0,0.24193606210601581,0.09855997282914755,0,0,-0.2378413898217742
NAA25,0,0.2451768502033314,0,0,0,-0.237934726043543
SLC38A9,0,0.24514746863894443,0,0,0,-0.2379562070330816
PNPLA7,0,0.231696436902911,0.38444210687899294,0,0,-0.23818436736047433
TET2,0,0.2434750760954198,0.03858154308506496,0,0,-0.23821487426171092
SMIM3,0,0.24475017315029213,0,0,0,-0.238246671493145
ZNF586,0,0.2445360596090474,0.0021304566946866044,0,0,-0.23834997770852512
FAM19A5,0,0.24445611621755753,0,0,0,-0.23846165779586992
SLC25A12,0,0.24427929949911,0,0,0,-0.23859092926791273
HNRNPA3,0,0.24416523998707657,0,0,0,-0.23867431867334057
AKT2,0,0.244082295725112,0,0,0,-0.23873495958408592
WWP1,0,0.24407560377414658,0,0,0,-0.23873985209854798
C1GALT1,1,0.1439648735662019,0.927420172579308,0,0,-0.23875805377633524
ICE2,1,0.13041702869112531,1.3154008921473983,0,0,-0.23896857628446727
AUH,0,0.2437059413744721,0,0,0,-0.2390101138870506
CPM,0,0.23495004473580552,0.2492035954056445,0,0,-0.23918480741280018
SYNRG,0,0.2434167852323483,0,0,0,-0.2392215172004406
EIF3H,0,0.24334967804161045,0,0,0,-0.2392705795595179
RICTOR,1,0.1512736659389005,0.6861796975688623,0,0,-0.2394423722106485
TRAK1,0,0.24292779478438992,0,0,0,-0.2395790202441429
PJA2,0,0.2427330322075111,0.005356005077802528,0,0,-0.2395875830092498
FBXO11,0,0.24283881684942016,0,0,0,-0.23964407239946994
CSPG4,0,0.24271258017511155,0,0,0,-0.23973636458121012
STK10,0,0.2426897552090132,0,0,0,-0.2397530520132175
UQCC1,0,0.23486458499142893,0.21983001289964604,0,0,-0.23998123690108697
SMARCD2,0,0.242204525147389,0,0,0,-0.2401078058221125
FOXK1,0,0.24217322987697906,0,0,0,-0.24013068593044948
ZNF124,0,0.24211592738202725,0,0,0,-0.2401725800337853
SPTAN1,0,0.22830192525316612,0.40021375318336966,0,0,-0.2402720278756621
STRN3,0,0.2419422782088816,0,0,0,-0.2402995356996785
CDC42EP4,0,0.24193634948223625,0,0,0,-0.24030387021751998
PREPL,0,0.241926734370989,0,0,0,-0.24031089986718038
PHKB,0,0.2417089175611008,0,0,0,-0.2404701466844335
CSDE1,0,0.24163457281489395,0,0,0,-0.24052450045179888
MALT1,0,0.2415795829581768,0,0,0,-0.24056470377526096
STARD9,0,0.2414917866195508,0,0,0,-0.24062889206036092
FAM107A,0,0.24146840313742957,0,0,0,-0.24064598782586227
PTAR1,0,0.2280499884107885,0.38297183144663705,0,0,-0.24088703907714681
WIF1,0,0.240937767595366,0,0,0,-0.24103393777902882
KRCC1,0,0.22922415695234424,0.33937432321699595,0,0,-0.2411179581030426
TBC1D12,1,0.15202875131493376,0.5862900369604094,0,0,-0.24138624104216883
ECHDC2,0,0.2404107284732206,0,0,0,-0.2414192583739481
SMURF1,0,0.24036947027209868,0,0,0,-0.24144942242426923
SPI1,0,0.2402997800096197,0,0,0,-0.24150037327833326
NSD1,0,0.24011943778720068,0,0,0,-0.24163222226166622
MTR,0,0.240030644170096,0,0,0,-0.2416971396614003
MAP3K7,0,0.23992558065213623,0,0,0,-0.24177395205642666
ATAD2B,0,0.23986666479450997,0,0,0,-0.2418170256962322
INO80,0,0.23972675712808206,0,0,0,-0.24191931279978218
SESN1,0,0.23969655107442878,0,0,0,-0.24194139657701008
SRBD1,0,0.2395634428649396,0,0,0,-0.2420387125680132
RAB11FIP2,0,0.2259663055419307,0.39732165939707464,0,0,-0.2420518735461496
AHCYL2,0,0.23950456169031778,0,0,0,-0.24208176085092337
ATP2A2,0,0.2393979885217606,0,0,0,-0.24215967695806873
ZNF717,0,0.238950428457503,0,0,0,-0.24248689006801746
MICAL3,0,0.23416238882418094,0.1384106914215194,0,0,-0.24252901740617427
THOC2,0,0.23888057671216595,0,0,0,-0.24253795898290154
CLIP4,0,0.23882719616633108,0,0,0,-0.2425769857321768
TASP1,0,0.238806622163035,0,0,0,-0.2425920274754873
SNX13,0,0.2386380583645658,0,0,0,-0.24271526520183218
GPRC5B,1,0.10058173147337834,2.0382444358228446,0,0,-0.24271980224777323
NEK6,0,0.23862570995781143,0,0,0,-0.2427242931757282
STAG2,0,0.23856202002188198,0,0,0,-0.24277085716494934
TRAPPC12,0,0.23802069270862486,0.010324209007005364,0,0,-0.2429086557932671
CDH10,0,0.238350905326939,0,0,0,-0.24292520403681056
PDPR,0,0.238248034218407,0,0,0,-0.24300041355176688
AL645568.1,0,0.238190024341631,0,0,0,-0.24304282482503162
CTTNBP2NL,0,0.23797921632294228,0,0,0,-0.24319694748454926
INO80D,0,0.2379588512404491,0,0,0,-0.24321183648495195
LMBRD1,0,0.22692314075595404,0.308947266113044,0,0,-0.24356051342685914
DIXDC1,0,0.23728038489486758,0,0,0,-0.24370786618166213
AKAP9,0,0.23696719016140969,0,0,0,-0.24393684421374887
AKAP10,0,0.23693898265088653,0,0,0,-0.2439574668474003
AL683813.1,0,0.236927897524579,0,0,0,-0.24396557123146612
PBX3,0,0.23347948953606054,0.0922452715941543,0,0,-0.24418181049040877
RABGAP1,0,0.2346714904876932,0.05648140830868489,0,0,-0.24420395506667442
LINC00623,0,0.2364754834960569,0,0,0,-0.24429633309580426
RNF213,0,0.2364002806437255,0,0,0,-0.2443513142282902
YWHAZ,0,0.23630039053419788,0,0,0,-0.24442434432190652
NASP,0,0.2362843628526469,0,0,0,-0.24443606222961187
CAMK2G,0,0.203298839545294,0.963994496807463,0,0,-0.2444648607166529
ATG7,0,0.2359966829236884,0,0,0,-0.24464638627713495
TSPAN15,0,0.23592994069560283,0,0,0,-0.24469518181042946
PIK3R5,0,0.2359294139064474,0,0,0,-0.24469556694827263
DOK6,0,0.23592045895688263,0,0,0,-0.24470211395085514
FAM85B,0,0.23341373006014562,0.07234868744758245,0,0,-0.24472703791713535
ZNF710,0,0.23584076441591773,0,0,0,-0.24476037897644073
TMEM168,0,0.235768673556196,0,0,0,-0.24481308491759202
GRIP1,0,0.23559154023481,0,0,0,-0.2449425878594204
MMP16,0,0.2355642665459261,0,0,0,-0.24496252777200908
FLOT2,0,0.23550658336493743,0,0,0,-0.2450047001965625
OGDH,0,0.23529923346895776,0,0,0,-0.24515629460752408
NEMF,0,0.2350604807293382,0,0,0,-0.24533084777407904
PPP2CB,0,0.2350595520206504,0,0,0,-0.24533152675704073
FBXO28,0,0.23492728496435195,0,0,0,-0.24542822777728698
LRRC32,0,0.23454882411014255,0,0,0,-0.24570492215417497
SNX1,0,0.23451071266404033,0,0,0,-0.24573278559821224
SMAP1,0,0.23411250472147616,0,0,0,-0.24602391715729993
XPO6,0,0.2340491869691495,0,0,0,-0.24607020904147003
RBBP6,0,0.2338441891476002,0,0,0,-0.24622008384058358
KMT2A,0,0.23375163266806864,0,0,0,-0.2462877522854071
RPRD1A,0,0.23339641103504852,0,0,0,-0.24654745636658867
PIP5K1B,0,0.23338934128677932,0,0,0,-0.246552625090303
RXRA,0,0.233333829400808,0,0,0,-0.24659321007162374
PHC3,0,0.23330680355195899,0,0,0,-0.24661296878728475
RIMS2,0,0.2329994846229204,0,0,0,-0.24683765099319968
GNG12,0,0.23292802894394468,0,0,0,-0.2468898925509444
CLASRP,0,0.23288392294875648,0,0,0,-0.24692213863589582
SLTM,0,0.2326674680805032,0,0,0,-0.24708038973169497
MFHAS1,0,0.23252583455679388,0,0,0,-0.24718393861701118
DGKZ,0,0.23244945105882,0,0,0,-0.24723978292466237
BRWD1,0,0.23231613125440187,0,0,0,-0.24733725361363856
PIP4P2,0,0.23228032363249,0,0,0,-0.2473634327217882
NUP58,0,0.232219525225846,0,0,0,-0.24740788270137007
SMG6,0,0.2321791335445267,0,0,0,-0.24743741323529395
NUDCD3,0,0.2177387441053492,0.4205696988523431,0,0,-0.2474861872388376
ALMS1,0,0.2320967600972546,0,0,0,-0.2474976368209345
SERINC1,0,0.23208805152053943,0,0,0,-0.2475040036992549
ATG2B,0,0.23195964832346735,0,0,0,-0.24759787983521223
CASP4,0,0.23186467396159613,0,0,0,-0.2476673160043325
C3orf70,0,0.231862821001977,0,0,0,-0.2476686707111708
SHPRH,0,0.23182505981682022,0,0,0,-0.24769627807790712
GIGYF1,0,0.23120934943030758,0,0,0,-0.24814642661994188
AMOTL1,0,0.23108761398911493,0,0,0,-0.24823542793056977
DCAKD,0,0.231073727612071,0,0,0,-0.2482455803212349
KATNBL1,0,0.23099352569262155,0,0,0,-0.24830421629343777
RHOBTB3,0,0.23089991840696109,0,0,0,-0.24837265298719333
TBL1X,0,0.2307277877317369,0,0,0,-0.24849849847265035
TLE1,0,0.23069384907786047,0,0,0,-0.24852331117013893
NAA35,0,0.23041688184201464,0,0,0,-0.24872580312112508
RBM26,0,0.230384822158359,0,0,0,-0.24874924209531135
KIRREL1,0,0.23034544533055912,0,0,0,-0.2487780306654124
NSMAF,0,0.23023614254877067,0,0,0,-0.2488579424046655
UBE4B,0,0.2302298261301732,0,0,0,-0.2488625603657797
INVS,0,0.23012821582514795,0,0,0,-0.2489368481018075
USP15,1,0.13779927183617277,0.6993936288574916,0,0,-0.24896338754691194
POM121C,0,0.23003197310568224,0,0,0,-0.2490072115726827
JPX,1,0.13630750778188894,0.7396682351228451,0,0,-0.24904769240474306
RAB10,0,0.2299473929383564,0,0,0,-0.24906904850095418
MEF2A,0,0.229703393701995,0,0,0,-0.24924743740410032
CNDP1,0,0.22926711040678205,0,0,0,-0.24956640601914445
HBP1,0,0.22924205103062903,0,0,0,-0.24958472703806292
KANSL1L,0,0.229193908175163,0,0,0,-0.24961992448912454
NDUFAF2,0,0.22496631530782665,0.12292308491378517,0,0,-0.2496392912543007
ATR,0,0.22895367577875853,0,0,0,-0.2497955594391917
CASC4,0,0.22886881003740325,0,0,0,-0.2498576051518784
MAVS,0,0.2284741486346935,0,0,0,-0.25014614382025047
GNG7,0,0.22843898294517773,0,0,0,-0.25017185360883276
SEMA3A,0,0.228269531061736,0,0,0,-0.2502957406179644
ZXDC,1,0.12555763105790205,1.0042404608522606,0,0,-0.25029618177403684
NDUFS4,0,0.22685312589411258,0.03994486971523695,0,0,-0.2503331893009632
FOXG1,0,0.22772116482006,0,0,0,-0.25069665356274945
TMCC1,0,0.22326652353928755,0.1295720460245803,0,0,-0.25071588067751893
UBE2G1,0,0.2275575213605441,0,0,0,-0.2508162940078812
ARID4B,0,0.22751595521177992,0,0,0,-0.2508466832000632
PACS2,0,0.22744631687858574,0,0,0,-0.25089759608840123
SLC39A11,0,0.22099722945274253,0.18847991483619492,0,0,-0.25090305700030024
SFSWAP,0,0.22730605745860785,0,0,0,-0.2510001403605018
TTC21B,0,0.20941125283722117,0.518822409275105,0,0,-0.25111943931324165
SASH1,0,0.22703490531640286,0,0,0,-0.2511983808712304
SREK1,0,0.2270325181072575,0,0,0,-0.25120012617022136
ZKSCAN1,0,0.22700475849069662,0,0,0,-0.25122042134664857
MTDH,0,0.22693575621034168,0,0,0,-0.2512708692139889
ITCH,0,0.22692434591519509,0,0,0,-0.2512792113304075
LINC01684,0,0.2268805795569268,0,0,0,-0.2513112091053293
UBAP1,0,0.22672737825371483,0,0,0,-0.25142321524456185
NEK9,0,0.226721714633391,0,0,0,-0.2514273559420184
STAG1,0,0.2266914607131878,0,0,0,-0.2514494747146892
OGT,0,0.22663494606556098,0,0,0,-0.25149079281941844
CYP20A1,0,0.2265921585460035,0,0,0,-0.25152207496110063
PIK3CB,0,0.22241401732779592,0.11850443979732705,0,0,-0.2516156948611759
MAP2K6,0,0.2263935746997689,0,0,0,-0.25166726047495963
TMEM87A,0,0.21012569017231034,0.46911306075681525,0,0,-0.2518391846693943
TAF3,0,0.22612435094878727,0,0,0,-0.251864091130476
KPNA3,0,0.226071141207919,0,0,0,-0.2519029930034971
ZNF44,0,0.226024923501158,0,0,0,-0.25193678296996574
USP12,0,0.22594335634003782,0,0,0,-0.2519964170762931
FGF2,0,0.225678748669709,0,0,0,-0.25218987289516337
PCNX4,0,0.2254553341139029,0,0,0,-0.25235321224880836
PRDM2,0,0.22527576210607886,0,0,0,-0.2524844981249003
DAP,0,0.2252217837722107,0,0,0,-0.2525239619196072
RSF1,0,0.22502915945665614,0,0,0,-0.25266479039466094
SLC35E3,1,0.11115689913624996,1.3247667980731244,0,0,-0.25281571751321036
C20orf194,0,0.2247394675356003,0,0,0,-0.2528765854183589
ALDH1L1,0,0.224720440373168,0,0,0,-0.2528904962595849
PRDX6,0,0.224702411298741,0,0,0,-0.2529036773943283
PRRC2C,0,0.22459099691662895,0,0,0,-0.2529851329337638
TUT7,0,0.2244598453280714,0,0,0,-0.2530810184306922
CTSC,0,0.22442158553123767,0,0,0,-0.2531089903345946
ULK4,0,0.2244036158273102,0,0,0,-0.25312212806330753
SLC2A5,0,0.22439912425000352,0,0,0,-0.25312541187501564
CDS2,0,0.22439642375707394,0,0,0,-0.25312738621714415
PSMA1,0,0.22439079645507531,0,0,0,-0.2531315003621151
CHM,0,0.22437984772260833,0,0,0,-0.25313950502805077
MLEC,0,0.2241471399706463,0,0,0,-0.25330963867783246
VPS13C,0,0.2239906509076317,0,0,0,-0.2534240485125591
FOCAD,0,0.22393520413628554,0,0,0,-0.2534645858882942
CARD8,0,0.22390572426551336,0,0,0,-0.25348613875005865
SOAT1,0,0.2238732454986745,0,0,0,-0.25350988411778325
USP25,0,0.2236347813055148,0,0,0,-0.2536842263267661
NNT,0,0.22362853012376846,0,0,0,-0.2536887965929347
ZHX2,0,0.22130722006856218,0.06746922812170994,0,0,-0.2537000817241388
NDST1,0,0.22353749671607562,0,0,0,-0.2537553515133113
ZEB1-AS1,0,0.2234295351666561,0,0,0,-0.25383428267174485
ERC1,0,0.22325228115135828,0,0,0,-0.2539638738534172
WAPL,0,0.22313057365249897,0,0,0,-0.2540528547352836
TMOD1,0,0.22297481336438463,0,0,0,-0.25416673175951043
STAT6,0,0.22266941057501333,0,0,0,-0.254390013067379
RBMX,0,0.20984179786852986,0.3752224042638687,0,0,-0.25439275916300674
STIM1,0,0.22263311122162538,0,0,0,-0.25441655168254995
SLC1A4,0,0.222593188150315,0,0,0,-0.2544457396136578
NDUFV2,0,0.22255161792616257,0,0,0,-0.25447613178537387
TIAM2,0,0.22251994696280397,0,0,0,-0.25449928656445997
THRAP3,0,0.22242528340678594,0,0,0,-0.25456849550206895
MDM2,0,0.22223056905692334,0,0,0,-0.2547108520102973
PPARD,0,0.22223052787304015,0,0,0,-0.25471088212001347
METTL16,0,0.2219693342507087,0,0,0,-0.25490184191354115
ARL8B,0,0.22182795264975383,0,0,0,-0.25500520661703563
MXD4,0,0.22169552663620118,0,0,0,-0.2551020238516219
RHBDD1,1,0.14177954286416658,0.33683787198651716,0,0,-0.2551124734614037
EFNA5,0,0.22155811728646524,0,0,0,-0.25520248442497023
ADAM12,0,0.2214894000454466,0,0,0,-0.2552527238988118
JAM2,0,0.22148668472075128,0,0,0,-0.25525470908450876
PHF20,0,0.22127648544282233,0,0,0,-0.2554083866910088
GNB1,0,0.2212758915835925,0,0,0,-0.25540882086407507
TESC,0,0.2211896744312868,0,0,0,-0.25547185459918653
RYK,0,0.22113809955939548,0,0,0,-0.2555095612123866
ABL1,0,0.22090964372335167,0,0,0,-0.2556765862679439
USP47,0,0.21806508707631558,0.07938315824732665,0,0,-0.2557727292160446
IDE,0,0.22076828818816,0,0,0,-0.25577993191464554
CAB39,0,0.22064489488108235,0,0,0,-0.25587014529823393
KIF5C,0,0.22059687480788231,0,0,0,-0.25590525298264677
VTI1A,0,0.2014432419293546,0.5599411582186986,0,0,-0.2559174640614133
RSRP1,0,0.22014912226207328,0,0,0,-0.25623260681669513
TMEM131,0,0.22003042362269623,0,0,0,-0.25631938790830494
PARP8,0,0.21996358054203968,0,0,0,-0.25636825717535283
CSNK1G3,0,0.21979366784652998,0,0,0,-0.25649248108619205
PAFAH1B1,0,0.2197398839806671,0,0,0,-0.25653180270449427
EML1,0,0.2081735461623568,0.33786901763735105,0,0,-0.2565457638755467
MON2,0,0.21937998897216698,0,0,0,-0.2567949235108193
ANP32A,0,0.21930052343303724,0,0,0,-0.256853021112167
AF117829.1,0,0.2192612239035369,0,0,0,-0.256881753169145
CAPZB,0,0.21925095914938542,0,0,0,-0.25688925777555877
DOK5,0,0.219017856930498,0,0,0,-0.25705967982182565
TBC1D9,0,0.21900911484079183,0,0,0,-0.2570660712016395
CDKAL1,0,0.2189451172424583,0,0,0,-0.25711286012418266
RPRD2,0,0.2145357781214563,0.12645625856956388,0,0,-0.25717681994327923
FAF2,0,0.218745357827105,0,0,0,-0.2572589051017383
AFAP1L1,0,0.21873057818004327,0,0,0,-0.25726971056599934
DENND6A,0,0.2186897780301409,0,0,0,-0.2572995397330813
ZNF438,0,0.21862520722650752,0,0,0,-0.25734674772851274
IBTK,0,0.21859952668093408,0,0,0,-0.25736552288709663
PPP2R5A,0,0.218555390563798,0,0,0,-0.2573977909943352
SPRED1,0,0.21840291959504843,0,0,0,-0.25750926318286527
ITGA5,0,0.21829539640461337,0,0,0,-0.25758787385513826
CHN1,0,0.21828577742957073,0,0,0,-0.25759490632963633
DDX46,0,0.20655999257552388,0.3429807311354569,0,0,-0.25759771496547007
FBXO21,0,0.218269198707722,0,0,0,-0.2576070271053005
TMOD3,0,0.2182313520751138,0,0,0,-0.25763469694304025
GRIN2C,0,0.218194771877504,0,0,0,-0.2576614408846435
TMEM135,0,0.2179330380541371,0,0,0,-0.2578527956214981
ZNF277,0,0.21776748864705223,0,0,0,-0.2579738295131887
CREBBP,0,0.21627233039188673,0.04028025338501203,0,0,-0.25806047478304905
C11orf49,0,0.21759224914233102,0,0,0,-0.25810194787741503
SENP5,0,0.217571338518941,0,0,0,-0.2581172357251406
SERGEF,0,0.2175145813924225,0,0,0,-0.2581587311072424
MTM1,0,0.21749133881082858,0,0,0,-0.2581757238597553
DYNC1H1,0,0.21730742167307696,0,0,0,-0.2583101864792394
SRGAP3,0,0.20386311303503676,0.39075575124692513,0,0,-0.2583756742530168
PPM1E,0,0.21683696499839922,0,0,0,-0.2586541394006709
WDR33,0,0.21682448977222013,0,0,0,-0.2586632600928
NCOR1,0,0.2168189446923716,0,0,0,-0.2586673141247994
PAK1,0,0.2165929073045361,0,0,0,-0.25883257104235086
KDM5B,0,0.216341089096932,0,0,0,-0.2590166764293865
YAF2,0,0.21631111079180249,0,0,0,-0.25903859369867793
MARK2,0,0.21623067981629868,0,0,0,-0.25909739713475854
LINC00511,0,0.216204386621228,0,0,0,-0.259116620204055
HPN-AS1,0,0.21617517881312043,0,0,0,-0.2591379741596219
SCAMP1,0,0.2161201103191252,0,0,0,-0.2591782349751401
CSGALNACT2,0,0.216058641203829,0,0,0,-0.2592231753127353
PPP2R5E,0,0.20628319926028388,0.28443587037636686,0,0,-0.2592629238373272
RSU1,0,0.21592730812782424,0,0,0,-0.2593191934959258
SHOC2,0,0.21585707839451543,0,0,0,-0.25937053875946037
GALNT11,0,0.21581743584969737,0,0,0,-0.2593995215964293
ADAR,0,0.2158114463266102,0,0,0,-0.2594039005628139
NDFIP1,0,0.21575991067762243,0,0,0,-0.25944157849997856
USP9X,0,0.21572158611739534,0,0,0,-0.25946959775267964
MYCBP2,0,0.21248655179395004,0.09217268422908462,0,0,-0.2595316523170778
CDC73,0,0.21542380276784337,0,0,0,-0.25968730845495036
HKR1,0,0.215255219438336,0,0,0,-0.2598105604605222
NDUFS1,0,0.21518915257682023,0,0,0,-0.2598588622303796
NOL4,0,0.215149502246988,0,0,0,-0.2598878507590062
FGR,0,0.21491832707626152,0,0,0,-0.26005686393197963
RBM6,0,0.20183856480994958,0.37778546736686097,0,0,-0.26017991512620864
DDX6,0,0.2144994503763516,0,0,0,-0.2603631065094758
GPER1,0,0.21440157848165217,0,0,0,-0.2604346610774516
TNPO1,0,0.21430941681477583,0,0,0,-0.26050204087302536
LARP4B,0,0.21410902310282087,0,0,0,-0.26064854958758576
SPPL3,0,0.2141038641609128,0,0,0,-0.26065232131245714
RASSF3,0,0.214002697701708,0,0,0,-0.26072628455087477
AGAP3,0,0.21396603447188345,0,0,0,-0.2607530891976914
THRA,0,0.21395251297776743,0,0,0,-0.26076297482086064
CSNK1E,0,0.21393405102059887,0,0,0,-0.26077647243805957
ZBTB7A,0,0.21373979991488193,0,0,0,-0.26091849026647784
YY1,0,0.2137200861871838,0,0,0,-0.2609329030585564
XRCC4,0,0.213629944048243,0,0,0,-0.26099880636847117
POLA1,0,0.21354738680054022,0,0,0,-0.26105916433140613
SPG11,0,0.2134992838895663,0,0,0,-0.2610943325788758
NUFIP2,0,0.21339479717478038,0,0,0,-0.26117072327059254
MAP3K3,0,0.2132433203095194,0,0,0,-0.26128146866573754
ATF2,0,0.21317397762883783,0,0,0,-0.2613321654012375
PLS3,0,0.213167453525807,0,0,0,-0.2613369352013444
ASTN1,0,0.213032313870667,0,0,0,-0.2614357363911
IST1,0,0.21282458282153788,0,0,0,-0.26158760946478726
EPB41L1,0,0.21281173506252718,0,0,0,-0.2615970025172901
GALNT10,0,0.2126814735932706,0,0,0,-0.2616922372441254
TMEM184B,0,0.21263114530213023,0,0,0,-0.2617290324767156
CENPP,0,0.21252429139927276,0,0,0,-0.26180715382992914
FLOT1,0,0.21244097512160473,0,0,0,-0.26186806672297364
EP400,0,0.21217284673114872,0,0,0,-0.26206409655564467
PRKRIP1,0,0.21214137168428848,0,0,0,-0.26208710809932656
TBCD,0,0.21202255997941688,0,0,0,-0.2621739718536113
PRKCB,0,0.2120182103127413,0,0,0,-0.2621771519138397
ROCK1,0,0.2119109206003133,0,0,0,-0.2622555918893261
CASTOR3,1,0.10873044929680728,1.014597215358715,0,0,-0.2623398262303824
TTC37,0,0.21164234454699932,0,0,0,-0.26245194901026003
KDM4C,0,0.21159490098089065,0,0,0,-0.26248663520783044
CREBRF,0,0.21151785530929054,0,0,0,-0.2625429636335004
SMC5,0,0.21128441332027575,0,0,0,-0.2627136340871854
BDP1,0,0.21114213557454226,0,0,0,-0.26281765396602597
DYNC1I2,0,0.21112463841388152,0,0,0,-0.26283044621630103
CBFA2T2,0,0.2107779996996954,0,0,0,-0.2630838752881857
ADAM28,0,0.2107112854002966,0,0,0,-0.26313265040269584
PPA2,0,0.21051932335186485,0,0,0,-0.2632729946913751
GSK3B,0,0.210430557282993,0,0,0,-0.2633378919504763
SH3GLB1,0,0.21034753068459583,0,0,0,-0.2633985930577457
FAM169A,0,0.19690296379082436,0.389092284557246,0,0,-0.2635058342207183
MAPK14,0,0.2101718945843164,0,0,0,-0.26352700137470997
ADCY8,0,0.210056655584384,0,0,0,-0.2636112531088717
UBA3,0,0.20984773827943895,0.004362251903256291,0,0,-0.2636549950901041
XIAP,0,0.2099280251797611,0,0,0,-0.26370529535725784
LRRC8A,0,0.209899254588711,0,0,0,-0.263726329661532
DDX10,0,0.20987255155190013,0,0,0,-0.26374585236790765
PKIA,0,0.209508103935755,0,0,0,-0.26401230160548667
POU2F2,0,0.2093896111959601,0,0,0,-0.2640989321630163
AP1B1,0,0.2091933100694741,0,0,0,-0.2642424487705368
MED13,0,0.2091326265015494,0,0,0,-0.26428681479103144
LCNL1,0,0.209129374360459,0,0,0,-0.26428919244553006
ASCC1,0,0.209033906281972,0,0,0,-0.26435898957301596
CTNNBL1,0,0.20856119443814075,0,0,0,-0.2647045912584259
HNRNPC,0,0.2085510879145701,0,0,0,-0.26471198018177367
AGPAT5,0,0.208455442443742,0,0,0,-0.2647819070015718
PRKAR2A,0,0.2083616954890248,0,0,0,-0.26485044580798234
CUL1,0,0.20831031977374534,0,0,0,-0.2648880068169171
ZNF483,0,0.20829134835281393,0,0,0,-0.26490187690528927
OPHN1,0,0.20814947510407988,0,0,0,-0.2650056010546139
MAX,0,0.2080840178071396,0,0,0,-0.2650534571691584
SGTA,0,0.20765800635749376,0,0,0,-0.265364915993224
CSF3R,0,0.2076541006063008,0,0,0,-0.2653677715049119
VPS36,0,0.207532736600563,0,0,0,-0.26545650125746295
CDH11,0,0.20749235994608148,0,0,0,-0.2654860208052004
HEY2,0,0.20746195739290324,0,0,0,-0.2655082482440858
SLC25A16,0,0.20743680371506654,0,0,0,-0.26552663820737543
GPBP1,0,0.20730835670688075,0,0,0,-0.2656205463738286
ABHD18,0,0.20706962275536808,0,0,0,-0.2657950858043168
OXR1,0,0.20698316639516345,0,0,0,-0.2658582944253638
LONP2,0,0.2069727962484012,0,0,0,-0.26586587608477374
IRF3,0,0.20691226204014487,0,0,0,-0.26591013290776505
NOL10,0,0.2069033950750196,0,0,0,-0.2659166155845411
MAMLD1,0,0.206667257048424,0,0,0,-0.2660892571230297
RAF1,0,0.2066267941431922,0,0,0,-0.2661188397290659
CCND2,0,0.20644658273384991,0,0,0,-0.26625059307438936
PUM3,0,0.20641844122238595,0,0,0,-0.26627116745584156
PI4KA,0,0.20620920706774462,0,0,0,-0.26642413945650756
IL17RA,0,0.20614906775637468,0,0,0,-0.26646810756866735
GABRA2,0,0.205931831549472,0,0,0,-0.26662692990455206
ALDH7A1,0,0.205704959516564,0,0,0,-0.26679279703474684
ASXL2,0,0.1990144309490645,0.19284263407339913,0,0,-0.2668657665692398
SMAD3,0,0.20558396279929342,0,0,0,-0.26688125826110176
DGCR2,0,0.18540067382114667,0.5904400287231509,0,0,-0.26688418863934205
GAK,0,0.2055509727080497,0,0,0,-0.26690537746032306
DCAF6,0,0.20537485267789388,0,0,0,-0.2670341395805251
ATAD1,0,0.205329148724714,0,0,0,-0.26706755393951565
TAB2,0,0.2050849926723447,0,0,0,-0.2672460574915273
PARP6,0,0.204822117357201,0,0,0,-0.26743824677798567
SMIM14,0,0.20471647018165642,0,0,0,-0.2675154858876113
CSNK1A1,0,0.1995163591548779,0.1512081250151989,0,0,-0.2675391145172463
IVNS1ABP,0,0.20444313038214917,0,0,0,-0.2677153258041103
PRPSAP1,0,0.20440450958396078,0,0,0,-0.26774356163767354
NR1D2,0,0.19579889827433394,0.25099568050948795,0,0,-0.2677636025759149
EEFSEC,0,0.20437606905344397,0,0,0,-0.267764354633256
AP2B1,0,0.20431155912013224,0,0,0,-0.26781151812613047
WDR48,0,0.204305989694257,0,0,0,-0.2678155899576159
ADNP2,0,0.204076913889259,0,0,0,-0.2679830682751726
TNKS2,0,0.20367288232876127,0.007753722303228517,0,0,-0.268084717414311
TCN2,0,0.20369771099385975,0,0,0,-0.2682603051616025
VPS35L,0,0.19540898731616682,0.2300303231114796,0,0,-0.26857252369999257
XRCC5,0,0.2031583936994771,0,0,0,-0.2686546023816567
TBC1D22A,0,0.20315419223737433,0,0,0,-0.26865767408887725
LURAP1L-AS1,0,0.20314871828355252,0,0,0,-0.2686616761203291
IKBKB,0,0.2031377404180201,0,0,0,-0.2686697020855756
CCDC93,0,0.2031206697762641,0,0,0,-0.2686821825060239
MAP3K2,0,0.2030586161305702,0,0,0,-0.26872755019633565
CAB39L,0,0.202935727782528,0,0,0,-0.26881739440217667
RARB,0,0.202876235420396,0,0,0,-0.2688608895269342
GPBP1L1,0,0.20263551185833034,0,0,0,-0.26903688357035294
EXOC5,0,0.20259368450897866,0,0,0,-0.26906746372742074
ATP6V0A1,0,0.20258255416037488,0,0,0,-0.2690756011737041
LINC00882,0,0.19243690894316132,0.28904211447513123,0,0,-0.26927091198808245
ARHGAP39,0,0.202293443728502,0,0,0,-0.2692869710681308
NEK3,0,0.20210945557966223,0,0,0,-0.2694214856041305
COG5,0,0.2020829755046793,0,0,0,-0.26944084530214374
NWD1,0,0.20189253142565,0,0,0,-0.26958007979678944
OSBPL6,0,0.201878287517356,0,0,0,-0.26959049358010684
HNRNPH3,0,0.2018617745715823,0,0,0,-0.2696025662665964
CUX1,0,0.20175209393239338,0,0,0,-0.26968275425903876
AGO2,0,0.2016125328004032,0,0,0,-0.2697847880097538
PCAT19,0,0.2013743302968214,0,0,0,-0.26995893889634787
ZNF91,0,0.20112323798915643,0,0,0,-0.27014251357478025
KLF3,0,0.19119958343854898,0.287755570163063,0,0,-0.27020767257029304
KIF16B,0,0.18879595735308116,0.35412593409416987,0,0,-0.2703065963217562
REV1,0,0.2008747425318531,0,0,0,-0.2703241896846164
ATG10,0,0.20045059395670115,0,0,0,-0.2706342865530357
TAMM41,0,0.200437550748446,0,0,0,-0.2706438224993314
RIMS1,0,0.200327670074838,0,0,0,-0.2707241567378077
ERP44,0,0.20025659393903897,0,0,0,-0.2707761208098849
TTC14,0,0.20009629860650888,0,0,0,-0.27089331342481227
LRRFIP2,0,0.20007937615499738,0,0,0,-0.2709056855027282
KLHL2,0,0.20006945834331435,0,0,0,-0.27091293645799397
HNRNPA2B1,0,0.1999393605192913,0,0,0,-0.2710080515430871
MAP2K4,0,0.1998562282081148,0,0,0,-0.2710688299374293
RETREG1,0,0.19980502301583547,0,0,0,-0.2711062662762569
YES1,0,0.19971906749973156,0,0,0,-0.27116910872800304
NAV1,0,0.19422355652029788,0.15864303435941385,0,0,-0.27122293154602717
NFATC3,0,0.19948973058754946,0,0,0,-0.2713367779421578
CUL5,0,0.19928381581749535,0,0,0,-0.2714873231263122
MCU,0,0.1991171122966094,0,0,0,-0.27160920079562345
BTBD10,0,0.198929103407749,0,0,0,-0.2717466549121431
ATF6,0,0.19892618710763424,0,0,0,-0.27174878703184346
TUBB6,0,0.19890944630757665,0,0,0,-0.2717610263035911
ARHGAP18,0,0.19886101447826143,0,0,0,-0.27179643502469103
RANBP9,0,0.19851519017573382,0,0,0,-0.27204926867666934
TMED8,0,0.198439172195375,0,0,0,-0.27210484575280214
PUM1,0,0.18823317331802145,0.2951532864401455,0,0,-0.27219158324458204
EIF4G3,0,0.15489689053817335,1.2668931098148686,0,0,-0.27228329319738775
TOB2,0,0.19804525740468715,0,0,0,-0.27239283856987706
PDCD4,0,0.19785941472065294,0,0,0,-0.2725287089646249
CPLANE1,0,0.19781452395580396,0,0,0,-0.2725615287980892
CEP70,0,0.197776687097391,0,0,0,-0.2725891914898724
NCOA3,0,0.19769557611813948,0,0,0,-0.27264849207965103
RAB11B,0,0.19762318536306392,0,0,0,-0.27270141727560016
ARHGEF28,0,0.19761819286222615,0,0,0,-0.2727050673146809
DPYSL3,0,0.197595447013373,0,0,0,-0.27272169690372616
PTPN14,0,0.19743002439620272,0,0,0,-0.2728426380987587
CCDC84,0,0.1971817541942264,0,0,0,-0.2730241495234454
MICU2,0,0.19714654338829382,0,0,0,-0.2730498922968363
MAPK1,0,0.19705241587525224,0,0,0,-0.2731187093310933
UST,0,0.1969817038699304,0,0,0,-0.27317040718579455
SLC24A4,0,0.196834062747361,0,0,0,-0.27327834825277153
PPP6R2,0,0.19672910894249077,0,0,0,-0.2733550804360808
ASAH1,0,0.19668264208387823,0,0,0,-0.273389052558552
PATJ,0,0.19658544675754602,0,0,0,-0.27346011248445135
SPEN,0,0.19656061590549387,0,0,0,-0.2734782664284055
EXOC4,0,0.19292538849427177,0.10516407651456698,0,0,-0.27350829161169776
RHOT1,0,0.19648548703672403,0,0,0,-0.27353319347118776
ARHGEF17,0,0.1962404764494655,0,0,0,-0.27371232177737437
FOXJ3,0,0.19599111136834546,0,0,0,-0.27389463367296596
PALM,0,0.1959823044134989,0,0,0,-0.2739010724759662
FRMD6,0,0.1959388094343999,0,0,0,-0.27393287184439674
TNFAIP1,0,0.1958752988009985,0,0,0,-0.2739793047447597
RASA1,0,0.19579130445619986,0,0,0,-0.27404071337563307
KCTD1,0,0.19579053694009402,0,0,0,-0.2740412745099969
DHTKD1,0,0.195753452474836,0,0,0,-0.2740683871238714
A2M,0,0.19543252170103761,0,0,0,-0.2743030210087043
NAP1L4,0,0.1952063328338874,0,0,0,-0.2744683886734417
TM9SF2,0,0.19498957452672427,0,0,0,-0.2746268616147478
TRIM24,0,0.17879206180742552,0.46940247597395174,0,0,-0.274740105136955
KLHL6,0,0.1945498668029664,0,0,0,-0.2749483338443981
UBE2G2,0,0.194534214591763,0,0,0,-0.2749597772440989
ZC3H7A,0,0.19447802545666293,0,0,0,-0.27500085736520385
RGS5,0,0.19443281198690587,0,0,0,-0.27503391312963027
MAPK8IP3,0,0.19424072179882046,0,0,0,-0.2751743511017678
FBXW4,0,0.18300594815800672,0.3283356235250906,0,0,-0.27518411251479014
ZNF652,0,0.1941186266809155,0,0,0,-0.27526361537360466
UBE3A,0,0.15203944991747753,1.2292687438642746,0,0,-0.27531248998317304
SUPT20H,0,0.18893655610430135,0.14648919506344174,0,0,-0.27539196513560904
RGS12,0,0.19387044994192848,0,0,0,-0.27544505846709333
TMTC4,0,0.19386515246207936,0,0,0,-0.27544893147765603
RAB28,0,0.193772668513576,0,0,0,-0.2755165468947293
MNAT1,0,0.19343778991442662,0,0,0,-0.275761378095352
DCHS2,0,0.193428134777078,0,0,0,-0.27576843700826925
STAB1,0,0.19342637492526205,0,0,0,-0.27576972364358754
KLHL23,0,0.19338648123797614,0,0,0,-0.2757988900919073
CAPZA1,0,0.19337608515069535,0,0,0,-0.2758064907165432
IPO7,0,0.1932155269340572,0,0,0,-0.2759238755271856
KCND3,0,0.193169636237008,0,0,0,-0.2759574264154314
CLSTN1,0,0.193128728917896,0,0,0,-0.2759873339343887
ARHGEF10L,0,0.19302008138148707,0,0,0,-0.27606676662089435
PTPRA,0,0.192921863750944,0,0,0,-0.27613857395784946
CPD,0,0.19290438691554762,0,0,0,-0.27615135134823526
BRAF,0,0.19289907603104553,0,0,0,-0.27615523415899806
IWS1,0,0.1927633134161618,0,0,0,-0.27625449079733233
LRPPRC,0,0.1925396131261631,0,0,0,-0.2764180390524885
CPEB3,0,0.19253165285363805,0,0,0,-0.2764238588423602
PTPN4,0,0.19249184280444864,0,0,0,-0.27645296414250375
PIK3C3,0,0.18560806378491965,0.19854065343084504,0,0,-0.2765248451058213
LCMT1,0,0.192085859643409,0,0,0,-0.2767497801976425
EEA1,0,0.1920400733377399,0,0,0,-0.27678325476489624
FBXW7,0,0.19201855457915074,0,0,0,-0.2767989872229114
CDH4,0,0.191999018736743,0,0,0,-0.2768132699622803
WDR82,0,0.1917853308109096,0,0,0,-0.2769694981344395
AC245297.3,0,0.191708828429872,0,0,0,-0.2770254293580158
ELMOD3,0,0.191691962093487,0,0,0,-0.27703776040991857
POU2F1,0,0.183055649422494,0.25106733063283304,0,0,-0.27707845694540256
GUK1,0,0.1916221039956359,0,0,0,-0.2770888339691533
GRB2,0,0.1916166439778505,0,0,0,-0.2770928258119083
PHF21B,0,0.191599125994577,0,0,0,-0.27710563328568605
TAF1,0,0.1915178231553375,0,0,0,-0.2771650741451366
TPD52L1,0,0.191515612371493,0,0,0,-0.27716669045882264
ACAP2,0,0.19146396703917212,0,0,0,-0.2772044485859493
PRIMA1,0,0.1913053948537064,0,0,0,-0.2773203814005619
TEAD4,0,0.19115167197770772,0,0,0,-0.27743276886392787
FOXO3,0,0.1864370186262547,0.13164515021927545,0,0,-0.2775902918595049
SEC24B,0,0.19090368649790945,0,0,0,-0.27761407212699163
NIN,0,0.1892369544008764,0.04854580852766991,0,0,-0.27761962666254203
CBWD5,0,0.1908945339035063,0,0,0,-0.27762076362857524
NUP50-DT,0,0.190694454967609,0,0,0,-0.2777670422089905
PDS5A,0,0.19067212924815477,0,0,0,-0.2777833646396046
TANK,0,0.1906583071072612,0,0,0,-0.2777934700669408
NFATC2,0,0.190629838929268,0,0,0,-0.2778142832757135
CAVIN1,0,0.19056599533727264,0,0,0,-0.2778609596035529
AF165147.1,0,0.19041132020746576,0,0,0,-0.27797404326382047
HECTD1,0,0.19033711359183264,0,0,0,-0.27802829604332246
CCPG1,0,0.1693583235191382,0.6046656067467785,0,0,-0.2782573701897344
CLASP1,0,0.18453458852216295,0.15573665007473336,0,0,-0.27837919921019705
COL6A2,0,0.1898253430866763,0,0,0,-0.2784024536859397
PLA2R1,0,0.1898195078137376,0,0,0,-0.2784067198793697
CYTH1,0,0.18976504739146083,0,0,0,-0.2784465361310093
NFIA,0,0.17421798839743063,0.4542201254498575,0,0,-0.2784635872547999
WASF3,0,0.189581757551901,0,0,0,-0.2785805401300566
MIPOL1,0,0.18938827526499497,0,0,0,-0.2787219958716977
RNF130,0,0.18931733352915828,0,0,0,-0.2787738616833777
MLLT10,0,0.1891463954721827,0,0,0,-0.2788988352404451
PRKD3,0,0.18910780136828098,0,0,0,-0.27892705155769926
AC124312.1,0,0.18901692380240942,0,0,0,-0.27899349254144235
PLEKHA6,0,0.188930429568077,0,0,0,-0.2790567288524288
NOS1AP,0,0.16331779095319526,0.7472722556925843,0,0,-0.27911035734144163
VEZT,0,0.18882161733167493,0,0,0,-0.279136281951816
JMJD1C,0,0.1887404000756964,0,0,0,-0.2791956602409722
ADAMTSL2,0,0.18864675487949176,0,0,0,-0.27926412465129147
HELZ,0,0.1885640554048143,0,0,0,-0.27932458659698634
MPHOSPH8,0,0.1884705958905864,0,0,0,-0.2793929152544048
CA8,0,0.18844563862106,0,0,0,-0.2794111616227243
TULP3,0,0.18842192490677,0,0,0,-0.27942849882240084
PEAK1,0,0.1883117903780238,0,0,0,-0.27950901865547295
DOCK7,0,0.18823511740557564,0,0,0,-0.27956507459917157
SDC3,0,0.188016253501404,0,0,0,-0.27972508695161036
UBXN4,0,0.18799284897641944,0,0,0,-0.2797421981016407
ADSS,0,0.1879217549090242,0,0,0,-0.2797941752835858
NAXD,0,0.18772355517492129,0,0,0,-0.2799390799713944
ATP6V1H,0,0.18409053978866405,0.10540991929109512,0,0,-0.2799613451288576
HTT,0,0.18670874646129043,0,0,0,-0.28068101103653764
RCSD1,0,0.186656046765576,0,0,0,-0.280719540013328
AKT3,0,0.18660760764851123,0,0,0,-0.28075495406253326
RANGAP1,0,0.1864590819711679,0,0,0,-0.2808635418313534
TOP2B,0,0.18639127169559191,0,0,0,-0.28091311821881443
SLA,0,0.18610443992479953,0,0,0,-0.2811228221742126
SLC38A6,0,0.186023593179756,0,0,0,-0.2811819295812124
NPEPPS,0,0.18552741231154676,0.0072885833425149925,0,0,-0.28136257177731017
TAF15,0,0.1857017502457632,0,0,0,-0.2814172303503315
PHYHD1,0,0.185664649141566,0,0,0,-0.2814443551290068
ACADVL,0,0.185661166822713,0,0,0,-0.28144690106746895
PPP2R2A,0,0.1856183431950387,0,0,0,-0.28147820960795245
NSL1,0,0.185476319248035,0,0,0,-0.28158204393343755
HPSE2,0,0.16649032487338,0.5546824875986173,0,0,-0.2816030907059725
KIAA1109,0,0.17913290340461396,0.18355420586237536,0,0,-0.2816333252053388
TNPO2,0,0.185321196488357,0,0,0,-0.2816954548578512
APC2,0,0.185068875730026,0,0,0,-0.2818799276619095
CRBN,0,0.18500138602597382,0,0,0,-0.2819292696781349
CD163,0,0.1846775149066323,0,0,0,-0.2821660532623854
TIAL1,0,0.1844502720170969,0,0,0,-0.2823321915274738
LARP1,0,0.1841231003247501,0,0,0,-0.28257138817500665
CDC42,0,0.1841094749547041,0,0,0,-0.2825813497423202
RAP1A,0,0.18403099137409362,0,0,0,-0.28263872942952273
PCMTD1,0,0.1835889897672232,0,0,0,-0.2829618787270954
AP2A2,0,0.18358068768193164,0,0,0,-0.2829679484177677
MERTK,0,0.18350086349205647,0,0,0,-0.28302630823023556
ZNRF3,0,0.18332375839785361,0,0,0,-0.2831557905350476
SLC44A2,0,0.1832535088751335,0,0,0,-0.28320715026670684
SECISBP2,0,0.18318579508509064,0,0,0,-0.2832566561131748
DSTN,0,0.18275772090762676,0,0,0,-0.2835696230065214
RUBCN,0,0.182710270623093,0,0,0,-0.28360431411596165
WWC2,0,0.18268604078543008,0,0,0,-0.2836220286556813
ZMYM2,0,0.18267205465943537,0,0,0,-0.2836322539732383
ME2,0,0.18254039375195225,0,0,0,-0.2837285118354488
PPM1L,0,0.1824910032280502,0,0,0,-0.2837646214623316
TMED10,0,0.18222499303966888,0,0,0,-0.2839591026682513
MARCH6,0,0.18209844149293908,0,0,0,-0.28405162505458836
BBOX1,0,0.182001160950014,0,0,0,-0.2841227472827094
ACTR2,0,0.18198328336628988,0,0,0,-0.28413581766194096
MAOA,0,0.18195182172094865,0,0,0,-0.284158819407714
HADHB,0,0.181765330172412,0,0,0,-0.28429516419012224
NPIPB13,0,0.1816929480295637,0,0,0,-0.2843480830896345
GCA,0,0.18166871790354244,0,0,0,-0.28436579784017424
WTAP,0,0.18161420088585678,0,0,0,-0.28440565546896346
NHSL2,0,0.18146842642858163,0,0,0,-0.28451223180882346
RANBP3L,0,0.1814576890073716,0,0,0,-0.2845200819841799
RAB3GAP2,0,0.18112802097821565,0,0,0,-0.28476110371441343
NR3C1,0,0.18097793038289645,0,0,0,-0.28487083560157345
ATE1,0,0.18083968286136212,0,0,0,-0.2849719089659698
L3MBTL4,0,0.18075304931220712,0,0,0,-0.2850352471306291
PRKDC,0,0.1807356525190036,0,0,0,-0.28504796600181953
MRPL1,0,0.18065335772876412,0,0,0,-0.2851081320809613
PPP3CB,0,0.1806396074672809,0,0,0,-0.28511818495694796
WASF2,0,0.18060328019270222,0,0,0,-0.2851447439854229
FUS,0,0.18041808671562065,0,0,0,-0.28528013974214345
AP1G1,0,0.1803312047122198,0,0,0,-0.2853436595527828
SP4,0,0.16831267369057362,0.3496762012519899,0,0,-0.28539319834454707
KIAA1671,0,0.18025446718724697,0,0,0,-0.285399762691113
LINC02232,0,0.1801179818046712,0,0,0,-0.2854995477480511
SLC25A48,0,0.18008911557932,0,0,0,-0.28552065197097887
HSD17B12,0,0.18007905800473367,0,0,0,-0.2855280051075112
ATXN3,0,0.18002644419636188,0,0,0,-0.28556647129169177
ADCY2,0,0.179812519031848,0,0,0,-0.28572287291008236
IFNGR2,0,0.1796337055382634,0,0,0,-0.2858536042331142
RPAP2,0,0.17958210784222944,0,0,0,-0.2858913275331443
LMTK2,0,0.17954270514112317,0,0,0,-0.28592013501933217
TYW1B,0,0.17946994556451795,0,0,0,-0.285973329862306
TNPO3,0,0.17945943986235283,0,0,0,-0.2859810106268607
SLC6A17,0,0.17944343424954745,0,0,0,-0.2859927124000101
SLC14A1,0,0.179369665879454,0,0,0,-0.28604664477629166
NAA15,0,0.17927233368668005,0,0,0,-0.2861178047658419
ETNK1,0,0.17923343540216907,0,0,0,-0.2861462434708627
AMBRA1,0,0.17916706942222219,0,0,0,-0.2861947639275063
DOCK2,0,0.1789960243091291,0,0,0,-0.2863198157537669
ZBTB37,0,0.17311354528855333,0.1664328885571016,0,0,-0.2864619096801495
SLC24A3,0,0.17854187939053,0,0,0,-0.2866518430793701
ZNF33A,0,0.17758195777376207,0.026997811428255237,0,0,-0.28667905917981285
SLC5A6,0,0.17848101383905518,0,0,0,-0.28669634214882983
CSAD,0,0.178370165002047,0,0,0,-0.2867773842157797
ME3,0,0.1783448737882462,0,0,0,-0.28679587473221096
FUBP1,0,0.17820849060793537,0,0,0,-0.28689558506862856
SORCS1,0,0.17806889863282693,0,0,0,-0.2869976413688815
DUSP6,0,0.17791670593184045,0,0,0,-0.28710891011463946
TMEM245,0,0.17791476262617634,0,0,0,-0.2871103308738643
DENND5A,0,0.1777735162196875,0,0,0,-0.28721359673609653
NIPA1,0,0.1777478366002588,0,0,0,-0.287232371217572
EXD3,0,0.17755022185845384,0,0,0,-0.2873768482149667
CHD9,0,0.17748463338731715,0,0,0,-0.2874248002315368
PPFIA1,0,0.17747528713182223,0,0,0,-0.28743163331958715
EMX2,0,0.177452218205443,0,0,0,-0.2874484991120172
SPOP,0,0.17738234558159843,0,0,0,-0.2874995832912689
ZNF609,0,0.1773351045116724,0,0,0,-0.28753412144299934
FAM120A,0,0.1771529121258215,0,0,0,-0.2876673230888659
SCAPER,0,0.17691149070532397,0,0,0,-0.28784382733962
POU3F3,0,0.17685901793210534,0,0,0,-0.2878821904123865
COMMD10,0,0.17659468827821592,0,0,0,-0.2880754429722285
POLK,0,0.17653652535836437,0,0,0,-0.28811796613595153
SCAF11,0,0.17642926458684227,0,0,0,-0.28819638495261574
SF1,0,0.17634510271746304,0,0,0,-0.2882579160614388
QRICH1,0,0.176344931937116,0,0,0,-0.2882580409196934
ARNT2,0,0.17620913480658523,0,0,0,-0.2883573227925674
KIDINS220,0,0.16707742875065806,0.2576771960548078,0,0,-0.28859504472670877
PCF11,0,0.17584094174104267,0,0,0,-0.28862651034449427
ARHGEF11,0,0.1728226958696914,0.08112610368887911,0,0,-0.2888060877494037
TSPAN5,0,0.17553225721378218,0,0,0,-0.28885219094520986
PKN2,0,0.17540118504835617,0,0,0,-0.28894801837554124
XPR1,0,0.1749737182144774,0,0,0,-0.2892605412373507
CNOT2,0,0.17483950669915083,0,0,0,-0.28935866386005116
NF1,0,0.17470958825428262,0,0,0,-0.28945364780026384
PLCL2,0,0.17459198409428356,0,0,0,-0.28953962871323924
LCORL,0,0.17449440095567337,0,0,0,-0.28961097217038206
HUWE1,0,0.17435539357887,0,0,0,-0.2897126010682711
ABCA10,0,0.1742705667139714,0,0,0,-0.28977461835821117
ZFAND6,0,0.1741287438370559,0,0,0,-0.2898783056804802
MGAT1,0,0.1739312307653555,0,0,0,-0.29002270834641913
FUBP3,0,0.17384465962167953,0,0,0,-0.2900860008861613
FNBP1L,0,0.17351423741417926,0,0,0,-0.2903275739994632
TNFRSF10D,0,0.1734842334850133,0,0,0,-0.2903495100025991
NOS3,0,0.17344720164673597,0,0,0,-0.2903765841406591
GATAD2B,0,0.17340953359126351,0,0,0,-0.2904041234198781
CLEC16A,0,0.17334274741071404,0,0,0,-0.2904529510870102
PAG1,0,0.17315175552336876,0,0,0,-0.2905925860866988
KMT2C,0,0.17305422795421538,0,0,0,-0.29066388891677
FERMT2,0,0.17267760799454077,0,0,0,-0.29093923740765537
EWSR1,0,0.1726571495033134,0,0,0,-0.29095419469958994
INTU,0,0.172556473826012,0,0,0,-0.29102779912522303
TRAPPC9,0,0.17247242080071512,0,0,0,-0.29108925065766394
KIAA1468,0,0.16580334004146144,0.1949332035982373,0,0,-0.2910943031297548
ARHGEF4,0,0.172260834168371,0,0,0,-0.2912439425650122
LRMP,0,0.1722045370695129,0,0,0,-0.29128510161889026
MKNK1,0,0.1721867743374983,0,0,0,-0.2912980880295373
TENT2,0,0.17215286876788186,0,0,0,-0.2913228765389795
RAI14,0,0.17205438150477778,0,0,0,-0.29139488100547284
KIAA0319L,0,0.16469195665234243,0.21509482680849104,0,0,-0.2914030675154291
MSRB3,0,0.1719925348353532,0,0,0,-0.2914400973745338
ZNF148,0,0.1719843993444257,0,0,0,-0.29144604526734175
PDZD8,0,0.17195759193505078,0,0,0,-0.291465644280953
ACER2,0,0.1420034568413997,0.8742806000602624,0,0,-0.29151983772464496
CDC42BPA,0,0.17156287793588387,0,0,0,-0.2917542214028237
FBXL20,0,0.17130449961097957,0,0,0,-0.29194312292015523
CUEDC1,0,0.17104326521044608,0,0,0,-0.2921341125268038
GKAP1,0,0.171018929471319,0,0,0,-0.2921519044915446
AASDH,0,0.170952674333491,0,0,0,-0.2922003439110329
WDR17,0,0.170923583549773,0,0,0,-0.2922216123095595
FAM184A,0,0.170775261959452,0,0,0,-0.29233005086946984
TCAIM,0,0.17072683056035942,0,0,0,-0.2923654592760321
PHACTR4,0,0.17072179796883685,0,0,0,-0.29236913862558694
RBM25,0,0.17069203205036312,0,0,0,-0.2923909006180704
ANKRD44,0,0.16706008430389294,0.10467454782242637,0,0,-0.29243075974082344
KLHL22,0,0.170551930749445,0,0,0,-0.2924933292886385
EMSY,0,0.17050023224394956,0,0,0,-0.2925311262909044
RIN2,0,0.1702840139820928,0,0,0,-0.29268920440273777
NBAS,0,0.17024828200856545,0,0,0,-0.29271532820402435
FAM168A,0,0.16969693404241437,0,0,0,-0.2931184211005442
TENM4,0,0.169620410340318,0,0,0,-0.2931743679120393
ASH1L,0,0.16954663156926778,0,0,0,-0.29322830789250554
AC005154.6,0,0.169451626548484,0,0,0,-0.2932977664764902
DICER1,0,0.16943145589498515,0,0,0,-0.2933125133290093
DCP1A,0,0.1693949789953681,0,0,0,-0.2933391817490007
HMGN3,0,0.1693624228304953,0,0,0,-0.2933629837027646
PLCG2,0,0.16935564550038212,0,0,0,-0.293367938638293
MDN1,0,0.16935245170889002,0,0,0,-0.2933702736331465
HIGD1B,0,0.16909110646782768,0,0,0,-0.29356134427578784
TET1,0,0.169061270018579,0,0,0,-0.29358315783362765
ABR,0,0.16899414868339352,0,0,0,-0.29363223053377213
NEK1,0,0.16896279093733704,0,0,0,-0.29365515631832606
FAM13B,0,0.16878942168282277,0,0,0,-0.29378190733449017
ARIH2,0,0.16848827964642243,0,0,0,-0.29400207358732666
U2SURP,0,0.16837806370053754,0,0,0,-0.29408265294482305
HAVCR2,0,0.16825540283439638,0,0,0,-0.2941723308376566
PELI1,0,0.16818130345067697,0,0,0,-0.29422650521944
CDKL3,0,0.16813572070325,0,0,0,-0.29425983096437736
CLNS1A,0,0.168010326111067,0,0,0,-0.2943515074962123
TMPO,0,0.16783977478310796,0,0,0,-0.2944761983140133
YME1L1,0,0.1678394841772971,0,0,0,-0.29447641077718584
ATP5F1C,0,0.167687306585592,0,0,0,-0.29458766847648243
DYNC2H1,0,0.1609897039270495,0.19091180113389203,0,0,-0.29471405509278414
CCDC3,0,0.16746498227312423,0,0,0,-0.29475021074847996
ZNF235,0,0.167325659257781,0,0,0,-0.2948520704110785
SETD3,0,0.16732515301031287,0,0,0,-0.2948524405308048
OSBPL8,0,0.16711672466054608,0,0,0,-0.29500482340402157
HDGFL3,0,0.16711541385964823,0,0,0,-0.29500578173626024
ARHGEF2,0,0.1670399826551774,0,0,0,-0.2950609298179887
PRRX1,0,0.166971900864335,0,0,0,-0.29511070471144213
ANKRD36C,0,0.166828885141087,0,0,0,-0.2952152641288539
WDR26,0,0.1667068487755728,0,0,0,-0.29530448544656235
STX7,0,0.16656865814449145,0,0,0,-0.29540551721810104
AP3B1,0,0.16649529805956664,0,0,0,-0.2954591510953196
CNTLN,0,0.16645901718734335,0,0,0,-0.29548567619883065
PUM2,0,0.16638544707028724,0,0,0,-0.2955394636314541
KIFAP3,0,0.16630591067970546,0,0,0,-0.2955976130326067
PLIN5,0,0.166231369381061,0,0,0,-0.2956521105003142
ZNF207,0,0.1661943814439035,0,0,0,-0.29567915254207455
COP1,0,0.16600770078463845,0,0,0,-0.295815635584159
CYSTM1,0,0.16593484528510843,0,0,0,-0.29586890055680043
LPIN2,0,0.16585095511508482,0,0,0,-0.2959302330250426
TRRAP,0,0.165809868569542,0,0,0,-0.29596027157722316
RUFY3,0,0.16357252039736359,0.06300327468536149,0,0,-0.29602176134096525
DHX9,0,0.16572292213752793,0,0,0,-0.29602383849190184
PIKFYVE,0,0.16572187147521167,0,0,0,-0.29602460663569186
CMYA5,0,0.165593072404102,0,0,0,-0.2961187721968802
PCCA,0,0.16556632879596214,0,0,0,-0.2961383245651309
CD74,0,0.16556601781327618,0,0,0,-0.29613855192592553
CSNK2A1,0,0.16547589973288374,0,0,0,-0.2962044376465309
AL121761.1,0,0.165323703024296,0,0,0,-0.2963157093222636
MKLN1,0,0.16526388229962047,0,0,0,-0.2963594445143052
GLS,0,0.16491922792048133,0,0,0,-0.2966114228302048
SP100,0,0.16481450668585118,0,0,0,-0.2966879849803999
SSBP2,0,0.1645456434995237,0,0,0,-0.2968845520255291
EXOC1,0,0.16452592565086727,0,0,0,-0.2968989678304581
RC3H1,0,0.16436538602485698,0,0,0,-0.2970163390494116
MTCH2,0,0.164358852380217,0,0,0,-0.29702111582543045
USP8,0,0.16426766528523973,0,0,0,-0.2970877831072493
FAM102A,0,0.16413860881774106,0,0,0,-0.29718213685205735
ASCC3,0,0.16352513940221602,0,0,0,-0.29763064701045444
CDC42BPB,0,0.16342306304618034,0,0,0,-0.2977052754784034
TNRC18,0,0.16334787908121798,0,0,0,-0.29776024280225166
ARMH3,0,0.1633329141773215,0,0,0,-0.2977711837085905
NAB1,0,0.16325943112657704,0,0,0,-0.2978249074866548
ZER1,0,0.163210388881474,0,0,0,-0.2978607624853926
PPP1R21,0,0.1631461693464005,0,0,0,-0.29790771366685176
PDK4,0,0.16309343157544667,0,0,0,-0.2979462704806153
MCPH1,0,0.16307125735614073,0,0,0,-0.2979624821488119
MTA3,0,0.16299189831892824,0,0,0,-0.2980205018861446
EPB41L5,0,0.162945301223406,0,0,0,-0.298054569225387
MIATNB,0,0.162897532703693,0,0,0,-0.2980894929979512
C6orf106,0,0.16287712306488783,0,0,0,-0.2981044145736673
EFEMP1,0,0.162632700574138,0,0,0,-0.29828311291993814
SCAF8,0,0.16258396724439628,0,0,0,-0.2983187420693114
USP10,0,0.16257096662193599,0,0,0,-0.2983282468809473
PBRM1,0,0.1623555330229795,0,0,0,-0.2984857513223208
AC002070.1,0,0.16199113244607988,0,0,0,-0.2987521661693028
PPP4R3B,0,0.1619826582155573,0,0,0,-0.2987583617161023
ZNF131,0,0.16193876062186005,0,0,0,-0.2987904554378171
RBM5,0,0.16187712082992467,0,0,0,-0.2988355205578457
ATL2,0,0.16168662569836056,0,0,0,-0.2989747923772217
SCYL2,0,0.16161371959342857,0,0,0,-0.2990280943476926
PTMS,0,0.1615479427481732,0,0,0,-0.2990761840854005
RBM47,0,0.16152324851021227,0,0,0,-0.2990942381501982
MYO1F,0,0.16138197086215755,0,0,0,-0.2991975268532753
RBM33,0,0.16130588089237918,0,0,0,-0.2992531565611858
YPEL3,0,0.1612330992251607,0,0,0,-0.29930636755470313
ST7L,0,0.15215442954700883,0.2653147564565221,0,0,-0.2993144767749513
PLEKHA2,0,0.16103784665942572,0,0,0,-0.2994491175548971
NLRC5,0,0.16097136795163078,0,0,0,-0.2994977204273609
ZZEF1,0,0.16088892153291579,0,0,0,-0.2995579973627407
ARIH1,0,0.16079976187110734,0,0,0,-0.29962318237935004
SACS,0,0.16078101410531576,0,0,0,-0.2996368889524766
BICC1,0,0.16058588787909,0,0,0,-0.2997795465853058
CBL,0,0.16056783037982286,0,0,0,-0.29979274850157356
RNF111,0,0.1601536144617057,0,0,0,-0.30009558356122573
ACSS3,0,0.1599602115700931,0,0,0,-0.30023698125662246
RFX3,0,0.1598117029367878,0,0,0,-0.3003455565644723
CLTC,0,0.1595835736938485,0,0,0,-0.30051234284639006
BPTF,0,0.15957964608265807,0,0,0,-0.30051521434001727
UNK,0,0.15957047471594332,0,0,0,-0.30052191956611957
PLEC,0,0.15955958499205522,0,0,0,-0.3005298810906265
FARP2,0,0.15953776691075405,0,0,0,-0.3005458323847785
GNAI3,0,0.15885377905421194,0,0,0,-0.3010458988821716
HNRNPDL,0,0.15867847589599998,0,0,0,-0.3011740637837419
EHBP1,0,0.15852775187710388,0,0,0,-0.3012842587696345
WDFY4,0,0.15847739070944833,0,0,0,-0.3013210780383879
MARK3,0,0.1582984379015544,0,0,0,-0.30145191121471737
GLRX3,0,0.15811006019520907,0,0,0,-0.3015896349753047
MTURN,0,0.15795146347723243,0,0,0,-0.3017055857257428
RB1CC1,0,0.1578989408644148,0,0,0,-0.30174398523645696
GABRG1,0,0.157279294650444,0,0,0,-0.302197011279068
WDR11-AS1,0,0.157266304912166,0,0,0,-0.3022065081332308
CACNA1A,0,0.15713626114801116,0,0,0,-0.3023015836949191
PPP4R4,0,0.157097963216246,0,0,0,-0.30232958347943584
RASSF2,0,0.156997306975786,0,0,0,-0.3024031736947096
HS2ST1,0,0.156961935794174,0,0,0,-0.3024290337194574
SH3BP2,0,0.15693963305193032,0,0,0,-0.30244533935133283
ADAMTS17,0,0.156809709940889,0,0,0,-0.302540326703005
ZNF236,0,0.1530159436322143,0.11029738396175921,0,0,-0.3025579958452574
RUFY2,0,0.14315931175158997,0.398027430610803,0,0,-0.3025747920240965
MICALL2,0,0.15657399111479,0,0,0,-0.3027126617621869
HERC3,0,0.1565394671008262,0,0,0,-0.3027379024189818
STAM,0,0.15629714960495533,0,0,0,-0.30291506179433947
SCFD1,0,0.15626905324887966,0,0,0,-0.30293560316249074
PRELID2,0,0.1556625478547078,0,0,0,-0.30337902189458177
TMEM59,0,0.13899984046043534,0.4858632599691104,0,0,-0.3034210702577499
CREB3L2,0,0.15558689902379136,0,0,0,-0.3034343290839513
ATRX,0,0.15555726721672725,0,0,0,-0.30345599302699977
HECA,0,0.15551732202184276,0,0,0,-0.3034851971327489
KCTD3,0,0.15166981065071275,0.1101881376140518,0,0,-0.3035448892319239
CDHR3,0,0.155378634861642,0,0,0,-0.30358659191888676
WDR70,0,0.14599403265707772,0.2738248472829848,0,0,-0.3036057304787873
PCBP2,0,0.15511727697293487,0,0,0,-0.30377767180827625
ABAT,0,0.155116244942559,0,0,0,-0.3037784263301736
PC,0,0.155025769680704,0,0,0,-0.3038445731877001
TM9SF3,0,0.15499658322954477,0,0,0,-0.30386591152910913
SLC22A3,0,0.15498257359783452,0,0,0,-0.303876154031797
C1orf21,0,0.15496167316024,0,0,0,-0.30389143443264316
SHE,0,0.15480763730721442,0,0,0,-0.3040040507148749
UBE3C,0,0.1547631947907182,0,0,0,-0.3040365428320186
DCAF7,0,0.15460331521757364,0,0,0,-0.30415343148345064
STAM2,0,0.15460251373215145,0,0,0,-0.30415401745292936
ARID2,0,0.15447383780505403,0,0,0,-0.3042480929829947
SMYD3,0,0.1544730458135135,0,0,0,-0.3042486720114552
RAB3GAP1,0,0.15444941976590013,0,0,0,-0.3042659451176431
VPS53,0,0.15443455447759133,0,0,0,-0.3042768131945925
NSUN6,0,0.15434595667122153,0,0,0,-0.3043415874362465
YWHAB,0,0.15430608035689675,0,0,0,-0.30437074118311874
CDC27,0,0.15428742024386993,0,0,0,-0.30438438367292764
DYM,0,0.15398975389456138,0,0,0,-0.30460200883581146
ERMP1,0,0.15391151516139184,0,0,0,-0.3046592095139848
ADRA1A,0,0.153883183075167,0,0,0,-0.30467992322547366
GTF2I,0,0.1535295444207649,0,0,0,-0.30493846998410135
TRIM44,0,0.1535224701461635,0,0,0,-0.30494364201703683
PSMG4,0,0.153358005197003,0,0,0,-0.30506388305682136
SMAP2,0,0.15308922417794513,0,0,0,-0.30526039002910227
NRSN2-AS1,0,0.153042749955635,0,0,0,-0.3052943675352048
NBPF19,0,0.1530094166193991,0,0,0,-0.3053187376823331
ANKRD10,0,0.1527366065453936,0,0,0,-0.30551819031421334
TBL1XR1,0,0.15257483457911847,0,0,0,-0.30563646250249543
FAM120B,0,0.1522338522813238,0,0,0,-0.3058857561437499
WDR37,0,0.1521025260297807,0,0,0,-0.30598176933754684
CCNI,0,0.15204199909813543,0,0,0,-0.3060260208405762
CNOT4,0,0.15198390556347224,0,0,0,-0.3060684932764861
YLPM1,0,0.1309054347693371,0.615505788565451,0,0,-0.30609958383824093
ID3,0,0.15180976658467643,0,0,0,-0.3061958070414209
SGMS1,0,0.15154696092447373,0,0,0,-0.30638794540284886
SENP7,0,0.15153418605299301,0,0,0,-0.3063972851669615
S100PBP,0,0.151403887673976,0,0,0,-0.30649254687868316
UBE2R2,0,0.15140036822836045,0,0,0,-0.3064951199606829
SCGB2B2,0,0.1512526719076419,0,0,0,-0.30660310138326685
SOS1,0,0.15120618354568752,0,0,0,-0.3066370892269248
SOX2,0,0.15114294536350675,0,0,0,-0.30668332293701506
KIF1A,0,0.15102414414043963,0,0,0,-0.306770179028007
DYNC1LI2,0,0.15094221751930148,0,0,0,-0.30683007593711725
GABBR1,0,0.150884889050229,0,0,0,-0.3068719890302457
FER,0,0.15074796079441896,0,0,0,-0.306972097873732
ATP9B,0,0.15065005732592607,0,0,0,-0.30704367552544554
REL,0,0.15044159859247086,0,0,0,-0.3071960806123091
PKP4,0,0.15026366369755825,0,0,0,-0.30732616958802983
WWP2,0,0.15020268926736596,0,0,0,-0.3073707482591935
MGAT4A,0,0.15020232565073666,0,0,0,-0.307371014100893
LINC00685,0,0.14994338289917022,0,0,0,-0.3075603282730126
SUGP2,0,0.149921650765367,0,0,0,-0.307576216730575
AES,0,0.149827376225112,0,0,0,-0.3076451412570673
RAP1GAP2,0,0.1497365426064634,0,0,0,-0.30771155011080453
MARK1,0,0.1494880547018235,0,0,0,-0.30789322069885566
CASD1,0,0.149060585679761,0,0,0,-0.3082057451604558
C1orf198,0,0.14890903244817755,0,0,0,-0.30831654638735134
GGT7,0,0.14888312151927324,0,0,0,-0.30833548998019067
SAMD4B,0,0.148849418318919,0,0,0,-0.30836013053658484
TNFRSF21,0,0.14871426466121718,0,0,0,-0.3084589419636744
SS18,0,0.14850319117458452,0,0,0,-0.3086132587079607
TM2D1,0,0.148424138628871,0,0,0,-0.3086710543680252
TYW1,0,0.14838762705748723,0,0,0,-0.30869774813669604
EXOC6,0,0.14813644280847335,0,0,0,-0.30888139003384857
CDKL5,0,0.14794766173756718,0,0,0,-0.309019408696021
CTDSPL,0,0.14779422566550998,0,0,0,-0.30913158647577765
HP1BP3,0,0.14779018503591687,0,0,0,-0.30913454059765066
TDRP,0,0.14774477573761935,0,0,0,-0.3091677395331749
ABCD3,0,0.14762296096529662,0,0,0,-0.30925679884313706
PTPRE,0,0.14755566458767982,0,0,0,-0.30930599951756454
RALGAPB,0,0.14755347395781826,0,0,0,-0.30930760109658606
RABEP1,0,0.1475023264397217,0,0,0,-0.3093449952695677
CASP10,0,0.14750195564002003,0,0,0,-0.30934526636284265
PID1,0,0.147432422456231,0,0,0,-0.30939610237599313
DPP8,0,0.14734921825317837,0,0,0,-0.30945693333079877
NMT2,0,0.1471254111505921,0,0,0,-0.30962055967710234
CBX5,0,0.147016020210089,0,0,0,-0.30970053586957524
NRF1,0,0.14684724417487321,0,0,0,-0.3098239287631288
HMBOX1,0,0.1466900437399271,0,0,0,-0.3099388586849692
NIPBL,0,0.14658429425706238,0,0,0,-0.31001617259192166
RAB5A,0,0.14648797341274883,0,0,0,-0.310086593180213
WIPF2,0,0.14628799368043172,0,0,0,-0.3102327992324593
BRWD3,0,0.14622309497110483,0,0,0,-0.3102802469611697
AC106869.1,0,0.11585920450570386,0.8849276854833125,0,0,-0.3103679785916034
CAPN7,0,0.1460969054081876,0,0,0,-0.3103725046995667
CLOCK,0,0.14606423620188982,0,0,0,-0.31039638929840807
AASS,0,0.14557926202541988,0,0,0,-0.3107509560285537
LINC00486,0,0.14541473390427276,0,0,0,-0.31087124325365245
RIC1,0,0.1453403551084102,0,0,0,-0.3109256219148693
TNRC6A,0,0.14481035878164272,0,0,0,-0.3113131045349521
ZNF366,0,0.14471981219117214,0,0,0,-0.31137930354113974
PSPC1,0,0.13638204918074318,0.23983178651175577,0,0,-0.3114824685221339
WSB1,0,0.1444557783796112,0,0,0,-0.31157233980936844
DDAH1,0,0.144385505200786,0,0,0,-0.311623716836109
GRIK4,0,0.1443467040757821,0,0,0,-0.3116520845073915
TTC19,0,0.14427000322457695,0,0,0,-0.31170816083337066
AQP4,0,0.144248511254127,0,0,0,-0.3117238737064607
TKT,0,0.144213378123336,0,0,0,-0.31174955969121765
TRPM7,0,0.14411112694276035,0,0,0,-0.3118243159741483
RABGAP1L,0,0.14405897163268766,0,0,0,-0.31186244694822784
C4orf19,0,0.143863705772519,0,0,0,-0.3120052066680401
MAP4K3,0,0.1438630630146737,0,0,0,-0.3120056765910969
APP,0,0.14380669587413994,0,0,0,-0.31204688685274884
EPB41L3,0,0.1430246162719795,0.020126564914138386,0,0,-0.3121157717990924
DYNC1I1,0,0.14349609445930844,0,0,0,-0.3122739688983064
RAB2A,0,0.14334564106363978,0,0,0,-0.3123839660303801
LMCD1,0,0.14330133570069908,0,0,0,-0.3124163578739627
ITSN1,0,0.14329170091089716,0,0,0,-0.3124234019107
CMTM4,0,0.13132513881997382,0.34781177190109713,0,0,-0.31248153196630013
NT5C2,0,0.1431519630761127,0,0,0,-0.31252556484959665
TAOK3,0,0.13653863369982533,0.18449538361780018,0,0,-0.3127506641339952
LRP6,0,0.14284356117166613,0,0,0,-0.3127510388235435
SNX30,0,0.14275909528266706,0,0,0,-0.3128127922024332
ARAP3,0,0.14251252573558543,0,0,0,-0.3129930602709282
BCL7C,0,0.142357774322072,0,0,0,-0.31310619970254544
FBXO42,0,0.14225465262783357,0,0,0,-0.31318159242180177
KATNAL1,0,0.14217714709118337,0,0,0,-0.31323825705681035
PSMG2,0,0.142096256389828,0,0,0,-0.31329739660046096
STX18,0,0.14187115725134555,0,0,0,-0.31346196755982886
PML,0,0.14174067194395248,0,0,0,-0.3135573659356994
VPS41,0,0.14159076045665397,0,0,0,-0.3136669668762064
KPNA1,0,0.14118570259809585,0,0,0,-0.31396310643867564
RAB7A,0,0.14116294182772943,0,0,0,-0.31397974693690417
PRPF40B,0,0.141152964656157,0,0,0,-0.3139870412904433
RFC1,0,0.1410036121121809,0,0,0,-0.3140962335850558
GIT2,0,0.14089788066955672,0,0,0,-0.3141735343027099
GRK3,0,0.1407600668185327,0,0,0,-0.31427429060870954
BIRC6,0,0.1405823999151563,0,0,0,-0.3144041836546523
AC025682.1,0,0.140272286257498,0,0,0,-0.31463090909881875
NUDT3,0,0.140152099685194,0,0,0,-0.31471877802466425
IFT43,0,0.139943918549869,0,0,0,-0.31487098015832715
HOOK3,0,0.13987582798617726,0,0,0,-0.31492076146564896
EZH1,0,0.1398006506788474,0,0,0,-0.3149757239220732
STOX1,0,0.139562585001384,0,0,0,-0.31514977477449685
HSDL2,0,0.139394404482938,0,0,0,-0.31527273228314945
PIAS1,0,0.13912180491073556,0,0,0,-0.31547203101624577
WDR11,0,0.138941103417338,0,0,0,-0.31560414266415404
MAP2K5,0,0.13550951989213522,0.09749682053153916,0,0,-0.31567686249906374
PTPRC,0,0.1384461086829818,0,0,0,-0.3159660354677616
STXBP4,0,0.138162160796905,0,0,0,-0.31617363100249873
SH2D3C,0,0.13783827192589393,0,0,0,-0.3164104275650721
C11orf96,0,0.13777095282780116,0,0,0,-0.31645964485053835
GIGYF2,0,0.13775596805725096,0,0,0,-0.3164706002814742
ITGA10,0,0.13743113525224515,0,0,0,-0.31670808695829744
COTL1,0,0.1373534247697848,0,0,0,-0.3167649014300793
ATXN7L1,0,0.13731080701833298,0,0,0,-0.31679605945356093
LRRC37B,0,0.137274164951747,0,0,0,-0.31682284862784177
STON2,0,0.13723606371007,0,0,0,-0.3168507046113794
CACUL1,0,0.13715055410631588,0,0,0,-0.3169132210546668
FAM189A2,0,0.13711960129064,0,0,0,-0.3169358507928579
ZNF431,0,0.13707310169549936,0,0,0,-0.3169698468491472
GNAO1,0,0.136484140806862,0,0,0,-0.31740043871692003
COL1A2,0,0.1362000430894174,0,0,0,-0.31760814379402197
PACRG,0,0.136126308425712,0,0,0,-0.31766205152741656
PTPN11,0,0.1356314780642185,0,0,0,-0.3180238241573091
THADA,0,0.12127565779450503,0.41778896565879486,0,0,-0.31808025067637613
EFCAB13,0,0.1355291060650696,0,0,0,-0.3180986687712242
YTHDC1,0,0.1354952718001486,0,0,0,-0.31812340514949333
SEC31A,0,0.1319103511306462,0.10213159267759464,0,0,-0.31819242268125447
USP24,0,0.1353325957597112,0,0,0,-0.31824233831032833
SLC25A27,0,0.135067169496115,0,0,0,-0.3184363926062974
PRMT2,0,0.13504524151634348,0,0,0,-0.31845242424769915
RNF38,0,0.1349857371362908,0,0,0,-0.3184959281588109
PPP2R1B,0,0.13482806464017866,0,0,0,-0.3186112032066233
DPY19L3,0,0.134675338796323,0,0,0,-0.31872286173545217
UBASH3B,0,0.13457076886170474,0,0,0,-0.31879931326955036
UVRAG,0,0.1344035299327344,0,0,0,-0.3189215823780412
MOB1B,0,0.134401764046029,0,0,0,-0.31892287342549347
ANO10,0,0.1343934385591702,0,0,0,-0.3189289602251534
DMXL1,0,0.134094310639053,0,0,0,-0.3191476539488134
SLC39A12,0,0.133953476424487,0,0,0,-0.3192506184557378
CCNT2,0,0.13393586739856794,0,0,0,-0.3192634924911898
IFT172,0,0.133887259778718,0,0,0,-0.3192990297335143
DTNBP1,0,0.1338067914741588,0,0,0,-0.31935786046102976
MYO5C,0,0.1335009654135184,0,0,0,-0.31958145122436454
DCP2,0,0.13342606313259514,0,0,0,-0.31963621260778646
BIN2,0,0.13338253957040982,0,0,0,-0.31966803287343576
PMEPA1,0,0.13336056096144033,0,0,0,-0.31968410153006444
SOS2,0,0.13335911889819954,0,0,0,-0.319685155828773
MPP2,0,0.13334697259118727,0,0,0,-0.31969403604666835
RBL2,0,0.1326706615151525,0,0,0,-0.3201884900164371
HERC1,0,0.1324679713269963,0,0,0,-0.3203366776947383
ADARB1,0,0.13225869691623152,0,0,0,-0.3204896791268313
APPBP2,0,0.13224293757176825,0,0,0,-0.3205012008521245
ERI3,0,0.13187622202185748,0,0,0,-0.3207693081859455
INTS3,0,0.131386724140309,0,0,0,-0.32112718221655295
ZNF423,0,0.13108154326658128,0,0,0,-0.3213503012809292
ECPAS,0,0.13099268340975795,0,0,0,-0.32141526710880974
SLAIN2,0,0.13080292710217528,0,0,0,-0.32155399877075885
SLC25A18,0,0.130672752047314,0,0,0,-0.3216491703196538
LRRC3B,0,0.130602056171125,0,0,0,-0.3217008563822758
SERPINB9,0,0.13051496207247604,0,0,0,-0.3217645312566737
EHMT1,0,0.13034342413195754,0,0,0,-0.3218899433912089
PAFAH1B2,0,0.1301455310128583,0,0,0,-0.32203462391145443
PLXND1,0,0.13014433280544166,0,0,0,-0.3220354999261092
NFE2L2,0,0.13008080036450115,0,0,0,-0.3220819487700588
ADGRA3,0,0.129906019604737,0,0,0,-0.32220973174385137
ACIN1,0,0.12972326874495932,0,0,0,-0.3223433416924353
HDAC8,0,0.1294815113755053,0,0,0,-0.32252009155693284
ANPEP,0,0.1294262420343261,0,0,0,-0.3225604992127009
CAMSAP2,0,0.1293365575841239,0,0,0,-0.32262606790438786
IFITM2,0,0.12917013635178343,0,0,0,-0.3227477391913155
ARMC8,0,0.12430820872560512,0.12702641660478212,0,0,-0.3231283420559001
CD2AP,0,0.1285546127352526,0,0,0,-0.32319775118500405
CRTC1,0,0.128387211279834,0,0,0,-0.3233201391172883
OXSR1,0,0.1283548215503521,0,0,0,-0.32334381938941387
NAT8L,0,0.128334359257947,0,0,0,-0.32335877946040603
NOTCH1,0,0.12818095888430658,0,0,0,-0.32347093114089487
PKIG,0,0.1279436930291981,0,0,0,-0.3236443972397155
GRK4,0,0.127852260870975,0,0,0,-0.3237112436883394
MINDY2,0,0.1277188241678362,0,0,0,-0.3238087998424788
JARID2,0,0.12742867170380356,0,0,0,-0.3240209315711506
PCSK5,0,0.12723162913639396,0,0,0,-0.32416499024935574
PHIP,0,0.12719275564430876,0,0,0,-0.3241934108285262
LAMC3,0,0.12717467146657113,0,0,0,-0.3242066322495397
VPS54,0,0.12708681304208114,0,0,0,-0.32427086592588494
OLA1,0,0.12424350852832086,0.08181086299236544,0,0,-0.32430543305387693
PCCB,0,0.1269818112984396,0,0,0,-0.32434763315743853
SNAP91,0,0.126630548195225,0,0,0,-0.32460444314025894
ZC3HAV1,0,0.12653863245966218,0,0,0,-0.3246716431343796
SETD2,0,0.1265130969844892,0,0,0,-0.3246903122313626
BTBD7,0,0.12643314152187046,0,0,0,-0.3247487680179044
ZYG11B,0,0.1259951639533688,0,0,0,-0.3250689753235203
STAU1,0,0.12574200446950992,0,0,0,-0.32525406132346063
NUP160,0,0.125693788888126,0,0,0,-0.32528931194475724
KIF3A,0,0.10608603356753712,0.5668110366014839,0,0,-0.32546187818512107
FAM204A,0,0.125396598956873,0,0,0,-0.3255065887963281
KYNU,0,0.1250625729347954,0,0,0,-0.3257507966741447
MLKL,0,0.12495039505875068,0,0,0,-0.32583281040731576
TMC6,0,0.12479508944999612,0,0,0,-0.3259463550134847
REEP3,0,0.12479234162676149,0,0,0,-0.32594836395900506
SPTBN4,0,0.124572804922221,0,0,0,-0.3261088681987203
SLC30A9,0,0.12414599197904302,0,0,0,-0.32642091299819387
SDC2,0,0.123900213617493,0,0,0,-0.32660060262750495
ABI1,0,0.12371256760177399,0,0,0,-0.3267377914458924
MTMR3,0,0.12118722111332947,0.07232887478914653,0,0,-0.32677682186781953
FAM19A1,0,0.12346606338886,0,0,0,-0.32691801174829327
PPARGC1B,0,0.12323432237332987,0,0,0,-0.32708743861286405
HEPH,0,0.123146248549595,0,0,0,-0.3271518297685343
CHFR,0,0.122945700904342,0,0,0,-0.3272984510243985
IPO9,0,0.12092963111344857,0.05727598640723608,0,0,-0.3273412693526522
STX3,0,0.12282243594213602,0,0,0,-0.327388570574493
MYOM1,0,0.12276514507365,0,0,0,-0.3274304561776691
BAZ2A,0,0.12275662637331076,0,0,0,-0.32743668423654504
RGS10,0,0.1227516153422522,0,0,0,-0.32744034782315085
LRSAM1,0,0.122560659181884,0,0,0,-0.327579956702691
ZNF420,0,0.1224323789418105,0,0,0,-0.32767374294425183
YTHDC2,0,0.12189600026787238,0,0,0,-0.32806589172611555
LONRF2,0,0.121427261803444,0,0,0,-0.3284085884565592
GLI3,0,0.12140363533917,0,0,0,-0.32842586186736944
NEURL1B,0,0.12137476753733788,0,0,0,-0.3284469672428692
B4GALNT4,0,0.121158522903921,0,0,0,-0.3286050646350649
NPRL3,0,0.121118085863612,0,0,0,-0.32863462833114354
NR2F2,0,0.1209394288634318,0,0,0,-0.3287652452411666
PAN3,0,0.12087483119324503,0,0,0,-0.32881247287885207
PTPRF,0,0.12077315517344812,0,0,0,-0.32888680865923536
ADCY5,0,0.12071257127822577,0,0,0,-0.32893110180858365
KCNB1,0,0.12044343649833,0,0,0,-0.3291278674169521
TMC7,0,0.12027170862140112,0,0,0,-0.3292534184148232
ANKRD36B,0,0.12025043594573352,0,0,0,-0.32926897096054386
EYA2,0,0.120170910413035,0,0,0,-0.3293271124234507
BAZ2B,0,0.11987964111897248,0,0,0,-0.3295400606714158
WDR59,0,0.11961021200496677,0,0,0,-0.3297370414687324
EIF2AK2,0,0.11942286960161712,0,0,0,-0.3298740083147958
GRAPL,0,0.11927059304284916,0,0,0,-0.32998533836934263
ASAP3,0,0.119135438105242,0,0,0,-0.33008415073217645
TMEM44,0,0.11903405428415165,0,0,0,-0.3301582728848142
SYTL3,0,0.11893438447119851,0,0,0,-0.33023114191864655
USP33,0,0.1185177007998437,0,0,0,-0.33053578116342597
CDK13,0,0.11850303139329943,0,0,0,-0.3305465060303652
MAP3K4,0,0.11839771033503066,0,0,0,-0.3306235067142318
UBAP1L,0,0.11827790392975827,0,0,0,-0.33071109769830664
AQP4-AS1,0,0.118235889243936,0,0,0,-0.3307418148178831
NR1H3,0,0.11822981131483697,0,0,0,-0.33074625841828753
ATN1,0,0.118215677701391,0,0,0,-0.3307565915645617
CUL3,0,0.11813867328775897,0,0,0,-0.3308128898263517
FGD6,0,0.1181204284002012,0,0,0,-0.3308262287430138
ABHD12,0,0.11746445575538528,0,0,0,-0.3313058131972425
COA1,0,0.11738559299918225,0,0,0,-0.3313634701013703
SMARCAD1,0,0.11715534451280994,0,0,0,-0.3315318057713811
GGA2,0,0.11674098897386,0,0,0,-0.3318347429084315
ERCC6L2,0,0.1165866855034976,0,0,0,-0.33194755484686234
PSMD1,0,0.11656738643818515,0,0,0,-0.33196166447746683
EML4,0,0.11656009989892284,0,0,0,-0.33196699169801935
DHX32,0,0.116509295458894,0,0,0,-0.33200413504513326
EPSTI1,0,0.11643469820549301,0,0,0,-0.33205867342160666
CHIC1,0,0.11626396775185914,0,0,0,-0.33218349519896784
SOX9,0,0.11604002781062,0,0,0,-0.33234721866418837
CD58,0,0.11591715847520692,0,0,0,-0.3324370489698135
BRINP1,0,0.115849226964172,0,0,0,-0.3324867139930459
ZNF106,0,0.11583853675633005,0,0,0,-0.3324945296505036
USP14,0,0.11570801380044562,0,0,0,-0.33258995555134996
UBR3,0,0.1153302620232124,0,0,0,-0.33286613151897604
NIFK-AS1,0,0.115226935461013,0,0,0,-0.33294167401808994
TSPAN3,0,0.115218993001532,0,0,0,-0.33294748078476766
ODF2L,0,0.11501447492075688,0,0,0,-0.3330970048433142
SHROOM1,0,0.11492875854520662,0,0,0,-0.3331596724583613
FBXL17,0,0.11491106830825014,0,0,0,-0.33317260586755604
OLFM2,0,0.114893309221946,0,0,0,-0.3331855896128083
DNASE1,0,0.114776173819042,0,0,0,-0.3332712278154324
CSF2RA,0,0.11456160175994756,0,0,0,-0.3334281023812649
EPHA4,0,0.11404437991547464,0,0,0,-0.33380624552177085
ZNF407,0,0.11384573477745275,0,0,0,-0.3339514758463221
PLXDC1,0,0.11356448107693408,0,0,0,-0.33415710165027757
MAL,0,0.11345137863976971,0,0,0,-0.3342397913341052
DCTN4,0,0.11331772047446162,0,0,0,-0.33433750940019996
OSTF1,0,0.11330433471464192,0,0,0,-0.3343472957874347
RIN3,0,0.11311758587993248,0,0,0,-0.3344838286728831
TNRC6B,0,0.11303505074127784,0,0,0,-0.33454417047179685
MAP3K13,0,0.11303113122588472,0,0,0,-0.33454703604655134
WDFY3,0,0.112943666383284,0,0,0,-0.33461098197346517
SMAD5,0,0.1129360917104865,0,0,0,-0.33461651984969865
SF3B1,0,0.112836416903755,0,0,0,-0.33468939253450414
ZBTB4,0,0.112553930862354,0,0,0,-0.33489591930823953
CCNL2,0,0.11228550250365817,0,0,0,-0.33509216844899564
TMCC2,0,0.11222821884581746,0,0,0,-0.3351340487804376
SHROOM3,0,0.11213481599176,0,0,0,-0.3352023360133589
RNGTT,0,0.112101544824756,0,0,0,-0.3352266607082913
EXT2,0,0.1119393798898548,0,0,0,-0.33534522019764534
SMARCC1,0,0.111914157841893,0,0,0,-0.3353636601466309
AK4,0,0.111890044763092,0,0,0,-0.3353812893234387
AGL,0,0.111723044839968,0,0,0,-0.3355033836937155
TP53BP2,0,0.111482996323097,0,0,0,-0.3356788842086559
TGFB2,0,0.111202856077943,0,0,0,-0.33588369596055045
AC091078.1,0,0.111142049982003,0,0,0,-0.3359281515618101
KANTR,0,0.11082577168705166,0,0,0,-0.33615938399911877
CNTRL,0,0.11074921165817048,0,0,0,-0.3362153573692842
ZMYM4,0,0.11060994968864092,0,0,0,-0.3363171724010229
RHOC,0,0.11048337835506904,0,0,0,-0.33640970925360625
PPP2R3C,0,0.110276068428776,0,0,0,-0.33656127444255607
KAT2A,0,0.109859089230058,0,0,0,-0.33686612974867636
RBBP4,0,0.1098007641586615,0,0,0,-0.3369087714620993
LRP1,0,0.109654143223493,0,0,0,-0.3370159666656295
TENT4A,0,0.10944337097576189,0,0,0,-0.33717006317284437
ARAP1,0,0.10939728586258216,0,0,0,-0.33720375619956894
WNK2,0,0.108742573668509,0,0,0,-0.3376824191327764
LRCH3,0,0.10872407060102196,0,0,0,-0.337695946805908
TIMP2,0,0.1087183828960384,0,0,0,-0.33770010511176396
SDCBP,0,0.10871286486767984,0,0,0,-0.3377041393663014
H2AFY,0,0.108585073968004,0,0,0,-0.33779756784896875
CEPT1,0,0.10853815523231088,0,0,0,-0.33783187034073925
HOMER2,0,0.10825329034154,0,0,0,-0.33804013630159735
FMN2,0,0.108107812989011,0,0,0,-0.338146495426885
PPM1F,0,0.10763181773694828,0,0,0,-0.33849449762633643
BCAR3,0,0.107601608701046,0,0,0,-0.3385165835838996
ARL8A,0,0.10739959747859884,0,0,0,-0.33866427486741735
ATP2B2,0,0.107088178988142,0,0,0,-0.338891954280519
AC010615.4,0,0.106654961447926,0,0,0,-0.3392086815087483
TUBGCP3,0,0.106213613562568,0,0,0,-0.3395313528676793
FUT10,0,0.105947008395815,0,0,0,-0.3397262690648748
TAX1BP1,0,0.10581837667649407,0,0,0,-0.3398203122744424
TRNAU1AP,0,0.105269027998973,0,0,0,-0.3402219434823476
GATA2-AS1,0,0.10518325346356933,0,0,0,-0.3402846536183165
ATG4B,0,0.10483820083721376,0,0,0,-0.34053692309448846
HADHA,0,0.104743308268989,0,0,0,-0.34060629946391807
USP48,0,0.10371680819547907,0,0,0,-0.3413567781331285
GRAMD1C,0,0.103713172235246,0,0,0,-0.34135943639947197
PRDM16,0,0.103565885446355,0,0,0,-0.3414671184115553
AMOT,0,0.10348851487916,0,0,0,-0.34152368436980796
EPS15,0,0.10269912662837599,0,0,0,-0.34210080955394273
UBXN2A,0,0.102559939496638,0,0,0,-0.3422025698714464
LIMCH1,0,0.102332916523077,0,0,0,-0.34236854735500927
CDC16,0,0.102064741822401,0,0,0,-0.34256461104528363
ZNF780B,0,0.10132389803906748,0,0,0,-0.3431062451580878
RAB11A,0,0.10125539283232876,0,0,0,-0.34315632961274495
BCAP29,0,0.10109179912949262,0,0,0,-0.34327593368055165
PLPP3,0,0.100450055321951,0,0,0,-0.34374511536995095
ZNF397,0,0.100343382458059,0,0,0,-0.34382310436478924
