gene,cell_type_breadth,mean_abs_log2FC,mean_neg_log10_padj,ppi_degree,CTPS_raw,Consensus_Score
ADAMTS9,5,2.5839853899045604,171.6443855323383,16,8.5776406785635,100
PDE10A,5,1.6934256511785646,62.5875214342459,15,5.149121838325394,65.56
AC092957.1,1,2.2437060202772723,143.15163422799824,0,4.936719891648675,63.43
FLT1,5,1.4586023130188608,70.59452552350209,14,4.934988927158448,63.41
NEAT1,5,0.55521831728724,85.24395308805404,17,4.818486165692029,62.24
SLC6A17,1,2.0229971781279343,114.12664340916656,0,4.081734733629047,54.84
MALAT1,5,0.43161799370670056,77.89876508621383,14,4.069840228496583,54.72
AFF3,4,1.3548244726810004,44.63673958980054,13,4.058879325479097,54.61
ARRDC3,1,1.663199755601804,125.45711475488926,0,3.9704530786084646,53.73
PCBP3,4,2.1736912404384383,93.88677602456605,0,3.9395076835597234,53.42
NAMPT,5,1.3405231134418618,36.38201786491835,13,3.9140901709606286,53.16
ELL2,4,1.4064616610322835,117.21528361263348,0,3.684005767931879,50.85
ARHGAP29,4,0.867246491716139,26.316917561378904,16,3.636347818287856,50.37
ATP1B3,4,1.1975543923173475,49.108661434839135,10,3.5350532349371626,49.35
SLC44A1,5,0.6628446362890001,19.444943547914235,17,3.4869766107655438,48.87
ADAMTS9-AS2,4,0.7049864297954269,18.526279095415042,17,3.4589423974909446,48.59
KCNE4,1,1.6052192099694642,101.82530253885794,0,3.3958027185841977,47.95
ESYT2,5,0.714247233694057,24.622964865676153,15,3.341727492605636,47.41
BACE2,2,1.2784423755173753,110.81716951892358,0,3.316332597052371,47.16
ADAMTS4,1,2.555210970593813,48.07717182612664,0,3.16846560384176,45.67
BSG,4,0.7713197788748463,22.320713971990987,14,3.1434461188566445,45.42
CAMK2D,4,0.4309997202685146,15.21307408795259,17,3.113062701313912,45.11
CHSY1,4,0.7565494011910296,22.376167063268962,13,2.9750280897260537,43.73
CADPS2,4,0.7543012289683156,21.307050266877688,13,2.949404709437541,43.47
TRPC4,1,1.378412957781034,91.2750465923863,0,2.9387445006919357,43.36
CP,2,1.176296765828997,95.28620903014941,0,2.8747598671713224,42.72
HIF1A-AS2,3,1.653740186320035,70.47292625409894,0,2.8585997381368373,42.56
TCAF2,1,1.275483346027763,81.34653828179023,0,2.618905726666738,40.15
CRISPLD2,1,1.1001008182634775,87.87705200813751,0,2.586694028455668,39.83
CALD1,5,0.882916915256353,30.417638427241876,8,2.5525374803308134,39.48
PITPNC1,5,1.0428647304671814,78.76766549495102,0,2.530368002716064,39.26
NCALD,2,1.5324713698419379,60.630636676818064,0,2.4723447920911585,38.68
STAC,1,1.8465615111689124,45.06944322383526,0,2.3954939204506873,37.91
YBX3,4,1.3253623518483186,61.94902892280799,0,2.3944911364140835,37.9
ABCG2,1,0.9074205188097846,85.93696789324017,0,2.3519820488836976,37.47
SMAD7,1,1.2707049917807742,66.61270111835894,0,2.291932541715186,36.87
SLC2A3,3,1.4693826384320616,52.42357499033493,0,2.279910462879687,36.75
ADAMTS1,2,1.4200886100615153,53.04597438210204,0,2.1943282678957368,35.89
C11orf96,1,1.4035057691173582,55.309518814746504,0,2.177279368859007,35.72
LPL,1,1.476535632765851,51.37068398345353,0,2.1640238199957547,35.58
MT1M,1,1.48165305534078,49.963710601660765,0,2.138362580462207,35.32
AL356258.1,1,1.9538903953769255,26.028750704141483,0,2.086214503631335,34.8
ADGRD1,1,1.0423769643121672,66.24742839198602,0,2.0560843833686793,34.5
CD44,2,1.2740656014186929,51.007217041191566,0,2.004020171646354,33.98
MT1X,1,1.3205293822597213,50.87881710969764,0,1.997580867622876,33.91
P4HA1,5,0.7389107594185493,24.755570760222728,6,1.9752251501387872,33.69
GABRE,1,1.5532360050801897,38.91762039494852,0,1.9682391762409452,33.62
EMCN,1,0.8960179174942575,68.47270108094612,0,1.9586882130992787,33.52
AL355974.2,1,1.395014766016906,45.36175029168786,0,1.9512645368567727,33.45
PLOD2,3,1.1334670977140688,52.50928489795579,0,1.9465574507012162,33.4
ACER2,1,0.8302027564227774,70.88937260257121,0,1.9458564927314332,33.39
SVEP1,1,1.270582024783061,50.24734427756391,0,1.9339265728371127,33.27
F13A1,1,2.277662263830467,3.8211734018176973,0,1.9236801153610124,33.17
CEBPD,2,1.2627999387624833,47.77323368806143,0,1.922055728508041,33.15
OSMR,3,1.1318417120058057,51.191652558303105,0,1.9161209576154188,33.09
GRIA4,1,1.047249250729524,59.18743008600262,0,1.9065562159573821,33
GLUL,2,1.169940945710322,51.05280296113878,0,1.9011057261342437,32.94
IL4R,1,0.9475793531683208,63.48691045708336,0,1.9011130294542335,32.94
F3,1,1.214854238558262,50.16433970213296,0,1.8764977842821766,32.69
EDN1,1,1.0941383061883063,55.52270057153424,0,1.8732076433106777,32.66
IGFBP4,1,1.7304223346411411,25.10060215372946,0,1.84290719316253,32.36
ATP1A1,1,1.005723199272909,57.983424659320114,0,1.8387856345918652,32.32
RNF152,3,1.1338954545970554,47.227621429017155,0,1.8314836961378584,32.24
EPAS1,3,1.3224971377986643,37.08168115545002,0,1.7978240759185589,31.9
MT-ND4,3,0.9264616943339412,55.062586184086655,0,1.7958126131143397,31.88
PHLDA1,1,1.6005603472981376,28.715725095747775,0,1.792368008119361,31.85
SLCO4A1,1,0.6307355120833025,72.88005649375985,0,1.7903308598970475,31.83
OSMR-AS1,2,1.2245413470987032,43.323626862469574,0,1.7865699848230432,31.79
GPR85,1,1.343416533178578,39.92072550603899,0,1.7807858120613373,31.73
AL138828.1,1,1.6465267394419525,26.07678011511002,0,1.7805308715319956,31.73
SLC6A1-AS1,1,1.0203998158753609,54.416766618548444,0,1.775435277883417,31.68
COL4A2,2,1.1936758337246423,43.93999809014258,0,1.7692467241168974,31.62
CDH6,1,0.990087330267464,55.172832736392316,0,1.761718807867346,31.54
DEPP1,1,0.8787271890249151,60.019933513835305,0,1.7565848790980663,31.49
VWF,4,1.1273416315287816,41.52156179163925,0,1.750161224688834,31.43
IL18R1,2,1.4975506632829436,27.81903922790262,0,1.71996032640376,31.12
ERO1A,1,0.9478206332082284,54.842413712744715,0,1.7123129862841606,31.05
ZFYVE28,2,0.9638759478446228,50.79022074034799,0,1.6897206581216468,30.82
PDE7B,4,1.1030154139087458,38.08253729390754,0,1.6506790736319954,30.43
FOSL2,3,1.270219934273826,32.631900998246294,0,1.6483446500202459,30.4
DCC,1,1.3292942201345344,33.47658745546002,0,1.6257698036344699,30.18
COL4A1,2,0.9648447085718062,46.840963826793875,0,1.604323725229909,29.96
SLC39A10,1,0.6032667565685179,63.57723139820067,0,1.5594810002248114,29.51
SNTG2,1,0.9729204392075717,45.65067834561569,0,1.5363533385916635,29.28
ZNF385B,2,1.1024970093049784,37.3217410631142,0,1.5335243773681726,29.25
COL21A1,1,0.8710901471387349,49.079844609954705,0,1.509721855297886,29.01
OPCML,1,1.5072670372593029,19.606340902484224,0,1.5000586817975738,28.91
ANKRD37,1,0.9532301245948244,44.747626748661396,0,1.4969551207853937,28.88
AMOTL2,1,1.463853471169824,21.15387709693743,0,1.490576111599993,28.82
KLHL29,1,1.0755306994766909,38.37393543598691,0,1.4796230623375866,28.71
AK5,2,0.93304315268986,42.3015324962901,0,1.4733174755316316,28.65
SULT1B1,1,1.22068761405757,31.365066161941318,0,1.4712102273023568,28.62
CERK,1,1.005976052649779,39.33041213508801,0,1.4311274745993796,28.22
IGFBP3,1,1.0399430736827184,37.73054695610533,0,1.4300385047701094,28.21
SLC26A2,1,0.7658695224698593,49.94109017976583,0,1.4235508119983562,28.15
MYOF,2,0.9329079528959366,39.43518558798782,0,1.4105002923819145,28.01
GPX3,1,1.1523335411394655,30.966349672742254,0,1.3942769229522363,27.85
GALNT18,4,0.8714088083584193,36.546226431956484,0,1.3859503892338274,27.77
SGIP1,3,0.8305738723861616,40.40597807464435,0,1.3796054892053207,27.7
CLDN5,3,1.160343965994142,25.048251659780504,0,1.3728519333030949,27.64
ATP10A,3,1.0903423208122216,28.207605099161643,0,1.3720835294255007,27.63
SULF2,1,0.7626418986550876,47.66973094334917,0,1.3706589354304406,27.61
GRID2,2,0.6749512382261607,49.15425526882128,0,1.365612016756232,27.56
THSD4,3,1.2609524587887597,19.988826827301487,0,1.3626130651901605,27.53
TSHZ2,1,0.6216044139739054,53.49901679475897,0,1.3573872247173158,27.48
RNF144B,2,0.9138983290240327,37.795851202128496,0,1.3556800854342237,27.46
PECAM1,1,0.5377033642846127,57.182703625940334,0,1.3542141952395441,27.45
HEYL,1,1.006012832563044,35.60033422009596,0,1.3495935520035152,27.4
MT2A,4,1.0774682899425652,24.92883734309992,0,1.337534652428704,27.28
CTNND2,2,0.6699332530128908,47.706259912731625,0,1.3289390513366133,27.2
KIRREL3,3,0.8567088232033208,36.90316379583905,0,1.329086149216339,27.2
LRAT,1,1.145243411311563,27.34494395284309,0,1.3080071725636382,26.98
AKAP12,2,0.8251406892683911,39.59190637344115,0,1.3063810370858289,26.97
CYSLTR2,1,0.9381887569742544,36.65685785874931,0,1.3050128509530385,26.95
MOBP,3,0.9532561272898546,31.25997638177497,0,1.3020284916341505,26.92
ENPEP,1,0.7217182328974703,45.89200689235839,0,1.2909432293869723,26.81
MT-ATP6,2,0.7972430925866282,39.854178944855406,0,1.2842760614194644,26.75
HSPA1B,4,1.240700943820371,14.750132177322985,0,1.2778414628297212,26.68
RBM20,2,1.0085610563332361,29.91106530953385,0,1.2777216652950865,26.68
SOCS3,1,0.8964583034421796,37.00503251076074,0,1.2709818942532123,26.61
RGL3,1,0.9109237778949106,36.009034340943394,0,1.2636369024441374,26.54
ELOVL7,4,0.9151675440936502,28.30202205620897,0,1.2493323781833559,26.4
ARHGEF3,1,0.7914251920152453,40.52088060177864,0,1.2430497412696526,26.33
ACSL5,1,0.7198723861129313,43.717454995004424,0,1.2415473151803191,26.32
TIPARP,2,0.9814792450454763,29.3931420816425,0,1.239369213550718,26.3
TFRC,2,1.151940701515465,21.09273301649227,0,1.2279652421423892,26.18
SRGN,3,1.1377941486029566,19.451552995192706,0,1.2279577821228982,26.18
MAP3K8,1,1.5276349241371303,6.175543294102408,0,1.226675537813881,26.17
SMOC1,1,0.9229025901426164,33.67516992717197,0,1.224553423580891,26.15
FHL5,1,1.1663095774452787,22.284189796823238,0,1.2183598671446778,26.08
TPST1,2,0.6913364734198085,41.31259791584969,0,1.2104796224196221,26.01
BNIP3L,4,0.8169650292334342,23.647627107028033,1,1.2044377211007748,25.94
CNTNAP4,2,0.9112749969751848,30.9209139684904,0,1.2027186351327197,25.93
KIF5C,2,0.9332061724036599,29.868183453883873,0,1.201583406780748,25.92
PDK1,2,1.1369704249177575,20.552469393764312,0,1.2012109645798805,25.91
DUSP6,1,0.8999529464224214,33.57656176116363,0,1.199494399811792,25.89
EMP1,2,0.9622842142684268,28.322911419420713,0,1.1968093355690375,25.87
MT-CO3,4,0.6408540205485278,38.29082505755748,0,1.194019425155069,25.84
UTY,4,0.6675645329863893,36.74804126947409,0,1.1869370887344761,25.77
CNTN1,2,0.7803443522676561,35.95669298584639,0,1.1821803779223854,25.72
SLC16A12,1,1.2413528488434185,17.169369428825462,0,1.1813967448269578,25.71
IGFBP5,1,1.187240240213228,19.575535739922493,0,1.1800138701620602,25.7
IFITM3,4,0.9968345866036563,21.203095687004023,0,1.1755903441114217,25.65
SOCS6,1,1.4604729952606632,6.85020927382961,0,1.174405032265242,25.64
RND3,1,1.2600235779098925,15.981165353390129,0,1.1740451673971923,25.64
GALNT17,1,0.8157754438452562,36.10636529547459,0,1.170811966895889,25.61
THSD7A,1,1.5101460295085705,3.2991205107651753,0,1.14631986988117,25.36
PLA2R1,1,1.07702292665814,22.845358685066444,0,1.1415279734630444,25.31
CNTN6,1,1.2244646467980411,15.613430040044632,0,1.1305173240073967,25.2
DCLK1,2,0.8021868574664631,32.24926736499828,0,1.1229028750842824,25.13
ABCD3,1,0.7944603930181013,34.63156289563867,0,1.117289098229556,25.07
ANO2,2,0.9620331275707107,24.64006018067763,0,1.1160209053227677,25.06
FKBP5,3,0.5086920441948254,42.8010923143453,0,1.1107602869651478,25
EMP2,1,0.613372224147551,42.335342444392474,0,1.105040828797654,24.95
DACH1,2,0.7320428432307191,34.26596287065544,0,1.0970043570065195,24.87
LINC00511,1,0.7947813001462851,33.51797994244444,0,1.0932571327684142,24.83
ABCC9,1,0.7130167965357338,37.24346295596241,0,1.0931302854931069,24.83
AC002546.1,1,0.9828001286744898,24.907922435043663,0,1.0926030647205542,24.82
POU6F2,1,1.0853394915548031,19.899131630022893,0,1.0853983932260078,24.75
CEMIP2,1,1.3800714771730365,5.922913312892466,0,1.0738898067695364,24.63
TACC1,4,0.8432471772460286,23.463914350740602,0,1.0717579517539326,24.61
PLSCR1,4,0.8313042616498506,23.94985674827033,0,1.0704662593082737,24.6
TRIO,3,0.5282623207327016,39.73475664970434,0,1.0632347863380187,24.53
NCAM2,4,0.7250997033826112,28.28074767492279,0,1.0591886965842865,24.49
SVIL,4,0.8793262930128722,21.0283281092931,0,1.0545009138618497,24.44
AL136531.2,1,0.6349502457749099,38.80053904286096,0,1.0492743463209662,24.39
ATP7B,1,0.7480063632441966,33.663014680069,0,1.049749693864114,24.39
ASRGL1,1,0.7626379530564433,32.66569679345261,0,1.0425416170707287,24.32
RNF24,3,0.8352510563532983,24.64134902565684,0,1.0395267591850523,24.29
SLCO1A2,3,0.9847593849166311,17.129234473214222,0,1.0244512824438332,24.14
KLF2,1,0.7859018857740516,30.360559248563458,0,1.0153483477477923,24.05
CDH8,1,1.0914060727141162,16.266574407355414,0,1.012014534590593,24.01
SH3PXD2B,2,0.7843771252471801,27.785737094797398,0,1.007519614306995,23.97
DUSP5,1,0.6710256541169906,35.117125095445985,0,1.0047256830172908,23.94
NKAIN2,4,0.6886170192061085,27.353960597694588,0,1.002513456324219,23.92
UPP1,1,0.7855288685244427,29.822336504291002,0,1.0032060545594637,23.92
HIF1A,4,0.7944830139694308,22.48310042412257,0,1.0016449158989449,23.91
BCL6,3,0.7894574423541734,24.84933694344071,0,0.9983753145363935,23.87
MTHFD1L,1,0.7604049953260696,30.603795435432612,0,0.9952228657487107,23.84
SLC6A1,1,0.598394265952727,37.91848906604703,0,0.9935042868804268,23.83
TTTY14,3,0.7401911686350302,26.664727230963436,0,0.9889095526927789,23.78
GALNT15,3,0.7226806245780562,27.353202330383777,0,0.9864906930685755,23.76
PLP1,2,1.0552860484732238,14.453516072466975,0,0.9863199265005216,23.75
ANKRD33B,1,0.8562027826773003,25.624315165953274,0,0.9819314031590027,23.71
AF165147.1,2,0.7831786708465577,26.54297379961315,0,0.9791464398915067,23.68
SLC7A5,2,1.051656616467116,14.110286931153158,0,0.9751920772133902,23.64
PGK1,2,0.8785696795495352,21.936731010356947,0,0.9736111176543607,23.63
MT-CO2,2,0.7031518331111548,29.262048134753275,0,0.9587452072832761,23.48
TNFRSF21,1,0.9454713298458374,20.377410546855838,0,0.9562759492475198,23.45
FRZB,1,1.2058037331468126,8.337058448361265,0,0.9527724438646817,23.42
SLC5A11,1,0.5988904243819482,35.851978561484586,0,0.9488082661378235,23.38
LEF1,3,0.8548831781227466,19.488427998689726,0,0.9464328105048767,23.35
CADPS,1,0.9376638999209584,20.216777638371852,0,0.9449717388041987,23.34
CPB2-AS1,1,0.6573873303621718,33.01552966927601,0,0.945156888462353,23.34
HSPB1,4,0.9793822975484608,11.324414916682764,0,0.9421434200104365,23.31
RPGR,2,0.5511295361183175,35.42401405438458,0,0.9417863511832645,23.31
JUNB,2,0.8045748642828905,23.733843434711055,0,0.9390677693664963,23.28
ADAMTSL3,1,0.7567211262779394,28.133177923901144,0,0.9375182301494133,23.26
STAT3,4,0.63021269431399,27.051933456622685,0,0.9376239517446375,23.26
SORBS2,4,0.823653072602878,18.082694054230913,0,0.9345256129996496,23.23
RNMT,1,0.9807414064548536,17.56985275128198,0,0.930077127766887,23.19
NTRK3,2,0.6337232873522327,30.865031614326963,0,0.9245134949705034,23.13
IL1RAPL1,5,0.649102496935166,23.08539838713927,0,0.9197335010033919,23.09
SLC24A2,3,0.6521188210082509,27.493227333440682,0,0.9191355653785953,23.08
KLF9,4,0.6659002991801467,24.539371457343695,0,0.9182928726902978,23.07
MECOM,3,0.6779125035741109,26.19584028168167,0,0.9165046976653024,23.05
XIST,3,0.5294406191729025,32.86228897813156,0,0.9141211833057405,23.03
GJA4,1,0.9846964147641776,16.64681151879244,0,0.913838650156967,23.03
PLEKHG1,3,0.9070307339477789,15.567117250975773,0,0.9127209583783856,23.01
KSR1,1,0.8644449317529053,21.945039163807174,0,0.9096969929809716,22.98
MT-ND1,2,0.7835748648829831,23.209913117625256,0,0.9066533045250484,22.95
TTLL7,3,0.757323877129249,22.10320329880677,0,0.9062541864559488,22.95
FRAS1,1,0.758254034290469,26.506850380626982,0,0.9034829074269305,22.92
PFKP,1,0.9074234386287584,18.8895068570658,0,0.8857680174755295,22.74
PLSCR4,1,0.4032738170064355,41.73648381239127,0,0.8822768065563587,22.71
MAP2K6,1,0.866970130908191,20.304865264428415,0,0.8763491316016664,22.65
PDE4D,3,0.6237677813332791,26.787943215669937,0,0.8754192131323257,22.64
COL4A4,1,0.6982610239010394,27.96194622425285,0,0.8754333420696467,22.64
CRIM1,5,0.711967081925332,17.433200078462665,0,0.8588650772315064,22.47
EBF1,4,0.5470724746820829,27.158086653872765,0,0.8569754572638751,22.45
MT-ND2,2,0.6770697029089671,25.73296728248989,0,0.8555413576622732,22.44
PRPSAP1,1,1.0667784019419695,10.106899868458498,0,0.8527354368481441,22.41
FAM13A,2,0.7328153469401314,22.938951441697323,0,0.8500722951531862,22.39
NXN,3,0.7227872875126996,20.921242926153877,0,0.8459408363498238,22.34
MRVI1,1,0.6881543234583046,26.973470375167793,0,0.8437310174158006,22.32
PTPRG,4,0.454140766374851,30.76283952964812,0,0.8430641155091615,22.31
CCM2L,1,0.9572327024146694,14.532852594103863,0,0.8402024220320421,22.29
ABCB1,3,0.6201431163321773,25.081176801487594,0,0.8344778188834646,22.23
EPHA4,1,0.5935643560131743,30.888103452124046,0,0.8349413806734921,22.23
DTNA,2,0.4692141205082235,34.192624608472556,0,0.8331103087566791,22.21
ARHGAP26,3,0.5591452390792323,27.75130669506619,0,0.8319962279773152,22.2
NDRG1,2,0.5398348210979602,30.808388116600067,0,0.8295786798131104,22.18
ZIC1,3,0.7566491867995182,18.462203212290113,0,0.8259582358157994,22.14
RAPGEF4,4,0.7080180135581098,18.067635489927763,0,0.8187981512268959,22.07
SSTR2,1,0.941317861274092,14.20234461364051,0,0.8170925236193479,22.05
KCNK13,1,1.1608014519145569,4.133416699836019,0,0.8159356754290538,22.04
ST6GAL1,2,0.5931264667194467,27.616887692036165,0,0.8129683168043902,22.01
NFKBIA,1,0.5404548130258169,32.227785609985254,0,0.8112372742761347,22
SLC44A3,1,0.8644618779237256,17.260812372612833,0,0.807277621381916,21.96
CD99,2,0.7021691790978182,22.38691015054188,0,0.8074166836550065,21.96
MIR4435-2HG,2,0.6207289173082559,26.025446647880592,0,0.8057120375927336,21.94
NAXD,1,0.8796856870046236,16.172929838224345,0,0.7986800516936714,21.87
TNS1,3,0.6703039916586662,21.047819699004048,0,0.7963330881630843,21.85
A2M,2,0.5683000817357661,27.961342070931707,0,0.7957254408426261,21.84
SYNE2,4,0.7552847204972098,14.752213097264772,0,0.7934652246775377,21.82
COBLL1,3,0.5730077804954972,25.377260791606222,0,0.7939139164200264,21.82
PLXDC2,4,0.5947793329403015,21.92138215857398,0,0.7900665222627045,21.78
CACNA1C,3,0.6440652545469326,21.87775685522511,0,0.7882974579807158,21.76
SYNDIG1,2,0.7801938676721114,17.617755903411656,0,0.7809880160986752,21.69
AL138881.1,1,1.0681659528216048,6.543176967996826,0,0.776187426566848,21.64
APBB2,2,0.4515328217734553,32.279829564798916,0,0.7736355738404305,21.62
CNKSR3,1,0.4941655787785697,32.54918086682602,0,0.772071255471038,21.6
FLRT2,1,0.6665885219366707,24.399761236859202,0,0.7659266411417133,21.54
NID1,1,0.6226581282554497,26.403204018420638,0,0.7658982242832002,21.54
SLC6A13,1,0.6589016268393795,24.46175853438578,0,0.7596112725243434,21.48
IL1R1,2,0.7290097200225143,18.78553515509848,0,0.7554461285606887,21.43
GLDN,1,0.9440731686798052,10.998345367835421,0,0.7497760283634632,21.38
RBMS3,2,0.796855940722709,15.262561967779048,0,0.7461117620550919,21.34
ADAMTSL2,0,1.2128933027940505,0.7595954094201022,0,0.7441409202934101,21.32
CTDSPL,1,0.6966126934466113,21.9561907700879,0,0.7424524620540544,21.3
CPNE8,2,0.7645414886375654,16.4857216832818,0,0.7406119905126098,21.29
PLCB4,4,0.5658549855210776,21.00323040968539,0,0.7411229742224391,21.29
CFH,1,0.5414159434856021,28.9880973868981,0,0.7413498189955269,21.29
SCIN,1,1.062675917487726,5.090898435673093,0,0.7389497121507099,21.27
CA2,1,0.9056864171534237,12.201991736550239,0,0.7377896732021677,21.26
HSPA1A,4,0.832341106101989,8.525176388361762,0,0.73418876267691,21.22
LRRK1,1,1.0568309978358703,4.890057422988134,0,0.7287247067025631,21.17
SLC16A14,1,0.91100958173229,11.497852834794154,0,0.7277035803818194,21.16
RGS1,1,1.114320202220105,2.210358005773939,0,0.7274955433711953,21.15
RCAN2,1,0.636866826495042,23.965685137725902,0,0.7267733114692956,21.15
GCNT2,1,1.1265422408640455,1.545124326320928,0,0.7251449835841202,21.13
MTUS2,1,0.6660537630181343,22.51214992434174,0,0.724114044186824,21.12
NAV2,4,0.3939260809219569,27.925462498431088,0,0.7209240556086746,21.09
ANK2,2,0.558107757034299,24.94789971413944,0,0.7196550030806348,21.08
PARVB,2,0.6663284750296087,19.96722309061665,0,0.7187348578241909,21.07
CADM2,4,0.7036020782126386,13.662585084093973,0,0.7180601050610712,21.06
WWTR1,2,0.640441797026601,21.05475122283077,0,0.7166836535679659,21.05
ABCA5,1,0.6497205719111363,22.92695333488598,0,0.7168853788058379,21.05
ARHGAP44,1,0.9227034838746432,10.36747198298127,0,0.7146539676972125,21.03
IRS2,1,0.5647080818824393,26.57675854386576,0,0.7118622510406946,21
COL4A3,1,0.6497141371105966,22.708595698753115,0,0.7121038372766783,21
PDZD2,4,0.5446112479108538,20.44466864242911,0,0.7077079380534151,20.96
MRC1,1,1.0805034132944344,2.8609915209517482,0,0.707976312923187,20.96
CCDC3,2,0.7385118339157073,16.157123045695588,0,0.7074497550433706,20.95
PDLIM1,1,0.6322888440254987,23.232507659642177,0,0.7061713306390768,20.94
FAM110B,2,0.8767078978682898,9.617129721849315,0,0.7023438707634552,20.9
MKL2,3,0.6261229423436391,18.536089693864973,0,0.6973151772727508,20.85
SDC4,1,0.6426807218825425,22.3274859063866,0,0.6967505914450304,20.85
ZNF146,1,0.5893308106672033,24.705011658816836,0,0.6955025300557423,20.83
MIR99AHG,2,0.3525827306131607,33.14862835186718,0,0.6938873938747995,20.82
TBX15,1,0.7382705730343786,17.58476055895202,0,0.688429056747171,20.76
ATP1A2,1,0.41244260920139897,32.2596221255233,0,0.6841835426905535,20.72
MGAT5,3,0.5196618113564633,22.70366774931242,0,0.6822101854184935,20.7
KCNN2,1,0.8850037101861963,10.62421162059787,0,0.6826459007792479,20.7
TMEFF2,2,0.8171503145353821,11.409545267922237,0,0.6821054637033699,20.7
SESN3,3,0.7230308471003436,13.373597409813845,0,0.6811293880767871,20.69
TACC2,1,0.7875278505442213,14.964969786372134,0,0.6802949342553982,20.68
RHPN1,1,0.7683306966246751,15.805876742847419,0,0.6795263524428724,20.67
PPCDC,1,0.9079062991563543,9.434732042533707,0,0.6794896202532194,20.67
SYTL2,1,1.004023838916522,4.9898494600489,0,0.6782080211358459,20.66
SEMA3A,1,0.8508442004753408,11.961093235002638,0,0.6777917612165826,20.65
ARMH4,1,1.070503500666372,1.8459134400075563,0,0.6757988105477016,20.63
FRY,2,0.5494455013174334,23.231018107988312,0,0.6734651361993954,20.61
CDH20,3,0.5543069588544188,20.4520140605252,0,0.6675444173905986,20.55
KCNQ3,2,0.844214459228362,9.474568930995027,0,0.6667994334568441,20.54
GK,0,1.1499860536831454,0.07111210370077585,0,0.6663065603312603,20.54
SLC11A1,1,1.048956464390835,2.2562655276739996,0,0.6632696386143898,20.51
HIVEP2,4,0.5600363956383356,17.620471689444283,0,0.661340973451311,20.49
SEC14L1,4,0.6042438798771762,15.615326613423315,0,0.6616086868272987,20.49
IRAK3,3,0.5994385025529169,18.13200335866638,0,0.66184870725932,20.49
FBXO32,2,0.8229651749726867,10.171751911394816,0,0.6608399201795994,20.48
RASGRP3,1,0.7942672092141784,13.521104730842573,0,0.6554455481204255,20.43
SPATA6L,1,0.631885752022111,20.94130388172805,0,0.6556642319644768,20.43
GPM6B,2,0.7265392380827947,14.261830921635642,0,0.6540547873986651,20.42
AL354809.1,1,0.8438499621507222,11.103209300941284,0,0.6520513510640333,20.4
MBP,5,0.6375392353214517,11.323619773353506,0,0.6509833079020894,20.39
SCARA3,1,0.7635710684391419,14.738578466783038,0,0.6514364294740983,20.39
CDH10,1,0.830542296609964,11.681467247696904,0,0.6514164928469126,20.39
GPM6A,1,0.4907258960987666,27.107813736769156,0,0.6496449312442909,20.37
JAG1,2,0.5155507278457258,23.496142900252817,0,0.6454376435885618,20.33
MAN1C1,1,0.6897570991614723,17.80830468342107,0,0.6449035129189071,20.32
ACVR1,1,0.6310144504676065,20.10437103407217,0,0.6364923800028273,20.24
SPARCL1,4,0.5778576772865329,15.637088837224397,0,0.6357524458103241,20.23
CYP7B1,2,0.7514501433155988,12.293957361519826,0,0.6358805212684865,20.23
ACSL1,2,0.777357148771264,11.105945001246223,0,0.6357545876619922,20.23
INPP4B,2,0.4069616143871004,28.01638789394975,0,0.635921270828572,20.23
RELL1,1,0.6217308822747143,20.43147779710988,0,0.6343811144172383,20.22
GALNT13,1,0.6952731461703319,17.0775934370411,0,0.6344288141933603,20.22
UGCG,1,0.7431567920227193,14.849937581300413,0,0.6334992154954926,20.21
CHD1L,2,0.5894209289048462,19.532664461463554,0,0.6324817956378931,20.2
PEX5L,3,0.6312944151714778,15.275539991433027,0,0.6311732325662501,20.19
BHLHE40,3,0.6009915661677703,16.65519373249093,0,0.631103208098024,20.19
HIPK2,2,0.5461417597750005,21.37733646760351,0,0.6296312152169341,20.17
NAA38,1,0.7683812904822854,13.488144038644602,0,0.628891866469592,20.16
GLIS3,4,0.6272703816773253,12.971549601183547,0,0.6267729886358421,20.14
GAB1,4,0.552474345199785,16.378494048916664,0,0.6266344211510141,20.14
ITGA1,2,0.6947780509507491,14.45446650425156,0,0.6265712910436889,20.14
LRP1B,3,0.5555969874576951,18.455020212641863,0,0.6251608545743764,20.13
LPAR1,1,0.6920512931365013,16.79538723086,0,0.6250421794059396,20.13
ABCC4,1,0.41455407991044635,29.436605583755956,0,0.6245559906219835,20.12
SHTN1,3,0.5821927017113863,17.18710950351238,0,0.6239749742173513,20.11
PDE3A,2,0.7947033138495841,9.772256035291955,0,0.6238996462574101,20.11
AL078590.3,1,0.6283662633308349,19.611522318220974,0,0.6230718329633966,20.11
RBMS1,4,0.5989881857402916,13.971170433137026,0,0.6204087870900356,20.08
RFTN1,2,0.6342302316660479,16.868518882466415,0,0.6189388448578097,20.06
RASL12,1,0.7871816367110541,12.133543390783185,0,0.6180308231600276,20.05
HLF,2,0.8341765007821949,7.624635544216414,0,0.6163270601529319,20.04
KCNT2,2,0.4980074260869397,22.78043900944637,0,0.6122790241154468,20
SH3BP4,1,0.4829698519082521,25.636912368769785,0,0.6097385997974119,19.97
AC011997.1,1,0.8384220615860644,9.43154073391754,0,0.6100779473620176,19.97
KCNJ3,1,0.6638963400167265,17.155489528027584,0,0.6048197486517869,19.92
PREX2,1,0.7179432407837469,14.68905059912208,0,0.6048189877274234,19.92
SLC24A4,1,0.7095295569604387,15.017528184601968,0,0.6036058019841273,19.91
ECE1,4,0.48513567361056725,18.349809480420642,0,0.6025431113013421,19.9
TMTC1,4,0.6530820610695508,10.697648355664347,0,0.6028053325251416,19.9
GBE1,4,0.5872686060044658,13.630164928819973,0,0.6012559917290642,19.89
ANGPTL4,2,0.7512220760408479,10.66742086117578,0,0.6000832614479369,19.87
PMP2,1,0.6889880999091607,15.786440786027127,0,0.599921273806704,19.87
PXN,1,0.4119727910028097,28.36602280688835,0,0.5985681175438665,19.86
DOCK8,1,0.7120875006783005,14.58748514592748,0,0.5967541760838376,19.84
DNAH11,1,0.6755009149397975,16.188417846080863,0,0.5952522928660465,19.83
AC066613.2,0,1.0602891126709602,0.8888029273064081,0,0.5946749269292627,19.82
SSH1,2,0.5431483316517115,19.79089392755738,0,0.5919510484985769,19.79
FP236383.1,4,0.3276675303413216,24.939449052466905,0,0.5895020804748955,19.77
PRKAR1A,2,0.5885917114427948,17.59654251859167,0,0.5893144962463565,19.77
LDB2,3,0.7519496186173397,7.66303637251972,0,0.5851083998582279,19.72
SGCD,2,0.6026123287270684,16.57615244647475,0,0.5809921481424426,19.68
VPS13D,4,0.445240636426539,19.143145300129902,0,0.5800787482772695,19.67
ITGAX,0,1.06492078550127,0,0,0.5798604625856547,19.67
REV3L,4,0.4903459924998435,17.018671254561568,0,0.5786329670448055,19.66
PITPNM2,3,0.6225061918527102,13.289343162426299,0,0.578968178204857,19.66
GRAMD2B,4,0.47288626031994796,17.74703044660046,0,0.5771370142579714,19.64
SLC20A2,1,0.43355461183663496,26.380871604362905,0,0.5766937539272466,19.64
GRB10,2,0.6486953464932691,14.272315879918184,0,0.5765996643362598,19.64
DHCR24,1,0.7273056334336804,12.966701399760716,0,0.5764972746583747,19.64
CNTNAP2,1,0.41530923051695057,27.044600771932032,0,0.5730004099601244,19.6
PROM1,1,0.7628371824462409,11.129440077117266,0,0.5717781669943234,19.59
ANXA2,1,0.5683355139142614,19.887714361440324,0,0.5692039319928454,19.56
DNAJB1,2,0.744501440359485,9.475748525979217,0,0.5673164938110739,19.55
BOC,1,0.6071493673882837,18.009434128366518,0,0.5668633886423103,19.54
APBB1IP,1,0.7708406876402845,10.383038362274968,0,0.5634427058015878,19.51
ZNF846,0,1.0336364185719098,0.6219970266695556,0,0.5622422333432348,19.49
WARS,1,0.4163064380126035,26.4400217979169,0,0.5607744334572581,19.48
AC018816.1,1,0.4838230600693273,23.364624144745736,0,0.5608988793280961,19.48
CRISPLD1,1,0.6411276452734852,16.136968748505158,0,0.5598243376238355,19.47
ADGRL3,2,0.5564620630346631,17.705857466393695,0,0.5596412091788705,19.47
PON2,2,0.4833612662170573,21.026051448799045,0,0.5592973192713504,19.46
ATP9A,1,0.5621806094758304,19.66051243130384,0,0.558093107216065,19.45
PPP1R9A,3,0.7607553519968284,5.824987749446674,0,0.553701013150773,19.41
KLF7,1,0.6921372636510446,13.499242372165176,0,0.553046744001255,19.4
CACNA1A,1,0.919561181344108,3.0821774104651527,0,0.5522007746682447,19.39
AHI1,4,0.4237731219183104,11.69444976317399,1,0.5506551568782654,19.38
ABHD12,1,0.9351670944909868,2.2610952224548537,0,0.5498190079898958,19.37
METTL9,0,1.0333895976622494,0,0,0.5483938731251403,19.36
MT-CYB,2,0.5253677235766625,18.58831070387901,0,0.5479083641225445,19.35
ADGRE2,0,1.0132945377056544,0.8908544659937008,0,0.5478214941503338,19.35
MT-CO1,4,0.4624025973977622,16.850811112890852,0,0.5470759966314657,19.34
CABLES1,1,0.7511483355429063,10.46220421565682,0,0.5455219238153137,19.33
CDH4,1,0.5930344052312075,17.62584425276482,0,0.5443888686308551,19.32
FMNL3,2,0.7667408162662139,7.384974890185294,0,0.5437885504157036,19.31
ST5,1,0.7138113041502554,12.030214987565422,0,0.5425511843382521,19.3
SYNJ2,1,0.3799788853884589,27.227629904356295,0,0.5417449906339767,19.29
TMEM165,3,0.4358496341791144,20.032079739646658,0,0.5401465096617065,19.27
MT-ND3,3,0.5382165768656764,15.287657637157563,0,0.5385510769545779,19.26
TGM2,1,0.3498667484923028,28.463168876054272,0,0.5387137362005344,19.26
LSAMP,2,0.6286242072168604,13.483932850244754,0,0.5393290137474395,19.26
RANBP3L,1,0.7015006469450475,12.369874239272432,0,0.5376935335201046,19.25
SIPA1L2,2,0.6536998707520062,12.256499430348496,0,0.5375113681076359,19.25
IL1RAP,0,1.017023912190505,0.2825311621499554,0,0.5382402049156422,19.25
SWAP70,1,0.911240369442048,2.752000249320444,0,0.5366765819725229,19.24
AC007262.2,2,0.841761210727523,3.566187918458688,0,0.5351447022321907,19.22
CMSS1,2,0.5612044668484988,16.251162391759575,0,0.5325621247928889,19.2
GAPDH,3,0.5616094906030451,13.787180506589634,0,0.5290831151855299,19.16
ZMYND8,1,0.45404899955758804,23.14040160087767,0,0.5262824416120968,19.13
DPY19L3,1,0.6343032404773394,14.831278274175851,0,0.5244606255715418,19.11
SLC38A5,1,0.7289343031684733,10.40402118592988,0,0.5220810351231331,19.09
LINC01608,2,0.8210658204720134,3.8928035643199537,0,0.5216342542215304,19.09
ADAMTS6,1,0.6021108897813061,16.161667410339067,0,0.5214276351300627,19.08
C2orf83,1,0.6918002487260284,12.02814636655795,0,0.5205399859503335,19.08
PDE1A,1,0.7816257809692294,7.934497460644126,0,0.5206601687176414,19.08
CNN3,2,0.4718037079636914,19.74736534219551,0,0.5198006914425991,19.07
B3GALT5,1,0.7834491942453643,7.754765321578349,0,0.5185494020889673,19.06
RBMS2,2,0.6380936830958113,12.079184764981783,0,0.5180595749565242,19.05
OPA3,1,0.7030184130131851,11.33223137854868,0,0.5165166590464443,19.04
SDK1,2,0.5501739305854942,15.983432682171799,0,0.5156993815411619,19.03
FRMD3,3,0.6047373334783908,11.066850773132252,0,0.5126334949300189,19
MAN2A1,2,0.33861324144687155,25.321720365395127,0,0.5087850075408862,18.96
PRTG,1,0.7415178950110768,9.21203158024983,0,0.508572007993526,18.96
SYTL3,0,0.982332319256178,0.3934894938772741,0,0.5060461600980485,18.93
MTUS1,4,0.3783440788287592,18.707874066863745,0,0.5038005814960607,18.91
ARID5B,3,0.4724883903520073,16.53061544849816,0,0.5001389777323918,18.87
VMP1,3,0.5429207639260102,13.327770574491588,0,0.5003861419075079,18.87
AK4,1,0.7000946067256363,10.688684243680015,0,0.4995255326469568,18.86
LHFPL6,3,0.6386035947183982,8.892307741686729,0,0.4988767187434137,18.86
DANT2,2,0.5372421817714994,15.752816014176194,0,0.4977509215408384,18.85
LIMK2,1,0.8790335248084882,2.4773235218966767,0,0.4985289947685398,18.85
NUAK1,3,0.5648831819203585,12.184899101579738,0,0.49731085862561814,18.84
RHOQ,3,0.5793872341512118,11.482626787071183,0,0.49642766361848084,18.83
SLC12A2,2,0.5254029988864826,16.060817452481817,0,0.4926714751717968,18.8
PALM2,1,0.38286884803009746,24.85563588553531,0,0.4927574512944433,18.8
CRYAB,1,0.589040214196604,15.405447562848822,0,0.4918464618201787,18.79
STK33,1,0.49702014648738824,19.52804157353595,0,0.4901692210714547,18.77
LMCD1,1,0.7562781038229909,7.571606620264918,0,0.4874285999584571,18.74
UTRN,3,0.41323915301814196,18.61161813046583,0,0.48651920773320284,18.73
IFI16,2,0.5711523962433963,13.649138958902759,0,0.48558773008650796,18.72
ARL5A,0,0.9695021264039908,0.007729512651692207,0,0.48480632065052837,18.72
NDUFS2,1,0.7272853534694045,8.60266728834351,0,0.4810428368717958,18.68
ZBTB38,4,0.48600255788515107,12.607690124169771,0,0.47783757795144693,18.65
ZNF618,1,0.7969176255055623,5.284283728127813,0,0.47796489894763583,18.65
SAT1,1,0.6023421753665389,14.06863539320446,0,0.4758873026306051,18.63
LINC00499,1,0.6008928086980581,14.005773294620571,0,0.4730662153003784,18.6
ZNF331,1,0.6902520453003063,9.870912215661587,0,0.47181981575406046,18.59
ITGAV,3,0.4312925115873114,17.027528744990235,0,0.46989416845946747,18.57
ST18,2,0.6211878045471181,10.652883639832485,0,0.46999748799816105,18.57
RAC1,1,0.4064351204500628,22.73645544370889,0,0.46993247617363754,18.57
GYG2,1,0.6041534058238345,13.667318607435414,0,0.4689186888531275,18.56
TMEM98,1,0.5880401374776585,14.403768741922221,0,0.4689433768941195,18.56
SLC1A1,1,0.3571781970844641,24.807880757897124,0,0.46607510757791815,18.53
CHIC2,1,0.44556051062139646,20.75130391007839,0,0.46556573290184367,18.52
CDKN1A,1,0.520510844688941,17.25385851718673,0,0.4638791760600055,18.51
PTPRD,3,0.5230295755891267,12.537151467469066,0,0.46324617428146636,18.5
AQP4-AS1,1,0.4948318259540345,18.252739648579137,0,0.46009664252500404,18.47
WDR60,2,0.47309851598870023,16.944059893623262,0,0.45978919876555374,18.47
TBPL1,1,0.7728627706624882,5.543913149015447,0,0.45963699111678796,18.46
RBPMS,2,0.596971166925898,11.131187608140388,0,0.4562901790725203,18.43
FAM189A2,1,0.6350326193636766,11.696964683195603,0,0.4566462622185943,18.43
RNASE1,1,0.7747978690882122,5.306497557200763,0,0.4563762392364155,18.43
HIVEP1,2,0.41631899803091027,19.34784495267236,0,0.45569280446786137,18.42
CREM,3,0.5417640469909535,11.32290028759119,0,0.4553886015559428,18.42
AC098829.1,1,0.6546617905400188,10.701291777583187,0,0.45446150118612105,18.41
TERF2IP,4,0.4934608143112542,11.164102074832158,0,0.45371167442360055,18.4
TFPI,2,0.5316912800095208,13.977050535998243,0,0.453378341568664,18.4
TUBB6,1,0.5113585900883273,17.193238239511043,0,0.45342000672107785,18.4
DENND4A,4,0.3612303456254791,17.041037445851025,0,0.45027095273936085,18.37
SPOCK3,3,0.5342989473907855,11.35204138378087,0,0.44857606332537986,18.35
SLC39A8,1,0.6315650108825277,11.43382994916758,0,0.44743143698090015,18.34
FBXO21,1,0.561399443148058,14.566490707545313,0,0.4459157216494954,18.33
CHST15,1,0.5135461717999288,16.734944749822308,0,0.4455809869980776,18.32
SAMD4A,2,0.4931045087493004,15.206317840675108,0,0.44175266389907003,18.28
STXBP6,1,0.412317705812697,21.18123243837102,0,0.4417928580561172,18.28
MAP3K13,1,0.5266993062015897,15.852763408722273,0,0.439415329315495,18.26
ABHD3,1,0.7655108000654909,4.864318674624994,0,0.43743847682647075,18.24
ELOVL5,3,0.40780646224285827,16.56388016961599,0,0.4363170087455585,18.23
EMC10,1,0.5260222820304676,15.753628039575737,0,0.43657176581364143,18.23
ZFAND5,3,0.5087785444780816,11.904281349228068,0,0.4351845179728631,18.22
PGAP1,3,0.5242250585085078,11.111797901518086,0,0.4332690858333505,18.2
BTBD9,3,0.39083886324907297,17.183943730520998,0,0.43294393478465726,18.2
RPS6KA2,3,0.3799913867846282,17.620850854244708,0,0.43167311699160166,18.18
GPC6,1,0.6203479589810114,11.13493332103239,0,0.4297009913102172,18.16
UNC5C,3,0.49064029832394973,12.434567070205416,0,0.4286799024814602,18.15
KDM2B,0,0.9133454565548604,0,0,0.42859566810186883,18.15
DHRS3,0,0.912100129441226,0,0,0.42735289230703205,18.14
C3,1,0.7455366085371868,5.2286767778698255,0,0.42547311505640373,18.12
SCARB1,3,0.44178544673114106,14.451736947002498,0,0.42403730535740475,18.11
MT1E,1,0.6037213506932712,11.643564932080928,0,0.42423137724600424,18.11
MIR646HG,1,0.7617024831733441,4.437347683977382,0,0.42430081356507926,18.11
SUN2,0,0.9069142616771342,0,0,0.42217764890160453,18.09
CNDP1,1,0.40786400404421985,20.48371294387662,0,0.4220946843644441,18.09
HLA-A,0,0.9060279641227716,0,0,0.42129316711724013,18.08
LRFN5,1,0.7770432212873687,3.6135310317856586,0,0.4215946169181193,18.08
RNF149,1,0.8142532314621356,1.7936714857267568,0,0.41893107976712507,18.06
ETFA,1,0.4817117832647615,16.934285694867956,0,0.41817107438125783,18.05
PDE8A,3,0.3200378811734555,19.670881353973574,0,0.41667321122221307,18.03
INSIG1,1,0.5739034074590845,12.59245827239502,0,0.4152252484699883,18.02
ASAP1,3,0.407788794129378,15.534848557063881,0,0.41379615949309084,18
MCC,3,0.5829524963134659,7.4872383451523605,0,0.4126130925400113,17.99
GRAMD1A,1,0.5167637810376494,15.031503255639546,0,0.4115405596211031,17.98
SLC5A6,1,0.4747243577025742,16.8952974321422,0,0.41034535531100963,17.97
PCDH9,4,0.4017442333993123,13.321137804168536,0,0.40935379397859484,17.96
AC087564.1,1,0.7985543025827166,2.0682939936807347,0,0.4092698529856587,17.96
WWOX,4,0.35545649460053824,15.404603724557882,0,0.4087228350593211,17.95
CIRBP,3,0.6667031894259583,3.3889415455979752,0,0.40656924004593514,17.93
ERG,1,0.6833382820883631,7.167907504539954,0,0.40580997988741646,17.92
STOX2,1,0.5571767864091284,12.899029931861795,0,0.405237110002289,17.92
CCNY,3,0.3205572504032089,19.104007296673885,0,0.40479491949817986,17.91
HSPH1,2,0.622580506733234,7.550124158267009,0,0.4035351251061166,17.9
ETV6,3,0.5283088100493384,9.528186080860436,0,0.40271350280920853,17.89
TPM3,1,0.44789806234786766,17.773905873615035,0,0.4027877310352982,17.89
ATP11A,3,0.4303364737262966,13.944044564686978,0,0.40150939633591626,17.88
GCC2,2,0.6389890323263465,6.715021293648012,0,0.4016477175710215,17.88
AC106869.1,1,0.6854298669913771,6.856116209913599,0,0.4010789204307015,17.88
ARHGAP10,1,0.45255430783136286,17.46902453482817,0,0.40076718719526416,17.87
AC092691.1,1,0.7330373092953537,4.547590355371662,0,0.3981051910897749,17.85
LPP,4,0.3450780914729774,15.339799114297158,0,0.3969485247962437,17.83
ANPEP,1,0.7829505802805334,2.1767079060518553,0,0.3960689309790537,17.83
PHF10,2,0.5580851016217139,10.142576157752476,0,0.39586448486217823,17.82
FGFR1,2,0.6026153097325903,8.050854059014066,0,0.39456096482223474,17.81
HIPK3,4,0.4115109688465878,12.170915966292261,0,0.3939470733024279,17.8
HEG1,1,0.5548816822477951,12.410133761719235,0,0.392255358201753,17.79
ZCCHC24,1,0.5620646171244444,12.068931848757888,0,0.39196205647959814,17.78
USP9Y,1,0.6740161942237323,6.889191085986846,0,0.3904119237807451,17.77
STOM,1,0.7025256243128205,5.5638487950166065,0,0.3898799050124356,17.76
CHD1,4,0.45461702700285594,9.985471628793938,0,0.3891727708216726,17.76
NUDCD1,1,0.5206401548843649,13.832272862294268,0,0.38918380905714217,17.76
NSF,1,0.6818086334014479,6.471924449249759,0,0.3890634681106328,17.76
IFITM2,2,0.5195648861787634,11.582875005744892,0,0.38892013704948897,17.75
HES4,2,0.4967751588850422,12.590962026038374,0,0.3882222931702541,17.75
PDK3,0,0.8737194427069919,0,0,0.38905083661396417,17.75
SDCBP,0,0.8540048430697315,0.7183554137607773,0,0.38508586988262994,17.72
HECTD2,0,0.8677928316106192,0,0,0.38313636744731566,17.7
PLA2G4C,1,0.5424509184793693,12.586797810556346,0,0.3837134117104045,17.7
PAPOLA,1,0.526861943056576,13.279760863881226,0,0.38331032809631344,17.7
CD163,0,0.8624111733265809,0.14539636079066157,0,0.3809453122812542,17.67
ATOH8,1,0.4927151518336548,14.658567427094166,0,0.37938571016962386,17.66
HLA-B,0,0.8639963829792767,0,0,0.3793476966525368,17.66
ELF2,4,0.3995366740579093,11.980719754397613,0,0.3778380342186301,17.64
FRMD6,1,0.6574547440201408,6.992434121666573,0,0.3761421574725664,17.63
ADGRL2,1,0.7951193071909222,0.7137747164049374,0,0.3762208013459073,17.63
EDIL3,3,0.526245815663557,8.379829270706685,0,0.37554207309820115,17.62
ERBB4,3,0.39683404757924107,14.264539561555415,0,0.37508430192646053,17.61
PDZRN3,2,0.5609103332397103,9.01428701753625,0,0.3740101132894195,17.6
PDK4,2,0.5865611302461805,7.84807777849365,0,0.3741052942878286,17.6
NPIPB5,1,0.4969247697616373,14.185787624864771,0,0.3732477924230033,17.6
LZTS1,1,0.4453664513854383,16.546426279971485,0,0.37341836055776445,17.6
C1QTNF1,1,0.4819493681218885,14.887342567491379,0,0.37364491594614446,17.6
LRP2BP,1,0.5656875271658564,11.008755392152551,0,0.372393240714483,17.59
COL4A5,3,0.6282166851464548,3.5440954230638995,0,0.37155454196971277,17.58
JAM3,2,0.3859922012745671,16.91009459925194,0,0.3721185752143829,17.58
TJP1,1,0.3502784022457037,20.762590432826876,0,0.3707256478555274,17.57
RIN2,2,0.43940120873033217,14.362451584641555,0,0.36970542895556197,17.56
PRELP,1,0.4890585676305437,14.274647775639256,0,0.36734093023745956,17.54
HDAC9,1,0.6309322820926551,7.773696397094472,0,0.3667589447058737,17.53
ABCA2,2,0.6303241474331164,5.285696179201295,0,0.3617436111926517,17.48
SYTL4,1,0.5047364917772875,13.233040080092218,0,0.36020849935966115,17.47
SORT1,4,0.34194740901718995,13.794743817188348,0,0.36003645540783225,17.46
MIR181A1HG,2,0.5772497802269899,7.628470648729936,0,0.36001057629129435,17.46
CPE,2,0.5153825270319619,10.383954791296853,0,0.3585279466280516,17.45
C22orf34,1,0.4615676433256213,15.137479422743796,0,0.35877502627884605,17.45
SLC4A7,1,0.46214326783945514,15.059222046054362,0,0.3576381122653558,17.44
TOP1,4,0.4086761000468968,10.594161641888928,0,0.35663700629785344,17.43
CAMK2G,1,0.491893527804484,13.630997982162517,0,0.3560945272615902,17.42
FTH1,2,0.5582977895252361,8.279323165743227,0,0.3553304795579741,17.42
AC012593.1,2,0.49841155257021313,11.004002161792371,0,0.3551511500571097,17.41
MYO1B,1,0.4140578650066078,17.134369751072335,0,0.3550312666154807,17.41
CTNNA2,2,0.38256953810896527,16.125550198769474,0,0.35154623723802664,17.38
MID1,1,0.4059332082105855,17.35965009937105,0,0.35184976307870797,17.38
IER3,1,0.5268399559737179,11.824039340335428,0,0.3514541669488983,17.38
CEP128,0,0.8278358331813864,0.40528407221216095,0,0.3521241209975814,17.38
SCD,1,0.4208616365302147,16.68522100023598,0,0.3519989597483033,17.38
TRPM2,1,0.7554897103813228,1.3405357174669963,0,0.35037861944159776,17.37
SLC35F1,2,0.6080580380657101,5.7482996610990975,0,0.3496394908082638,17.36
PAM,2,0.5255338428842403,9.484671231578199,0,0.34899262306238904,17.35
PHC2,3,0.4742410154407292,9.4717772402146,0,0.34752290970118643,17.34
TMSB10,1,0.6411729716784011,6.4269974950061215,0,0.34752857913477936,17.34
MIR4300HG,1,0.3826704104156593,18.1794002745485,0,0.34656120295907306,17.33
CDH19,1,0.39096130685795494,17.82465598983448,0,0.34707744366179033,17.33
SLC11A2,1,0.4289141475372445,16.071641453166677,0,0.3466170048312586,17.33
ABCA9,1,0.6175089042362905,7.486133175830299,0,0.3470745360513441,17.33
RNLS,1,0.7101819421443688,3.2569444676587653,0,0.34707235973199496,17.33
ATF6,4,0.4134844667042445,9.832668523440288,0,0.3447829284865415,17.31
LINC01197,1,0.7005742273001533,3.5777458938486677,0,0.34449972430328474,17.31
BCL2L13,1,0.6490832766095661,5.836362533792833,0,0.3425064695788713,17.29
PPM1E,1,0.6474006252848903,5.832413434585851,0,0.3407409052649996,17.27
CERCAM,2,0.5852337150305118,6.34797651083226,0,0.3399758679432618,17.26
BACH2,2,0.431169638111084,13.334012487112949,0,0.3390004624548277,17.25
RAB21,3,0.531890802753703,6.45780812205018,0,0.3391440754860898,17.25
TUBB4A,1,0.4316592006203443,15.59986370704852,0,0.33903943602170294,17.25
GFAP,4,0.5218392798670641,4.510129618715133,0,0.33652064169384177,17.23
PHLPP1,3,0.39766979761414983,12.447800541672247,0,0.33618926582300546,17.22
SPON1,1,0.5085073332235426,11.906906567177202,0,0.3349712715218574,17.21
DHRSX,1,0.44608251132068955,14.736177169506876,0,0.33454580313738874,17.21
KCNMA1,2,0.5138143467012783,9.282219670841712,0,0.33286985639003935,17.19
NGLY1,1,0.5247201577448096,11.080422464165288,0,0.33307704189445686,17.19
CACNA2D3,2,0.5421394985555379,7.923978964117631,0,0.3314345030460351,17.18
KIF6,2,0.6113295525053847,4.776245679476908,0,0.331647091951396,17.18
GALNT2,3,0.5028130153835466,7.361069115808595,0,0.3298786823525636,17.16
DPP10,1,0.2807283338124553,21.876330577002175,0,0.3256737202536625,17.12
NRG3,2,0.4864218689786306,10.231211016896086,0,0.3262863672642327,17.12
ERBIN,2,0.3109224127449598,18.24050118321476,0,0.3262963720908489,17.12
PGM5,1,0.6915299433479201,3.1426087283203437,0,0.32595824025776976,17.12
RGS20,1,0.45301535184359465,13.954201209996915,0,0.3243639209374491,17.11
SMYD2,1,0.524896247842525,10.65506890082352,0,0.323950993170279,17.1
SLC9A3R2,1,0.6099969045550241,6.7655399829723155,0,0.3238197464497162,17.1
ROBO1,1,0.7241468421036439,1.5436594988922214,0,0.3235419444653622,17.1
DGKG,1,0.3986303633659187,16.386329775065438,0,0.32327697595542604,17.09
BASP1,0,0.8048590145283842,0,0,0.3203314837423283,17.06
DCBLD1,1,0.5557516929329201,9.027785741837636,0,0.3191572363072107,17.05
NRG2,1,0.6381581531954148,5.15122345788617,0,0.31662087158520996,17.03
MCTP1,1,0.5284606711507327,9.937462312095226,0,0.3118152462245286,16.98
AIF1L,1,0.6871060921442164,2.7230142250839315,0,0.31236761530298496,16.98
MYO1E,1,0.6012388166106828,6.569963705570407,0,0.31080267199953276,16.97
PRKAA2,1,0.6607512956198396,3.875742519631724,0,0.3112750711479147,16.97
IL6ST,4,0.40354185049048913,8.692726367273035,0,0.30993203458564217,16.96
BACH1,3,0.39415027757257365,11.397260584200216,0,0.30970338704814937,16.96
NET1,1,0.6523512722076661,4.196580143255776,0,0.30990844451513117,16.96
LARP4,2,0.5136906596139033,8.211210738490596,0,0.30932523089477953,16.95
PRUNE2,1,0.7016001000577341,1.8896957141440784,0,0.3086086332471682,16.95
ETS2,0,0.7936824878679118,0,0,0.30917785458585373,16.95
MPPED2,1,0.4590124609897904,12.938323458775951,0,0.3081331795528032,16.94
FAM182B,1,0.5924253491883489,6.804827458955881,0,0.30714334221181355,16.93
C10orf90,2,0.6253373330111817,2.939112092393946,0,0.30545110518654733,16.92
SEC14L5,1,0.393784409697376,15.821206467348592,0,0.30608263933817736,16.92
AC006148.1,1,0.3658998041591344,17.05420202188792,0,0.305218732367024,16.91
C11orf58,1,0.598337465673788,6.450693763601852,0,0.3052990289751064,16.91
ADARB2,1,0.534004054225278,9.314830024119509,0,0.3037313354072425,16.9
S1PR1,1,0.4239787520169409,14.252521293358363,0,0.3019105750108204,16.88
ACTN1,1,0.3830328692858175,16.07973545474542,0,0.3010067265972937,16.87
PCDH11Y,1,0.43756136180009575,13.55505268319604,0,0.3002128743871406,16.86
PRKG1,4,0.32692887798478865,11.693785950561352,0,0.2991042235963925,16.85
TBC1D4,1,0.4506224745187572,12.895683271975209,0,0.2988279114874512,16.85
SYNE1,2,0.608918776810218,3.323703603464967,0,0.2974765653883221,16.84
NEBL,3,0.35703095174329424,12.520633331724174,0,0.2972264098255914,16.83
RGS6,1,0.6337498014187861,4.360820501943967,0,0.29493674748525384,16.81
CPQ,3,0.48847145560790783,6.356140177152733,0,0.29359037255708703,16.8
SRGAP2C,1,0.5511629527407063,8.07868430287647,0,0.2938226203299097,16.8
XYLT1,0,0.7787862781026483,0,0,0.29431216289056067,16.8
AC093152.1,0,0.7788505186620449,0,0,0.29437627183943904,16.8
LAMA3,1,0.5777962615380736,6.803607596019606,0,0.2925175489923777,16.79
CALCRL,1,0.5832576073739676,6.595221506451241,0,0.2934106473931337,16.79
SRGAP2B,1,0.43221493425293334,13.326414026619021,0,0.2898774513357949,16.76
IREB2,0,0.774850841846412,0,0,0.29038478921674793,16.76
CD109,1,0.46069404704444666,11.975413609116732,0,0.2887540766428366,16.75
EGFL7,2,0.5393681906475363,6.050030608712867,0,0.28768872539718304,16.74
KLF12,2,0.3919484948128707,12.72935844581447,0,0.28663688944973426,16.73
COL18A1,2,0.396962481651695,12.442528490181328,0,0.2853681079126747,16.71
MAP7,1,0.6622127413476369,2.6039409691864535,0,0.284921328930345,16.71
PPFIA1,1,0.42233787246537147,13.522409050409014,0,0.28430671143189823,16.7
LGI1,1,0.4420557683708523,12.597380307794962,0,0.2837553642181696,16.7
CTNNA3,3,0.4855957985530506,6.05287191782822,0,0.2840886322677502,16.7
MSI2,2,0.3942685587884766,12.518671931042528,0,0.28434483508778424,16.7
NFKBIZ,1,0.42257851634486826,13.503039801514035,0,0.2841232889022492,16.7
PKM,2,0.460766230110221,9.325597757258457,0,0.2808790271233221,16.67
DLGAP1,2,0.5704050979547871,4.3158092629506895,0,0.28073749792691655,16.67
AGPAT4,1,0.3646318485077087,16.028151650754513,0,0.28151535187092186,16.67
ACAP3,2,0.5805354749052203,3.79588006241212,0,0.2794771299985334,16.65
GRM3,2,0.3897701950455834,12.491881114324764,0,0.27926981640738885,16.65
EDNRA,1,0.5233472060314042,8.667271449121529,0,0.278935286337956,16.65
H3F3B,1,0.5245745418950598,8.548484495913135,0,0.2775624337809833,16.64
NLGN4Y,1,0.449681059920173,11.948653942476643,0,0.277178462380262,16.63
ACSL4,3,0.4564360704255577,7.027378379022682,0,0.2762994866435434,16.62
KLHL32,1,0.6219587537447283,3.936873666189571,0,0.2738988410320233,16.6
ETV5,0,0.757696671498055,0,0,0.2732657628532855,16.59
GRK5,1,0.5866056256502544,5.467555218356912,0,0.27209161218293365,16.58
RERG,1,0.6075076616260799,4.520189788298743,0,0.2722335127096486,16.58
CASP4,1,0.42357140274452776,12.86952230889863,0,0.2712601626751912,16.57
UNC79,1,0.4100946840842376,13.463156687793374,0,0.27079285478818554,16.57
TOGARAM2,1,0.5056787990743752,9.038514389321119,0,0.2694215452297937,16.55
CSNK1A1,4,0.31428323481325815,10.793048323840264,0,0.2667868474131667,16.53
PCLO,1,0.6598916155603995,1.9123020821907795,0,0.2674799613301197,16.53
ACTG1,1,0.6261828144377755,3.416454026121861,0,0.26673353209730616,16.53
P2RY12,1,0.642419236335634,2.6796204379173045,0,0.2668233598037954,16.53
LMO2,1,0.6330996291998624,3.050062723156473,0,0.26562380521765233,16.52
AL137145.2,1,0.4807217597420328,9.998587466474302,0,0.2655108440864187,16.51
RPS6KA5,2,0.31541818049984616,15.239588976410603,0,0.2651579487189042,16.51
ROBO2,1,0.5700305507062209,5.825157554941958,0,0.263370665750607,16.49
TLR2,0,0.7473657039949351,0,0,0.2629559605454798,16.49
MAPK10,3,0.3353916917043301,11.896822818605775,0,0.2619897795170896,16.48
ZNF638,4,0.2845157411930911,11.953522201099469,0,0.26245798086937494,16.48
PHLDB2,1,0.5069726891494406,8.578729796348282,0,0.2606580568289909,16.47
CSRNP3,1,0.5627049387833598,5.945548166583035,0,0.2586928052248062,16.45
ZEB1,2,0.359723911337297,12.92672622740897,0,0.2587944314730474,16.45
CARMN,1,0.5211742434807478,7.864670339661572,0,0.25921521837346495,16.45
NKAIN3,1,0.3428950253742751,15.957338366940792,0,0.25827449201286207,16.44
FAM107A,1,0.34250530163031123,15.95234142581839,0,0.25777629187366197,16.44
MAST4,2,0.40965229092397165,10.628953577002239,0,0.25837203924627233,16.44
NCKAP5,2,0.2841787548443424,16.31276091529122,0,0.25745101688298594,16.43
HNRNPU,4,0.2989382938672456,11.037814285200932,0,0.25682597011227404,16.43
IQSEC1,2,0.38102149120817574,11.89132509996963,0,0.25740587062007,16.43
DSCAML1,0,0.741294770623135,0,0,0.256897464778436,16.43
CACNA1D,0,0.7411599815872545,0,0,0.2567629518867085,16.43
RLF,4,0.3950940445564902,6.6148037764937015,0,0.25606080967505457,16.42
RHOJ,2,0.41845034564956896,10.129452051261962,0,0.2562287980604498,16.42
LIPA,0,0.7408775407598676,0,0,0.256481089699732,16.42
ZC3H12C,0,0.7408947610508195,0,0,0.2564982747112369,16.42
AHCYL1,2,0.4049419627248167,10.697886614481643,0,0.2551788125409576,16.41
DLC1,2,0.3387173003520533,13.682339467578318,0,0.2543548673214119,16.4
UGP2,2,0.3809749266865203,11.764726367134577,0,0.2545908968505638,16.4
PTP4A2,0,0.7383444669388092,0,0,0.25395320542187483,16.4
PAXBP1,1,0.491967691760291,8.880031760718825,0,0.2522727754026349,16.38
PFKFB3,2,0.5382698644791802,4.4619038557549375,0,0.25186294716490104,16.38
RETREG1,2,0.43690853725492396,9.087386951139761,0,0.2518609359884366,16.38
MAML3,2,0.4602703028431816,8.017797966937577,0,0.2517847001133165,16.38
APOLD1,2,0.4084772748539894,10.415714867063558,0,0.2525362529753533,16.38
LRMDA,4,0.42350782191536773,5.103709176631656,0,0.25137123874370404,16.37
TRIM2,3,0.4622426206911226,5.602778681147801,0,0.25094050463092693,16.37
L3MBTL4,1,0.5145880669566723,7.816979619273982,0,0.25159961795872027,16.37
TPRG1,0,0.7352131908979663,0,0,0.25082834446935426,16.37
TIMP3,3,0.44135277690594926,6.452930276019103,0,0.2486848657228095,16.35
MEF2A,3,0.3249410670920438,11.810120575458962,0,0.2496645307607247,16.35
DSCAM,1,0.6021153465876847,3.705797606015703,0,0.2490428365520217,16.35
MGAT4C,1,0.3407039812429695,15.609114303609745,0,0.2484728530823485,16.34
FHOD3,1,0.5377258492984327,6.5793892719234295,0,0.24762594610539934,16.33
RGCC,1,0.39028340828649255,13.284525632758678,0,0.24711580125532023,16.33
TM4SF1,1,0.43352566107876866,11.169292875852529,0,0.24401282538704122,16.3
SYT11,1,0.4186488104611275,11.878683017767743,0,0.24467964086315463,16.3
AMOTL1,1,0.5204633435584733,7.228030299892563,0,0.24458351145951085,16.3
ZNRF2,0,0.7265405901982547,0,0,0.2421735114460617,16.28
ZNF708,1,0.4021168204723297,12.49124264476516,0,0.24157718486069896,16.27
WSB1,4,0.29749521039816745,10.338024249782125,0,0.2400825938547514,16.26
LAMA2,3,0.3981809710657412,8.044795821498713,0,0.2404129699764614,16.26
SORBS1,2,0.4312501967013848,8.746926561887246,0,0.23876888282939016,16.25
DGKD,2,0.46455578381237567,7.185481417498893,0,0.23786001670165904,16.24
TMEM108,1,0.5818931448515978,4.131687276770663,0,0.2381755661640032,16.24
PLCL1,3,0.39062791593787327,8.249402235440016,0,0.23734979235035822,16.23
TMEM144,3,0.4669275312987785,4.756562524735077,0,0.2371104711533427,16.23
SNX25,3,0.40304267792788334,7.676637328288523,0,0.23721370000043768,16.23
TAF1D,1,0.5139108259275016,7.168439239955065,0,0.23674126026090936,16.23
ITPR1,1,0.6473761103090176,1.0864625716269822,0,0.23693035422410247,16.23
EPB41L4A,3,0.5109346851815625,2.715108376918735,0,0.23638424531887584,16.22
PTPN2,0,0.7202008481675849,0,0,0.23584675773214736,16.22
ITGA2,1,0.4594502452006573,9.596445255461335,0,0.2354887245644317,16.21
FSTL1,2,0.41925785916503955,9.148490126452243,0,0.23558264434563167,16.21
CD46,2,0.4256330483877107,8.777297950852493,0,0.23382741442777757,16.2
CPD,2,0.524578982607244,4.258275722761172,0,0.23374710392165596,16.2
PALM2-AKAP2,1,0.3416552550082522,14.9270182655249,0,0.23450586712778632,16.2
ZBTB16,4,0.32276938476536116,8.862858923499322,0,0.2330455657954758,16.19
UBE2B,3,0.47183853295689815,4.357003546496911,0,0.23327371837261535,16.19
SOX6,1,0.42686853178346246,10.929024481898173,0,0.23211506274214888,16.18
ATP13A3,2,0.5398071429343478,3.481715261125761,0,0.23196197476075187,16.18
AFDN,3,0.31031004330072065,11.697305886402972,0,0.2325964113156744,16.18
PTPRB,1,0.37558680269183586,13.28669014669697,0,0.232496639134314,16.18
KCNB1,1,0.6214800760533352,2.062502386181026,0,0.23243174799596,16.18
CNOT6L,4,0.3408534135449023,7.950299046175505,0,0.2311363722178868,16.17
AC104574.2,1,0.594244303984863,3.2615769346152956,0,0.23147354898867734,16.17
FYN,2,0.468573554427871,6.673186720863121,0,0.23066651937702248,16.16
FNDC3B,3,0.2667427658429198,13.576242323096126,0,0.23020761917408145,16.16
CDK5RAP2,2,0.3446604037327426,12.300095218302147,0,0.23005840218778664,16.16
PTPN12,4,0.3483498341277561,7.529238385477698,0,0.2294095353889963,16.15
CMIP,2,0.33153419493863945,12.842771206192273,0,0.22882651044614072,16.15
IL6R,1,0.4240801891441139,10.92382959287722,0,0.2292188289983601,16.15
TMEM163,0,0.7126677204431404,0,0,0.2283290632301544,16.14
SMCHD1,3,0.38392379998723636,8.080549580907737,0,0.22696688327221276,16.13
CHPT1,1,0.4638283572416312,9.019574338322794,0,0.22724265542179156,16.13
EVA1C,3,0.2981490980143545,11.943865618330033,0,0.2258522333705799,16.12
AC026316.5,2,0.5206730951063051,4.111868032119987,0,0.2266475247165056,16.12
NLGN1,2,0.5208711056447272,4.094778813431456,0,0.22647141667428078,16.12
ANGPT1,1,0.46673325573154134,8.749989112404654,0,0.2242462201365077,16.1
UBC,2,0.47959625453196836,5.89484038905008,0,0.22464549175388965,16.1
SYNPO2,1,0.5378556731247419,5.4581005810976615,0,0.2232347770957308,16.09
QKI,3,0.2664331550545427,13.276643417516686,0,0.2233469107470388,16.09
SEC63,0,0.7071413693379772,0,0,0.22281403403656241,16.09
LYST,2,0.41220066681973183,8.854477115847017,0,0.22211033249795686,16.08
RYR1,1,0.5864553809977999,3.122987501620182,0,0.22066986187367982,16.06
ETS1,0,0.7046682074305571,0,0,0.2203459389299815,16.06
MACF1,2,0.263120590387274,15.510841528389188,0,0.21889934552859505,16.05
SOX2,1,0.539091807671984,5.188366885231911,0,0.21856974989554168,16.04
RNF145,1,0.41005120983365706,11.06077698630299,0,0.21821340376632892,16.04
DARS,3,0.4305336254460438,5.518224064051627,0,0.21744740258362932,16.03
NOTCH3,1,0.44202618809810224,9.539404260625352,0,0.21685297226776867,16.03
AFF4,4,0.32708513895749636,7.920394568973603,0,0.21674234348820778,16.02
CCNH,3,0.29541297754294793,11.642459632445746,0,0.21653046863047043,16.02
DEAF1,1,0.49992167015824385,6.846690174762907,0,0.21574464501401708,16.01
PTGES3,3,0.43136620142783644,5.344373880686077,0,0.214476457233522,16
STARD8,1,0.6085608227606432,1.8354138144970478,0,0.21457291154115737,16
RTTN,1,0.578216889239977,3.2202161224464905,0,0.21457447735850804,16
SFMBT2,3,0.38932420633254244,7.203031072331139,0,0.21316634907979334,15.99
WNK2,1,0.5176634466219554,5.903543357095519,0,0.21282501456292852,15.98
FRMD4B,2,0.507357089688718,4.068597859635917,0,0.21241255296374872,15.98
ARHGEF7,3,0.32824574251642324,9.974864004996437,0,0.2128284137583841,15.98
PCNX1,1,0.5477168985703588,4.501574338922403,0,0.2121581547616278,15.98
MTSS1L,1,0.36984815248038583,12.581298198232123,0,0.21134399195932885,15.97
DOCK10,4,0.43226679466840223,2.854513636421503,0,0.21092608497216858,15.97
BCLAF1,3,0.3724011530300294,7.865814373767979,0,0.2107719395322329,15.96
MXI1,3,0.33459119064190995,9.583754782379435,0,0.21060795083781816,15.96
USP12,1,0.5652095773703194,3.6063752546471948,0,0.21003847450657176,15.96
ADCY3,1,0.5161732980075202,5.846361638829384,0,0.2100874493483733,15.96
GHR,2,0.4828548229491532,5.0565558242144535,0,0.2095654890261394,15.95
UGT8,1,0.6242833269046679,0.8771994344076074,0,0.2093086430424192,15.95
HERPUD1,1,0.5648899301078499,3.4634451045029966,0,0.20659383641217155,15.92
PACRG,1,0.4339173586586316,9.383763736552273,0,0.20535715497108975,15.91
ADAP2,0,0.6901045183278148,0,0,0.20581208665755168,15.91
SLA,0,0.68923458266883,0,0,0.2049439332477248,15.91
TBC1D14,0,0.6746517353099166,0.6563463502020361,0,0.20474416976743787,15.9
TIAM1,1,0.5712631056284869,3.0070363032241727,0,0.2029730504291261,15.89
TUBA1B,1,0.3777489320247797,11.81880211174301,0,0.20255405831604428,15.88
CHORDC1,1,0.5400479236209661,4.382722391658445,0,0.20190579607364612,15.88
RFTN2,2,0.5269197525279434,2.651075388135571,0,0.20093626840886933,15.87
CAST,4,0.32982449123762675,7.084202266796708,0,0.20118994266830176,15.87
ARL15,2,0.2833446400567913,13.772823542657337,0,0.20107438664179086,15.87
MTX2,1,0.6251872963112858,0.4888060424050501,0,0.20171724015357279,15.87
TGFB2,1,0.5352069360187858,4.525279887376049,0,0.20019222263186187,15.86
ERGIC1,0,0.6844968863086146,0,0,0.20021594307125,15.86
MAGI2,3,0.29737902941931293,10.758884916386107,0,0.19917017674953566,15.85
SLC16A9,1,0.5214668122649031,5.118747984802067,0,0.19945841299253797,15.85
DLL4,1,0.4279916700704249,9.380168456197904,0,0.1993649835949265,15.85
EIF1,2,0.43942317839140865,6.575298023899037,0,0.19943520041388546,15.85
KIAA1671,1,0.5800651602656006,2.4051612368773654,0,0.19859506115311515,15.84
ALPK1,2,0.4378437220131796,6.547559353637489,0,0.19725238110506257,15.83
ANK3,1,0.521971018429485,4.995440743167581,0,0.19726506099977698,15.83
ROR1,2,0.4798549742944425,4.646770941542675,0,0.19761046940417903,15.83
SMIM3,2,0.42397773188263177,7.197833374575522,0,0.19763521443237464,15.83
BAALC,1,0.4210062712825746,9.503638035718438,0,0.19509397113369403,15.81
FLI1,1,0.42554768425633344,9.330690288908505,0,0.19584399922323725,15.81
IPCEF1,1,0.5688133559952733,2.7813627806633763,0,0.19559321339862296,15.81
MYO9A,3,0.2769642155384394,11.458421295800177,0,0.19409488919546874,15.8
CDH2,1,0.38463562994602823,11.122692101780826,0,0.1942038741738445,15.8
FAM171A1,2,0.33705688522555266,10.965903534589865,0,0.19329389835296232,15.79
NPAS2,2,0.2980810965860222,12.729813781653592,0,0.19297175609436534,15.79
RNF150,1,0.5906290926225573,1.6115897262992884,0,0.19178325621926745,15.77
PTPN1,2,0.47767756516948384,4.455879743885979,0,0.1912630467818516,15.77
SLC6A8,1,0.4210212688665861,9.31292465477668,0,0.19093835216363592,15.77
FAM241A,2,0.4297493430521214,6.593195194561516,0,0.1901725654796731,15.76
PABPC4,1,0.5250794104448426,4.530148207682043,0,0.19019190756232257,15.76
SNTA1,1,0.5327659648602996,4.148072242346648,0,0.18950734576688838,15.75
SUSD6,1,0.46853601895830266,7.063458101130285,0,0.1891636496212682,15.75
ANGPT2,1,0.4131545802426695,9.598506280269792,0,0.18933297737203042,15.75
RGS12,1,0.584157700741175,1.7436611832016704,0,0.18821330642549355,15.74
TPT1,3,0.45122025728320553,3.2653933377248636,0,0.18882597603622517,15.74
GNG7,1,0.46773046774246096,7.085500061491537,0,0.1888417699218834,15.74
OSBPL9,3,0.2768987560564371,11.156506520969769,0,0.18742718765311708,15.73
DDX5,3,0.3186383885373695,9.236834054066744,0,0.18710124961562635,15.73
ELAVL3,2,0.46248671800314434,4.921433049981335,0,0.1862842011819013,15.72
RADIL,1,0.5357694436962456,3.8919220210024994,0,0.1869030901669913,15.72
DGKB,1,0.3555818170276984,12.015176919610742,0,0.18472674925266763,15.7
FGFR3,1,0.438349322030712,8.162117936358065,0,0.1830646678597177,15.69
SBNO2,1,0.4056653048526051,9.656939035190401,0,0.18313687295160486,15.69
NEDD4L,1,0.4017897505660022,9.814136485098453,0,0.1827069064839082,15.68
MFAP3,1,0.3867626515013821,10.49677887831415,0,0.18263885235812866,15.68
NRP1,1,0.4620267837006484,7.041707917007313,0,0.1821921094140453,15.68
RALGDS,1,0.4217607933287234,8.889032534316227,0,0.1824065428238727,15.68
CEBPB,1,0.49543007538554606,5.5274437482454255,0,0.18241251749886755,15.68
HDAC2-AS2,1,0.592544380925818,1.0662941896528122,0,0.1817699102437373,15.67
KIAA0930,1,0.5960190600880859,0.8597628920661787,0,0.18072097331141251,15.66
ADGRF5,2,0.4640153724755305,4.5874453203532966,0,0.18050596530070273,15.66
EPB41L2,3,0.4390469922449128,3.3764665375505034,0,0.1791066374814674,15.65
FAXDC2,1,0.5762388238769954,1.603625104741241,0,0.1772482959309304,15.63
SAMD4B,1,0.3620388836148612,11.347984913941586,0,0.176580202834968,15.62
SAMD12,2,0.2583083585006466,13.787264484595378,0,0.17640519674688465,15.62
CPM,2,0.41715485610186237,6.519851412561429,0,0.17599997396987527,15.62
MAOB,1,0.4300051625051689,8.19964477757188,0,0.1755582530032045,15.61
PAG1,2,0.4166651193782791,6.50019692394624,0,0.17508142945760363,15.61
MAPK1IP1L,2,0.4032147321114985,7.1500333451148546,0,0.17586944461506435,15.61
IER2,0,0.6592914690454788,0,0,0.17506216449337658,15.61
MSC-AS1,1,0.51333412496495745,4.410582105760129,0,0.17585597215757554,15.61
WTIP,0,0.6601697498832226,0,0,0.1759386459850799,15.61
TRIM22,1,0.3563568241359796,11.534905486611043,0,0.17499742766166543,15.6
TDRP,1,0.47604673248786106,6.071548285784155,0,0.17496755074559822,15.6
MAPK4,1,0.3371172795276087,12.328123115001352,0,0.17314365537289206,15.59
MPP5,1,0.36705495001313554,10.988290873562706,0,0.17372007972323328,15.59
PPP3CC,2,0.3786993368390311,8.11751447466716,0,0.17256148456786355,15.58
MARCH6,3,0.2779144986111601,10.43382122676837,0,0.1726369185926342,15.58
CHKA,2,0.35113494402073286,9.35415708598617,0,0.17209688938485462,15.58
NHSL2,0,0.6306383707742095,1.2000311881278676,0,0.17271046310494204,15.58
PARD3,2,0.3669362434637124,8.591768675586342,0,0.17119364443406632,15.57
FLNA,2,0.41183265948837455,6.507097130450792,0,0.17040976598460644,15.56
KAZN,2,0.3162949908870724,10.860834834078398,0,0.1702768607020832,15.56
ZNF704,2,0.5130365816949031,1.8755185282453835,0,0.17012139598089157,15.56
NAP1L1,4,0.25848801748046313,8.929142861784513,0,0.1703454125995137,15.56
ADK,2,0.4238504735096425,5.9078049181798935,0,0.16929743066378772,15.55
PBX1,3,0.3667686525069423,6.1705207296845215,0,0.1680777137253205,15.54
FRMD5,3,0.3669930543509574,6.201004428400026,0,0.16896828384544693,15.54
KCNMB4,1,0.32042291002076384,12.860097950764935,0,0.16811689658209195,15.54
DNAJC6,0,0.6522365798562837,0,0,0.1680217287527636,15.53
MAPRE2,1,0.39119683879749956,9.541307074228753,0,0.16616936913720093,15.52
LEPR,1,0.4885270767246911,5.133679699236178,0,0.16691269341031256,15.52
DUSP1,1,0.47746140986605334,5.609135662811962,0,0.1662671315251269,15.52
LANCL1,1,0.5682273880213875,1.412626427679855,0,0.16507644843221408,15.51
TMEM51,0,0.6499733649489066,0,0,0.16576315052491702,15.51
KLF6,2,0.4980529084649355,2.321015189260528,0,0.16491069426222701,15.5
LAMC1,2,0.4989504747102257,2.2688784910118804,0,0.16466627839655423,15.5
CFLAR,3,0.3066516452379944,8.66970846097704,0,0.1627369661361356,15.48
DNAJC5,1,0.38225455819077014,9.683111312649734,0,0.1603464325765777,15.46
FOXO1,1,0.40704272671323805,8.509018857514539,0,0.15940835948814291,15.45
AKAP6,1,0.43730853544718334,7.128094679655754,0,0.15941363722246887,15.45
RPS6KA3,2,0.47040699845410316,3.3121937225723683,0,0.1589968559836662,15.44
ZFC3H1,1,0.5013456560705473,4.152146496052948,0,0.15824050537798162,15.44
ENO1,1,0.428889032751575,7.4444828355832104,0,0.15793026872332272,15.43
GAS7,2,0.48556927467682365,2.5340190715828133,0,0.15711067804790094,15.43
KIF1A,1,0.4019909015575625,8.623476912318683,0,0.15686989219730918,15.42
ANO4,0,0.6399785787845668,0,0,0.15578884081655564,15.41
HECW2,0,0.6397298715496372,0,0,0.15554064311156135,15.41
EGLN1,3,0.342335485307655,6.653910503759391,0,0.15426553697899448,15.4
PODXL,1,0.2592731456947379,15.052681976248275,0,0.15504059243549084,15.4
ABO,1,0.4277842601331864,7.343856742884166,0,0.15462723345281254,15.4
UACA,3,0.4088061328026352,3.5472833339059275,0,0.15266321337541966,15.38
ISYNA1,1,0.47015376668549314,5.326741851603469,0,0.15279897459420155,15.38
AKAP13,3,0.289357048066378,8.942556273110139,0,0.15144453047127884,15.37
CHST11,1,0.47642491845312374,4.988559810990971,0,0.15166179735312765,15.37
BST2,1,0.49356987718870016,4.210445573855122,0,0.1517555611322034,15.37
RUNDC3B,1,0.4984880951104061,3.992437380527043,0,0.15189622485695586,15.37
KALRN,3,0.3773406711691617,4.874208511676964,0,0.15027987177499755,15.36
CECR2,3,0.29727470672246864,8.548265132542381,0,0.15072347379549533,15.36
RPL10,1,0.46394189917329154,5.508342139521759,0,0.15057113099523603,15.36
PNPLA8,2,0.3598914657550307,7.89818894385817,0,0.1489958592627551,15.34
HACE1,1,0.32080242366028233,11.961647517646687,0,0.14884800952848742,15.34
GALNT7,1,0.5569337575358952,1.1138815266478124,0,0.1472728990856467,15.33
WASHC1,0,0.6320294310525071,0,0,0.14785597861286293,15.33
AP3S1,2,0.43538686552392974,4.351871422866264,0,0.1467844989271868,15.32
FGD6,1,0.48639371778462326,4.290236983308453,0,0.14633900961838317,15.32
CREB5,1,0.2555517389412527,14.820996471857045,0,0.14626023145910405,15.32
PREX1,1,0.2721231338290666,14.025477454056807,0,0.1454009927269796,15.31
LRRC1,2,0.2921550446223983,10.792140668251099,0,0.14468414262541507,15.3
CDYL2,1,0.23166483231327817,15.787257898820336,0,0.1435527995872114,15.29
CASC15,2,0.3458990208018392,8.255873549534877,0,0.1428540508404628,15.28
EEPD1,1,0.43915295886704125,6.268459170550043,0,0.14245547688073945,15.28
QDPR,0,0.6016693030472122,1.1085154767865637,0,0.14179944764463034,15.27
AC007319.1,0,0.6253514123888148,0,0,0.14119164129792,15.27
DAAM2,3,0.3456194131905304,5.891941256692013,0,0.1408797313874652,15.26
TEAD1,2,0.34455567438233736,8.181848080037843,0,0.1398946421182474,15.25
PPM1H,1,0.4852863903082935,4.056685966385541,0,0.1401265767490958,15.25
H2AFY,0,0.6234976546020198,0,0,0.13934168133021707,15.25
RASGRF1,0,0.6025082433450153,0.9642459525668642,0,0.13948173360313443,15.25
GOLM1,1,0.3896318336978287,8.374058099315324,0,0.13908176811609063,15.24
BAZ1A,2,0.43811157128517064,3.8743124321416773,0,0.13906019823555216,15.24
NOL4L,0,0.6226802672073525,0,0,0.13852596852835536,15.24
PIK3CD,1,0.48912331578214435,3.8188105345188252,0,0.13875369967713755,15.24
VRK2,1,0.5510472873206387,0.9466708545433534,0,0.13774186805745633,15.23
DIXDC1,1,0.35894475467185055,9.700710611566059,0,0.13746925169659557,15.23
ANKH,1,0.4005497609300478,7.732785839005518,0,0.13595376522590913,15.21
AMER2,0,0.616962603929731,0.12502662896196481,0,0.13555414444304276,15.21
PARP14,1,0.2773456868226345,13.358609115379329,0,0.13602953994180533,15.21
AC104389.4,1,0.5355629477145194,1.563187400272754,0,0.1357714473621077,15.21
PNISR,4,0.23779921112524627,8.234837256495723,0,0.13451567783818907,15.2
UBE2D3,3,0.28457408165708686,8.402355851657987,0,0.13485807432183355,15.2
NSMF,1,0.46732006863620645,4.584097348898493,0,0.13373067649324544,15.19
WTAP,3,0.3448599294994198,5.565516320496172,0,0.13298343085163064,15.18
EIF2AK3,1,0.48996513015981413,3.502151047442106,0,0.13266897080977574,15.18
TNFRSF10B,1,0.326261292693196,10.926784853404294,0,0.13166496212088125,15.17
RAB1A,4,0.2869356696475253,5.713045590015272,0,0.1284040620506055,15.14
TBC1D8,1,0.472040990908855,4.1612985362751616,0,0.12919601705142958,15.14
LHFPL2,2,0.3980003023276426,5.187402898322475,0,0.12774621986272616,15.13
GPR155,0,0.6115826814219917,0,0,0.12745111851973495,15.13
NLRC5,0,0.5962699448043199,0.6553951635929075,0,0.12650216023884106,15.12
ABLIM1,0,0.6107283209269541,0,0,0.12659850836480252,15.12
EPS8,3,0.27034764813399403,8.629726368221087,0,0.1256330033706694,15.11
ABCC5,0,0.6093512199204241,0,0,0.12522422864405836,15.11
PTPRM,2,0.37331442436315654,6.160340271513022,0,0.12438744540681562,15.1
USP54,1,0.4196705256483921,6.3286180774462935,0,0.12432853326451698,15.1
NTRK2,1,0.19840163408843203,16.3882489505545,0,0.12350042722134019,15.09
RAP1B,2,0.34657226366940397,7.35962667143052,0,0.12392647934695689,15.09
BAG3,2,0.3609016158254576,6.6359274054567825,0,0.12240037022900338,15.08
FIGN,1,0.46801703088365865,4.070693415938807,0,0.12319891702481744,15.08
ANKRD28,3,0.3279944962131084,5.826420958118669,0,0.12185810238893952,15.07
TMEM164,1,0.4197800964480627,6.202820742155121,0,0.12168690017696104,15.07
CPEB4,2,0.35209870689395867,6.987784927068717,0,0.12131003727542539,15.07
WWP2,1,0.5109897126467977,2.0274878027890426,0,0.12140203676148195,15.07
DIO3OS,0,0.6057992191407352,0,0,0.12167950489725493,15.07
FUT8,3,0.343855545946524,5.041905570927428,0,0.12053060497620693,15.06
GOLGA4,3,0.3337422582837553,5.527844711001099,0,0.12106472084485798,15.06
RAB11A,1,0.49917802367046227,2.5477481310850383,0,0.12099177840677314,15.06
PPP2R5C,1,0.3097803425957375,11.158692786366457,0,0.12028921923737501,15.06
OTULINL,0,0.6051244449030564,0,0,0.12100611307884412,15.06
DPY19L1,1,0.39939850247969033,7.037867435164919,0,0.11960815063658473,15.05
CTBP2,2,0.32355978132661967,8.213213131086079,0,0.11962766536490474,15.05
LURAP1L-AS1,1,0.4832879417830695,3.23335610645757,0,0.12012736183390532,15.05
UBXN2B,0,0.6030110355634188,0,0,0.11889703351000863,15.04
SIK2,2,0.276178328330094,10.28431402861596,0,0.11763483038120157,15.03
NTM,2,0.46249643177744704,1.803619147780799,0,0.11811246797560054,15.03
ABHD2,3,0.33492848065056685,5.288766733706213,0,0.11702027352064656,15.02
PRKX,2,0.32106390856776285,8.210422125601236,0,0.11707587126674854,15.02
CCDC85B,0,0.5846303785717218,0.7319633955577185,0,0.11656086058526616,15.02
ATG16L2,0,0.6003665501196808,0,0,0.11625796585999659,15.02
NFASC,0,0.6009416580674545,0,0,0.11683189557620216,15.02
NUP58,1,0.4614424364895635,4.093537879201018,0,0.11713736267487568,15.02
EGLN3,1,0.508750450721785,1.8739687668340106,0,0.11581015534755976,15.01
ABCG1,1,0.36640398318278133,8.3753974518366,0,0.11593079423982261,15.01
HSP90AA1,1,0.4222228839751974,5.810351464300034,0,0.11554202993665946,15.01
HLA-E,0,0.5978430138344389,0,0,0.1137395995782751,14.99
KDM7A,1,0.44833700482539485,4.508351962501351,0,0.11313007737702517,14.98
FGF2,1,0.39999311347182176,6.6994447669167485,0,0.11280080009930415,14.98
TMTC4,1,0.29890477097124546,11.309750031201508,0,0.11273930034661449,14.98
AASS,4,0.30322271901910874,4.230694029459164,0,0.11224116999892014,14.97
MITF,1,0.5321789810915962,0.6333743581640218,0,0.11206094201633877,14.97
FARP2,0,0.5907091502609678,0.23834868172730886,0,0.11183264222384567,14.97
DLG5,1,0.4602541956169406,3.8343714580548656,0,0.11028401570529252,14.96
ZBED5,2,0.3275160738607415,7.625604820117544,0,0.11072583188042698,14.96
TLK1,1,0.4593128353251206,3.9200767096656235,0,0.11121881591989823,14.96
KHDRBS3,0,0.5953651197965999,0,0,0.11126678203605593,14.96
ZNF804A,0,0.5945327354184116,0,0,0.11043610297519975,14.96
CORO1C,1,0.3577451575949222,8.552005553404223,0,0.11115183483323755,14.96
RECK,1,0.327482660771645,9.93561410590934,0,0.11120856505273287,14.96
PLEKHG3,1,0.45260153556964583,4.222741985530603,0,0.11114005407952444,14.96
PPP4R4,1,0.47995757129415384,2.9121462718105406,0,0.10977948714632894,14.95
GAS6,0,0.5934238911692576,0,0,0.10932953043052067,14.95
ST3GAL1,0,0.5937136660080249,0,0,0.10961871160358742,14.95
MAPKAPK2,1,0.4669903289295013,3.518039699093397,0,0.11008869687167049,14.95
APOE,1,0.5085381882914022,1.5832238795930837,0,0.10924021855879291,14.94
SNX9,2,0.3124785906780823,8.209354403166037,0,0.10848479291443595,14.94
PCSK5,1,0.49290318262948873,2.257959149172343,0,0.10839258756224927,14.94
EVL,2,0.44628567123987806,2.110247001252608,0,0.10864036203959186,14.94
CRYBG3,3,0.326483849133203,5.233163488020409,0,0.10737699172945556,14.93
NCAM1,2,0.3693339932852194,5.526285528389213,0,0.10654944182717191,14.92
USP6NL,2,0.4031392460076279,4.004526447299819,0,0.10700708612503429,14.92
DNER,2,0.3445617004506847,6.6820035006555445,0,0.10710153856578455,14.92
VCL,2,0.44745788986594043,1.9939149569477523,0,0.1072661899569695,14.92
CLIP1,2,0.3575895692810249,6.092557685721534,0,0.1072125131454102,14.92
BHLHE41,0,0.590791133808198,0,0,0.1067021668357027,14.92
DCHS2,1,0.4965172268652817,1.9781382004176784,0,0.10588000687766569,14.91
UBA6,2,0.31535801911546,7.958504300938775,0,0.10587264588805412,14.91
FAM219A,2,0.35253980660620565,6.253676171014828,0,0.10569649045719823,14.91
LMNTD1,1,0.3827152249124006,7.130362533516705,0,0.10498176696284908,14.9
STK3,4,0.23285039244124564,7.111629163723865,0,0.10501429686090494,14.9
MAP2,2,0.37266182446355667,5.286919750490185,0,0.1046359220484104,14.9
PTH1R,1,0.3695385358548079,7.72311766025587,0,0.10479464621512424,14.9
TMEM178B,1,0.4005169954957857,6.207686594033559,0,0.10256967192768016,14.88
ALDH1L1,1,0.42477154250301874,5.109602258734172,0,0.10276124227649379,14.88
JAK1,4,0.27918703635631564,4.863476837572234,0,0.10209264172323776,14.87
C1orf198,2,0.33723318043472156,6.76235667282363,0,0.10154522340367825,14.87
CYYR1,1,0.46726806128810905,3.1363919582397752,0,0.10201985613540215,14.87
SEC24D,2,0.41737679349990797,3.130880872048218,0,0.10211028294530305,14.87
PLEKHH1,0,0.5844352777534907,0.06694637780557637,0,0.10182333853315506,14.87
LINC00299,1,0.39704754614518034,6.2759508148729415,0,0.10060015595295253,14.86
PTEN,2,0.35517456987805046,5.903451431060478,0,0.100667020747068,14.86
GGT5,1,0.33859539477080486,8.932038967314886,0,0.10035200583556785,14.86
FAM19A5,1,0.4775370094773757,2.5542728854666024,0,0.09953778603094217,14.85
NKTR,3,0.24411982792144357,8.595932908229244,0,0.09871990944482206,14.84
SLC38A2,3,0.279459574233598,6.997257074449256,0,0.09902686158367395,14.84
ADGRV1,1,0.20580154872231304,14.880493671413328,0,0.09791307036918155,14.83
RASSF3,1,0.445875691733086,3.851874912589946,0,0.09631774082598307,14.81
ERI3,0,0.5795792756397925,0,0,0.09551327855544149,14.81
BTAF1,4,0.28773767071975237,4.159363600704355,0,0.09522796777429593,14.8
MAP3K20,3,0.3759074698044689,2.418633817085282,0,0.09515025438151406,14.8
RPRD1A,0,0.578792502721016,0,0,0.09472811750917247,14.8
NFIA,3,0.2039537221684573,10.114759074050866,0,0.09185030568340466,14.77
DOCK4,2,0.40456493449192266,3.2243865831033944,0,0.09136948682867839,14.77
HECA,0,0.5754389763957872,0,0,0.09138146159948253,14.77
PPFIA2,1,0.4711235177255402,2.4990746995684225,0,0.09193034076808052,14.77
ZFHX3,3,0.25929691854172865,7.524514144054354,0,0.0904357524000175,14.76
CCDC146,1,0.4803501190295083,2.0421353211924234,0,0.09114553187318758,14.76
HSPA9,1,0.4618588161678414,2.8748594694500453,0,0.09090241056641014,14.76
HIP1,2,0.3805817513943338,4.22816940385314,0,0.08938650647844898,14.75
PPP2R1B,1,0.40577893074659604,5.333419476787998,0,0.08870205287265241,14.74
LCLAT1,0,0.5729674679148097,0,0,0.08891501653194665,14.74
ATR,1,0.44631178650176095,3.4496300855771893,0,0.0879565138940919,14.73
NR3C1,2,0.3604011401981524,5.0300019505627684,0,0.0867819895756575,14.72
TPD52L1,1,0.3514613069272111,7.729815776531333,0,0.08690092906639936,14.72
KCTD3,1,0.4187848894251506,4.609376500399143,0,0.08584774515402226,14.71
OXSR1,1,0.4347355305787488,3.8780698919344143,0,0.08577324349367252,14.71
TAF1,3,0.3137936004999436,4.841545511030344,0,0.08614870512842723,14.71
KCTD8,1,0.29786383058150745,10.08110896668435,0,0.08483214703979133,14.7
GPCPD1,1,0.45927093719429296,2.703624477400366,0,0.08457520769754376,14.7
BCR,1,0.32113086170947247,8.975406397392346,0,0.08387162648474888,14.69
TSPAN5,2,0.30977519093456674,7.19251139327776,0,0.08355025888376216,14.69
LRRK2,1,0.4405913264794568,3.5348373994197293,0,0.0841111163111804,14.69
ENPP2,0,0.567807625448798,0,0,0.08376574510621275,14.69
ARL17B,1,0.49517523469419994,0.982931362284366,0,0.08277723853273643,14.68
SLC2A1,1,0.198581696678362,14.546013580154545,0,0.08339348402382073,14.68
WDR43,0,0.5669499997272578,0,0,0.08290987641429219,14.68
FAM157C,0,0.565949735891075,0,0,0.08191166183239774,14.67
ZEB1-AS1,0,0.5658508210949893,0,0,0.0818129496844162,14.67
DISC1,2,0.3064427495875473,7.245490691758431,0,0.08138321428160492,14.66
ARRB1,0,0.5648786698130197,0,0,0.0808427900621582,14.66
NDFIP1,2,0.33758773881942045,5.811024935035743,0,0.08109500565739362,14.66
GDAP1,1,0.4663366304266134,2.180083048832198,0,0.08017744126544378,14.65
CDH11,3,0.2754670886611038,6.323254674681253,0,0.08030323910641769,14.65
FBXO7,1,0.3178676006609191,8.942556220000847,0,0.07989667194290151,14.65
ADAM12,1,0.370866446553192,6.527500338603572,0,0.07997366546919912,14.65
PPM1B,3,0.2625605602344276,6.8575071306805935,0,0.07910636897654935,14.64
CPVL,0,0.5632907679936385,0,0,0.07925814139908953,14.64
ASTN1,1,0.4122871257151588,4.5229369308959475,0,0.0774730032570261,14.63
ENOX1,1,0.40352480552265496,4.961330474478231,0,0.0783155753884198,14.63
LUC7L,3,0.295475785487379,5.286572679023985,0,0.07760042529440453,14.63
CUEDC1,0,0.5618014436492933,0,0,0.07777186825402689,14.63
LDB3,1,0.2739989342203589,10.82975128864579,0,0.07738771088316446,14.62
SMAD6,1,0.2067611562727543,13.839879813902803,0,0.07611421010497425,14.61
COL6A2,1,0.3709076004055325,6.3202267064487225,0,0.07548200390977289,14.61
THSD7B,1,0.45534781089389,2.48236581053431,0,0.07582155811014735,14.61
FUT9,1,0.2493368269043832,11.826428593661554,0,0.07457181137325486,14.6
PRPF4B,3,0.3462422528773072,2.8359146618875792,0,0.07467105406986044,14.6
SCMH1,3,0.33428707283423414,3.3744993826172593,0,0.07451832273868253,14.6
ZC3H6,1,0.3378733273483685,7.823870255962869,0,0.07539760308346802,14.6
SORBS3,0,0.5592442799474809,0,0,0.07521994344868603,14.6
PKIG,1,0.47543047814041983,1.4773759736990266,0,0.07388561820680097,14.59
IGFBP7,2,0.3947775350275373,2.784859079364454,0,0.0719904002755277,14.57
RASSF2,1,0.4561133345936206,2.252934862765592,0,0.07156823857068965,14.57
KCNAB1,2,0.3835833494688442,3.3140666964869565,0,0.0723920426410335,14.57
NAV3,2,0.30953968586866604,6.641726716267622,0,0.07127048748906771,14.56
WRN,2,0.32058999520467907,6.120772459101825,0,0.0709057509771353,14.56
PVT1,0,0.5550800482187541,0,0,0.07106424303881638,14.56
SEMA5A,1,0.41001216385336847,4.327381692344561,0,0.0709262329045792,14.56
ST6GALNAC3,2,0.37340740891138247,3.689432433335723,0,0.07044557674895234,14.55
PELI1,2,0.31623946939885467,6.298394837454886,0,0.07044844543322437,14.55
CAMTA1,3,0.26324292975378527,6.368357464325976,0,0.06909044732301495,14.54
MAP3K5,2,0.35740471931577267,4.369390522763388,0,0.06934522951917503,14.54
MIR222HG,1,0.2868945205305864,9.83328312461679,0,0.06846576918791142,14.54
CPT1A,1,0.4629924255166866,1.822634251810445,0,0.06902327440260103,14.54
BMPR2,2,0.34500958898876083,4.894806056325152,0,0.06846546092048669,14.53
B4GALT5,1,0.40728154559656055,4.3160732070105885,0,0.06795391105507212,14.53
ABCA1,1,0.31468280842209023,8.556339687895859,0,0.06827248843204374,14.53
SEPT2,3,0.253090487648945,6.801965567369658,0,0.06844109584386462,14.53
LAMP2,0,0.5516388753900894,0,0,0.06763012018828841,14.53
TM9SF3,4,0.2752437099789494,3.4316397293220335,0,0.06684548759408299,14.52
RHOT1,1,0.45129100731980865,2.240732289374758,0,0.06648894079199752,14.52
SASH1,1,0.37478436620860056,5.760625602587137,0,0.06711327786248848,14.52
UBXN4,2,0.32098818325257106,5.927615369639582,0,0.06707909756471006,14.52
LINC01094,1,0.3999092960229311,4.584369164373935,0,0.0664639534119665,14.51
PTTG1IP,2,0.32490349232380106,5.704133419356214,0,0.06609920511183817,14.51
CCDC149,1,0.3291183217255357,7.795961899739447,0,0.06605022442554587,14.51
CYFIP1,2,0.41645214222773597,1.5060923395682724,0,0.06565609139118604,14.51
OTUD7A,0,0.5485933757142184,0,0,0.06459085986952019,14.5
RASGRF2,1,0.4674488230626026,1.4198759936054186,0,0.06466288590836189,14.5
MOSMO,1,0.3755248796612643,5.579994004047912,0,0.06390216027289669,14.49
SRGAP2,1,0.36088293249958847,6.238362520534422,0,0.06368763949645061,14.49
AC008014.1,1,0.3856278165031631,5.118566331518206,0,0.06389373999453046,14.49
EYA2,1,0.3605558716399015,6.2298733299335725,0,0.06317560415013017,14.48
AC006059.1,1,0.34166645540369717,7.07588838902736,0,0.0628258352999944,14.48
STAMBPL1,0,0.5470055948621206,0,0,0.06300633192590759,14.48
SQSTM1,1,0.4321263574764947,2.9775210771147465,0,0.06347590452897492,14.48
FOXK2,3,0.325872152042162,3.184781941801261,0,0.061971835443661125,14.47
PPARD,0,0.5462715885185654,0,0,0.062273829351250906,14.47
PTMS,1,0.42969603040052406,3.009623623155898,0,0.06175258601906511,14.47
MVB12B,2,0.35463582817541334,4.118426245108196,0,0.06109383787757648,14.46
TPM1,2,0.3879339052033065,2.5874565111019905,0,0.060843923811890605,14.46
ITPKB,1,0.48020035474875766,0.68134345481435,0,0.0612378097097484,14.46
MICALL2,1,0.4629566537777515,1.4516852075461713,0,0.06087553462679238,14.46
FMN1,0,0.5279969192083107,0.7642883457502759,0,0.06075032010155926,14.46
NR2F1-AS1,1,0.387911988081425,4.851860075585973,0,0.060340807795511125,14.45
TFEB,0,0.5440950896348336,0,0,0.06010178949073848,14.45
PCGF5,3,0.29182860148383505,4.558244096391644,0,0.058033373304523114,14.43
PRKCH,1,0.45907257113747313,1.5133857505369788,0,0.05834869806192955,14.43
SLC2A5,0,0.5421048666905813,0,0,0.05811564394362463,14.43
TAOK1,2,0.2800031811654506,7.343092018382168,0,0.05713219235703795,14.42
HNRNPA2B1,4,0.21126385994563504,5.893628625928984,0,0.056836334184713094,14.42
DNMT3A,0,0.5342003417073174,0.32915244086653533,0,0.05742533188942478,14.42
SEPT4,0,0.541286049457797,0,0,0.05729850423297493,14.42
LINC00609,1,0.336361205542328,7.026853503801351,0,0.056459142636733184,14.41
PMP22,2,0.296530742918839,6.552318076971156,0,0.05633297725503056,14.41
GRID1,2,0.3641954670929449,3.441028049521038,0,0.05582031503510031,14.41
DIRC3,1,0.47495964956434694,0.625089131152997,0,0.054777652326365806,14.4
USP34,2,0.21314174963541688,10.3162329058923,0,0.05542540858269317,14.4
ZMAT3,0,0.5392560218996812,0,0,0.05527263562025782,14.4
WDR41,2,0.35471974158881503,3.7791895280662127,0,0.05375903413563263,14.39
INSR,3,0.2530030514213532,6.16929251280424,0,0.054518326723192234,14.39
IPO7,1,0.3263437916913853,7.306728772314469,0,0.052582660260796804,14.38
DENND3,2,0.3328225162710717,4.723071236291319,0,0.05254779989750147,14.38
FAM126B,0,0.537170248711522,0,0,0.053191135584336705,14.38
ZNF273,1,0.44571484177383675,1.8192946129477898,0,0.051708055111732903,14.37
DAPK1,1,0.3637801909696652,5.507403010485195,0,0.05059408826491114,14.36
ARGLU1,2,0.34157208824871366,4.271947225115264,0,0.05141411142350197,14.36
AC012409.2,1,0.41013568015582846,3.4064071536951093,0,0.0509093080901344,14.36
RAPGEF2,2,0.31944621412754964,5.1804839136894065,0,0.049201759767915944,14.34
VWA8,1,0.4609677526398694,1.0192005458355011,0,0.04943298480181338,14.34
RUNX1T1,2,0.36302088975915475,3.163749718351869,0,0.04858452613198454,14.34
LRCH1,1,0.4061922719621491,3.4467180898525496,0,0.04785551223174098,14.33
TRIM9,1,0.3535666977390173,5.842624429661654,0,0.047732256884034895,14.33
TNFRSF1B,2,0.3975037908342247,1.5687213178175605,0,0.04811615178947804,14.33
BCAS1,0,0.5324004043636558,0,0,0.048431063282235856,14.33
NALCN,0,0.518693271692246,0.5640718033428221,0,0.04708732886345722,14.32
ITPR2,1,0.2910085212025453,8.64610616835192,0,0.046609747328838866,14.32
ZNF385D,1,0.3075432985325224,7.89235989559745,0,0.04662746681811387,14.32
MKNK1,0,0.530744220091633,0,0,0.04677827205772615,14.32
ADAMTS18,0,0.5307706199050919,0,0,0.04680461778552382,14.32
CDC14B,2,0.2522738776603063,8.095080771160742,0,0.0459044470209491,14.31
HS3ST4,1,0.4073602805254568,3.3001491656929436,0,0.045815908220083405,14.31
VGLL4,1,0.28803190770956416,8.70145812477145,0,0.04484968769140467,14.3
NSMAF,0,0.5294065869401013,0,0,0.04544337933364258,14.3
GNAI1,1,0.45890087719985584,0.9093624369221672,0,0.04496836624305381,14.3
DLGAP2,1,0.4361588065866392,1.9667623635165428,0,0.0453964730102453,14.3
DTX3,0,0.5287345721968242,0,0,0.04477274135621924,14.3
CRTC3,3,0.24198520538378834,6.1854810487687635,0,0.04387706957249694,14.29
SLC35F5,3,0.31274632240998707,2.9674317230287337,0,0.04411980751705932,14.29
MAP4K4,2,0.31578462187503176,5.11962803170191,0,0.04421685170541179,14.29
ARHGEF12,3,0.26766278674369165,4.9785164866350105,0,0.04310772862386593,14.28
YY1AP1,1,0.4022532517435884,3.4109426151033135,0,0.043142211547947396,14.28
NDUFV2,1,0.3275491266129138,6.765512387919306,0,0.04195001969964044,14.27
ABCA8,1,0.38942879407262576,3.932554908776381,0,0.041750824615777324,14.27
HSP90AB1,1,0.41845838702285854,2.5781584820084595,0,0.04110253720626182,14.26
BBS9,2,0.25866212228766466,7.581989324088087,0,0.04105914367277006,14.26
SLC7A1,1,0.34969744782210377,5.7160564101883065,0,0.041103100957814116,14.26
PKP4,1,0.3005958439748817,7.9194126483382465,0,0.04028584451053181,14.25
NRP2,1,0.3795407890109624,4.309393116536698,0,0.0401239048225705,14.25
MSRA,1,0.3587707605792017,5.207593306053395,0,0.03903857899905947,14.24
PRRC2C,4,0.22039259559562485,4.637187722465553,0,0.038470085719887415,14.23
CLASP2,2,0.39714840411874613,1.1055887435933103,0,0.03763355068833163,14.23
SELENOW,1,0.26415477350922634,9.502688754252256,0,0.03854305796896641,14.23
RBM25,3,0.2332046704808565,6.306212809151073,0,0.037754727145403136,14.23
RSU1,1,0.4161540129040911,2.5362841574383914,0,0.037887161954141005,14.23
ZNF710,0,0.5206932624453771,0,0,0.0367479059467367,14.22
TENM4,1,0.2968347468878596,7.899141018383123,0,0.03608914585667763,14.21
LAMA4,1,0.3815401508575925,4.020515923788885,0,0.035801904711465896,14.21
CBLB,3,0.28739114942605537,3.7501212467549987,0,0.035932703809821526,14.21
MYRIP,1,0.43183792106675334,1.748730858081709,0,0.036316451774618466,14.21
PICALM,1,0.23905138780383325,10.54027142506461,0,0.03618131673525293,14.21
PPP2R2B,1,0.2507021237028355,9.946244527122468,0,0.034817799035413294,14.2
PIAS2,1,0.3416811590185166,5.813570815230124,0,0.03523571379417462,14.2
PPP4R1,2,0.28578334454013143,6.059137172761868,0,0.034822547529906656,14.2
CMTM8,1,0.19088591399689925,12.703746747202391,0,0.035426142873599395,14.2
MAML2,1,0.24986888866653922,9.96147788798606,0,0.034319399435522244,14.19
FAM155A,2,0.21745054995632374,9.142225754468617,0,0.034051789107111874,14.19
SLC25A36,3,0.26572903362274003,4.660217808703753,0,0.034217272211657226,14.19
JUND,2,0.3461015272844091,3.2323381106426465,0,0.0331997411480808,14.18
ADD1,2,0.23347476660519778,8.324654686291659,0,0.032164251323113305,14.17
DST,1,0.33995369299548867,5.709511701282138,0,0.031236186349789932,14.16
ACSS1,1,0.40910143415924877,2.533182292800474,0,0.030781199281360333,14.16
ELMO1,3,0.2565736612681733,4.954289214897019,0,0.03151151127871023,14.16
COL5A3,2,0.32216863085768677,4.246878121280721,0,0.031502186375152515,14.16
UBE2E2,1,0.2497634705904487,9.816223950431224,0,0.031037734250636342,14.16
KLHL2,0,0.5154977332415387,0,0,0.03156302089508704,14.16
SGPP1,0,0.5146587468126698,0,0,0.030725753309262346,14.16
GNA14,2,0.3535902989126601,2.76158857645091,0,0.030378657654360125,14.15
LINC00854,1,0.39874422485811656,2.990676561286622,0,0.030449850999089735,14.15
HK1,1,0.32508165369826486,6.33340850092216,0,0.03003820546691932,14.15
LUC7L3,2,0.2440018307382945,7.695978081498575,0,0.02892163222872523,14.14
TAPT1-AS1,1,0.4465411366944004,0.7595761998978044,0,0.02935837034371462,14.14
FAM193B,0,0.5129807507707111,0,0,0.029051195000890054,14.14
FERMT2,2,0.27286261259246836,6.294582591832481,0,0.0270770878915432,14.12
ZFHX4,1,0.3749808407551272,3.9089809139711744,0,0.026816946790193037,14.12
AC097376.2,0,0.5107589438405531,0,0,0.026833939917169716,14.12
CCNT2,2,0.31317480874046316,4.42784347835284,0,0.026484202713665278,14.11
OXR1,1,0.43331380937116937,1.2332396821776503,0,0.026516378019808745,14.11
BMPR1B,1,0.3519818841421391,4.866724823390282,0,0.02480938177380905,14.1
CEPT1,0,0.5093091168448091,0,0,0.02538708320194659,14.1
MOB1B,1,0.44296111216532874,0.6704679840316555,0,0.02383703113842227,14.09
SENP5,3,0.25613344132136634,4.625774561204362,0,0.023888121745976057,14.09
MPZL1,0,0.5083453161442262,0,0,0.024425257053124275,14.09
RORA,2,0.27802664155651136,5.910449880482385,0,0.023830190947844707,14.09
ARRB2,0,0.507405612063263,0,0,0.02348747815684539,14.08
PITPNB,0,0.5071293154895815,0,0,0.023211747635757243,14.08
S100PBP,0,0.5066875573241291,0,0,0.022770894506338527,14.08
UBR5,3,0.2032203143886066,6.970481749535908,0,0.022358262142541357,14.07
FENDRR,1,0.30385246321524484,6.926169176593585,0,0.021815201910228038,14.07
NOL10,1,0.38687139040524093,3.092236115843151,0,0.020822279865612074,14.06
CXorf36,1,0.3836256421576818,3.2482737771600507,0,0.020995466488728486,14.06
NFE2L2,2,0.2912054010993869,5.180260470698848,0,0.021013917753905376,14.06
RBM17,1,0.3212506257436778,6.065698522712065,0,0.0203606522844033,14.05
TF,1,0.42434669634074085,1.3415895233923256,0,0.019937067642107772,14.05
ZNF654,3,0.2799146298809222,3.3467447062068048,0,0.019650324545019707,14.04
PPP1CB,1,0.3345091968309729,5.393055846926743,0,0.018882478901580818,14.04
SH3D19,1,0.405877173857404,2.139195344424857,0,0.01894770242987602,14.04
ANKRD36,1,0.4409679353197163,0.5709427604283508,0,0.019671485910789654,14.04
USP39,0,0.5028507093893575,0,0,0.018941907174739467,14.04
C7orf50,1,0.4174464569711158,1.6233999630835347,0,0.019213692538333285,14.04
STX12,1,0.3047621218184501,6.7304819536263745,0,0.018443641366384725,14.03
ZHX2,2,0.26077955549437176,6.44674321885881,0,0.0183462864606585,14.03
SAMD8,1,0.38436343144264545,3.068171294374773,0,0.017793201197823107,14.03
GNA12,1,0.33635447939139207,5.225743115039879,0,0.017065128622303707,14.02
NACC2,0,0.48371609722527986,0.7874048520953796,0,0.017065736561845568,14.02
KCTD1,1,0.41441457752435135,1.6653928986558837,0,0.017106340507252897,14.02
AGO2,2,0.34216949331960855,2.663625932888966,0,0.016838969230002193,14.02
FP671120.1,2,0.3077767540018752,4.257355970407991,0,0.01736892756509932,14.02
PADI2,0,0.4722965932069136,1.2538198332139738,0,0.015869351113116922,14.01
AC006978.2,0,0.4999330661284237,0,0,0.01603024132971141,14.01
VASH1,0,0.5005335597403145,0,0,0.01662950470207468,14.01
DOCK9,1,0.40317902368568115,2.0990770929767133,0,0.015377760270416653,14
LINC01266,0,0.487827932682169,0.5086815805922611,0,0.015073931650418678,14
SNX19,0,0.4988058015290375,0,0,0.014905286172825093,14
IKZF2,0,0.4995518471050049,0,0,0.01564980331495279,14
ANO6,2,0.28954704183742835,4.941228862830645,0,0.01413173055703404,13.99
GPC4,0,0.48690834639718195,0.5206151103900424,0,0.014417195869792872,13.99
UBR2,3,0.2908445745828061,2.5555338654571886,0,0.013255406041554786,13.98
IWS1,2,0.29848109671718254,4.512193900730733,0,0.01366519795729765,13.98
GPR137C,1,0.27882358878264635,7.6538696547218645,0,0.012751208894178157,13.98
PTPN9,1,0.35070002001686756,4.330948555596076,0,0.011813604066244045,13.97
CFAP47,1,0.32663293760063983,5.432479977893791,0,0.011884496331578493,13.97
PTPRJ,1,0.3162266782652895,5.900142726605336,0,0.011726566328548039,13.97
RTN4,2,0.2699167096814888,5.694795872436461,0,0.011020877959365018,13.96
AL645568.1,1,0.3668568533881639,3.5642687650551044,0,0.011171319279168137,13.96
NRCAM,1,0.29436905265617064,6.838313871512684,0,0.010429970107252983,13.95
SOX5,2,0.2820899263195274,5.0961460743284945,0,0.010077675413771124,13.95
RALGAPA2,3,0.23160327925484403,5.117933499215103,0,0.010170915941066257,13.95
SCD5,1,0.3963090498109644,2.193765180351019,0,0.010592532677343428,13.95
ITGA7,1,0.41772582206108433,1.185439882272198,0,0.009915023564283735,13.95
YTHDC2,3,0.23161810628952811,5.104731660931621,0,0.009897010257798046,13.95
ADAM9,0,0.493947967994116,0,0,0.010057404948327535,13.95
DEPTOR,1,0.39154032126384125,2.3876068370247574,0,0.010072569928314916,13.95
TSHZ1,1,0.32122381695438657,5.557415162959472,0,0.00921858303551394,13.94
ADCY7,0,0.4934680437760889,0,0,0.009578463957651344,13.94
PPP1R16B,2,0.33070226139247005,2.8053922841013774,0,0.008495425720980347,13.93
ARHGEF4,1,0.2958830221123785,6.643659332069775,0,0.007684065435048725,13.92
AUTS2,3,0.23102560490022234,5.026197371787991,0,0.007588307879965036,13.92
NHS,2,0.3362897222251324,2.496291971576131,0,0.007311927467185552,13.92
ZKSCAN1,2,0.2439905488263782,6.715349747862323,0,0.007465655650533353,13.92
ZDHHC20,1,0.28229036360005366,7.239314398686488,0,0.007145244317889323,13.92
BICD1,1,0.35847754449937597,3.7305251264464485,0,0.00644492850631226,13.91
TSC22D2,2,0.27923393401129565,5.045468914248961,0,0.006119308644475354,13.91
PDS5A,4,0.2072936208726863,3.7462336237344913,0,0.005914256287896743,13.91
PIP4K2A,3,0.2622494770715989,3.543658310542067,0,0.006327537024025999,13.91
IBTK,2,0.3020420405692497,3.9434805487956734,0,0.004782027211901215,13.9
PDE3B,1,0.425899631551617,0.5936558371859741,0,0.0051307501608565415,13.9
STK38,2,0.3384004810037149,2.3223000741946915,0,0.005613447232324572,13.9
SESN1,1,0.3481961585885822,4.131287509436583,0,0.004948615883640111,13.9
SMARCA1,1,0.3454682377605734,4.2188568254918355,0,0.004141279715810036,13.89
DENND1B,1,0.4211375007658653,0.773638208237186,0,0.004314292030071375,13.89
KIAA1324L,1,0.4039481452044467,1.5488121575296403,0,0.004111923155392558,13.89
CSF3R,0,0.48787389815821314,0,0,0.003995779142898103,13.89
TTC19,3,0.2631587068288277,3.353494997750524,0,0.0030763472809809695,13.88
SEMA3B,1,0.3369568069947952,4.575256390996144,0,0.003441154751126269,13.88
FOXP1,2,0.21373421792805924,7.895782084377525,0,0.0030854117698566347,13.88
GAN,1,0.3243484909177262,5.135271031622013,0,0.003105262335869394,13.88
PRKD3,2,0.3359181980174917,2.328476937998856,0,0.0032713275162053346,13.88
RAB11FIP4,0,0.48759246908828535,0,0,0.0037149266405793347,13.88
NPAS3,1,0.33230696619876254,4.696919217595793,0,0.0014614046974308712,13.86
DLG2,3,0.22336110728367464,5.0376202625957305,0,1.8931233134056487e-4,13.85
LRRC37A3,0,0.48389818472230756,0,0,2.821080582850362e-5,13.85
GRIA1,0,0.45926795783993024,1.1038695440391464,0,-4.117568225085449e-4,13.84
GAREM1,0,0.47783346380982417,0.2262173815496392,0,-0.0010770857008895861,13.84
C1GALT1,1,0.3025072712108077,5.914342799205104,0,-0.0016542015148060096,13.83
EML1,0,0.4821323173267358,0,0,-0.001734038832905389,13.83
MCU,0,0.4817361241344547,0,0,-0.0021294203387404297,13.83
TRPC4AP,2,0.2918924011242884,4.0687370882482945,0,-0.0026076654284684624,13.82
RB1CC1,3,0.24838632588811316,3.7590967812412823,0,-0.0027959299331657677,13.82
PAK2,2,0.3234055577244592,2.622884606898034,0,-0.0027774697656318247,13.82
UBE2H,2,0.31531328914054924,3.0058097130706867,0,-0.002479221642478378,13.82
GNAO1,1,0.28549921057084393,6.637623255391294,0,-0.0028104716503464505,13.82
PREPL,1,0.2870995989572278,6.582100107186032,0,-0.002427561309059875,13.82
MGMT,1,0.4181111959275867,0.5745660318435013,0,-0.0030591916188850207,13.82
PREP,1,0.3203025009717065,5.060718412448025,0,-0.002562780860371745,13.82
FRMD4A,2,0.32431689355088217,2.5947528520059517,0,-0.0024831959000135833,13.82
AC090517.4,0,0.48134863593871585,0,0,-0.0025161146820794743,13.82
TFDP2,2,0.2734214384292506,4.926870717093585,0,-0.002274824976314453,13.82
CLIC4,2,0.28134001467911285,4.4780227628461295,0,-0.004188033109729398,13.81
PARD3B,2,0.2868309120016692,4.271696319620705,0,-0.0032204027100111287,13.81
RCOR1,2,0.3185696283764315,2.8160515919511506,0,-0.0033792495914759923,13.81
PLCXD3,0,0.4762992179602126,0.16284449894986838,0,-0.003994048319692146,13.81
TMEM184B,2,0.28626516673054014,4.272453038558559,0,-0.0037684407409386677,13.81
CD22,1,0.40028430505848234,1.3420095065010484,0,-0.004066842352832998,13.81
BAZ1B,1,0.38662304650502965,2.0025877360928943,0,-0.003254360904878335,13.81
TXNIP,2,0.3365633048663693,1.94495481209307,0,-0.004471881072160176,13.8
PLPP3,1,0.3851472800864526,2.020129702370107,0,-0.004343490146715838,13.8
AF279873.3,1,0.38574586728099414,1.9962984564481598,0,-0.004267279170827238,13.8
FAM49A,0,0.47439294318613484,0.15736950672660313,0,-0.006016146695982173,13.79
SERPINB9,0,0.4783923038165069,0,0,-0.005466390125980115,13.79
RAPGEF1,2,0.32604211648061204,2.3016506741438665,0,-0.007171166723907841,13.78
ARNT2,2,0.2909279084856529,3.939732212720648,0,-0.0063913050992090974,13.78
TSC22D1,2,0.34857080642298305,1.2920756040694668,0,-0.006766366589772919,13.78
STK24,1,0.37757314093763733,2.256996694473841,0,-0.006722223176313878,13.78
AXL,1,0.3671664238323901,2.7530765137502256,0,-0.006259175735554677,13.78
SPP1,1,0.3659673388642798,2.791016842953529,0,-0.006626111949610025,13.78
MTURN,1,0.3019368576084757,5.655385362467099,0,-0.007886416822393117,13.77
HBP1,3,0.2525761171474079,3.353206713983355,0,-0.007490865991907623,13.77
NEMF,2,0.28029336568237967,4.3781632868194515,0,-0.007416299200106334,13.77
SPOCK1,1,0.4081432353685086,0.8050561909269978,0,-0.007966292582275747,13.77
OSBPL1A,1,0.32828420425617544,4.47811169290442,0,-0.007338073986860377,13.77
CYTH1,2,0.2246315110222575,6.887970898922083,0,-0.008078782305667246,13.77
ZNF536,0,0.4705757154412008,0.25817322699460377,0,-0.007621143598116482,13.77
PRMT3,0,0.4759159242988934,0,0,-0.007937696250792143,13.77
MYH9,1,0.3294799492840145,4.354316562309347,0,-0.008851973205197023,13.76
KDM4C,1,0.32685865006966797,4.477159788898408,0,-0.008781524185186044,13.76
INTS6,3,0.23570395189244564,4.072136741337361,0,-0.008606655827635227,13.76
RAD51B,2,0.3499583947598143,1.1303319529013227,0,-0.008918686835014384,13.76
MLLT6,0,0.47489011287745603,0,0,-0.00896140607825163,13.76
ABHD6,1,0.3142353073628896,5.065764564346499,0,-0.008507193540319894,13.76
FOXK1,1,0.4046090582596829,0.8835846947708602,0,-0.009775940834463126,13.75
LINC02232,0,0.4499917104903439,1.0911076253290621,0,-0.009948081825495182,13.75
SLK,1,0.3341279280253213,4.083324750479987,0,-0.010139659016220768,13.75
EFR3A,1,0.33314587515137134,4.080414086923472,0,-0.01118335133698285,13.74
BNC2,1,0.30818705998535456,5.247404872328753,0,-0.010570877042913358,13.74
GOLPH3,2,0.2929642889742513,3.6731003167511447,0,-0.010189894605628023,13.74
TBC1D15,2,0.30320664189684343,3.142156809888019,0,-0.01157938060868381,13.73
IQGAP1,1,0.2630364359826275,7.263408807344412,0,-0.011542332694946233,13.73
TOX2,1,0.28075613219998125,6.468800093432141,0,-0.0112357157996623,13.73
PIP5K1B,1,0.39577439520524266,1.215837303584053,0,-0.011326689833917864,13.73
OCLN,0,0.47256719279761017,0,0,-0.011279567159758334,13.73
E2F3,0,0.47206398654109394,0,0,-0.011781742490690942,13.73
ARHGAP39,1,0.3066434649802201,5.235446701212047,0,-0.012372815063837894,13.72
HPSE2,1,0.3918732208930833,1.3172187836498015,0,-0.013002826670757637,13.72
NF1,1,0.17962040675824564,11.018539304570552,0,-0.012668980707045778,13.72
NUP98,2,0.25722985787330266,5.189090449233147,0,-0.012698922300655223,13.72
EPB41L3,0,0.4608527998821753,0.46314491604166685,0,-0.012841748270763354,13.72
LPCAT2,0,0.471649217912415,0,0,-0.01219566137717165,13.72
IRF2BP2,0,0.47096308732148767,0,0,-0.012880386282913754,13.72
HNRNPDL,2,0.27962763679394637,4.117793181181211,0,-0.013774527249587427,13.71
TTBK2,1,0.2482245480041576,7.849876975377228,0,-0.013498787684996542,13.71
USP31,1,0.39250783298035696,1.2792455206606121,0,-0.013199927101539269,13.71
SECISBP2,1,0.36810211718901575,2.3627731568233425,0,-0.013860687437764271,13.71
TGFBR2,0,0.47025953529517894,0,0,-0.013582496932502823,13.71
UBE2E1,2,0.2859544016749763,3.771212007292376,0,-0.015039880448774896,13.7
HNRNPK,2,0.30923569037394116,2.74411056287388,0,-0.014267296201485547,13.7
RAPGEF3,1,0.37882037254970624,1.8592166557782484,0,-0.014176337525020925,13.7
FRYL,3,0.27441369578068925,2.0279688632167394,0,-0.014678783567813406,13.7
B2M,1,0.3934332068232054,1.1730255517298733,0,-0.014599303909786273,13.7
PLXND1,0,0.4694088166544762,0,0,-0.01443147269421746,13.7
DLEU7-AS1,0,0.46906750451451873,0,0,-0.01477208558329615,13.7
PPARG,0,0.4693154108300362,0,0,-0.014524687156859352,13.7
SLC7A6,0,0.46961514893523154,0,0,-0.014225563129245567,13.7
NINJ2,0,0.46923267635787846,0,0,-0.014607252129765253,13.7
ENSA,3,0.24472171942677737,3.347598583732398,0,-0.01545181282159763,13.69
SGK1,1,0.3395634951356662,3.5288028926389874,0,-0.016841702594456637,13.68
KAT2A,0,0.46252413864424735,0.22576220749881984,0,-0.016365000344032793,13.68
NFX1,1,0.3656910735844319,2.3251139362175732,0,-0.01709033629678336,13.68
VAV1,0,0.46720744841226886,0,0,-0.016628330963008406,13.68
PAWR,0,0.46709832298977094,0,0,-0.016737232818751308,13.68
COLEC12,1,0.4064558063781028,0.45639292387679675,0,-0.017274952793196324,13.67
LRP8,0,0.4657737032086426,0,0,-0.018059138833102617,13.67
CENPP,0,0.4660811305696502,0,0,-0.017752341302760766,13.67
PPARGC1B,0,0.4662032256113683,0,0,-0.017630496398835127,13.67
ROCK2,3,0.240981936587835,3.3924706771529722,0,-0.018202655539049872,13.66
NR3C2,2,0.2645443652161986,4.566555305980296,0,-0.019013212982034372,13.66
TMCC3,2,0.25507293793367947,5.021818828431456,0,-0.01850937668127381,13.66
MXD4,0,0.4653375122610414,0,0,-0.01849443615030591,13.66
CTSB,0,0.4654381679718096,0,0,-0.018393986654277772,13.66
INF2,0,0.465058422871916,0,0,-0.018772953765158557,13.66
TANK,2,0.28863329036506347,3.4266793257547943,0,-0.019900839249235525,13.65
PHYHIPL,1,0.31084959213880436,4.6479571709582705,0,-0.02102272822595079,13.64
AC090502.1,0,0.4634558549766503,0,0,-0.020372238457520245,13.64
SLC38A11,1,0.279802832491685,6.1006788633704545,0,-0.0202372641787769,13.64
EFEMP1,1,0.362141153406506,2.2679714475040433,0,-0.02188259530712438,13.63
SERPINB6,0,0.46249694499809,0,0,-0.02132918390400948,13.63
OSBPL11,1,0.30971458169578736,4.619621083237515,0,-0.022775076672602368,13.62
RNF220,2,0.3226399196449872,1.7372221413699185,0,-0.022909510775248637,13.62
CASTOR3,0,0.450282512536527,0.4909960138781848,0,-0.022781322733737855,13.62
RBMS3-AS3,1,0.26360500155836586,6.751345595361791,0,-0.022172906439465498,13.62
ENTPD1,1,0.3909429459645367,0.8983367708214983,0,-0.023091451702811225,13.62
PLS3,0,0.45946819433285846,0.09973643638591537,0,-0.022170658821413253,13.62
AC016831.7,2,0.26198499621405436,4.469421393461112,0,-0.02369149638703008,13.61
ASTN2,1,0.32817024967061176,3.6923572565765475,0,-0.024634943460159403,13.6
VAPA,3,0.20620398345703925,4.700667359090833,0,-0.024301263480186852,13.6
GNA13,0,0.45568702261308847,0.14827568844657418,0,-0.02488261093891639,13.6
SNTB1,1,0.2758908092856338,6.096651363346605,0,-0.02422934752520317,13.6
DMD,1,0.30424491239662543,4.785297910063294,0,-0.024610462335771868,13.6
TMED10,2,0.24915400225432,4.982909242691351,0,-0.025267074363232833,13.59
RANBP2,3,0.25351300524307047,2.4780000926724512,0,-0.025695216816580574,13.59
AFAP1L2,1,0.3934449392794226,0.6773023621621465,0,-0.02542824075028796,13.59
IQCJ-SCHIP1,1,0.3758134948854811,1.4719913783612297,0,-0.025645030546849343,13.59
SEC23A,1,0.3768863487436768,1.4346748316782016,0,-0.02539042574053403,13.59
RASAL2,2,0.25471743618889064,4.649828840920186,0,-0.026998955132728653,13.58
COPA,2,0.2632621264936052,4.273850318025066,0,-0.026693798144637404,13.58
CDK19,1,0.36004082229424816,2.1142421317168116,0,-0.027340429009476155,13.57
CLINT1,1,0.2825057074681744,5.621469331994201,0,-0.0280194455209639,13.57
GPRIN3,0,0.45658914393432215,0,0,-0.02722488157442582,13.57
KIAA0232,1,0.3014264289585903,4.789189915833567,0,-0.027338059786787966,13.57
ZHX3,1,0.28706404145204495,5.391337992174687,0,-0.028503041573245985,13.56
FGF1,2,0.2969216625844455,2.6369554053163347,0,-0.028899401924369003,13.56
SGMS1,2,0.22915789766278846,5.745033630663905,0,-0.028555814339228408,13.56
IFI44L,0,0.45536471364744063,0,0,-0.028446803354126124,13.56
SRGAP1,0,0.45527020774804494,0,0,-0.02854111563798499,13.56
SYT17,0,0.4542843352804906,0,0,-0.029524968335045962,13.55
PSMF1,1,0.28466052964754446,5.442084053715406,0,-0.029791896937359008,13.55
MGST1,1,0.27448652181877686,5.869909626721058,0,-0.03058922431476016,13.54
ZNF462,0,0.4467013365157185,0.30652405671700295,0,-0.030389258175694933,13.54
KPNB1,1,0.285535332535409,5.385845601217187,0,-0.03014872809796916,13.54
HIST1H2AC,0,0.4534311860134077,0,0,-0.030376369743483053,13.54
TRPS1,1,0.2384117512612095,7.489179392225972,0,-0.031179339660548464,13.53
CACNA2D1,1,0.3109363340239216,4.153133209481226,0,-0.031757144681140353,13.53
RAB5A,1,0.27107300895115094,5.970617267953861,0,-0.03179343452520919,13.53
LARP1B,1,0.2757959206736763,5.786080857547665,0,-0.03111570440842243,13.53
PCSK6,0,0.45201594795401207,0,0,-0.03178870838518774,13.53
AGFG1,1,0.3555199515896566,2.084480715298421,0,-0.032502870637519304,13.52
DUSP16,1,0.32347109130138607,3.539817419570683,0,-0.03266026823508415,13.52
FXR1,1,0.3712465995453741,1.3503380098015618,0,-0.03286292734344441,13.52
PACS2,0,0.4507321872657426,0,0,-0.03306983901526607,13.52
WBP1L,2,0.274207896366013,3.5177724549541556,0,-0.032304623855639536,13.52
MLLT3,1,0.39075997810068497,0.4816528341810717,0,-0.032386232402126666,13.52
FGGY,0,0.4515878465451861,0,0,-0.032215932736765276,13.52
SLC2A12,1,0.35049934709514663,2.30414751520356,0,-0.03270944019503334,13.52
PTPRZ1,1,0.27473945017963874,5.74068639746948,0,-0.03316271216751947,13.51
ADD3,1,0.2705305936101383,5.856014570208077,0,-0.03484090983517295,13.5
ST8SIA1,1,0.29560405884394636,4.708787395916999,0,-0.03490677149921714,13.5
XRN1,3,0.21192115446188606,3.978465339515354,0,-0.034389167555932326,13.5
ITGB5,1,0.33280333065187667,3.041795607416681,0,-0.03423806030161479,13.5
DYNC1I1,1,0.25272245262848614,6.685295242916679,0,-0.03447757197309656,13.5
NAV1,2,0.26886796852713146,3.620747143771415,0,-0.0353817257879363,13.49
MBNL2,2,0.32447918190397423,1.095971105415828,0,-0.03509711491126416,13.49
CEP112,0,0.4481134120583028,0,0,-0.03568324910189481,13.49
SEMA4D,1,0.3118108643852723,3.92206974493305,0,-0.03593738132101747,13.49
TBL1X,2,0.3016784359843555,2.0695479948087003,0,-0.036560634257939345,13.48
RNPC3,2,0.27602453836725355,3.2279594770016478,0,-0.03682943354427956,13.48
DCLK2,0,0.43501343297112527,0.5431870273730459,0,-0.03687778928654392,13.48
ADGRG6,1,0.29253399155524723,4.79465666455168,0,-0.036092730389459274,13.48
SPATA6,1,0.23722241497114527,7.310202420288142,0,-0.03628016933935439,13.48
SH3PXD2A,1,0.300072902382138,4.4060871154224275,0,-0.0370666372184931,13.48
SRSF3,1,0.3172077353373654,3.6305451396384845,0,-0.03692672737872511,13.48
HMGB1,1,0.3340390647012227,2.8322218391247946,0,-0.03758788918532052,13.47
SLC22A23,2,0.2982325872820077,2.1784411348989727,0,-0.03761811075105012,13.47
ARID5A,1,0.24878846198276836,6.718648157150417,0,-0.037674129994684766,13.47
STK4,0,0.44619028390050264,0,0,-0.03760243732056906,13.47
ZNF516,1,0.38006097409753514,0.7383963482781187,0,-0.037448761711066356,13.47
NHSL1,2,0.27983666581064337,2.965506732345463,0,-0.038764522974400445,13.46
NMD3,0,0.4453936526403977,0,0,-0.038397436511246955,13.46
GSN,1,0.3874078826814104,0.3609609881092133,0,-0.038370791150637115,13.46
SH2D3C,0,0.4447689984793696,0,0,-0.03902081093469789,13.46
CPPED1,0,0.4452759424148546,0,0,-0.038514905582230904,13.46
PUM1,1,0.25689045860778736,6.3132163797003225,0,-0.038454853637491127,13.46
CELF2,2,0.2785782498501762,2.9644791939343595,0,-0.04004283136426204,13.45
SNRNP70,0,0.44444269650553336,0,0,-0.03934644440918929,13.45
LINC01505,1,0.3637930026660689,1.3981438805459503,0,-0.03925581870745286,13.45
JADE1,1,0.3528075718000739,1.8786647661974467,0,-0.03971054752206833,13.45
SPRED1,2,0.26019447734026047,3.792249640493525,0,-0.04028697187123531,13.44
HOOK3,4,0.18665870287558128,2.582550180228766,0,-0.0401262165701006,13.44
KCMF1,1,0.3581920921234617,1.5895186607902654,0,-0.04066020505173128,13.44
FAM95C,0,0.4434566274050743,0,0,-0.04033049333631046,13.44
JDP2,0,0.4420432441303537,0,0,-0.041740980993263024,13.43
SLC1A2,1,0.2412941020739039,6.836322126534089,0,-0.042579801257698044,13.42
MKL1,3,0.206326570098456,3.8428330323054527,0,-0.04293834417498313,13.42
UBR1,2,0.2575880584641519,3.807067432109668,0,-0.042564010376078265,13.42
PTMA,2,0.2897090339011781,2.3273003723171093,0,-0.04286889679270142,13.42
SETBP1,1,0.350951513039758,1.7761232105322322,0,-0.043805217767395044,13.41
MTR,1,0.3546164745228997,1.63017927531528,0,-0.043339316927810526,13.41
PRKN,2,0.31624532454307647,1.0865250903318149,0,-0.04352067216296593,13.41
CACNB2,1,0.3123064459779621,3.5128430006503972,0,-0.04439192626931682,13.4
ACACB,0,0.4389006516489369,0,0,-0.04487713520220998,13.4
MSL2,0,0.4392966995995501,0,0,-0.04448189864048421,13.4
TUBA1A,1,0.24992131926268912,6.346876298677333,0,-0.04467362852219588,13.4
EHD2,1,0.26764687006715426,5.483965870441043,0,-0.04585481442183646,13.39
NEK11,1,0.3229334711288425,2.9347939589800935,0,-0.046427648168933563,13.38
ZNF652,1,0.27484816898400255,5.143582382115459,0,-0.046111892134945015,13.38
RBBP6,3,0.22368516179250542,2.83983038229203,0,-0.047549322294631685,13.37
RAB3GAP2,2,0.30642554110686765,1.3635835155689553,0,-0.04726152871019748,13.37
TNFRSF1A,1,0.3362249249317007,2.2924399533502955,0,-0.04721064314385538,13.37
ITGB1,1,0.34905810055019876,1.6600415317853399,0,-0.048233265284820165,13.36
HS6ST3,1,0.2938370146622876,4.146663010013255,0,-0.04896292497985297,13.36
RANBP9,1,0.3580100494808147,1.217907928679504,0,-0.0489683860815152,13.36
SPIDR,2,0.22524508302254365,5.019654034662758,0,-0.048323463310435855,13.36
TMEM87B,1,0.212234291348232,7.912338455406032,0,-0.04804938147196346,13.36
RUBCNL,0,0.43506827874856224,0,0,-0.04870165666747665,13.36
IGSF21,0,0.435555549976945,0,0,-0.048215383718366034,13.36
KDM5A,1,0.320316733554311,2.959766952675512,0,-0.04849290677922956,13.36
NFIB,2,0.2540654506475097,3.6604919868104195,0,-0.04928476364387402,13.35
WDR49,1,0.28780195325255375,4.39793520607205,0,-0.04949071544399719,13.35
ZNF292,3,0.1869432907212762,4.448492273198092,0,-0.04903714810738585,13.35
MRAS,0,0.4339823702025832,0,0,-0.04978534049767164,13.35
FSTL5,0,0.4339424575540388,0,0,-0.04982517137662358,13.35
FOXN2,0,0.4317154105866774,0.10272735743288444,0,-0.049801178567092416,13.35
CMTM6,0,0.4339198636660511,0,0,-0.04984771897620199,13.35
REL,0,0.4346049204277578,0,0,-0.04916406569971184,13.35
MTMR10,1,0.34499720590641714,1.803401185213137,0,-0.04915080209460203,13.35
LMBR1,2,0.26212810490426974,3.241314628338814,0,-0.0504053421485571,13.34
SLC22A15,1,0.2864806361102261,4.400702851883114,0,-0.050748801754919845,13.34
PLA1A,1,0.25476645799586334,5.877137178370328,0,-0.05011083278543685,13.34
EWSR1,0,0.43285596963097034,0,0,-0.05090943339693016,13.34
APCDD1,0,0.43211125641427367,0,0,-0.051652620909409905,13.33
C15orf41,0,0.4321352525964947,0,0,-0.05162867388849765,13.33
TTC7A,1,0.28045111636262493,4.602497454878132,0,-0.05235305493782036,13.32
TNFRSF10D,1,0.24553537772368697,6.173286253186177,0,-0.05284671135989169,13.32
TROVE2,1,0.3422891401449184,1.7616995021822872,0,-0.05276526655625348,13.32
CD47,2,0.2512223783419407,3.603214673150813,0,-0.053374571309129454,13.31
LTBP1,1,0.34186540531069215,1.7350420580588013,0,-0.053771087438530596,13.31
RPL13,2,0.29241042900685804,1.7229133862715131,0,-0.053389978619182626,13.31
RPS9,0,0.43068035053146336,0,0,-0.053080595275643794,13.31
CDC42EP4,1,0.3089070069832533,3.2429851161631325,0,-0.05368574584764123,13.31
RASA2,2,0.28684965365838055,1.9095482960132513,0,-0.05485796511373239,13.3
DNAJC1,1,0.3236797032671447,2.547356804444694,0,-0.054155553837663045,13.3
UBL3,2,0.253266843457001,3.446108897883746,0,-0.054769937862798185,13.3
ATG4C,1,0.3590566928076865,0.8588803037382653,0,-0.05577522665090601,13.29
TRPC1,2,0.2127462061903205,5.244604453794698,0,-0.055877440363145875,13.29
ARMC2,0,0.4283052050089498,0,0,-0.05545087480483499,13.29
LSS,1,0.27122516399782837,4.876965368369122,0,-0.05555794720564487,13.29
DNM2,2,0.21878737677868365,5.008939713022166,0,-0.055002244034472514,13.29
TANC2,1,0.3685253998460611,0.43953169804038805,0,-0.055496377866921257,13.29
SMURF2,1,0.3145429071198891,2.876239578224853,0,-0.056081509657582865,13.28
NPL,0,0.418858772111564,0.3621825609968941,0,-0.056957621814351087,13.28
TIMM23B,3,0.20905826629692914,3.0941489613255935,0,-0.05658472528488934,13.28
CAP2,0,0.4273306966828998,0,0,-0.05642338664226475,13.28
EPB41L1,0,0.42683765965111214,0,0,-0.05691541358229946,13.28
FOXN3,2,0.25308625937696766,3.3944816650752307,0,-0.05607915406686034,13.28
DLEU2,2,0.2691369083058133,2.5945842023563315,0,-0.0575538212384005,13.27
BMP2K,1,0.35793133101002844,0.8505228513694252,0,-0.057081046548097036,13.27
DHX15,1,0.33584387289046136,1.8280682625605065,0,-0.057745954417222786,13.27
RAPGEF5,2,0.28836322071365444,1.726576665458267,0,-0.0573487854914653,13.27
KIAA1549L,0,0.4259096229026339,0,0,-0.057841549049118035,13.27
KANK2,0,0.4266067158657632,0,0,-0.057145884229936744,13.27
NCOA1,1,0.22358376078415945,6.908367907393195,0,-0.05867833720470812,13.26
AL589740.1,1,0.30970693767537216,2.9254920088463927,0,-0.059830502487082035,13.25
SBF2,3,0.18758854925503704,3.958485888666541,0,-0.0591088397245724,13.25
TMEM132C,1,0.3626446635620073,0.5346617966628378,0,-0.05928472847995295,13.25
CLIP2,0,0.42407356703993593,0,0,-0.059673843358899484,13.25
GPC5,1,0.31809092098532427,2.5650652989545937,0,-0.059345630853849765,13.25
WNT2B,0,0.4244454577871505,0,0,-0.05930271450937728,13.25
LIMS1,2,0.23908005681289157,3.8148430439782866,0,-0.06086405467412129,13.24
AGPAT5,1,0.33125774778398875,1.8914741063478109,0,-0.06093610305969968,13.24
ARIH1,2,0.221400406607149,4.625837103180173,0,-0.060772387232528924,13.24
BTBD3,0,0.42207132705546424,0.05960042013223173,0,-0.060368618834112264,13.24
ECPAS,2,0.21511636796634095,4.915553532827708,0,-0.060707933118023805,13.24
PDCD4,1,0.2990585824168263,3.3991359372511907,0,-0.060099233932734406,13.24
IMMP2L,1,0.24794859967489424,5.737375023819573,0,-0.05997109014633413,13.24
HAVCR2,0,0.42300228179571814,0,0,-0.060742933846292785,13.24
SMG1,2,0.23021558406759202,4.205899715802639,0,-0.06115860481177238,13.23
EYA1,1,0.3517716478090223,0.9280588586861687,0,-0.061532526237515525,13.23
CTNNA1,2,0.1643377982673176,7.193133416421309,0,-0.06157557157929133,13.23
WDR27,0,0.4224954154088479,0,0,-0.06124876180901999,13.23
RNF19A,1,0.31373206786409114,2.6649532164586374,0,-0.06151117058683912,13.23
ZSWIM5,1,0.34319923792912094,1.334585354328776,0,-0.06119731243341614,13.23
GUCY1A1,0,0.42212227823728776,0,0,-0.06162113452932105,13.23
RNF144A,0,0.42124250278417397,0,0,-0.06249910757435524,13.22
KLF3,0,0.4213674729889858,0,0,-0.062374393397722036,13.22
AKNA,0,0.42086714062744474,0,0,-0.06287370072146767,13.22
UST,0,0.421323197716042,0,0,-0.062418577963304786,13.22
ANKRD12,2,0.2066404683667915,5.185125175894232,0,-0.06327138259020157,13.21
NWD1,0,0.420673863964511,0,0,-0.06306658141584187,13.21
TCF12,2,0.19062979291844329,5.907233135372108,0,-0.06345795145230443,13.21
U2SURP,2,0.2291607862762845,4.130135171944056,0,-0.06386808673579666,13.21
CNNM2,0,0.41914214485661083,0.016645805306447742,0,-0.06423114627238566,13.2
PRIM2,0,0.4193862439577086,0,0,-0.06435156345781413,13.2
LINC00278,0,0.41950324976633824,0,0,-0.06423479736059506,13.2
CADM1,1,0.34719401507194037,0.9681132828017704,0,-0.06522485678834272,13.19
NSRP1,2,0.23521151400658782,3.760433119527743,0,-0.06591452689084942,13.19
LGR4,0,0.41833361816276815,0,0,-0.06540203272380066,13.19
CPSF6,3,0.18565290152173866,3.6984401411852494,0,-0.066727291742932765,13.18
DCAF5,3,0.22713475670977762,1.8287042034501442,0,-0.06621844976119975,13.18
GLCCI1,1,0.34612732776308613,0.9821276731024022,0,-0.06598288725155864,13.18
ZNF366,1,0.2715427597114972,4.367289195165779,0,-0.06638677606155031,13.18
MAGI1,1,0.3048411216083352,2.859297992941167,0,-0.0661339034032703,13.18
CLSTN1,0,0.4175264569048309,0,0,-0.06620754033935937,13.18
PLEKHA2,0,0.41684179052524983,0,0,-0.06689080403350518,13.18
KITLG,1,0.340716155454882,1.140114919999075,0,-0.06792805414680779,13.17
MICU3,2,0.24300975565638094,3.3457732134688136,0,-0.06720018709318756,13.17
GRAMD1B,0,0.4159457850575714,0,0,-0.06778497384244979,13.17
NBEA,1,0.35803610791556156,0.3890284924367297,0,-0.06706860171616101,13.17
CAMK2N1,1,0.33573353973747005,1.3976426108231343,0,-0.06726875776691028,13.17
MRC2,0,0.41597125521073863,0,0,-0.06775955587033591,13.17
FMNL2,2,0.22674169777822678,4.033930588395663,0,-0.06838605414564164,13.16
AC010099.4,0,0.41498590335006386,0,0,-0.0687428890270918,13.16
MAP2K1,1,0.2742626190336341,4.16583197890655,0,-0.0680780246680336,13.16
N4BP2L1,1,0.2774037988552822,4.003826460498648,0,-0.0684860726383617,13.16
CD55,1,0.33846194136633434,1.2112531307975225,0,-0.0686219751274799,13.16
TM4SF18,0,0.4151382107331102,0,0,-0.0685908936782774,13.16
KIF13A,1,0.2969128411226128,3.0972592090468183,0,-0.06884212336860872,13.16
SIPA1L1,1,0.3315893374129942,1.4780781355633246,0,-0.0696454780786316,13.15
VCAN,1,0.3055157846138641,2.6634315155606307,0,-0.06974389810325675,13.15
SEMA4B,1,0.3159358084982668,2.182588036803866,0,-0.06986047249018075,13.15
SH3BGRL,0,0.4141143350631613,0,0,-0.06961267172004912,13.15
ACER3,1,0.25898341966295785,4.796301110984822,0,-0.06953860544297612,13.15
ZDHHC11B,1,0.23981947399225323,5.695562437812942,0,-0.06899793359348444,13.15
RHOBTB3,2,0.2768706435411081,1.6464478274551209,0,-0.07057010266031391,13.14
KAT6B,1,0.3491429655653555,0.6581799331668041,0,-0.07005762825729114,13.14
PSMD1,2,0.27245247423333013,1.847184300899132,0,-0.07058944614028012,13.14
SOX18,0,0.4131524789385738,0,0,-0.07057255727675564,13.14
CCNL2,0,0.4128891335771754,0,0,-0.07083536311888762,13.14
HCK,0,0.4128557477447443,0,0,-0.07086868055330427,13.14
ATG5,0,0.41379718500018614,0,0,-0.06992917203332517,13.14
HMGN3,1,0.26028209988782625,4.693697939714775,0,-0.07048634729154286,13.14
DDR2,1,0.31574470037948216,2.113574191106393,0,-0.07156040760467437,13.13
DPH6-DT,0,0.4022213442547519,0.44283552151024025,0,-0.07179721765501472,13.13
PLEKHA7,1,0.2770622748973266,3.8871658512345264,0,-0.07137807125130592,13.13
FAM66C,0,0.41142994879415706,0.041862160205519826,0,-0.07137610232813964,13.13
ARHGAP42,1,0.28369127985407866,3.5784165018966436,0,-0.07151448422306518,13.13
ARMCX4,1,0.3144216480392865,2.1890357358164163,0,-0.0712305303674871,13.13
YTHDC1,1,0.309672037030456,2.3315162799522176,0,-0.07285459722407166,13.12
ARAP3,0,0.4110987377568487,0,0,-0.07262209093065505,13.12
BLNK,0,0.4108658913476568,0,0,-0.07285446030420367,13.12
SEMA6D,1,0.2939075877146271,3.0858762413063965,0,-0.07209014652736888,13.12
TNKS,2,0.1809938873398715,5.870571050040622,0,-0.07387585491390891,13.11
PIP5K1C,1,0.19411335941450136,7.570831346802715,0,-0.0736013837475929,13.11
SYK,0,0.4104943318260761,0,0,-0.07322525860667853,13.11
CARD11,0,0.4105586950447999,0,0,-0.07316102724976675,13.11
TLE4,1,0.294908207835579,2.995577703073479,0,-0.07306625589141837,13.11
MICU2,0,0.4102050143881366,0,0,-0.07351398331600086,13.11
PPM1A,0,0.4103662376756694,0,0,-0.07335309032883627,13.11
SETD5,3,0.18190819278461778,3.5212732124781905,0,-0.0743386759939863,13.1
MALRD1,0,0.40946496379352165,0.004923829327700708,0,-0.07414484176502266,13.1
TCF4,0,0.402822585543138,0.29075352301955065,0,-0.07452298960389184,13.1
KLHDC1,1,0.26275963779969247,4.420888828393994,0,-0.07397976865051718,13.1
CLEC16A,2,0.23085252584718272,3.5108936213347355,0,-0.07572160033037903,13.09
BRWD1,2,0.20191203695230853,4.864630436451956,0,-0.07499881602872277,13.09
EFNA5,0,0.4079689305778308,0,0,-0.07574548603062811,13.09
BTNL9,1,0.1837236499698207,7.962586786985607,0,-0.07540276490433453,13.09
OGFRL1,0,0.40796630314828486,0,0,-0.07574810807732296,13.09
AC005162.3,0,0.4072798831727825,0,0,-0.07643312177477393,13.08
MBNL1,1,0.2018253021622871,7.091487515785086,0,-0.07638769637533165,13.08
C11orf49,1,0.315754897552315,1.8417020230911925,0,-0.07749562542919415,13.07
RASGEF1C,0,0.4060611665847361,0,0,-0.07764934156137256,13.07
KMT2C,1,0.15406545886767065,9.246157043034508,0,-0.07693063889768458,13.07
SH3RF1,2,0.2645776913161097,1.8431115873930592,0,-0.0785371593814985,13.06
TET3,0,0.40536111181062306,0,0,-0.07834796212363467,13.06
INPP5A,0,0.4049951878208846,0,0,-0.07871313643985894,13.06
AKAP10,1,0.2850524487704351,3.136074852291743,0,-0.07982938333094737,13.05
CACHD1,1,0.26309174171938093,4.172218008467554,0,-0.07908636416066438,13.05
TESK2,1,0.24736962809144042,4.875283945427635,0,-0.07940137988265374,13.05
PACS1,2,0.23212295895658475,3.293753692750137,0,-0.07920226063884706,13.05
ROBO4,0,0.40480686301998714,0,0,-0.0789010754171448,13.05
CSF1R,1,0.3255950937228143,1.2902122575249915,0,-0.0797357569344146,13.05
FGD4,1,0.3251725253042035,1.3307690079357966,0,-0.07927055065998219,13.05
AGPAT3,0,0.4045196197970682,0,0,-0.07918773016091948,13.05
C8orf34,0,0.39245128084109027,0.4885266367686893,0,-0.08054807597704433,13.04
ANKRD11,2,0.18463391013791158,5.4228214499325595,0,-0.08003483178159843,13.04
TAGLN2,1,0.16437942166713837,8.608966619100878,0,-0.08057210586816403,13.04
SMARCA2,2,0.2429016079824603,2.7487107627752323,0,-0.08036488029126407,13.04
KPNA4,0,0.40363592962300654,0,0,-0.08006960990675883,13.04
ANKRD6,0,0.4021033667512916,0,0,-0.08159903299582502,13.03
LIMS2,0,0.3951794049344184,0.33151792154578513,0,-0.08125906163156485,13.03
CPEB2,0,0.399357222509802,0.1328848619100455,0,-0.08143357929526363,13.03
DPYSL5,0,0.4025975119919272,0,0,-0.08110590011734506,13.03
RGL1,1,0.34012004025056675,0.4860838458445035,0,-0.08282552462706633,13.02
ZFP36L1,1,0.31520846003491004,1.6372739763786013,0,-0.08251144631038017,13.02
PLCL2,0,0.38867612210671904,0.5599816373732807,0,-0.08275289795484006,13.02
PCM1,1,0.26439589596136237,3.9772073831013213,0,-0.08204944120525848,13.02
TBC1D12,1,0.2671857620712698,3.841751157135093,0,-0.08222749408483973,13.02
NDUFS1,2,0.2610302898119259,1.7644622361898876,0,-0.0837972243463789,13.01
APBA1,1,0.3411181102030066,0.42996005814329874,0,-0.08305683373280208,13.01
MIR29B2CHG,1,0.2862197319628861,2.920754914064255,0,-0.08337318205642508,13.01
ARID3A,0,0.40013224889332377,0,0,-0.0835661125975077,13.01
GNAS,2,0.2401410565951444,2.6691625961446634,0,-0.08485936277493958,13
ALG13,3,0.20861925997047817,1.8410450393521167,0,-0.08442613990219053,13
SERINC5,1,0.25838198208098123,4.13254368909495,0,-0.08465408651543908,13
MIPOL1,0,0.39897326873380545,0,0,-0.08472271833842154,13
GNB4,1,0.20235162921982752,6.695287643265064,0,-0.08452668273390937,13
PPM1L,1,0.317855719902807,1.4121467440559041,0,-0.08479276969041562,13
SLMAP,1,0.33318567391816,0.7436827797618781,0,-0.08411242231534032,13
MFGE8,1,0.2685683642276109,3.6661153621637683,0,-0.08468858847551756,13
NR2F2,0,0.39898382032646706,0,0,-0.08471218836295305,13
ABL1,2,0.20483959438555707,4.270286791217075,0,-0.0850745676373044,12.99
CSF2RA,0,0.39846206576792953,0,0,-0.08523287399574533,12.99
SLC23A2,1,0.2688350122519623,3.6165107631989613,0,-0.08550725717299253,12.99
SNRK,0,0.38404565360186016,0.6512627636843228,0,-0.08537771288020757,12.99
NR1D2,0,0.3981723744231637,0,0,-0.08552197184586594,12.99
CDC42BPA,2,0.20584132051439835,4.17407234150021,0,-0.08617894444702545,12.98
ANOS1,0,0.39727783918919024,0,0,-0.08641467443319362,12.98
LRRFIP1,1,0.2576253197861478,4.043468112524335,0,-0.08735713398021787,12.97
NPTN,0,0.3894676371204426,0.3296129850957556,0,-0.08700078547387814,12.97
AHNAK,0,0.39638162235602464,0,0,-0.087309055174598,12.97
SH3KBP1,1,0.3193396942144312,1.248672892984997,0,-0.08688673803487652,12.97
ZNF521,0,0.3948401396186941,0.02909395489019979,0,-0.08821114323987606,12.96
PRCP,0,0.39562692459910015,0,0,-0.0880622067718406,12.96
UBR4,2,0.26913538556836664,1.201124762449999,0,-0.08802799130003883,12.96
FAT4,1,0.21967403692802562,5.74914462783461,0,-0.08793034465747789,12.96
SERBP1,1,0.22985769048885596,5.243214698698205,0,-0.08883140424059484,12.96
PPP1R13B,0,0.395104037706423,0,0,-0.08858402241894395,12.96
USP15,1,0.29138064084761206,2.457101954921715,0,-0.08836216882451546,12.96
EDA,0,0.38815280792127616,0.33832990407747876,0,-0.08812229638106771,12.96
SLC35G2,0,0.3946293739546368,0,0,-0.08905771372056878,12.95
STAG2,3,0.1642914037839454,3.6417651530127935,0,-0.08928441402637091,12.95
ARHGEF6,0,0.39464921136940667,0,0,-0.0890379169469836,12.95
MAPK8IP3,0,0.3943866920401761,0,0,-0.08929989844925117,12.95
HAPLN2,1,0.2341422802101505,5.010327175026421,0,-0.08964845690854571,12.95
LIMCH1,2,0.17989008633325454,5.14700870439229,0,-0.09080050486045141,12.94
KAT2B,1,0.2994154362596562,1.9856302897756344,0,-0.09065413898903872,12.94
CBX5,0,0.3937040991835796,0,0,-0.08998109286846748,12.94
N4BP2L2,1,0.22691637071224147,5.311185062237891,0,-0.0902802988001885,12.94
DIP2C,1,0.28346286481766786,2.6852650226606607,0,-0.09127417513418036,12.93
CTNNB1,2,0.2374484658592612,2.481983253709057,0,-0.0916397394215166,12.93
SPEN,3,0.21239888264422013,1.3429048868946547,0,-0.09154776082973096,12.93
CENPC,1,0.29734753577205614,2.032491205554464,0,-0.09169303231195926,12.93
RAPH1,0,0.3921545074690711,0,0,-0.09152750991310263,12.93
BRAF,2,0.20235727728790173,4.0963014261101875,0,-0.09135657100061131,12.93
CLDND1,1,0.18723611539294385,7.0822708844977935,0,-0.09114854654086314,12.93
DOK6,1,0.29644064476699206,2.069084110191834,0,-0.09179783912874385,12.93
ITSN2,2,0.2365597094368994,2.4682760351855113,0,-0.09282642920692868,12.92
CLMN,1,0.1871282142417739,7.037615264102936,0,-0.0922327711037723,12.92
MAP3K1,0,0.3909262699036652,0,0,-0.09275323117130341,12.92
P2RX7,0,0.3916935242531808,0,0,-0.09198754870633377,12.92
RIPOR3,0,0.37880391031304983,0.5931858899185107,0,-0.09187876239393356,12.92
CLU,1,0.2915919149674615,2.237666983661026,0,-0.09295000699177385,12.91
BMP7,0,0.3903215132027133,0,0,-0.09335674889887849,12.91
TRA2B,2,0.2544814831186857,1.628898099092078,0,-0.09329717759935455,12.91
TBC1D22A,2,0.2016343195884841,4.017025613929754,0,-0.09381167830180384,12.91
NKX6-2,1,0.2613631270319217,3.5839499241030572,0,-0.09367588627066824,12.91
SNX6,1,0.26735016803231076,3.335121146847715,0,-0.0931425843127567,12.91
FNDC3A,2,0.23618457580095137,2.403044742277244,0,-0.09462729465721523,12.9
TFG,1,0.2779353785474581,2.7771528612028313,0,-0.09478090230045048,12.9
PHF21A,1,0.26154106070933325,3.563625359569528,0,-0.09394278169820323,12.9
NOVA2,0,0.38978387269997816,0,0,-0.09389328793011584,12.9
GRAPL,0,0.3897657099881589,0,0,-0.09391141343173741,12.9
FAM149A,0,0.3888801129095132,0,0,-0.09479519617545917,12.9
RNF115,2,0.23690844091660504,2.3691512824332,0,-0.09464610637471293,12.9
DOCK5,1,0.3273601211909073,0.5016598180903761,0,-0.09521868154502737,12.89
TCF25,2,0.2532879183973905,1.6042377587769658,0,-0.09502757785444141,12.89
ZFAND6,1,0.29793150517207523,1.856630378180198,0,-0.09495604437504783,12.89
HERC4,1,0.2158696986675089,5.588184010129187,0,-0.09524683108342698,12.89
EFCAB2,0,0.3888530663188422,0,0,-0.0948221873554076,12.89
PHIP,2,0.22146490997844703,2.9783131421808573,0,-0.0967366368107676,12.88
MTERF1,2,0.22677106283643367,2.774295091901238,0,-0.09590289165596314,12.88
TBC1D5,2,0.2505584372729679,1.6805744736923023,0,-0.09608210950832621,12.88
ITGA5,1,0.22100804053810671,5.282347027062501,0,-0.09680716457175713,12.88
PSD3,2,0.2593903860204924,1.2746136699222888,0,-0.0961459454211597,12.88
ZNF800,0,0.3772380424343999,0.476527856765761,0,-0.09599254026204067,12.88
MAX,0,0.38770167444823733,0,0,-0.09597122035363993,12.88
NECAB1,1,0.1931095171664885,6.556753664312104,0,-0.09677936905866928,12.88
PLD5,0,0.38766274353994934,0,0,-0.0960100715036403,12.88
RB1,2,0.24553257564772274,1.8606666537658672,0,-0.0971593568281241,12.87
SHLD2,0,0.38638212821389417,0,0,-0.09728806321545119,12.87
FBXL17,1,0.23429909173933705,4.650961205077721,0,-0.09735070530999944,12.87
JAZF1,1,0.3030280494072702,1.4493036736497298,0,-0.09877750201333434,12.86
SLCO3A1,1,0.2937072588449041,1.874623858197746,0,-0.09877814881904746,12.86
SORL1,1,0.2809052018991455,2.4843680553371295,0,-0.09821988213239478,12.86
BCL2,1,0.28279339420953653,2.392686007616385,0,-0.09834049274983424,12.86
GMDS,0,0.37997113433744695,0.18310751939889028,0,-0.09968166456916687,12.85
CRYL1,0,0.38478666595334776,0,0,-0.09888025683050522,12.85
XPO1,2,0.2349769522971006,2.2454147943808165,0,-0.0992795500184788,12.85
RAB30-AS1,1,0.1998656359592066,6.113642425695694,0,-0.09972720063553157,12.85
MCCC1,1,0.2677867861629525,3.038187167288069,0,-0.09920031511118378,12.85
RAMP3,1,0.1976122259052092,6.182553520752562,0,-0.10046902256215375,12.84
MTSS1,1,0.3040485591853946,1.350747324536112,0,-0.09991434711781876,12.84
MAP3K2,1,0.23363993474096018,4.543613439534179,0,-0.10035602975366949,12.84
USP24,2,0.22774538835441302,2.492116480511148,0,-0.10110134120794353,12.83
NDRG2,0,0.37675490395745964,0.25925330306922967,0,-0.10122612361887152,12.83
KCND2,0,0.3826356311608363,0,0,-0.10102688476843141,12.83
LNX2,0,0.382435281565187,0,0,-0.1012268239051066,12.83
THOC2,2,0.23955563564248467,1.9159507306048922,0,-0.10191508058161461,12.82
RASIP1,0,0.3810422848731451,0,0,-0.10261696674565296,12.82
CASP10,0,0.3818205829611285,0,0,-0.10184026316767458,12.82
FAM162B,0,0.381533986986872,0,0,-0.10212627198881401,12.82
ITGA6,1,0.29200728723327074,1.765874745446568,0,-0.10285280068761286,12.81
FNBP4,2,0.25123205777515767,1.3273631732873237,0,-0.10313401529937091,12.81
ANKDD1A,1,0.2788354359773159,2.3251618174617885,0,-0.10376698448017195,12.81
FUBP1,2,0.2398286232765558,1.843047921948444,0,-0.10323691592257186,12.81
TET2,2,0.21625299216990343,2.9183334820078572,0,-0.10324953273589424,12.81
ARSB,1,0.2604446535233524,3.1918251323239075,0,-0.10316759794490009,12.81
MYO9B,0,0.3805816127039799,0,0,-0.10307669512940476,12.81
NAA25,1,0.20872275196327997,5.556382802099188,0,-0.10307457549780459,12.81
LINC02172,0,0.3800937928825121,0,0,-0.10356351554769017,12.81
BRD4,2,0.19265604579366175,3.948090658665492,0,-0.10427905150193703,12.8
PLPP1,1,0.3183152046593577,0.4844860454547032,0,-0.10462062960012668,12.8
ANKS1B,0,0.37946615953817764,0,0,-0.10418986305095365,12.8
GMDS-DT,1,0.20114717176847044,5.834176905317409,0,-0.10455973847450951,12.8
IL13RA1,1,0.183095751567298,6.688800997895292,0,-0.10388496279750382,12.8
TNPO1,2,0.1927064517378803,3.959701173863459,0,-0.1039748460841878,12.8
AC019197.1,0,0.3796985678708291,0,0,-0.10395793085645204,12.8
MGST2,0,0.3794333887564942,0,0,-0.10422256669468563,12.8
GLCE,0,0.3798710450223963,0,0,-0.10378580706119914,12.8
WAPL,1,0.23782150630568977,4.174944215152894,0,-0.10424521046952466,12.8
LINC00639,0,0.36424929508307935,0.6826673101210811,0,-0.1044467489007846,12.8
ADAM33,0,0.37952813329512225,0,0,-0.10412801626049788,12.8
TCAIM,0,0.37974293894742867,0,0,-0.10391365068348782,12.8
ZBTB20,2,0.1466176843193964,6.014886416726464,0,-0.10502569284453261,12.79
KIAA1958,1,0.2816731403839543,2.136065312771396,0,-0.10507032113977892,12.79
AHCYL2,1,0.2956271662936304,1.4685903274383236,0,-0.10574145565536198,12.79
CDS2,0,0.37758027825077256,0.04380492144951788,0,-0.10511393961431109,12.79
DNM3,2,0.23518275103780223,1.969115494751612,0,-0.1051163810440191,12.79
SMAD5,0,0.37798328139863313,0,0,-0.10566970319764404,12.79
SLC25A37,0,0.378381927053427,0,0,-0.10527187425368993,12.79
BICRAL,0,0.37739960757568297,0,0,-0.10625218123999972,12.78
PAFAH1B1,2,0.14171234954724765,6.200907752228715,0,-0.10585299942544948,12.78
MGAT1,0,0.37770315428515966,0,0,-0.1059492564108446,12.78
VPS35L,1,0.3126374454592404,0.674226145155354,0,-0.10613745491754449,12.78
RHBDF2,0,0.3777028038452588,0,0,-0.10594960613279443,12.78
PTPRE,0,0.3775311770236651,0,0,-0.1061208813401565,12.78
GREB1L,1,0.2171282882135574,5.018295004127742,0,-0.10645334887748785,12.78
ITPK1,1,0.2511628235561142,3.4583692046731036,0,-0.10660153462219528,12.78
ZSWIM6,1,0.21118846230632404,5.268169736982693,0,-0.10691665915554739,12.77
FBXW4,0,0.375966167332758,0,0,-0.10768268477416981,12.77
PRICKLE2,1,0.26745738552182463,2.6474017603624533,0,-0.10807487063088043,12.76
SLC1A3,1,0.29934192098847034,1.1700916727645698,0,-0.10856198270680172,12.76
ARHGAP21,1,0.28508763376321633,1.8170446585634379,0,-0.10863927650360052,12.76
MFSD2A,0,0.37575414756242065,0,0,-0.10789427017668553,12.76
KIF21A,1,0.254410324728163,3.2312827981518097,0,-0.10832669031611801,12.76
SREBF2,1,0.3031210625193737,0.9783604843939744,0,-0.1089834271465046,12.75
DCAF6,1,0.24502674336006003,3.598632869467743,0,-0.10965770966763443,12.75
SEPT6,1,0.29385357135829016,1.3893083481419304,0,-0.10924518260212497,12.75
KIAA1755,0,0.37437576166203634,0,0,-0.10926983215890426,12.75
RHOB,1,0.29260412633143557,1.4178619164972388,0,-0.10986764861726593,12.74
PHLDB1,0,0.37363118056987815,0,0,-0.1100128878175309,12.74
PTPRC,0,0.3731248357751435,0,0,-0.1105181952567155,12.74
BABAM2,2,0.2042051317587277,3.089218192297624,0,-0.11153574489307341,12.73
NEK1,1,0.21119164221276543,5.077285941046941,0,-0.11108779828585587,12.73
KATNBL1,1,0.23476850519283188,3.9746898213723623,0,-0.1116711888365861,12.73
LDLRAD3,1,0.25143623405737503,3.2468304124909335,0,-0.11095468734697651,12.73
PARP4,1,0.2662280936022034,2.580841182660309,0,-0.11075721369621373,12.73
MIA2,1,0.2201322069805528,4.6732069378059435,0,-0.11100208884017064,12.73
PTPRK,1,0.1906740662760602,5.98368254453908,0,-0.11174194681646708,12.73
LYPLAL1,0,0.37197481825965656,0,0,-0.11166585671549015,12.73
KDM6A,1,0.19274909539032015,5.895347005371687,0,-0.11160292080477692,12.73
ACSL3,2,0.19721695335085512,3.3786556507820382,0,-0.11218008860217418,12.72
ZNF608,2,0.2041389121922178,3.051534787781657,0,-0.11242590244936698,12.72
BCAR3,0,0.35851278148275945,0.5841103183266072,0,-0.1123267882312835,12.72
UBAP1,1,0.2853986431559349,1.6383580425930457,0,-0.1122364846742827,12.72
XRCC5,2,0.2174474182202212,2.474765529944638,0,-0.11175765030547155,12.72
CHN1,0,0.36509930219603304,0.2787743974668196,0,-0.1124309523801368,12.72
ARAP2,1,0.2828432369987539,1.6914518271359829,0,-0.11362558238869173,12.71
TANC1,2,0.2280546345712398,1.910192451307911,0,-0.11351844342644082,12.71
TCF7L2,1,0.2046735713632976,5.259429982224765,0,-0.11360932691574137,12.71
ANKAR,0,0.3705747480206244,0,0,-0.1130630586113537,12.71
LARP4B,2,0.22277225577619258,2.142604408590054,0,-0.1137075354974588,12.71
PRKCA,1,0.2068608642562073,5.113442511094966,0,-0.1146190194047305,12.7
PRDX6,0,0.3693965299066136,0,0,-0.11423886289369789,12.7
ZNF33A,0,0.36894051011004847,0,0,-0.11469394843622935,12.7
PALD1,0,0.3692382107639626,0,0,-0.11439685768574227,12.7
SLAIN1,0,0.3679232910222847,0,0,-0.11570908353324748,12.69
PRSS23,1,0.18243330501714988,6.197382260547719,0,-0.11529256620248825,12.69
SNAP23,1,0.30143475465339686,0.7624283662892756,0,-0.11538835809930516,12.69
CDK6,1,0.2954279249336431,1.0301547425660644,0,-0.11552814903814478,12.69
CLIP4,1,0.17593743297959483,6.496344098840923,0,-0.1152373297216397,12.69
NT5DC1,0,0.36179330271650656,0.2441088272041159,0,-0.11648825743002889,12.68
CDC42,1,0.2170578235923115,4.589218519951266,0,-0.1159068613142444,12.68
FOXP2,0,0.35205023128650437,0.6907983732756257,0,-0.11644300742094674,12.68
CFAP54,1,0.19638522757038523,5.472668697489466,0,-0.11721751267564544,12.67
RTN3,0,0.3663890753205433,0,0,-0.1172401560661645,12.67
KIF1B,1,0.20983398776058487,4.877830356797156,0,-0.1168044346306333,12.67
LIFR,1,0.2637977552079355,2.392820916963053,0,-0.11729426488035792,12.67
STARD4,1,0.1893364768998448,5.779984795034649,0,-0.11753132832215861,12.67
STX7,1,0.2871251667503944,1.3280382491309246,0,-0.11729967823970357,12.67
AL359915.2,1,0.2613948078139559,2.5173499409746003,0,-0.11696904578233557,12.67
ZNF207,3,0.16229648675972747,2.4106434579247726,0,-0.11819783682538362,12.66
GJA1,1,0.21663024380778811,4.48865020315723,0,-0.11853282766180044,12.66
DNAJB6,1,0.291079086803086,1.1178142592090798,0,-0.1179511091754497,12.66
SPECC1,1,0.29315517657779755,1.029278703171153,0,-0.11781539871403708,12.66
BCL2L1,1,0.27445376599095983,1.864301358118296,0,-0.11821793276032204,12.66
MYO1F,0,0.36570723783464665,0,0,-0.11792059666221932,12.66
SIRT2,1,0.1934688047493599,5.550292004532949,0,-0.11843046739680295,12.66
EXOC5,2,0.23894662438580905,1.147472570530298,0,-0.11932818894369623,12.65
KMT2E,2,0.19122073012982838,3.3255086194370165,0,-0.11932626484455244,12.65
TMTC2,1,0.2749577086025128,1.773273063959401,0,-0.11970566063737868,12.65
NR6A1,0,0.36432618410890816,0,0,-0.11929882100418172,12.65
TECPR2,1,0.26668073475916365,2.1808947593031753,0,-0.11905166585673886,12.65
MIRLET7BHG,0,0.36451633905135855,0,0,-0.11910905563477914,12.65
CMTM7,0,0.3639920508254979,0,0,-0.1196322697441354,12.65
TSC22D3,1,0.30005072615993567,0.6659671958410626,0,-0.1188789971768336,12.65
ASPH,2,0.1915219291968785,3.2877826821461564,0,-0.11985068662425205,12.64
ICA1L,0,0.3637742350861862,0,0,-0.11984963924134404,12.64
HERC2,1,0.28035710204160946,1.5148082517604202,0,-0.11996952644648433,12.64
VOPP1,0,0.3554815242884689,0.3619814945012468,0,-0.12020942478883916,12.64
NFKB1,1,0.2835506619421732,1.3635249779747554,0,-0.12009082391535768,12.64
MED13,1,0.24731292648633796,2.9923293879476933,0,-0.12063506340541567,12.64
RCSD1,0,0.36366282919256926,0,0,-0.11996081689617341,12.64
RPAP2,1,0.2803667602529397,1.460987065311932,0,-0.12113686824420004,12.63
RAB11FIP3,1,0.251260425584939,2.792216569900564,0,-0.12107178755530655,12.63
C2CD5,0,0.3625298087386069,0,0,-0.12109151611553738,12.63
ATL2,0,0.36243109737741774,0,0,-0.12119002524540226,12.63
KCNH8,1,0.23994135216768583,3.2872144795566336,0,-0.12154288684142171,12.63
PI4KA,0,0.36223070222213094,0,0,-0.12139000984837628,12.63
NR2F1,0,0.3627336694842824,0,0,-0.12088807302217743,12.63
SLCO1C1,1,0.26557255716206274,2.0993376874620115,0,-0.12194109122142387,12.62
CALCOCO2,1,0.2891754720657843,1.0044687849042497,0,-0.12232950177901687,12.62
GAPVD1,2,0.21957382056659586,1.8967293041601294,0,-0.12227629940445614,12.62
PCAT1,0,0.36182415628766207,0,0,-0.1217957228865937,12.62
SHROOM4,0,0.3616741035688371,0,0,-0.12194546819034835,12.62
CCDC26,0,0.36099108071810937,0,0,-0.122627091722761,12.62
DNAJB14,1,0.22260795181476875,4.043720191145601,0,-0.12229724884585534,12.62
KLHL4,0,0.3615286464844947,0,0,-0.12209062727476008,12.62
AC105383.1,0,0.3618520863871932,0,0,-0.1217678500078419,12.62
LINC02340,0,0.3604188646513323,0,0,-0.12319813548260632,12.61
SPTAN1,1,0.28687556602124387,1.0471608721190713,0,-0.1236910907232001,12.61
PTPN11,1,0.1977978648411447,5.1161230151110475,0,-0.12360483314411645,12.61
ASH1L,2,0.20291842256126555,2.589021802887168,0,-0.12375828472510778,12.6
KHDRBS1,2,0.21737060868620278,1.9229097078720487,0,-0.1239024754587513,12.6
MSH3,0,0.35992169739077323,0,0,-0.12369428418975593,12.6
CBFB,1,0.27761771327174256,1.4613675636370111,0,-0.12387196234672908,12.6
SHROOM1,0,0.3594522255080193,0,0,-0.12416279425900208,12.6
LITAF,0,0.3593659060281409,0,0,-0.124248936894974,12.6
SRSF4,2,0.19660924657559026,2.830658236855562,0,-0.12477034634341214,12.59
ZCCHC2,1,0.24746842012006862,2.7978538535563247,0,-0.12473274622792942,12.59
PDE4B,2,0.16015776599348985,4.440666389704901,0,-0.12593893607467985,12.58
FARS2,1,0.29271734747155015,0.6818644976728316,0,-0.12584970420553163,12.58
SMG7,0,0.3537709989044614,0.16332418324925746,0,-0.12626075222535155,12.58
CCDC7,0,0.3577939965615202,0,0,-0.12581762596903537,12.58
NR2F2-AS1,1,0.22221974583839002,3.8842188295536553,0,-0.12617269015015653,12.58
UBA2,1,0.29444087080682113,0.59802922736156,0,-0.1259630504104649,12.58
ITM2A,0,0.35782878652255845,0,0,-0.12578290728266917,12.58
SUMF1,2,0.19877768960789455,2.630242482745242,0,-0.12698910649300402,12.57
WWC2,1,0.2774076887454699,1.3342754259093732,0,-0.1268608511860355,12.57
IQCK,1,0.26193296609247185,2.017667572046176,0,-0.1273592159927595,12.57
NCKAP1,1,0.2563383787169109,2.2667953400667193,0,-0.12749432991806614,12.57
FAM126A,1,0.2300321981174231,3.462137017047209,0,-0.1276064736404263,12.57
MBD2,1,0.23295140893255728,3.3583784316225356,0,-0.12696227189629894,12.57
MAP3K4,0,0.35692883434862344,0,0,-0.12668101571219892,12.57
FAM107B,0,0.3566480320195232,0,0,-0.12696124275770268,12.57
ZBTB1,0,0.35685429789455503,0,0,-0.126755399462408,12.57
ADAM17,1,0.2699861965599554,1.6672761033295191,0,-0.12698496547750812,12.57
SMC5,1,0.26478110863894844,1.8308117901282432,0,-0.12860313500079265,12.56
NRXN3,1,0.2549415457371642,2.2819612262752194,0,-0.12855664836951555,12.56
WBP2NL,0,0.3554089000484658,0,0,-0.12819783610203614,12.56
CBR4,1,0.2619333493228636,1.9846253332437078,0,-0.12808141259362807,12.56
ABR,0,0.3552094656609537,0,0,-0.12839686190557367,12.56
BOK,0,0.35545420852916076,0,0,-0.1281526204454492,12.56
SMTN,1,0.2759659060876145,1.3333981344914745,0,-0.12831886495446954,12.56
RAB7A,1,0.23841081672490855,3.008808616758754,0,-0.12915856184682506,12.55
ADGRB3,1,0.2626550877566105,1.8869868340143783,0,-0.12949634508847382,12.55
XRN2,1,0.2715702789694493,1.5112461151401106,0,-0.1288162458624251,12.55
CALM1,1,0.2776211190917185,1.2133099685072106,0,-0.1292931723374384,12.55
ZNF451,2,0.18538593872283926,3.1199551491492263,0,-0.12964421644186078,12.55
FGR,0,0.3540513939088551,0,0,-0.12955256110013458,12.55
KIAA1328,0,0.35466909382217515,0,0,-0.12893612667712867,12.55
PPFIBP1,1,0.2824729583291557,0.9798148368168834,0,-0.1295574250023313,12.55
PHTF2,0,0.3544798516438912,0,0,-0.12912498115235735,12.55
TNKS2,0,0.3545653239097031,0,0,-0.12903968399475282,12.55
TESC,0,0.3540744162642542,0,0,-0.12952958591095187,12.55
ATF7IP,1,0.2866888379566646,0.7500581154265246,0,-0.13037458153532763,12.54
IGF1R,1,0.2330251946935653,3.202083438000666,0,-0.1303065499941417,12.54
DENND5B,1,0.21448181529008106,4.033101093717503,0,-0.13063895931879965,12.54
DAP,1,0.21930151071017248,3.817134817101693,0,-0.1305519629140827,12.54
TM9SF2,0,0.3537797503858263,0,0,-0.12982364810333896,12.54
ATP13A4,1,0.26277160188729076,1.8086125889962847,0,-0.1310939846161757,12.53
DDX60L,0,0.3522317622562358,0,0,-0.13136846484834258,12.53
KLC1,0,0.35263900238244583,0,0,-0.1309620590405842,12.53
PHYKPL,0,0.3522912424991659,0,0,-0.13130910646340488,12.53
DDX3X,1,0.28459404022737333,0.7874702592496903,0,-0.13164694599111404,12.53
TPR,1,0.21900770338119313,3.742471858663884,0,-0.1324779235784371,12.52
ABLIM3,0,0.3517567043597871,0,0,-0.13184254948714036,12.52
CCAR1,1,0.2833524718048015,0.8008241140065541,0,-0.1325939441052276,12.52
GOSR1,1,0.25476677326063524,2.1150612787172816,0,-0.1323808882614624,12.52
PLCB1,0,0.3495190872569397,0.03642592056504886,0,-0.13327900778997973,12.51
EEFSEC,1,0.19295094666400792,4.89609521963566,0,-0.13325346490406859,12.51
AC074327.1,0,0.3503554150013124,0,0,-0.1332409680048197,12.51
PPP2R2D,0,0.3364671828185267,0.6436821493760628,0,-0.13302448447736084,12.51
ENOX2,1,0.23204838768397246,3.1025732383662947,0,-0.13345747908730507,12.51
CYLD,1,0.18756062477405888,5.167607060407801,0,-0.1326952292212273,12.51
TNS2,0,0.3484530274456977,0,0,-0.1351394581128656,12.49
B4GALT1,0,0.34870789141671044,0,0,-0.13488511628517813,12.49
SLC22A3,0,0.33400645677416985,0.6445620502727384,0,-0.13546092722286887,12.49
SMURF1,1,0.23983286995669062,2.6306949143583256,0,-0.1360081425270811,12.48
NUBPL,0,0.34721309006693124,0,0,-0.13637685521485832,12.48
COBL,1,0.20233103450553125,4.345610905834966,0,-0.1359307745428705,12.48
NOTCH2,0,0.34762904263849626,0,0,-0.13596175481105163,12.48
PRKACB,1,0.28402755881129776,0.5897789811724506,0,-0.13653544773249393,12.48
XIAP,0,0.34738663702688277,0,0,-0.13620366380295224,12.48
GLS,1,0.2438131932023837,2.408544231133107,0,-0.13689404139488132,12.47
PHACTR2,1,0.24045246603478626,2.5495077215895665,0,-0.13716524528746804,12.47
SECISBP2L,1,0.27555491344925215,0.9290624903589317,0,-0.13757116656187784,12.47
KLHDC10,0,0.34621842013002896,0,0,-0.1373694873577707,12.47
UBE2K,2,0.1706334724765763,3.4528447351500393,0,-0.137086715112002,12.47
KCNJ2,1,0.2031969818734793,4.238585511958124,0,-0.13740706938800418,12.47
USP53,0,0.34517784199999235,0,0,-0.13840793364107026,12.46
STK38L,0,0.34530138780786945,0,0,-0.13828464094319018,12.46
MLEC,0,0.34571567233544664,0,0,-0.13787120516602666,12.46
ATXN7L1,0,0.3452571782495589,0,0,-0.1383287599287701,12.46
PDXK,1,0.26899965506758405,1.1649076888414953,0,-0.1389554511538299,12.45
FAM135A,2,0.18390615854400147,2.7594236333255693,0,-0.1390051922015745,12.45
PRKD1,1,0.28459985625500017,0.4372856049009557,0,-0.1392991003792446,12.45
TTC8,0,0.34416231942293896,0,0,-0.1394213757030429,12.45
AKT2,0,0.34442278435719065,0,0,-0.1391614443868869,12.45
FOCAD,0,0.33872094096741034,0.26973853353234306,0,-0.13895287127830902,12.45
ATAD2B,2,0.1917555847527813,2.3749237565389856,0,-0.13958022281091834,12.45
PDLIM5,1,0.27084362978701176,1.0794548552483556,0,-0.13898396617537656,12.45
ARHGAP17,1,0.2501052623825875,1.9779035378727228,0,-0.14003226170316246,12.44
NRDC,1,0.22364646794351062,3.1941732121665827,0,-0.13983904595762814,12.44
LRRTM3,1,0.1994293720330836,4.278254633108992,0,-0.14029946248499647,12.44
PIK3C2A,2,0.19919378503508478,1.9879531447085537,0,-0.14061966774650456,12.43
UBXN7,0,0.3419666776280333,0,0,-0.14161251925638355,12.43
RNF216,1,0.25959828646386796,1.4951437435724548,0,-0.14111584338355632,12.43
CNTRL,0,0.3428701878998641,0,0,-0.1407108600184821,12.43
GABBR1,1,0.2521344826649191,1.776260361111997,0,-0.14241680107596993,12.42
RBM39,2,0.16509239304990034,3.4276772884592064,0,-0.14316681283594695,12.41
ITM2B,2,0.18114927853193252,2.6920689539022207,0,-0.14322935945825113,12.41
ZDHHC17,0,0.34088468508655234,0,0,-0.14269229510485273,12.41
TMOD3,1,0.24806288913734675,1.9200311635273086,0,-0.14333602370307957,12.41
FAM124A,1,0.1388477577174705,6.915701357810053,0,-0.1430803700388994,12.41
INTS10,1,0.25036350254768447,1.7960204660237502,0,-0.14375203218929905,12.4
OGA,2,0.2023009126620875,1.672210201165538,0,-0.14442368105363926,12.4
RAB28,0,0.33910567340734726,0,0,-0.14446766209834513,12.4
SH3TC1,0,0.33980253518280007,0,0,-0.143772227993203,12.4
MMP16,0,0.339848818519891,0,0,-0.14372603947742177,12.4
AC245297.3,1,0.26151378070459225,1.212818212395562,0,-0.14537826529055264,12.39
KAT6A,1,0.1990151006291479,4.058926609305953,0,-0.14550922584851717,12.39
SLC16A1,1,0.14071519668732255,6.7483196589005,0,-0.14487711749546445,12.39
PIK3C2B,1,0.2138795160210481,3.3996128911253254,0,-0.14509336261141026,12.39
DPYD,1,0.18374299529490556,4.765326584107524,0,-0.14530224532841846,12.39
ZNF532,0,0.33854681820897725,0,0,-0.14502537236237845,12.39
COL5A2,0,0.33837862763649657,0,0,-0.14519321836051838,12.39
LRIG1,1,0.18667383813675062,4.610181545388532,0,-0.14577017202813713,12.38
ACYP2,1,0.25624531194404904,1.4183749886678076,0,-0.14614075416244587,12.38
LINC00598,0,0.30984506354765584,1.241891937018236,0,-0.14651020519915658,12.38
MFHAS1,0,0.3258384287443297,0.5452459678573054,0,-0.14578409956067007,12.38
WASF3,0,0.3373986624690127,0,0,-0.14617117585987588,12.38
MERTK,1,0.2752364136450277,0.5480416029062294,0,-0.14622130970610336,12.38
CCDC85A,1,0.25423599619832205,1.4978384050508002,0,-0.14640822006693943,12.38
VSIR,0,0.3375412352487605,0,0,-0.14602889517094422,12.38
RIPOR1,0,0.3378117644963645,0,0,-0.1457589201603332,12.38
AFTPH,0,0.33788098639430053,0,0,-0.14568984007825223,12.38
NSD3,1,0.1552089868532065,6.019888756698308,0,-0.1463425985389386,12.38
PTN,1,0.26081077970114325,1.1495019943348448,0,-0.14746444688631466,12.37
FBXL5,1,0.2351814393627623,2.3251297229867975,0,-0.1473322484040494,12.37
VEGFC,1,0.13688721853078856,6.8284822787911645,0,-0.1469442294691899,12.37
RCL1,1,0.18658505234834377,4.540214787918264,0,-0.14738883304391104,12.37
RPS2,1,0.21354486189268737,3.3138379334144252,0,-0.14730308741487147,12.37
OSBPL10,0,0.3364387973943749,0,0,-0.14712907444572412,12.37
RUSC2,0,0.3364268342830431,0,0,-0.14714101304806507,12.37
SLC9A9,1,0.1884372003039311,4.452970329653854,0,-0.14744837143862932,12.37
RIF1,2,0.16187006690911945,3.4001437338557863,0,-0.14698465059764662,12.37
ITGA11,1,0.254947022735467,1.4548253943559253,0,-0.1466392735359101,12.37
USP9X,2,0.20863583410882042,1.2136748881938852,0,-0.14812914602825436,12.36
REEP3,2,0.17612170382404205,2.698520109217193,0,-0.14810555802072845,12.36
TTN,0,0.3357766679493884,0,0,-0.14778984737700346,12.36
DNAJC13,0,0.3356351367786191,0,0,-0.1479310885909152,12.36
TMBIM6,1,0.23373981190623672,2.3247234226447744,0,-0.14877980749422764,12.35
SSFA2,1,0.27276116955698004,0.5525038721647778,0,-0.1485939002881549,12.35
PRELID2,0,0.33399018444540673,0,0,-0.14957267088764217,12.35
URI1,0,0.3342755984631633,0,0,-0.1492878416015121,12.35
NEDD9,1,0.1896085101670394,4.331200754840484,0,-0.14894236021032292,12.35
MARCH7,2,0.16130307566035712,3.3056761639898045,0,-0.1496163295625053,12.34
NEO1,1,0.2601786845337731,1.0563670656510429,0,-0.1501319537346274,12.34
SPATA5,0,0.3333224571353891,0,0,-0.15023903021552948,12.34
LARP1,1,0.2006767703733315,3.7963219459582125,0,-0.14959368951577173,12.34
TUT4,2,0.15770809371819886,3.4467892773762716,0,-0.15011803630296167,12.34
IFNGR1,1,0.2211492388904099,2.82875139315671,0,-0.1503223289626502,12.34
KBTBD2,0,0.3336097780040654,0,0,-0.14995229798507143,12.34
PHF20,0,0.33354743021206423,0,0,-0.15001451804429297,12.34
ZNF106,0,0.3338896272580535,0,0,-0.14967302206210167,12.34
PANK2,0,0.3330230375284403,0,0,-0.15053783639740845,12.34
EXOC6,1,0.24554442909285523,1.6857180655728587,0,-0.15097336358400165,12.33
GALK2,0,0.3324862542371355,0,0,-0.15107351997339633,12.33
PRKCB,0,0.33225572540991577,0,0,-0.15130357651303486,12.33
CD151,0,0.3267937074790515,0.26093665678250644,0,-0.1510481517482616,12.33
FEZ1,0,0.3319416111771293,0,0,-0.15161704721566932,12.32
PDZD8,1,0.2097877320562345,3.279813778858785,0,-0.15179657188536105,12.32
SERPINH1,0,0.3314350766092282,0,0,-0.15212254403922942,12.32
TRERF1,0,0.3318992765614255,0,0,-0.15165929509986326,12.32
XRCC4,0,0.33101238456830867,0,0,-0.152544370105147,12.32
LINC00877,0,0.33132671462680935,0,0,-0.15223068401896345,12.32
ADCY5,0,0.3315787072153631,0,0,-0.1519792076910942,12.32
RGS7,0,0.3268984819803895,0.17431201637880572,0,-0.15283792933896065,12.31
FAM222B,1,0.24217476166601795,1.7292773286159258,0,-0.15338355857625496,12.31
STX8,0,0.3303407409989877,0,0,-0.1532146376690433,12.31
STXBP5,1,0.23059283483392135,2.2922343493063337,0,-0.15263081954475155,12.31
GATAD2A,1,0.24751205247682065,1.5215925508794395,0,-0.15259892451893092,12.31
P2RY14,0,0.3291679234211635,0.08289740479483435,0,-0.15257222351090902,12.31
MSN,1,0.24206806351289276,1.6961654645769462,0,-0.15421413977016246,12.3
LINC00882,1,0.2205941317630572,2.6821438185646143,0,-0.15408236371509176,12.3
DIAPH1,1,0.1923341626411224,3.971222518676205,0,-0.15409441973492938,12.3
SH3GL3,0,0.3295714429786597,0,0,-0.1539823596179288,12.3
CALN1,0,0.329628409332968,0,0,-0.15392550997137464,12.3
SEMA6A,1,0.1563859858820167,5.5690467950492435,0,-0.15502717797125054,12.29
PSMA1,0,0.3281849932590615,0,0,-0.15536596889890406,12.29
ANP32A,0,0.3281469304115486,0,0,-0.15540395376653737,12.29
RNF219-AS1,1,0.19840836533921724,3.619841837448585,0,-0.15571677496716002,12.28
PDE4DIP,2,0.18643011352866576,1.8522581772768383,0,-0.1563246143763311,12.28
MAP1B,1,0.215912005326919,2.827749608728518,0,-0.15557074030019086,12.28
CCNL1,1,0.15942356700909832,5.366953264045774,0,-0.15641527084357143,12.28
SLFN12L,0,0.32778573313472137,0,0,-0.1557644110535322,12.28
KCNQ1,0,0.3276572110578402,0,0,-0.15589266982546557,12.28
KYNU,0,0.3270866747654403,0,0,-0.15646203725231062,12.28
CARMIL1,0,0.3271661825870938,0,0,-0.15638269231942564,12.28
ARID4B,2,0.17260913344539675,2.4428235231081734,0,-0.15720259306411455,12.27
WAC,2,0.16290257814847892,2.895868252811259,0,-0.15698192439093162,12.27
MGLL,1,0.21595228118641252,2.7420623210911605,0,-0.15740438604069368,12.27
WDR6,0,0.326727714019125,0,0,-0.1568202625908044,12.27
C2CD2,0,0.3260363456416058,0,0,-0.1575102145524129,12.27
NOTCH4,0,0.32661813461242817,0,0,-0.1569296175006625,12.27
LAT2,0,0.3263083586715005,0,0,-0.1572387587993564,12.27
AATF,0,0.326268860318801,0,0,-0.1572781762312371,12.27
FAM171B,0,0.30862492353403403,0.7919780560603427,0,-0.15756671703429564,12.26
AL022068.1,0,0.32018173258819715,0.2383098639717571,0,-0.15814139108496073,12.26
C1QTNF3-AMACR,0,0.3253551273949936,0,0,-0.15819003717782726,12.26
AK3,2,0.19067804013261205,1.5999486011675215,0,-0.1576029831741502,12.26
RNF217,1,0.21583678966743852,2.7126031362007943,0,-0.15816386454105447,12.26
EGFR,1,0.14993586008384296,5.729436950882402,0,-0.15795662219882411,12.26
TTLL5,0,0.31697377935233506,0.37072750409480176,0,-0.15844701763111213,12.26
GCA,1,0.18904607432041948,3.9331433551892676,0,-0.1582084999518909,12.26
LINGO1,0,0.3249163051600261,0,0,-0.15862796039164223,12.25
SH3YL1,0,0.32478181229357195,0,0,-0.15876217772070983,12.25
PLEKHA6,0,0.3243883737778087,0,0,-0.1591548101935707,12.25
SOCS5,1,0.20723411855972015,3.0472965528906215,0,-0.159429720452489,12.25
PLD1,0,0.32403922024604115,0,0,-0.15950324840969216,12.25
RALGPS2,0,0.3245900995863077,0,0,-0.15895349766351205,12.25
LAPTM5,0,0.32446565420560036,0,0,-0.1590776880912551,12.25
SERPINI1,1,0.23223948899492952,1.9247339813862523,0,-0.15902416338892156,12.25
AHCTF1,1,0.21684198347604422,2.57192221380608,0,-0.16023718889825628,12.24
ACTN4,0,0.3108594672472836,0.5583176697149874,0,-0.16044651697966372,12.24
NPEPPS,2,0.15256390149340318,3.2135061071791804,0,-0.16035320617599189,12.24
BANP,0,0.3237804892480588,0,0,-0.15976144934191788,12.24
OPA1,1,0.24848710953515826,1.121195626452886,0,-0.1603818827711046,12.24
LRRC7,0,0.32372495848103044,0,0,-0.15981686634229952,12.24
ATP2B4,1,0.24548586381965085,1.2257847972019444,0,-0.1610897878239438,12.23
SREK1,1,0.23743057561403563,1.5781951647017707,0,-0.16142194188842912,12.23
ETNK1,1,0.18728419002468127,3.907161235537578,0,-0.1605349605825696,12.23
STAT5B,1,0.18826458993548684,3.825807804694533,0,-0.1613356340454264,12.23
WIPF2,0,0.3225518923203203,0,0,-0.16098752922622073,12.23
MYO6,1,0.25694494416759267,0.6868222225886785,0,-0.1614404028603484,12.23
PACSIN2,1,0.25073679261221415,0.9712478658357214,0,-0.16141591786860177,12.23
STK10,0,0.3223881805459601,0,0,-0.16115090560201553,12.23
RNASEH2B,0,0.32299465723423815,0,0,-0.160545671410876,12.23
POM121,1,0.25559969984329944,0.7814164350290745,0,-0.16071427238181973,12.23
ATP1B2,1,0.23322115117370815,1.7655072942571337,0,-0.16152653633015573,12.22
LENG8,0,0.3213153679156788,0,0,-0.1622215203462955,12.22
TAF3,0,0.3210660938937502,0,0,-0.16247028367710448,12.22
FGD5,0,0.3213863732308393,0,0,-0.16215066050070143,12.22
TTLL11,0,0.32106369086326314,0,0,-0.16247268178446989,12.22
TENM3,0,0.3206238823357227,0,0,-0.16291158927022664,12.21
ITFG1,1,0.19691611043837187,3.3648653227107936,0,-0.1627818868123897,12.21
RGMA,0,0.31983154457312457,0,0,-0.16370230375954517,12.2
UBE2E3,0,0.31909181267220305,0,0,-0.16444052016153995,12.2
SLC19A3,1,0.1484728672982667,5.537226935958914,0,-0.16361993246607848,12.2
TNXB,0,0.31978477121184856,0,0,-0.16374898129559218,12.2
CAVIN1,0,0.3194281075701836,0,0,-0.16410491423554552,12.2
PPP2R2A,2,0.16684386724218614,2.413388196922379,0,-0.16359974972719551,12.2
DDHD1,0,0.31949952146505317,0,0,-0.16403364664730524,12.2
MARCH3,1,0.22905620331186494,1.7969160547566159,0,-0.1649960938253779,12.19
OSBPL3,0,0.3183889252248884,0,0,-0.16514196759366712,12.19
FBXL4,0,0.3188863176427306,0,0,-0.16464559419051716,12.19
SRGAP3,0,0.3187211915819388,0,0,-0.16481038195527553,12.19
ZBTB7A,0,0.3182460884578995,0,0,-0.16528451172900555,12.19
CCND3,0,0.3180912733446021,0,0,-0.1654390096704495,12.19
FOXO3,0,0.304979124168259,0.5505124526318621,0,-0.16648550009140337,12.18
PELI2,1,0.19710139979745556,3.1911166767882277,0,-0.16639657222445653,12.18
CRIP2,1,0.12636531780041027,6.453684453534337,0,-0.16564078162654772,12.18
MLLT10,1,0.2090906759225799,2.643653417763339,0,-0.16640397359439124,12.18
AIG1,1,0.19820535825670674,3.148230078794659,0,-0.16623273433991415,12.18
C3orf58,0,0.3172631585132414,0,0,-0.1662654279315574,12.18
ITIH5,1,0.21902754300175345,2.1889833132527117,0,-0.16643034658372918,12.18
KANSL1,1,0.2494739464086421,0.7545524417971814,0,-0.16741494694750603,12.17
IFT172,0,0.3162742477829319,0,0,-0.16725231266684282,12.17
R3HDM1,1,0.22618136415255063,1.8566043320530161,0,-0.16655975947880097,12.17
SNX30,0,0.3163769897958818,0,0,-0.16714978114286894,12.17
DOCK1,1,0.18348344473175637,3.7815798014043716,0,-0.16707417724352042,12.17
NUTM2B-AS1,2,0.14537025723544178,3.2173343809986283,0,-0.16744839470697206,12.17
SIK3,2,0.1636797884014169,2.3501091429672223,0,-0.16814115439879287,12.16
RTN1,0,0.3080314986681917,0.33228839560816065,0,-0.16821157779088802,12.16
PHYHD1,0,0.3152571083458878,0,0,-0.1682673682763228,12.16
AC108062.1,0,0.31548742876053104,0,0,-0.1680375197222831,12.16
SND1,1,0.22550627866406706,1.8194919587556362,0,-0.16804504805792553,12.16
PCAT19,1,0.1522290913218458,5.18001479401728,0,-0.16768304188718647,12.16
GDI2,1,0.19108448033416436,3.3713183119582415,0,-0.16846045338676063,12.16
MLXIPL,0,0.31554877471392234,0,0,-0.16797629944919082,12.16
ZNF483,1,0.19054765352385303,3.431656852651964,0,-0.16767667642556727,12.16
SMAD9,1,0.1539765316708,5.0364617237873786,0,-0.16907844947174933,12.15
OPHN1,0,0.31455690846418727,0,0,-0.1689661336488885,12.15
EPC2,1,0.24160280440314952,1.0515894528786958,0,-0.16877425568377452,12.15
FTCDNL1,0,0.3138625355972547,0,0,-0.16965908394457158,12.14
SUPT3H,1,0.24291780855046746,0.9542422708998413,0,-0.16959076727082262,12.14
ARHGAP18,0,0.3138576792243436,0,0,-0.16966393036816463,12.14
NLRP1,0,0.3133355729523639,0,0,-0.1701849669938389,12.14
FAM129A,0,0.31353419750872386,0,0,-0.16998674936234134,12.14
TTC14,1,0.21119700253430118,2.3370965246046747,0,-0.1710058538517783,12.13
GOLIM4,0,0.3127402386216476,0,0,-0.17077908165491795,12.13
RAB27A,1,0.19401991286678424,3.1168939498633876,0,-0.1710948741987498,12.13
PPP4R3B,2,0.19261634523706145,0.8604072675338189,0,-0.17184119342103224,12.12
APBA2,0,0.30518429730845026,0.27354086907409614,0,-0.172337657172023,12.12
MYO10,0,0.3116775320267071,0,0,-0.1718396110682308,12.12
HSD17B12,1,0.20181161661485902,2.6764615003400962,0,-0.1729506617558959,12.11
DOCK3,0,0.31060151689852067,0,0,-0.17291342174941438,12.11
ARHGAP31,0,0.2971635152303119,0.6113908237444257,0,-0.17295378791939425,12.11
MEF2C-AS1,0,0.3104753592499628,0,0,-0.17303932093706129,12.11
HYDIN,1,0.2288255909631003,1.4036704916371026,0,-0.1738258629836968,12.1
ASCC1,1,0.2299412481702027,1.3237637788184282,0,-0.174459918926249,12.1
PKIA,0,0.3093273580351671,0,0,-0.17418497022596768,12.1
USP32,1,0.18139639203441982,3.570891997397011,0,-0.1737643475512713,12.1
YEATS2,1,0.2341261260129421,1.1333065773627002,0,-0.17444859830751985,12.1
CAPZB,2,0.15720153785189728,2.363393078202938,0,-0.1743156352012494,12.1
SNX24,0,0.3092790635714727,0,0,-0.17423316574812958,12.1
YLPM1,0,0.3099145989960603,0,0,-0.17359893235371357,12.1
TMEM87A,1,0.21649718914617844,1.9581000280737373,0,-0.17400455158293815,12.1
DCUN1D4,1,0.1531165549663163,4.854703718966859,0,-0.17391141091236845,12.1
RAMP1,0,0.30829388349106734,0,0,-0.17521632747654467,12.09
INPP5F,1,0.21107469937054854,2.1616544663316426,0,-0.17496453374153548,12.09
ATXN3,0,0.3083862676558977,0,0,-0.1751241325804243,12.09
EPM2A,0,0.30811355778759447,0,0,-0.1753962837442669,12.09
ATP8B1,0,0.3082039441413812,0,0,-0.17530608256624725,12.09
PPP2CB,1,0.22548666463325218,1.441714059931208,0,-0.1763259989690839,12.08
MUC20-OT1,1,0.17901342410184282,3.558863996444164,0,-0.1764054659276505,12.08
AVL9,1,0.23274042982485277,1.1331246866204936,0,-0.17583543325008566,12.08
SIL1,0,0.30779372639768904,0,0,-0.17571545989120185,12.08
ZNF721,1,0.24542896723836152,0.5571205669086411,0,-0.17576914727868875,12.08
SKIL,0,0.307428330510859,0,0,-0.1760801071864494,12.08
ZDHHC21,0,0.3076381362432448,0,0,-0.17587073128595518,12.08
ZNF124,0,0.30771117521545277,0,0,-0.17579784194969486,12.08
MYO1D,1,0.19801368940998734,2.702823894372715,0,-0.17616430619248968,12.08
LMO3,1,0.2212699926145183,1.6066463556126083,0,-0.17692723604781652,12.07
KIF5B,1,0.226777477078072,1.3346932481603193,0,-0.177378198961207,12.07
CD2AP,0,0.30672122547375685,0,0,-0.17678576356772976,12.07
ARID4A,0,0.3067478038613056,0,0,-0.17675923963168938,12.07
CDYL,2,0.16921844955732826,1.6460303656789188,0,-0.17801087731035262,12.06
ACBD6,0,0.3058430369124533,0,0,-0.17766215297204083,12.06
UVRAG,1,0.1286367791695926,5.775750489274882,0,-0.17819926700137284,12.06
PKNOX2,0,0.3055824051270746,0,0,-0.17792225079749363,12.06
ADAMTS10,0,0.3051224048591281,0,0,-0.1783813086565599,12.06
GRIK4,0,0.2869345212474861,0.8183353965013088,0,-0.1786362905062832,12.05
NFIX,0,0.3041403751793087,0,0,-0.1793613264386581,12.05
FTL,1,0.21827018616684415,1.6356322413187627,0,-0.17928702342967834,12.05
ADCY9,0,0.3045582447676989,0,0,-0.178944312945445,12.05
MAT2A,1,0.2138220840032902,1.8635857651127683,0,-0.17874104662063844,12.05
ATG10,1,0.19764853749926403,2.583939662197349,0,-0.17912851130213775,12.05
EPN2,0,0.3043993365689303,0,0,-0.17910289558679962,12.05
PLLP,0,0.30473794725405645,0,0,-0.17876497861804458,12.05
SEPT7,1,0.2445459575549252,0.4507692454181516,0,-0.1789760752159682,12.05
PPP1R12B,1,0.20630136093358611,2.187258363597561,0,-0.17916817814005448,12.05
MCF2L,0,0.30450184660116447,0,0,-0.1790005955682794,12.05
SPOCK2,0,0.30484860194502283,0,0,-0.17865455062686658,12.05
WASL,0,0.3041381956552709,0,0,-0.179363501497475,12.05
FAM13C,1,0.2424467127532225,0.504874408127295,0,-0.17988782895324873,12.04
ZC3H13,1,0.2010358284941493,2.3773312264708237,0,-0.1802663442518861,12.04
ERC1,1,0.20497396997210793,2.2021757814142804,0,-0.1801666304323296,12.04
ASAP2,1,0.23281693928505165,0.9105606544553085,0,-0.1806261873631771,12.03
PTPN13,1,0.22367393847709738,1.3206197034868246,0,-0.18078314441677895,12.03
SH3RF3,0,0.302638953488016,0,0,-0.18085967214666698,12.03
EXPH5,0,0.30285404786945447,0,0,-0.18064501843204822,12.03
PSD2,0,0.30281488962264314,0,0,-0.18068409645482036,12.03
GAB2,1,0.23377398484571743,0.8438532458183347,0,-0.18112988307731015,12.03
LDLRAD4,1,0.22411529648279357,1.283076767252123,0,-0.1811636924733226,12.03
LINC01004,0,0.3026542955876889,0,0,-0.1808443614785648,12.03
KDM5B,1,0.22222541114163702,1.3117430692469039,0,-0.18242282142586552,12.02
HNRNPM,1,0.24028874240916556,0.522213972604954,0,-0.18166219067218226,12.02
BCAT2,0,0.28912911494166826,0.5689866720590006,0,-0.18189903659955442,12.02
RSF1,1,0.22140854902384505,1.3671181052953343,0,-0.18202704968721356,12.02
PCED1B,0,0.30106334459724593,0,0,-0.18243205306581659,12.02
SHROOM2,1,0.16066153851727671,4.160569351684415,0,-0.18156145402985685,12.02
NBDY,0,0.3013266138671732,0,0,-0.18216932315926615,12.02
DLG1,0,0.3017117501852038,0,0,-0.18178497587531112,12.02
AKAP8L,0,0.3019732806045854,0,0,-0.18152398125689928,12.02
STPG2,0,0.30050439175900845,0,0,-0.1829898607696812,12.01
PPM1D,1,0.20757858456530032,1.9579501811063749,0,-0.18290816140089627,12.01
GARNL3,0,0.3009981406216698,0,0,-0.18249712345711053,12.01
BOD1L1,1,0.23380685684782712,0.7767204253701481,0,-0.1825651620347582,12.01
APLP1,1,0.13166975780970236,5.423365821119911,0,-0.1828785712255464,12.01
MAL,1,0.1499320195847118,4.57647859758574,0,-0.18317374476867465,12.01
AL139260.1,0,0.30008769090160786,0,0,-0.18340570792629995,12.01
C9orf3,1,0.23773912355734195,0.5395278973718276,0,-0.18382795922121087,12
NIPBL,2,0.15164796505399164,2.1919210047016007,0,-0.18360764061546805,12
ACADVL,0,0.29907157625915237,0,0,-0.18441974084070215,12
MAGI3,1,0.2396420831793662,0.4687894275556042,0,-0.18347583141387414,12
TCERG1,1,0.225197485905993,1.0967439334846094,0,-0.1841585106620927,12
APPL2,0,0.29986967941410336,0,0,-0.18362327277066942,12
MYEF2,1,0.14733378966869265,4.669552445867307,0,-0.1837312807195427,12
RUNX1,0,0.2995864097734886,0,0,-0.18390596207287266,12
FBXO34,0,0.2992342849970689,0,0,-0.18425736544641644,12
GABRB1,1,0.16183038637832323,3.961024297852251,0,-0.18475872069307886,11.99
R3HDM2,0,0.29168004763885874,0.30004773624611003,0,-0.18523457920859243,11.99
GABRG1,0,0.29852802813388357,0,0,-0.18496217539144555,11.99
PSME4,2,0.16783387699283095,1.3713199603212636,0,-0.18540007493892932,11.99
LIN52,0,0.2989424360933044,0,0,-0.18454861643531492,11.99
MLC1,0,0.2983146628823614,0,0,-0.18517510351864028,11.99
DGLUCY,1,0.2269468456961027,0.9669196577985542,0,-0.18525177673548526,11.99
FCGR2A,0,0.2987608835113662,0,0,-0.1847297970679797,11.99
RAB12,0,0.29866452379798225,0,0,-0.1848259593678926,11.99
WASHC5,0,0.29898992851088146,0,0,-0.1845012213161074,11.99
IGSF11,0,0.2867898527494448,0.4958125219268941,0,-0.1858337038033766,11.98
PPP4R2,1,0.1862079251191215,2.776041696972237,0,-0.18634473175413963,11.98
NIN,0,0.29792375770492563,0,0,-0.1855652078432588,11.98
USP40,1,0.1749599008489266,3.2971612292044647,0,-0.18617369082306756,11.98
GOLGB1,1,0.20179487681761388,2.1038667560852553,0,-0.18548906612349125,11.98
FARP1,1,0.21649068966883797,1.4169205515143963,0,-0.18584573672789972,11.98
EIF3A,1,0.2244513674732303,1.0661672294675135,0,-0.18557176239494388,11.98
ORC4,0,0.29803973460617583,0,0,-0.18544946854548244,11.98
SPRED2,1,0.23056081990294797,0.7102459270347802,0,-0.18725823597885088,11.97
ZNF609,1,0.2207228637965123,1.189341165693469,0,-0.18659901742016488,11.97
YAP1,0,0.29645472244672444,0,0,-0.18703123346870743,11.97
STK39,1,0.2056433014702864,1.8720798029858199,0,-0.1867173226267636,11.97
CASK,1,0.2157755296306938,1.3948941333821345,0,-0.1870411128976136,11.97
RNGTT,0,0.296837244640912,0,0,-0.18664949495300395,11.97
LMBRD1,1,0.18765644037216342,2.7030779168312278,0,-0.18649478114113976,11.97
DKK3,1,0.21021081955641407,1.6146188794923273,0,-0.18778940613075912,11.96
CHSY3,0,0.2953021162338517,0,0,-0.1881814783213679,11.96
ZFAND3,1,0.1774947517497718,3.096786382608597,0,-0.1880258991893618,11.96
CCDC102B,0,0.2955299967632574,0,0,-0.1879540646539392,11.96
MAP4,1,0.1877812544316093,2.6037320387179195,0,-0.18854275263195425,11.95
ARFGEF2,1,0.22287951500599368,1.0044409585644618,0,-0.1884902459150849,11.95
MYLK,0,0.2942721236382338,0,0,-0.18920936075697883,11.95
MTM1,0,0.29476055770145976,0,0,-0.1887219273553408,11.95
PARN,0,0.2949763582037668,0,0,-0.18850656896649304,11.95
IFI44,0,0.29504436312203797,0,0,-0.18843870337083388,11.95
ARID2,1,0.18940318013377666,2.5347914205773763,0,-0.18843176694743008,11.95
HNRNPH3,1,0.22137042205694732,1.036140320550508,0,-0.189303034610736,11.95
MFSD6,0,0.2948566288891041,0,0,-0.18862605299006088,11.95
SPAG9,2,0.14082950470707722,2.3844472142788407,0,-0.19019370764516244,11.94
OLMALINC,1,0.1925213752107544,2.321844994296604,0,-0.1899767458725659,11.94
PSEN1,0,0.2935291545482108,0,0,-0.1899508077160012,11.94
SS18,0,0.293159949234871,0,0,-0.19031925663333404,11.94
RNF213,0,0.2934158152182333,0,0,-0.19006391484613347,11.94
STT3B,0,0.29330391095853126,0,0,-0.19017558984603844,11.94
SLC25A13,1,0.2291469195667422,0.6559808030843248,0,-0.18985592803814033,11.94
EDEM3,0,0.28662646036029127,0.27662257466014295,0,-0.19079008262620567,11.93
LINC00894,0,0.2872419409163175,0.24706601932074446,0,-0.19082221593459625,11.93
AFF1,1,0.20216221038963975,1.8409110150915318,0,-0.19087289172532168,11.93
CLTC,1,0.22884683479399043,0.6364664112267749,0,-0.19058214545804691,11.93
CAMK1D,0,0.29274751059197446,0,0,-0.19073085030750625,11.93
HIVEP3,1,0.21700208319015027,1.1467850827583996,0,-0.19124280627489543,11.93
ZNF248,1,0.18454794050932735,2.622692247542728,0,-0.19135481404976645,11.93
TNFAIP1,1,0.16430025394384015,3.5833460261608283,0,-0.1905531115626951,11.93
MTDH,1,0.2050038111861136,1.7060177574046564,0,-0.19098700472388197,11.93
SMAD1,0,0.2927653062461205,0,0,-0.19071309111156176,11.93
SPOPL,0,0.29254614376802934,0,0,-0.19093180458846765,11.93
PRR5L,0,0.2924124477965544,0,0,-0.19106522665516568,11.93
SUGT1,0,0.2930700553149781,0,0,-0.190408966386316,11.93
LRRFIP2,2,0.13003784192615048,2.804401283806744,0,-0.19177956132271953,11.92
SCAMP1,0,0.29190860572617994,0,0,-0.19156803649735593,11.92
TMEM131L,0,0.2913353985279318,0,0,-0.1921400693581277,11.92
AC007566.1,1,0.1748177805327853,3.0265972860249732,0,-0.19223230537083064,11.92
SCFD2,1,0.1990935934171258,1.9084509043734075,0,-0.19245823644446958,11.91
RPL35,1,0.198383684541444,1.9020542107216585,0,-0.19330657601759027,11.91
DENND1A,1,0.20859065511020547,1.4389361187749865,0,-0.19324814237781152,11.91
CTIF,1,0.22130955234067307,0.8961668649197871,0,-0.19242476730720653,11.91
PIGU,0,0.29009570674976304,0,0,-0.19337722136268798,11.91
GRK3,1,0.2283225792527486,0.49984974224678363,0,-0.19409290726920564,11.9
TMEM135,0,0.2896661574631952,0.008306122180817156,0,-0.19362424948819507,11.9
WDR7,0,0.2895897808791256,0,0,-0.19388211073603087,11.9
SMYD3,1,0.2145843634449888,1.1272310273890078,0,-0.1940831876146205,11.9
KIF3A,0,0.2900165002988708,0,0,-0.19345626554223405,11.9
YIPF4,1,0.18285315708903868,2.596411917204941,0,-0.19362083264936408,11.9
SNCA,1,0.1938245110301166,2.068005654096241,0,-0.19422732582900787,11.9
FOLH1,0,0.28927533693076146,0,0,-0.19419591047875018,11.9
RBM5,2,0.16212230811394798,1.1963265737232096,0,-0.19492675803166679,11.89
MYSM1,0,0.28825654814290547,0,0,-0.19521261205999435,11.89
DAB1,0,0.2888155596541201,0,0,-0.19465474580335673,11.89
SLC38A9,0,0.288380766669974,0,0,-0.19508864802113193,11.89
HECTD1,1,0.18177858883445802,2.5962374614982773,0,-0.19469701447858556,11.89
TAF15,1,0.19930943868913203,1.8009668452897047,0,-0.19459333176097826,11.89
TYW1,0,0.2885572394176765,0,0,-0.1949125368155765,11.89
CDK18,1,0.13618772306922455,4.679128096266734,0,-0.19464510860157536,11.89
ARL8B,0,0.28549232028441957,0.11057603941374484,0,-0.1955530619338497,11.88
WDR17,0,0.28712475079688926,0,0,-0.19634209067721026,11.88
KLHL20,1,0.19971778601811876,1.7255811637956562,0,-0.19583438103772116,11.88
STAU1,0,0.2765771767010841,0.48481690641877356,0,-0.19626591290466652,11.88
ARPC2,0,0.2876316711597574,0,0,-0.19583620884906652,11.88
CREB3L2,1,0.22124456847237362,0.7421213923378062,0,-0.19585833743507175,11.88
ATF2,1,0.1749112774979686,2.860445279353798,0,-0.19577246919972613,11.88
TMEM63A,0,0.2876382968982163,0,0,-0.19582959668484923,11.88
HIGD1B,0,0.2876664964922383,0,0,-0.1958014548637236,11.88
HNRNPA3,1,0.19776557520489746,1.7499504029332225,0,-0.19724967742421862,11.87
ADRA1A,0,0.2864194968918412,0.024297532556177226,0,-0.19651455291750677,11.87
SPOP,0,0.2866459211725201,0,0,-0.1968199393167376,11.87
ATE1,2,0.12104689143464026,2.99253835497479,0,-0.19663784573039447,11.87
ST8SIA6,0,0.2661521125882773,0.9205083333543044,0,-0.19714176902370045,11.87
VIM,0,0.28657188206719064,0,0,-0.1968938267371329,11.87
ZBTB44,0,0.2868938420648872,0,0,-0.19657252634331493,11.87
ATP8B4,0,0.28642092566972455,0,0,-0.19704447386814983,11.87
MEGF9,0,0.286124738221113,0,0,-0.19734005451345882,11.87
CAB39,0,0.2809130446700658,0.24195696940163702,0,-0.19724987254537157,11.87
YWHAE,1,0.20309231568493163,1.5313870013829611,0,-0.1967134695713449,11.87
FGD2,0,0.28685714679614976,0,0,-0.19660914643395028,11.87
NCOA7,1,0.17543657017623504,2.7756013003114473,0,-0.19710365001959695,11.87
SDCCAG8,1,0.19732929607399918,1.7344839997539039,0,-0.19802328736991204,11.86
AEBP2,1,0.21490051787270548,0.9393646921217791,0,-0.1978760065508232,11.86
BIRC6,1,0.1843183563887859,2.320483502586384,0,-0.1981927326261041,11.86
KIF16B,0,0.2858922335525695,0,0,-0.1975720828464878,11.86
EFCAB6,0,0.2853645956054181,0,0,-0.1980986398145147,11.86
ALCAM,0,0.28588747880063703,0,0,-0.19757682785729452,11.86
RBFOX2,1,0.2250203352109431,0.48094422558801614,0,-0.197801818300824,11.86
ST8SIA4,0,0.2856880241100959,0,0,-0.19777587392226592,11.86
FBXO11,1,0.21213499660444413,1.0659022466003751,0,-0.1978686952817189,11.86
CDC27,1,0.16608603541189043,3.134911762061783,0,-0.19857750341835045,11.85
ANKS1A,1,0.21417328359820545,0.9193814097212536,0,-0.19903875222512768,11.85
CYSTM1,1,0.1738494433406033,2.7724690556293763,0,-0.19875602229097494,11.85
ATP10D,0,0.27849728145307767,0.29257529761817735,0,-0.19855374753861393,11.85
ZNF438,0,0.2842164443372772,0,0,-0.19924443884934995,11.85
COLGALT2,0,0.2844395303339118,0,0,-0.19902180989206714,11.85
ZDHHC9,0,0.284257500646719,0,0,-0.19920346665253438,11.85
AC099792.1,0,0.2604970362223691,1.0692543490928546,0,-0.19953243070941368,11.84
SPTBN1,1,0.20391366011660295,1.360914299600551,0,-0.1996217635320784,11.84
DYNC1LI2,0,0.2832803172067669,0,0,-0.2001786481233236,11.84
NT5C2,1,0.1822190925999795,2.3205688538903884,0,-0.2002858291326125,11.84
PER3,1,0.19020895051322279,1.9747037049565792,0,-0.19987583822111088,11.84
SERGEF,0,0.2836844985888297,0,0,-0.19977529479322115,11.84
CMC1,0,0.2837854404016611,0,0,-0.19967455978127102,11.84
CLCN3,1,0.17865127041968043,2.5208291432524397,0,-0.19946698096029647,11.84
FBLN1,0,0.2834946476004831,0,0,-0.19996475683123494,11.84
HADHB,0,0.28222901814764084,0,0,-0.2012277933715976,11.83
NUTM2A-AS1,0,0.2823073488015772,0,0,-0.20114962319475005,11.83
ACTB,1,0.21887321802355403,0.6159898815681738,0,-0.20098311693794402,11.83
ARHGAP12,0,0.2829625627780447,0,0,-0.2004957515641742,11.83
SPCS3,0,0.28279028165553827,0,0,-0.20066767973197377,11.83
CUL1,1,0.20347038637918524,1.25959551055944,0,-0.2022798032654063,11.82
SNX29,0,0.27666439417245614,0.23689755968615442,0,-0.20160045968655033,11.82
PATJ,1,0.20883430021778318,1.0200396114989463,0,-0.20216556936944596,11.82
IRF2,1,0.19199615977462647,1.802803944787991,0,-0.2018514535364428,11.82
MTA3,0,0.28198037429991973,0,0,-0.20147592781924567,11.82
RNF169,1,0.1532267405382191,3.574280824477215,0,-0.20180217945824097,11.82
MAN1A2,0,0.2813159700200284,0,0,-0.20213897092494426,11.82
ZC3HAV1,0,0.28154310785636844,0,0,-0.20191229842901576,11.82
CABIN1,0,0.2809301272079349,0,0,-0.20252402325555802,11.81
BCKDHB,0,0.281099591636231,0,0,-0.20235490601136863,11.81
PIP5K1A,2,0.15029733090360362,1.3898314012737663,0,-0.20249587910531122,11.81
KATNAL1,0,0.28099684044276807,0,0,-0.2024574466970473,11.81
FAM208A,1,0.2038658738440457,1.2273354751110161,0,-0.20259059959523035,11.81
PDXDC1,0,0.28066659267146465,0,0,-0.20278701788519626,11.81
CEP85L,1,0.19085697875193594,1.7995242767984083,0,-0.2030600216112407,11.81
NUP153,0,0.281018019701324,0,0,-0.20243631082872987,11.81
SETD2,1,0.19055029511985877,1.8122312885294425,0,-0.2030881956320288,11.81
TMSB4X,0,0.2794874739296151,0.046771409582748016,0,-0.2029409076740516,11.81
ANKRD10,1,0.1770276698890835,2.4008048489600196,0,-0.20371198775941773,11.8
LRP6,0,0.27946614815168236,0,0,-0.20398500303776854,11.8
B3GLCT,0,0.2792636397127104,0,0,-0.20418709659491435,11.8
EXOC2,1,0.18722982068792926,1.9160344476354325,0,-0.2041318641660586,11.8
COP1,1,0.17381333884186967,2.554232979054254,0,-0.20356451442737866,11.8
RNF130,1,0.1716307742818881,2.6271734721719744,0,-0.204147519739037,11.8
ADIPOR2,1,0.18613519065585651,1.9536554110655264,0,-0.2044015434429461,11.79
LPGAT1,0,0.2764159267328789,0.054611817002842705,0,-0.2058347054228593,11.78
GMPR,0,0.27771230656351864,0,0,-0.20573525150653155,11.78
CDK17,1,0.19979085111030273,1.25168047360161,0,-0.20612488897105835,11.78
ARHGEF10L,0,0.27741430323014843,0,0,-0.20603264431637108,11.78
MICU1,0,0.2779542010551614,0,0,-0.20549385258746314,11.78
PARP8,0,0.2780474553086274,0,0,-0.2054007893852697,11.78
PPP3CB,0,0.2774706227727781,0,0,-0.20597644015636354,11.78
PILRA,0,0.27789332783403486,0,0,-0.2055546010967837,11.78
CSNK1E,0,0.26330309532309126,0.6612834531837585,0,-0.2056537683324511,11.78
TAB2,0,0.27710733047781577,0,0,-0.20633898816940102,11.77
AC110023.1,0,0.27620316158021696,0,0,-0.20724130468373475,11.77
KIAA0319,0,0.27695782926720547,0,0,-0.20648818309482347,11.77
ANKRD17,1,0.21017687250692796,0.7465287589924433,0,-0.20680697704912887,11.77
PLA2G4A,0,0.2763253962155465,0,0,-0.20711932047218498,11.77
CCDC91,1,0.17251436778841212,2.471668237858987,0,-0.2066663784273589,11.77
HHIP,0,0.27700027326153087,0,0,-0.20644582605609343,11.77
CNOT2,1,0.19211877962316692,1.5760725426736948,0,-0.2066873252079875,11.77
ARHGEF17,0,0.2763941921200458,0,0,-0.20705066551080215,11.77
TFCP2,0,0.27571733397555553,0,0,-0.20772613696669584,11.76
C20orf194,1,0.20274892502018704,1.057850591620636,0,-0.20741161385315993,11.76
POC1B,1,0.2143981936370595,0.497906502669067,0,-0.2080312612360815,11.76
KLHL5,1,0.19324000901636568,1.4649860519704783,0,-0.20799767049026613,11.76
SAMHD1,0,0.27519819659751976,0,0,-0.20824421078084004,11.76
ADIRF,0,0.27569103572302045,0,0,-0.20775238134163898,11.76
TOM1L2,0,0.27435548831801715,0,0,-0.2090851925922918,11.75
PTPRS,0,0.27445858220139596,0,0,-0.20898230991877081,11.75
PABPC1,1,0.19199735148350452,1.5047393185068458,0,-0.2083684440640287,11.75
SYT9,0,0.275075098623658,0,0,-0.2083670565621885,11.75
TOX,0,0.2717468527782131,0.1032140801064859,0,-0.20943136277056237,11.74
EMSY,1,0.20532446426462164,0.8240421070041032,0,-0.20995435553352754,11.74
EFHD1,0,0.27371793367573966,0,0,-0.20972144106759866,11.74
AC098850.3,0,0.27338659094152273,0,0,-0.21005210497539556,11.74
HTRA1,1,0.14916697070458415,3.4057927185861563,0,-0.20953818785256279,11.74
NR2C1,1,0.13425282214545975,4.0548387078597,0,-0.2102282205961648,11.74
SUN1,1,0.14746597797263863,3.4529121634759767,0,-0.21020527150525303,11.74
DLGAP4,0,0.2734807782597635,0,0,-0.20995811062001,11.74
UBE2G1,0,0.2733420609585907,0,0,-0.21009654372913866,11.74
HERC3,1,0.20022463289892112,1.045843483219709,0,-0.2101933099999042,11.74
DYNC1I2,1,0.1885802347528806,1.6082495768404266,0,-0.2095149621592074,11.74
ATL1,0,0.27337130081693495,0,0,-0.21006736377489466,11.74
AC022414.1,1,0.1817852721897009,1.9187912169194563,0,-0.2095049723636883,11.74
COL1A2,0,0.27379975293253933,0,0,-0.20963978943503653,11.74
SERPINI2,0,0.2595885894359484,0.5726154827299956,0,-0.2112996859438634,11.73
PAPSS1,0,0.2723356250664297,0,0,-0.21110091772223527,11.73
DSE,0,0.2731113678120332,0,0,-0.21032676425147165,11.73
SLC16A1-AS1,1,0.18839075237234904,1.5605414000235218,0,-0.2107473551689431,11.73
KIFAP3,0,0.27233239222969974,0,0,-0.21110414393580815,11.73
LINC01184,1,0.17775265757519776,2.0210991179321347,0,-0.21129202092731786,11.73
CBL,0,0.27285094895126416,0,0,-0.21058664958853635,11.73
RAP2A,0,0.27253807403638364,0,0,-0.2108988835122725,11.73
POU2F2,0,0.2726341979992708,0,0,-0.21080295647987113,11.73
MAOA,0,0.27304805725280046,0,0,-0.21038994510549033,11.73
RFX3,1,0.19228148909473564,1.313694784029608,0,-0.21226271617719067,11.72
SON,1,0.19272791016510035,1.3233433949583602,0,-0.21160621055247625,11.72
PPP1R21,0,0.2719101340528265,0,0,-0.21152553702654267,11.72
DICER1,1,0.1354847530319554,3.9462521707972784,0,-0.21137342133450748,11.72
MPRIP,1,0.1546646995656915,3.043421769615247,0,-0.21197617484804748,11.72
VAPB,1,0.17745179966182636,2.0078078511527013,0,-0.21188292046366042,11.72
PBX3,0,0.2720717520920924,0,0,-0.21136425009637827,11.72
BCAP29,0,0.27196171231673627,0,0,-0.21147406443173206,11.72
MARK3,2,0.11701928882537582,2.4539945952904207,0,-0.21243425715452344,11.71
CCDC171,0,0.2710257915924385,0,0,-0.21240806772236037,11.71
RAD9A,0,0.2705064221580891,0,0,-0.21292637311740126,11.71
PRRX1,0,0.2706269639141723,0,0,-0.21280607831687287,11.71
SLF2,0,0.27039760925808254,0,0,-0.21303496309092196,11.71
PHACTR1,1,0.18129362538862245,1.7933352097668118,0,-0.21273912704805437,11.71
DUSP22,1,0.18362711109543883,1.6855157578277995,0,-0.2127682548552079,11.71
KPNA6,1,0.1914216530076089,1.310571752318227,0,-0.21318908623821747,11.71
LRRC8B,1,0.1550539209804145,2.9674443985430146,0,-0.21324925012679358,11.71
PLCG2,0,0.27069782721734525,0,0,-0.21273536019232442,11.71
UBASH3B,0,0.27020077351084476,0,0,-0.2132313955780552,11.71
PRKAG2,0,0.2652435578237503,0.20205719226447488,0,-0.21375979915204957,11.7
DYNC1H1,0,0.2697068794502182,0,0,-0.21372427779112202,11.7
TULP4,1,0.20287992289416665,0.7424130667012283,0,-0.2141789806757921,11.7
HDAC4,1,0.16819212715200244,2.3229131632353814,0,-0.21423279118011285,11.7
GULP1,0,0.2698246063441576,0,0,-0.21360679208589056,11.7
CCP110,1,0.14085191997097812,3.6099563295384804,0,-0.21337148334162576,11.7
CNP,1,0.14395783366987525,3.4328384625474886,0,-0.2141452072226483,11.7
TBX2,1,0.18647416159043215,1.4987271547033665,0,-0.21401179458845465,11.7
CSRP1,0,0.26839112268961623,0,0,-0.2150373389427391,11.69
TOB2,0,0.2673417391108424,0.053197364563112054,0,-0.21492123436440821,11.69
ZDHHC14,0,0.2689032429253171,0,0,-0.21452626789481372,11.69
RNF13,0,0.2690687470280969,0,0,-0.21436110286256718,11.69
EMID1,0,0.2690836552331643,0,0,-0.2143462252001447,11.69
CAPZA1,0,0.2547828363464343,0.6136138201078358,0,-0.2151990276738503,11.69
PARVG,0,0.2682597020428177,0,0,-0.21516849034624974,11.69
DTNBP1,0,0.26814140907530365,0,0,-0.21528654096533312,11.69
KPNA1,1,0.20351859172431397,0.6885511370495575,0,-0.2147194915037876,11.69
NDUFA4L2,1,0.16221203039957488,2.555304025364901,0,-0.2151186331001841,11.69
MYCBP2,0,0.26876763840868634,0,0,-0.21466159459660483,11.69
KIRREL1,0,0.26825745374787635,0,0,-0.2151707340350783,11.69
AC013394.1,1,0.17861452507557435,1.7821345143888068,0,-0.21565767931148044,11.68
TTC37,1,0.18543656521253618,1.4682444479706305,0,-0.21571387154660743,11.68
SLC25A33,0,0.2680630578285759,0,0,-0.21536473169278328,11.68
EML4,0,0.2675663856103937,0,0,-0.21586038637175614,11.68
LINC02256,0,0.26796073148102456,0,0,-0.21546684840293803,11.68
RAB31,0,0.26707718177273043,0,0,-0.21634858797078405,11.67
CRY1,1,0.1835073298710752,1.5209406810517678,0,-0.21648677508220693,11.67
ASXL1,0,0.2668401925284075,0,0,-0.21658509169198029,11.67
LCP2,0,0.2668935807131386,0,0,-0.21653181288435805,11.67
OSTF1,0,0.2668284454483925,0,0,-0.21659681470559078,11.67
SLC10A7,0,0.2658188293952025,0,0,-0.21760436234447672,11.66
DTNB,0,0.26526837442927925,0,0,-0.2181536895857351,11.66
AP2A2,0,0.2654411908393504,0,0,-0.21798122722702182,11.66
KIAA1109,1,0.19228927419534292,1.053466629446868,0,-0.21794570584049133,11.66
AOAH,0,0.2655547371790581,0,0,-0.2178679135112631,11.66
RYR2,0,0.26603610318198134,0,0,-0.21738753368949532,11.66
HIF3A,1,0.18698139297896327,1.236554634751726,0,-0.21923888123715085,11.65
MRPL41,0,0.2641866818654608,0,0,-0.21923316607111015,11.65
ENTPD1-AS1,1,0.19366987141171788,0.9329718106997675,0,-0.21920295922456945,11.65
MYCT1,0,0.2649910642673684,0,0,-0.21843043161850048,11.65
ESAM,0,0.2649144909462948,0,0,-0.21850684806275728,11.65
SAMSN1,0,0.26488507566356967,0,0,-0.21853620308198785,11.65
NDUFAF6,0,0.26496855136791864,0,0,-0.21845289839546328,11.65
ZEB2,0,0.25852602026141497,0.23840684406357157,0,-0.21966866771128568,11.64
PDS5B,1,0.19203971392103247,0.9600442390219225,0,-0.22023774781249972,11.64
DERA,1,0.15163592879651086,2.814555981369442,0,-0.220003656330228,11.64
CAVIN2,0,0.26414407083162555,0,0,-0.2192756898071339,11.64
ITCH,0,0.26373079512933106,0,0,-0.21968811882580896,11.64
ATP6V0A1,0,0.2508846826296346,0.5747951038341872,0,-0.2199380962323137,11.64
LRRC63,1,0.18103371091951248,1.463932907442941,0,-0.22020199190306328,11.64
GLG1,1,0.18088112268204692,1.4636724686259803,0,-0.2203599628965584,11.63
VPS45,0,0.2626172020511911,0,0,-0.22079943047048278,11.63
MAPK1,0,0.26259445945749565,0,0,-0.22082212647111352,11.63
CHD9,0,0.2629955092963592,0,0,-0.22042189826857472,11.63
TMEM50B,0,0.26278027638888074,0,0,-0.22063669022543325,11.63
ARHGAP22,0,0.2621569849725933,0,0,-0.22125870469601744,11.63
AKAP9,1,0.17700740313183455,1.5979572312402182,0,-0.22128916091543804,11.62
GTF2F2,0,0.2621296395965451,0,0,-0.22128599404921734,11.62
SEC31A,1,0.19141451677970364,0.9289706288094054,0,-0.2215411925026703,11.62
CNTLN,0,0.2613095301459255,0,0,-0.22210442333031788,11.62
AGAP1,0,0.26201829740560567,0,0,-0.22139710813187777,11.62
AMD1,0,0.2620919363805496,0,0,-0.2213236200221153,11.62
CYB5R4,0,0.2614873865384258,0,0,-0.22192693131465685,11.62
PMEPA1,1,0.177384151543581,1.5678671458728046,0,-0.22157120469248937,11.62
ANKRD36C,1,0.1715343720483401,1.780192097755398,0,-0.22276580456697692,11.61
CFAP70,0,0.2611252443769747,0,0,-0.22228833155047742,11.61
RAVER2,0,0.26107699695127035,0,0,-0.22233648013101667,11.61
ANO10,0,0.2610156736482307,0,0,-0.22239767780016137,11.61
FAR1,0,0.26076034774125173,0,0,-0.22265248061744053,11.61
SLC38A6,1,0.16577998469391603,2.02300730978265,0,-0.22319843623299168,11.61
HSPG2,1,0.1416234183674189,3.1510190559104907,0,-0.22263776371908262,11.61
DIDO1,0,0.26031508076657334,0,0,-0.22309683536753944,11.61
PEAK1,0,0.2604022776980566,0,0,-0.22300981707760986,11.61
FBXL7,0,0.2490164203045052,0.48807652747532454,0,-0.2236989226855634,11.6
TAX1BP1,1,0.18039219619251698,1.3375519798841506,0,-0.22360593395451922,11.6
PABPN1,0,0.25949966042695416,0,0,-0.2239105851442858,11.6
PSAT1,0,0.26014855690911676,0,0,-0.2232630180652773,11.6
CSMD3,0,0.25918196232126756,0,0,-0.2242276323774906,11.6
PRKCE,0,0.259442745914966,0,0,-0.22396738305472985,11.6
PHACTR4,0,0.2592346439543643,0,0,-0.2241750586739807,11.6
VEZT,0,0.26010975728634816,0,0,-0.2233017381987247,11.6
INO80,0,0.2563903891176015,0.15761061969168844,0,-0.22356680319023717,11.6
PHC3,1,0.16098140758652746,2.1947045282161115,0,-0.2242324485852386,11.6
USP13,0,0.2595461018380076,0,0,-0.22386423887839038,11.6
TNS3,0,0.2530004702449997,0.2628738443338387,0,-0.22464784467768564,11.59
THADA,0,0.25876403690954486,0,0,-0.2246447015796702,11.59
GTDC1,0,0.2584713622355349,0,0,-0.22493677664704725,11.59
DIS3L2,0,0.2585498165727507,0,0,-0.22485848304031192,11.59
TMEM132B,0,0.25816515269562,0,0,-0.2252423588512632,11.59
SMARCC1,1,0.1533507776393097,2.5109763259628712,0,-0.2249311050711793,11.59
CRBN,1,0.1153991682610216,4.267777577538387,0,-0.2243866282778294,11.59
FUS,0,0.25835622639645733,0,0,-0.22505167660574665,11.59
FAM69A,0,0.25761480487818966,0,0,-0.22579157916354525,11.58
PALM,0,0.2574700092668445,0,0,-0.22593607813012856,11.58
XPR1,1,0.16108975587769667,2.1069133241926203,0,-0.22604417052236614,11.58
SLC25A29,1,0.17507440521047943,1.459905703572963,0,-0.22623715698023494,11.58
GLRX3,1,0.16599366058761325,1.9132784677408894,0,-0.22538478616940605,11.58
WDR37,1,0.17726076058867957,1.3707416397087024,0,-0.22600515124337417,11.58
ITGA9,0,0.2577596854725408,0,0,-0.22564699538806185,11.58
KIF2A,0,0.257695373030284,0,0,-0.22571117607253302,11.58
PDCD6IP,1,0.16576425621753973,1.8556150868710557,0,-0.2268747232072163,11.57
CREBBP,0,0.2568351264853776,0,0,-0.22656966021850286,11.57
LINC00623,0,0.2566117363634244,0,0,-0.22679259267803858,11.57
INPP5D,0,0.2564446979821613,0,0,-0.22695928884547095,11.57
LONP2,0,0.2568051960561855,0,0,-0.22659952932881272,11.57
TRPC3,0,0.2566206612536326,0,0,-0.22678368607237578,11.57
EPHB1,0,0.2554850562444866,0,0,-0.22791696455190963,11.56
PRTFDC1,0,0.2554804452113797,0,0,-0.22792156613832953,11.56
GSPT1,1,0.1080005536624066,4.454689693460621,0,-0.22768262677582346,11.56
MAGED1,0,0.2556124269765987,0,0,-0.22778985476596947,11.56
ACTR3,0,0.254780885049424,0,0,-0.228619693101753,11.55
LRRTM4,0,0.2546522439551397,0,0,-0.22874807064725688,11.55
RIC8B,0,0.254746158171658,0,0,-0.22865434883408653,11.55
PRDM5,0,0.25442499912390226,0,0,-0.2289748499188809,11.55
ATP2A2,0,0.2551413749534756,0,0,-0.22825994173832942,11.55
WDFY3,1,0.15714017306342376,2.1765355201519947,0,-0.22846313963759823,11.55
SERINC3,0,0.25003871149648427,0.19357324355109284,0,-0.22911902501069226,11.55
TRAPPC9,0,0.25474606330148314,0,0,-0.2286544435098996,11.55
MAP3K7,0,0.2550436975091386,0,0,-0.22835741906954188,11.55
WHRN,0,0.2547178350806647,0,0,-0.22868261389917352,11.55
CLK1,1,0.19259370311905175,0.4853056995765584,0,-0.23006663929152155,11.54
USP33,1,0.18190882256130206,0.9870753699491289,0,-0.22975675780463817,11.54
NBEAL1,0,0.2536629841397284,0,0,-0.22973530375246867,11.54
STIM1,0,0.2540437907043232,0,0,-0.22935527735152397,11.54
MGA,0,0.2539421088747853,0,0,-0.22945675086409822,11.54
PIK3C3,1,0.1635603488913569,1.837606363311271,0,-0.22946793632073303,11.54
NCOR2,1,0.16671752716271554,1.6958518351525236,0,-0.22941716299558568,11.54
ARHGDIA,1,0.17999399997542692,1.089223746289949,0,-0.22943384162972486,11.54
CPEB3,1,0.19119151446786747,0.571669142005979,0,-0.2295773297876083,11.54
AVEN,0,0.2532382812103468,0,0,-0.2301591365871134,11.54
WDR20,0,0.2541584088458096,0,0,-0.2292408940298016,11.54
UBQLN1,1,0.17316338972042863,1.373807067253349,0,-0.2300270919473434,11.54
PKD2,0,0.2525902166763261,0,0,-0.23080587342240363,11.53
TRIP11,1,0.1777452136806394,1.13916735928883,0,-0.2305858366931971,11.53
ALOX12-AS1,1,0.18468962567585961,0.8051496741209305,0,-0.23096006546659031,11.53
NAT8L,0,0.2521769402540627,0,0,-0.2312183031595726,11.53
PXK,1,0.14830769981273687,2.4803661644431445,0,-0.2306332446181676,11.53
RAB8B,1,0.16371522887607134,1.7877782613514468,0,-0.23040303171751386,11.53
GNAI3,0,0.2526458382589408,0,0,-0.23075036579249075,11.53
JCAD,0,0.2524576665588397,0,0,-0.23093815198263995,11.53
ADAM15,0,0.2530831659091733,0,0,-0.23031393410143447,11.53
TSGA10,0,0.25232564729572793,0,0,-0.23106990077607034,11.53
SNX13,1,0.1622303048173911,1.8137140907239688,0,-0.23131773995204108,11.52
PIKFYVE,1,0.18833161934925435,0.6157846867522137,0,-0.2314666318895111,11.52
GPBP1,1,0.18476601278927202,0.7677741343901097,0,-0.2317011760101887,11.52
NCAN,0,0.251608511590977,0,0,-0.2317855672750326,11.52
JAK2,1,0.1565743856825228,2.0440584650160716,0,-0.23192482170181133,11.52
ZMIZ1,0,0.24495623421728469,0.2924169622603151,0,-0.23202954130137196,11.52
AL365273.2,0,0.25176071815094414,0,0,-0.2316336725427398,11.52
TCF7L1,0,0.24238704272756859,0.39792497822891076,0,-0.23228618366047438,11.51
ITSN1,0,0.2503952559829927,0,0,-0.23299633726955415,11.51
NCOA3,0,0.2502168724425461,0,0,-0.23317435535318629,11.51
ANXA4,0,0.25083322364108396,0,0,-0.23255926688183204,11.51
STIM2,0,0.25036095636372446,0,0,-0.23303056661872035,11.51
ZNF706,0,0.25050593170081875,0,0,-0.23288588829459453,11.51
BNIP2,1,0.12867686451858268,3.265141401001275,0,-0.2330621270792549,11.51
ZNF407,0,0.25057954948895267,0,0,-0.2328124213282364,11.51
BRWD3,0,0.24969494907226827,0.05892892380647077,0,-0.23240653147190338,11.51
NUFIP2,1,0.14925389724916688,2.3238657180667164,0,-0.23311139127391683,11.51
HDAC8,1,0.15054833196598366,2.2680597698755647,0,-0.23303999215809068,11.51
OSBP2,1,0.138764913396626,2.841347968690471,0,-0.23226240630734207,11.51
NECTIN3,0,0.25099691503120347,0,0,-0.23239591084851643,11.51
IGF2R,1,0.17500131326004237,1.1107726495084744,0,-0.23394506092975553,11.5
SCLT1,0,0.24988479437854783,0,0,-0.23350575308428428,11.5
AC016705.2,0,0.249988401060543,0,0,-0.23340235866272452,11.5
NSD1,0,0.24978620074483315,0,0,-0.23360414472786456,11.5
C6orf62,0,0.24992243576981626,0,0,-0.2334681888094522,11.5
FOXJ3,1,0.16631860714189672,1.5366696194554652,0,-0.23329631720208688,11.5
SSBP3,1,0.1890434280039002,0.4628754931122496,0,-0.23410015238112974,11.5
FAM49B,0,0.23535853838517298,0.636083373338147,0,-0.2340921588879662,11.5
MORF4L1,1,0.18570752070508548,0.611216270802274,0,-0.2341852581984022,11.5
MTMR3,0,0.2501118331989286,0,0,-0.23327917940145967,11.5
ZFR,0,0.24929821861098206,0,0,-0.23409112712600166,11.5
ZNF365,0,0.24938776443365152,0,0,-0.2340017647570916,11.5
CCDC50,0,0.2491157127464783,0,0,-0.23427325908822888,11.49
NAIP,0,0.24882672306765352,0,0,-0.23456165670992116,11.49
RBM26,0,0.24826847475791847,0,0,-0.2351187613286606,11.49
LUZP1,0,0.24856412217638113,0,0,-0.23482371960713327,11.49
EFR3B,0,0.24813630955172133,0,0,-0.23525065576618073,11.48
TNIK,0,0.24789191194093985,0,0,-0.23549455267621322,11.48
UBR3,1,0.10549766891149526,4.220181247450019,0,-0.23530869521098396,11.48
KPNA5,0,0.24757050869721992,0,0,-0.23581529745668411,11.48
TCAF1,0,0.24815148965208636,0,0,-0.23523550676549626,11.48
AC104123.1,0,0.2419262619276167,0.22418605519491472,0,-0.2365454029952774,11.47
FAM214A,0,0.24718002117715215,0,0,-0.23620498497959502,11.47
RHOC,0,0.247138232541929,0,0,-0.23624668800186605,11.47
PLEKHM3,0,0.24646376331897613,0,0,-0.2369197754304388,11.47
SOBP,0,0.2455206158727487,0,0,-0.2378609906375121,11.46
SHROOM3,0,0.24567755648689715,0,0,-0.23770437154975987,11.46
RAP1GDS1,0,0.2454943726658417,0,0,-0.23788718007959989,11.46
GNAQ,1,0.16509814266310427,1.3839195193651979,0,-0.23785467304010038,11.46
STRBP,0,0.24558063826252385,0,0,-0.23780109121643297,11.46
GPATCH2L,1,0.1852470642386097,0.462316292915218,0,-0.23790096726602128,11.46
SYNRG,0,0.24580278879697806,0,0,-0.23757939580483628,11.46
PLEC,0,0.245487863837207,0,0,-0.23789367557350777,11.46
HNRNPC,1,0.15829144071057255,1.723884162578366,0,-0.23721296622792676,11.46
ARHGAP32,0,0.2455556172240746,0,0,-0.23782606099393638,11.46
NAP1L4,1,0.1698262535499809,1.1900221882142052,0,-0.23737646224598186,11.46
EHBP1L1,0,0.24565982777047737,0,0,-0.23772206394511433,11.46
SEPT8,0,0.24593580789679903,0,0,-0.23744664922307593,11.46
MKLN1,1,0.1599384088859638,1.5659224946054489,0,-0.23902373231996987,11.45
SCFD1,0,0.24435527686411485,0,0,-0.23902394220007978,11.45
ABI2,0,0.2448617940689925,0,0,-0.2385184627039712,11.45
DSTN,0,0.2451391196490245,0,0,-0.23824170528467203,11.45
ADNP,1,0.16142291856952742,1.5109781692634032,0,-0.2387438053816966,11.45
ATP2B2,0,0.22206111763664244,0.9867211414020137,0,-0.2396944696805945,11.44
UGGT2,1,0.16630748092298295,1.242010431984579,0,-0.23975112911403135,11.44
SRPK2,1,0.13768768938564713,2.5405509047058605,0,-0.23991535707743622,11.44
RAB6A,0,0.2441921340222948,0,0,-0.23918675080891436,11.44
ALOX5,0,0.24378608952089495,0,0,-0.23959196344135558,11.44
RHOU,1,0.1363770296107964,2.630626954151686,0,-0.23925351764612157,11.44
RIMKLB,0,0.2440124454723689,0,0,-0.2393660712284349,11.44
SLC39A11,1,0.16576686980400987,1.2049482472682473,0,-0.24110112128197964,11.43
LRRC4C,0,0.2427126745535647,0,0,-0.2406631792886683,11.43
BRINP1,0,0.24316497958244887,0,0,-0.24021180090332211,11.43
NADK2,0,0.24277138769167916,0,0,-0.24060458643696797,11.43
CRADD,0,0.2431953075194725,0,0,-0.24018153509956047,11.43
KMT5B,0,0.2428340610136184,0,0,-0.24054204151472602,11.43
ATG2B,1,0.15074155054028254,1.9113715746066366,0,-0.24064734960407574,11.43
PHKB,0,0.24297779733861144,0,0,-0.2403985996643203,11.43
NUP214,0,0.2425187837667468,0,0,-0.2408566728487626,11.43
MARK2,0,0.2424954483509139,0,0,-0.2408799604570079,11.43
PBRM1,0,0.2423061515769892,0,0,-0.24106886941602648,11.43
FAM120B,1,0.15306590858814687,1.8157213556458962,0,-0.240419465396695,11.43
RUFY2,1,0.13057009828553445,2.8415441289785717,0,-0.2404361428872579,11.43
CSGALNACT1,1,0.13043716470063438,2.7828429145325,0,-0.24185250248262613,11.42
NSUN6,1,0.15661861417645156,1.5929225350355605,0,-0.2417462795470292,11.42
CYB5B,0,0.2352474658079935,0.2844638708319864,0,-0.24189234016276773,11.42
BPTF,0,0.2414425864691879,0,0,-0.24193066532610574,11.42
NFAT5,1,0.13856982301004517,2.4378401651142663,0,-0.24128114448278365,11.42
EOGT,1,0.13158629167461383,2.7325043148314605,0,-0.241806551557872,11.42
ST3GAL6,0,0.2415369277314089,0,0,-0.24183651734212713,11.42
TPP2,0,0.2413875778860693,0,0,-0.24198556121238302,11.42
GABPB1-AS1,1,0.13497588594625673,2.5858923877489293,0,-0.24163006165712536,11.42
ZNF397,0,0.2421461386908207,0,0,-0.24122855448159275,11.42
DOCK11,0,0.2415755258792902,0,0,-0.24179799827080262,11.42
SLC38A1,0,0.2308410172348594,0.4571699215907946,0,-0.24251296584751159,11.41
ELF1,1,0.1422116723875192,2.226746498798263,0,-0.24226302513285458,11.41
FZD6,0,0.24117842450410712,0,0,-0.24219428609893284,11.41
TRIB2,0,0.24065061843941293,0,0,-0.24272101084007783,11.41
PLXNB1,0,0.22843926493220712,0.5131494404779435,0,-0.2436856182686984,11.4
SEPT9,0,0.23633415196198834,0.1716129587702621,0,-0.24327574288834786,11.4
PRKRIP1,0,0.22974030792133235,0.43303031160560734,0,-0.24413931341897302,11.4
SLC27A1,0,0.23964933238883382,0,0,-0.2437202455421439,11.4
MCPH1,0,0.23943621338430837,0,0,-0.24393292792683152,11.4
ALMS1,0,0.23951674742842538,0,0,-0.2438525588739191,11.4
ZFYVE16,0,0.24007211227873468,0,0,-0.24329833180722243,11.4
LRMP,0,0.23986506221869552,0,0,-0.24350495768095382,11.4
EYA3,0,0.2396176339983332,0,0,-0.24375187899171563,11.4
CARNS1,0,0.23971570368252024,0,0,-0.24365401022424035,11.4
ARL13B,0,0.2159293930748855,1.0964999033179477,0,-0.24341295235949725,11.4
ZNF423,0,0.23903544440003324,0,0,-0.24433287585017255,11.39
HEPACAM,0,0.2385174200010014,0,0,-0.24484983896548826,11.39
TBCK,1,0.17463270643804202,0.6562556094450374,0,-0.24425244758805426,11.39
TRAF3IP2-AS1,1,0.15927561273077112,1.3377232386932716,0,-0.24467551043452984,11.39
PALMD,0,0.23880333347166904,0,0,-0.24456451124968315,11.39
EIF2AK2,0,0.2388061425511182,0,0,-0.2445617079252337,11.39
RAP1GAP2,0,0.2383825790180757,0,0,-0.24498440369783636,11.39
CTDSPL2,0,0.23917349168431043,0,0,-0.24419511138526667,11.39
CDC73,0,0.23898020991661528,0,0,-0.2443879971739441,11.39
STARD9,0,0.2382894630116694,0,0,-0.2450773289361987,11.39
MARCH1,1,0.1725587332877,0.6851920566198941,0,-0.24568937957881443,11.38
UBAP2,0,0.22519701888643526,0.5758981780866081,0,-0.24554901089799097,11.38
CBFA2T2,0,0.23725528756040914,0,0,-0.24610938565797807,11.38
TMEM260,0,0.23770176222001566,0,0,-0.24566382569715178,11.38
FNIP2,0,0.23788207780349968,0,0,-0.2454838795286854,11.38
HEATR5B,0,0.23721745158982893,0,0,-0.2461471441134846,11.38
NUCKS1,1,0.14137272603302742,2.1080786497949875,0,-0.24569532207542039,11.38
PCDH17,0,0.23778966740972177,0,0,-0.2455761006000177,11.38
SMOC2,0,0.23786510307867847,0,0,-0.24550081947715424,11.38
DDAH1,0,0.2350169317582016,0.05507105267900763,0,-0.24713884298297192,11.37
PFKL,0,0.23651019329270329,0,0,-0.24685295344080255,11.37
AEBP1,0,0.2363003253607865,0,0,-0.2470623914133987,11.37
PRDM2,1,0.15185792839360784,1.5695565278205466,0,-0.24700818793210855,11.37
TTC21B,0,0.23695076953953567,0,0,-0.24641327980859096,11.37
DPF3,0,0.23680511821603495,0,0,-0.24655863273422052,11.37
ESRRG,0,0.23699819862832172,0,0,-0.24636594788843189,11.37
G3BP1,1,0.15768158994498568,1.2879465984451453,0,-0.24735480021821699,11.36
ANKRD13C,1,0.16559584695452054,0.9049249807382261,0,-0.24783280576841865,11.36
LMCD1-AS1,0,0.23607513562294435,0,0,-0.24728711980192553,11.36
TOP2B,0,0.23574502175719567,0,0,-0.2476165573588539,11.36
NAA16,0,0.235985139079169,0,0,-0.247376931968543,11.36
HIBADH,0,0.23545288936810008,0,0,-0.2479080912523032,11.36
TOR1AIP2,1,0.10746434529856544,3.567235881337219,0,-0.24762488188927412,11.36
PAQR5,0,0.23607762255387804,0,0,-0.24728463796600147,11.36
KANK1,1,0.17296247695260783,0.5540924289516921,0,-0.24815339483105614,11.35
XKR6,0,0.23458970924952344,0,0,-0.24876950296189052,11.35
PTPN4,0,0.23467017658257835,0,0,-0.24868920048336834,11.35
ARFIP1,0,0.234812994541314,0,0,-0.24854667511775044,11.35
REV1,0,0.23448497724795267,0,0,-0.24887402039756817,11.35
ZNF83,1,0.13822956567086603,2.1135313040333754,0,-0.24871280248284638,11.35
POMP,1,0.13771390928353397,2.1494792563434637,0,-0.24844128024903034,11.35
RCOR3,0,0.23440354062367696,0,0,-0.24895529018151086,11.35
CSDE1,0,0.22342551503453728,0.5033902201763526,0,-0.2489025144151067,11.35
CMKLR1,0,0.23430920800786137,0,0,-0.2490494295367981,11.35
HELZ,1,0.14833470694084921,1.632277452594745,0,-0.24915258855083733,11.34
N4BP1,0,0.23404347756365357,0,0,-0.24931461557538748,11.34
DOCK2,0,0.23389830043585125,0,0,-0.2494594952768099,11.34
UBE2D2,0,0.2334529518935836,0,0,-0.24990393142738945,11.34
FAM208B,0,0.2316174535383082,0.09780431510845687,0,-0.24959685096009887,11.34
IL18,0,0.2336829518319664,0,0,-0.24967440269304603,11.34
TMEM156,0,0.23381108599255795,0,0,-0.24954653104267285,11.34
SHOC2,1,0.1610315350909281,0.9881522560187737,0,-0.25056772397375876,11.33
KIZ,0,0.2328292676630253,0,0,-0.25052633790748047,11.33
SRBD1,0,0.23317597473536475,0,0,-0.2501803411386921,11.33
YPEL2,0,0.23149377482742178,0.0414744205979375,0,-0.25095211780185106,11.33
RBM33,0,0.23258188939861224,0,0,-0.2507732093646385,11.33
NAALADL2,0,0.23127095546604715,0,0,-0.25208145756881284,11.32
PARG,0,0.23150446449275625,0,0,-0.25184842693526066,11.32
STXBP3,1,0.15679719622510022,1.125009933984895,0,-0.25180053710438643,11.32
VPS50,0,0.2312938220612057,0,0,-0.2520586378207625,11.32
PUM3,1,0.15651528434825077,1.147217567936289,0,-0.2515962272448316,11.32
LINC02147,1,0.15113321491875364,1.3998366779089357,0,-0.2514429087455301,11.32
MATN2,0,0.22439650697183644,0.2665172018600785,0,-0.25311353242173906,11.31
SERPINE2,0,0.2310007718524094,0,0,-0.2523510876535626,11.31
RFX7,0,0.23060621694343744,0,0,-0.25274483423246213,11.31
TNRC6C,0,0.23089444688474683,0,0,-0.25245719479180057,11.31
MTREX,1,0.1659886601002661,0.6542562386620226,0,-0.25292250767728075,11.31
RYK,0,0.23108112584957602,0,0,-0.25227089827873594,11.31
FBXO38,0,0.23105659812885743,0,0,-0.25229537574917554,11.31
MYO5C,0,0.23077384092966768,0,0,-0.25257755365979956,11.31
MS4A6A,0,0.23027364688228105,0,0,-0.2530767229527569,11.31
GNB1,1,0.16004133266436016,0.9249307085044609,0,-0.2529384483110516,11.31
TNRC18,0,0.23028129241743314,0,0,-0.2530690930811179,11.31
ZNF254,1,0.15426927551905265,1.2055328866390116,0,-0.252562375192376,11.31
SPG11,0,0.23049366838194196,0,0,-0.2528571522141706,11.31
MAP4K3,1,0.145416689306958,1.5530994431646765,0,-0.2537961199528105,11.3
SPIRE1,1,0.14842962899579004,1.4261411626224731,0,-0.2535657202731751,11.3
FCHO2,0,0.22997766754378102,0,0,-0.2533720959143124,11.3
HLCS,0,0.23004919971677512,0,0,-0.2533007102902657,11.3
ARHGAP6,0,0.22956959196232224,0,0,-0.2537793354657109,11.3
GSK3B,0,0.22458694832657244,0.24014676004280944,0,-0.25350015912109153,11.3
TRAF3,0,0.22998844353014392,0,0,-0.2533613420048611,11.3
AATK,0,0.22989152652807657,0,0,-0.2534580604517324,11.3
USP22,0,0.22668802199487983,0.0881454601954914,0,-0.2547274066715899,11.29
MT3,0,0.22825975382887487,0,0,-0.2550864901157463,11.29
ARHGAP24,0,0.22853440692650917,0,0,-0.2548123997036933,11.29
ZMYM2,1,0.12447450001617104,2.4912282286049994,0,-0.25418008165415706,11.29
LBR,1,0.12813693844901797,2.2924835193943958,0,-0.25487136418736533,11.29
APP,0,0.2291564826336033,0,0,-0.2541915984516622,11.29
ACAP2,1,0.12850411167928139,2.2887985790055483,0,-0.2545855267341589,11.29
ATP10B,0,0.22838397089680207,0,0,-0.25496252753303583,11.29
MOK,0,0.2276793624724801,0,0,-0.255665692416381,11.28
MBTD1,0,0.22808200884814508,0,0,-0.25526387094788766,11.28
ZXDC,0,0.22807697397111648,0,0,-0.2552688955098944,11.28
CLEC1A,1,0.11106483485746868,3.020455291072749,0,-0.25598895476761124,11.28
SLC2A9,0,0.2275255903995292,0,0,-0.25581914945436957,11.28
GPBP1L1,1,0.16344113522511505,0.6148619651949083,0,-0.25632630092871683,11.27
MICAL3,0,0.22708735655395088,0,0,-0.2562564854842368,11.27
CMTM4,0,0.22683002597445587,0,0,-0.25651328886703184,11.27
PIK3R1,0,0.2267210630628651,0,0,-0.2566220285448059,11.27
LAMA5,1,0.11084616139464835,2.9888553883989357,0,-0.25689821777454036,11.27
DNAJC15,1,0.14494940884771906,1.45808510110497,0,-0.25634024940945893,11.27
RHOA,0,0.2270833939518883,0,0,-0.25626043996806197,11.27
PTK2,0,0.22681731442963393,0,0,-0.25652597436953695,11.27
ASCC3,1,0.15743298628586538,0.8887482504292635,0,-0.25633270137598274,11.27
RYR3,0,0.2095813567514173,0.7457094457063412,0,-0.25741918978813544,11.26
RERE,1,0.13033869243152063,2.07511415538021,0,-0.2574276290055339,11.26
SSH2,0,0.22536752903580243,0.012507632184736684,0,-0.2576992683642808,11.26
APC,0,0.2261027877372586,0,0,-0.2572390372012432,11.26
ANTXR1,0,0.22537081675896545,0,0,-0.2579695085805186,11.26
RSRP1,0,0.22543247893755253,0,0,-0.2579079727300855,11.26
CBWD5,0,0.22623296431317236,0,0,-0.2571091273198722,11.26
CTNNBL1,0,0.22600989061656296,0,0,-0.25733174400232905,11.26
DPYSL2,0,0.2238833389966334,0.04530935664891095,0,-0.2584630983270554,11.25
YAF2,0,0.21530833463152155,0.4509169498991395,0,-0.25815056856646873,11.25
EHBP1,0,0.2251322612300227,0,0,-0.25820757537746586,11.25
FNBP1,0,0.22443060937864334,0,0,-0.2589077897450401,11.25
QSER1,0,0.22486865248176907,0,0,-0.2584706440668488,11.25
EXOC1,0,0.2248540925413742,0,0,-0.25848517417809336,11.25
HUWE1,1,0.11617753583830398,2.6631396158433693,0,-0.25870063036603175,11.25
PLOD1,0,0.21357583769108168,0.5308941264436458,0,-0.25813054770420324,11.25
NUDCD3,0,0.22354123393009642,0,0,-0.2597953431178646,11.24
SUCLG2,0,0.22379484139068756,0,0,-0.25954225522636853,11.24
FBN1,1,0.14521491273900794,1.308597389936188,0,-0.25934433815790126,11.24
PAPSS2,1,0.10596132668311986,3.075555604822671,0,-0.25987705469648115,11.24
SMAP1,0,0.2093654619351729,0.6482209933812899,0,-0.2597665533135026,11.24
ERP44,0,0.224102447130796,0,0,-0.2592352796823736,11.24
TIE1,0,0.2238922363910486,0,0,-0.2594450597604852,11.24
IKBKB,0,0.22387737460001322,0,0,-0.2594598911039648,11.24
BMPR1A,0,0.22375593023846987,0,0,-0.2595810866607731,11.24
PCF11,0,0.22261895027541415,0.03549027489408812,0,-0.259939623735714,11.24
FHIT,1,0.14416080231034162,1.3116283194295955,0,-0.2603300076070878,11.23
ASAP3,0,0.21248905975572885,0.4740193102412037,0,-0.26045885719082135,11.23
NCOR1,1,0.16109052120558726,0.504402223325718,0,-0.26108767085120554,11.23
CEP126,0,0.2227483168213711,0,0,-0.26058663576639596,11.23
NLK,0,0.22227434132193746,0,0,-0.26105964022570033,11.23
TTN-AS1,1,0.15434440668522761,0.8248749109741295,0,-0.2608117575235551,11.23
ANAPC10,0,0.22277762835969694,0,0,-0.26055738427902214,11.23
HNRNPH1,0,0.21151049902267155,0.44983538707492843,0,-0.26196427548518075,11.22
PLEKHA5,0,0.22146791800145235,0,0,-0.26186441141562955,11.22
NEK7,1,0.11953387590044284,2.3627757659890527,0,-0.2619196264911001,11.22
SEMA3F,1,0.13660737437694537,1.597718145218183,0,-0.2616116499907563,11.22
PRAM1,0,0.22163386863286277,0,0,-0.26169880076956176,11.22
ZNF131,0,0.20795857172522403,0.6498434494312041,0,-0.26113508078101805,11.22
NSL1,0,0.22207859685550463,0,0,-0.2612549836677507,11.22
LARGE1,1,0.156453079849443,0.6906298057147676,0,-0.26164312257516786,11.22
TRIP12,1,0.15027564296340526,0.9917473475939982,0,-0.26122296165760267,11.22
TPD52,0,0.2217946007717725,0,0,-0.2615383979247973,11.22
KCNN3,0,0.2032251020119613,0.8178218946302648,0,-0.26218544253806675,11.21
PLCH1,0,0.2208808500827216,0,0,-0.26245027660023507,11.21
AC009690.1,0,0.22123450358937058,0,0,-0.26209734762839265,11.21
MSRB3,0,0.22068497456203695,0,0,-0.26264575082804453,11.21
ZBTB46,0,0.22035468703322503,0,0,-0.2629753616922503,11.21
EPHA3,0,0.22063270877264252,0,0,-0.2626979095397969,11.21
DYM,1,0.15426076870882066,0.7333136774670256,0,-0.2628975167051553,11.21
GIT2,0,0.22056081936190963,0,0,-0.26276965166970456,11.21
AC091078.1,0,0.20366869726263936,0.7319486291999499,0,-0.26362066219973385,11.2
MON2,1,0.1297044846640262,1.8363335552231042,0,-0.26328227377821967,11.2
ZCCHC7,0,0.2202030822756813,0,0,-0.2631266558550406,11.2
GPD2,0,0.22020741847033642,0,0,-0.26312232854400713,11.2
FAM13B,0,0.2198938821708566,0,0,-0.26343522249735485,11.2
RAP1A,0,0.21910006399244428,0,0,-0.26422741436953934,11.19
PRKAR2A,1,0.14126384509399675,1.235963224212912,0,-0.26487570012166495,11.19
ABI1,0,0.2185528018070736,0,0,-0.2647735553713386,11.19
GATAD2B,1,0.12547089696714794,1.9878254803135895,0,-0.26419431052788095,11.19
SNX14,0,0.21894770935179692,0,0,-0.26437945687913744,11.19
FANCL,0,0.21833783627611736,0,0,-0.2649880804994529,11.19
NOVA1,0,0.21871898703567494,0,0,-0.26460771060870236,11.19
ZNF280D,0,0.2187727172453094,0,0,-0.26455409047688794,11.19
DUBR,0,0.2182968347014338,0,0,-0.26502899807364605,11.19
PPP1R12A,0,0.2183434208318844,0,0,-0.2649825073848421,11.19
AUH,0,0.21475698502168558,0.13510269461891103,0,-0.2656071234073773,11.18
LAMA1,0,0.2180492778055229,0,0,-0.265276047796337,11.18
NBPF19,0,0.21740898919643015,0,0,-0.26591502463734373,11.18
PHF14,0,0.21754079059001952,0,0,-0.26578349326708345,11.18
ACACA,1,0.13889601007490066,1.3147839075403474,0,-0.26551500630374547,11.18
MBOAT2,1,0.13917622468415622,1.3197412728396032,0,-0.26512695640409856,11.18
PPP6R2,0,0.21792066240693597,0,0,-0.2654043996987867,11.18
EP300,0,0.21731858964400466,0,0,-0.26600523898696193,11.18
CUL4A,0,0.2173594387127732,0,0,-0.2659644736062428,11.18
CDK14,0,0.19811821831812382,0.8633828584942975,0,-0.266285520856217,11.17
WASF2,0,0.2167349969197241,0,0,-0.266587636096796,11.17
INVS,0,0.21719464627272145,0,0,-0.2661289284337545,11.17
UBE2Q2,1,0.12326159051806387,1.9796006471093668,0,-0.266578954222653,11.17
TBL1XR1,0,0.2168127905912581,0,0,-0.26651000180222756,11.17
ZFX,0,0.2162973693962153,0,0,-0.26702436704677407,11.17
LINC01684,0,0.21694455440707816,0,0,-0.2663785079327505,11.17
PIK3CA,0,0.21690290365499734,0,0,-0.2664200733543623,11.17
STOX1,0,0.2159493990943467,0,0,-0.2673716244570959,11.16
CEP192,0,0.21580652184881993,0,0,-0.2675142089880433,11.16
FBXW11,0,0.21575484458525068,0,0,-0.2675657803796914,11.16
ECHDC2,0,0.2155961545020591,0,0,-0.2677241453523254,11.16
SLAIN2,0,0.21595867817759878,0,0,-0.2673623643840294,11.16
ATP6V1H,0,0.21537765429765965,0,0,-0.2679421979123488,11.16
PPP6R3,1,0.146536919894122,0.8544661297427709,0,-0.26795613805628626,11.16
MAPK14,0,0.21557077187104703,0,0,-0.267749475981592,11.16
RALGAPA1,0,0.21430735495604747,0,0,-0.2690103045169687,11.15
MPP6,0,0.2146729455603018,0,0,-0.2686454629032171,11.15
RAB14,0,0.21469420486203272,0,0,-0.26862424715571026,11.15
LAMB2,0,0.2151139322269475,0,0,-0.2682053796920249,11.15
SLC30A7,0,0.21461825282464964,0,0,-0.268700043589109,11.15
HNRNPD,1,0.14141187576557815,1.0618924002157066,0,-0.268534613389828,11.15
HNRNPLL,0,0.2148263030850296,0,0,-0.268492419564161,11.15
ZNF91,1,0.12614162115765626,1.7337748222366167,0,-0.26908062765479696,11.14
CDC42SE2,0,0.21338218758406527,0,0,-0.26993357648582234,11.14
YWHAG,1,0.12818243965634332,1.6060693929628866,0,-0.2698366964727579,11.14
KANK3,1,0.1449326630721052,0.8321697151455666,0,-0.27004469388064073,11.14
RBMX,0,0.1969914810046024,0.7879868673071213,0,-0.2690587352823491,11.14
USP3,0,0.21028913412561956,0.13557157150267013,0,-0.27005556739481057,11.13
MED27,0,0.2127986673194789,0,0,-0.27051590128441133,11.13
AC073050.1,0,0.18974768890286595,0.9922091802678767,0,-0.27182168312612937,11.12
BDP1,0,0.19956613879633384,0.5774059204665966,0,-0.2710944088221845,11.12
RABGAP1L,0,0.21224166473375786,0,0,-0.2710717627312687,11.12
SF1,0,0.21155891621815343,0,0,-0.2717531124905922,11.12
FAM198B-AS1,0,0.2115401609542748,0,0,-0.2717718293303036,11.12
STAU2,0,0.21201688524884665,0,0,-0.2712960817073554,11.12
TRAPPC8,1,0.14982264477913246,0.5447257080426144,0,-0.27145065478728,11.12
AC116366.3,0,0.21215701403503384,0,0,-0.27115624000494115,11.12
PTCHD1,0,0.2016610218928456,0.43733049074891595,0,-0.2720670352307446,11.11
RBAK-RBAKDN,0,0.20372411658955708,0.335298791576369,0,-0.27223943152547786,11.11
TLK2,1,0.14699166012204276,0.634766506874383,0,-0.27230679640024896,11.11
LPIN2,0,0.21078870141144415,0,0,-0.27252174934762613,11.11
RALGPS1,0,0.21036838726024332,0,0,-0.27294120239544034,11.11
ODF2L,1,0.12531289004850277,1.627226915370666,0,-0.2722376872156805,11.11
IFNAR1,1,0.1282356920450036,1.4775635253121198,0,-0.2725937637085155,11.11
SLC2A13,0,0.21069143970783896,0,0,-0.27261881178984043,11.11
KIAA2026,0,0.21039404247007853,0,0,-0.27291559974578666,11.11
DIP2A,0,0.21056725792803677,0,0,-0.2727427391567212,11.11
NPC1,1,0.10704137609198972,2.43738030943884,0,-0.27275505491981644,11.11
PCDH9-AS2,1,0.10919320814707276,2.3680102362342716,0,-0.272124639979907,11.11
CEP97,0,0.21040038162289584,0,0,-0.27290927358007894,11.11
DOCK7,0,0.2076674696723657,0.08936974327356702,0,-0.2736822182832119,11.1
C8orf37-AS1,0,0.2100554112238913,0,0,-0.27325353723347906,11.1
FOS,0,0.20999512905813664,0,0,-0.27331369589833104,11.1
YES1,0,0.2099554172196916,0,0,-0.27335332637858606,11.1
SMG6,0,0.2102079019013976,0,0,-0.2731013589657226,11.1
ARMC8,0,0.20960225091442286,0,0,-0.2737057691471844,11.1
TTC17,0,0.2094753075565148,0,0,-0.27383245243448795,11.1
CAMSAP2,1,0.1008346752745275,2.7056672685888805,0,-0.27308204845855805,11.1
YWHAQ,0,0.20956050176271743,0,0,-0.2737474327668281,11.1
JMJD1C,1,0.11768064423810398,1.8622206691513672,0,-0.27471537248307,11.09
RBM6,0,0.20836880329304316,0,0,-0.27493668978744557,11.09
ATRN,0,0.20907011090266264,0,0,-0.2742368189563784,11.09
WLS,0,0.20905849969727464,0,0,-0.2742484063737301,11.09
MFSD14C,0,0.2087118225378524,0,0,-0.2745943732908844,11.09
TENT4A,1,0.10808738077636704,2.3105134904925477,0,-0.27448556044417394,11.09
SCAF8,0,0.20921825971288976,0,0,-0.2740889736606578,11.09
TMEM123,0,0.2088688740305916,0,0,-0.2744376435516999,11.09
CAPN7,0,0.18027802847773375,1.248571075353794,0,-0.27566573280598916,11.08
SLC7A2,0,0.18612685832608444,1.0058797251530454,0,-0.275136143478649,11.08
PRPF40A,0,0.208128612871091,0,0,-0.27517638812797446,11.08
BBOX1,0,0.20810904075916797,0,0,-0.27519592014224237,11.08
TMCC1,0,0.20794413138173334,0,0,-0.2753604916675657,11.08
EIF4G2,0,0.20812946244153757,0,0,-0.2751755402980545,11.08
PMS1,0,0.20748723843394976,0,0,-0.2758164485724787,11.08
DMXL1,0,0.2076843575559964,0,0,-0.27561973329109046,11.08
RFX2,0,0.20634469245251472,0.004530753032760562,0,-0.2768575737381353,11.07
FRS2,0,0.20724955165412104,0,0,-0.2760536484001302,11.07
NEGR1,0,0.20718078252410688,0,0,-0.2761222766418812,11.07
TBC1D9,1,0.13045689916419329,1.1749790289687725,0,-0.27699412907547255,11.07
MCL1,0,0.2068338570156919,0,0,-0.2764684913992322,11.07
HNRNPR,1,0.1015777136045829,2.5311378751355527,0,-0.2761572012232611,11.07
NMT1,0,0.20572570025540435,0,0,-0.2775743778635128,11.06
CNOT1,0,0.20573119383030303,0.02106012650993447,0,-0.2771083454512379,11.06
EPB41,0,0.20529219005035765,0,0,-0.27800699993023575,11.06
AP1G1,0,0.20558408921512633,0,0,-0.2777156987833035,11.06
KANSL1L,0,0.19979459504065478,0.2856269090427404,0,-0.27724714442607923,11.06
ASXL2,0,0.20522873628357388,0,0,-0.27807032369841417,11.05
ALDH7A1,0,0.20471818974668987,0,0,-0.2785798242715811,11.05
GNAI2,0,0.20487429633248477,0,0,-0.27842403750349715,11.05
LRBA,0,0.20448728800233046,0,0,-0.27881025296435885,11.05
RIC1,1,0.13371595744550702,0.9668948983677956,0,-0.2782922030298863,11.05
NAA15,0,0.20455150195432292,0,0,-0.27874617056837364,11.05
MRPS6,0,0.20503151798823205,0,0,-0.2782671379499199,11.05
MYL9,0,0.2048207689733001,0,0,-0.2784774552004443,11.05
PHF3,1,0.1348914121699692,0.8361893114893493,0,-0.27997747121808486,11.04
BAZ2B,1,0.12680810143303856,1.2270612895001896,0,-0.2794964986725819,11.04
TXNRD1,1,0.13155128367941016,0.9913085451011449,0,-0.2799185559729007,11.04
ZSCAN5A,0,0.20379745598450733,0,0,-0.2794986717138326,11.04
IL17RA,0,0.20336318512857143,0,0,-0.2799320528730888,11.04
MAP3K3,0,0.20352277594367907,0,0,-0.27977278901388064,11.04
ZRANB2,0,0.20344990886164632,0,0,-0.2798455068121195,11.04
POLK,1,0.12841817436331884,1.1503870979779058,0,-0.2795664619204128,11.04
CTTNBP2,0,0.20350013931676256,0,0,-0.279795379264828,11.04
SOX9,0,0.1859773104101792,0.7698386565104095,0,-0.28044721231137515,11.03
PPP3CA,0,0.19772067225354073,0.23336446300083413,0,-0.28045971148968324,11.03
RBM47,0,0.20241719058347177,0,0,-0.2808761093461437,11.03
REPS1,0,0.18335310191977516,0.8368443017860734,0,-0.28160074204591856,11.02
OTUD7B,0,0.193179391226027,0.38798752829985594,0,-0.28161033834308685,11.02
ST7,0,0.19864515333293092,0.13446987014079506,0,-0.2816997853882027,11.02
SLC14A1,0,0.20132794230854367,0,0,-0.28196312606313906,11.02
ZNF827,0,0.2022166684666478,0,0,-0.28107622065054705,11.02
TGFBR1,0,0.2014485261850396,0,0,-0.28184278922849054,11.02
SFPQ,0,0.20143586913043832,0,0,-0.2818554203524099,11.02
UBE4B,0,0.20209418638999777,0,0,-0.28119845179648084,11.02
UBA6-AS1,0,0.20086182660608531,0,0,-0.2824282868279424,11.01
COL4A3BP,0,0.20056367967282432,0,0,-0.28272582294347764,11.01
DNAJB2,0,0.20105087581478165,0,0,-0.2822396249269619,11.01
POGZ,0,0.20062334521931346,0,0,-0.2826662796346148,11.01
COG5,0,0.20092453755771933,0,0,-0.2823657043530981,11.01
WDR70,0,0.19955490306036522,0,0,-0.2837325328614065,11
TBC1D19,0,0.19940338268268162,0,0,-0.28388374281720685,11
PLAT,0,0.19982559449913972,0,0,-0.28346239599190826,11
PRRC2B,0,0.20007179575513195,0,0,-0.2832166991318178,11
ERCC6L2,0,0.19955253767121883,0,0,-0.28373489340454755,11
AQP1,0,0.19908970110132387,0,0,-0.2841967817547915,10.99
CPED1,0,0.19898999972484632,0,0,-0.28429627887168685,10.99
TMEM168,0,0.19864803413398235,0,0,-0.28463754387293816,10.99
DCN,0,0.1992182074010731,0,0,-0.2840685387276673,10.99
C1orf21,0,0.1973982467881139,0,0,-0.28588477076226965,10.98
SLX4IP,0,0.19784050455808364,0,0,-0.28544341905188025,10.98
RBPJ,0,0.19645160694925481,0.04922762621319701,0,-0.28575294454054045,10.98
CFAP43,0,0.19777379653160165,0,0,-0.28550999041271025,10.98
EPC1,0,0.1978613575922994,0,0,-0.2854226087395627,10.98
PRKDC,1,0.126214811289637,0.9681651363077373,0,-0.28575020348409563,10.98
LGALS3,1,0.10989341006947394,1.7292045283614852,0,-0.28539549556813576,10.98
VPS36,0,0.19829272332931583,0,0,-0.2849921267474688,10.98
FAM168A,0,0.19768275511168665,0,0,-0.2856008453148152,10.98
RC3H1,0,0.1975461024605977,0,0,-0.2857372180037371,10.98
CD34,0,0.19799115854678884,0,0,-0.2852930737100753,10.98
MARK1,0,0.18225139184737943,0.6571130432705743,0,-0.28663062002648276,10.97
CELF1,0,0.19658048531134603,0,0,-0.28670085687984476,10.97
CDK13,0,0.1968212889136628,0,0,-0.2864605466151824,10.97
PCNX2,0,0.19656075410946547,0,0,-0.2867205476581405,10.97
NFATC3,0,0.1964573349950358,0,0,-0.28682375489640705,10.97
RHOBTB1,0,0.19649963619939442,0,0,-0.28678154035510794,10.97
ARFGEF3,0,0.19711375468403963,0,0,-0.2861686800234547,10.97
CTTNBP2NL,0,0.19702168586392277,0,0,-0.28626056022091256,10.97
ATRX,0,0.1971452908078384,0,0,-0.2861372085081468,10.97
METTL15,0,0.19669541262487816,0,0,-0.2865861650194817,10.97
AMBRA1,0,0.196629933672544,0,0,-0.28665150982418497,10.97
MIER1,0,0.17894866365999895,0.8345969967631793,0,-0.28604530171182485,10.97
YTHDF3,0,0.19729747015158225,0,0,-0.285985340936319,10.97
ELP4,0,0.19625082912341518,0,0,-0.28702983769660617,10.96
SNED1,0,0.19621466790039455,0,0,-0.28706592483563154,10.96
SFSWAP,0,0.196081328327713,0,0,-0.2871989912336953,10.96
PARP11,0,0.17276611046316354,1.041731321208516,0,-0.28768550395644876,10.96
FCHSD2,0,0.19598667207897852,0,0,-0.2872934535588702,10.96
PDGFC,0,0.1961550939986979,0,0,-0.2871253766874558,10.96
KTN1,0,0.1955400715704896,0,0,-0.28773913911075055,10.96
MIS18BP1,0,0.1959552495124407,0,0,-0.2873248117495634,10.96
MED13L,0,0.195338629779241,0,0,-0.2879401682054289,10.96
HSD17B4,0,0.1953799938192502,0,0,-0.28789888890849774,10.96
NT5DC2,0,0.19600885269489388,0,0,-0.28727131838468795,10.96
EIF4G3,0,0.18836831337369164,0.28038256486879026,0,-0.2887647020352087,10.95
SPATS2L,0,0.1944402122027352,0,0,-0.2888367451814803,10.95
CEP170,0,0.1952237242707171,0,0,-0.288054838305456,10.95
RNF38,0,0.19516691008259068,0,0,-0.2881115360975732,10.95
TBC1D1,0,0.1952117120456146,0,0,-0.28806682592094757,10.95
OGT,0,0.19352945961536885,0.07248413818833291,0,-0.2881605238258185,10.95
LY86,0,0.1953005521531681,0,0,-0.28797816782134517,10.95
NCK2,0,0.19452582390808093,0,0,-0.2887513088700136,10.95
ARID1B,0,0.1943501919385522,0,0,-0.28892658101990903,10.95
NAB1,0,0.1950064126740057,0,0,-0.2882717046929082,10.95
KANTR,0,0.18535140887598026,0.38884147535801167,0,-0.2894036089898889,10.94
ALDH1A1,0,0.19412254177254085,0,0,-0.28915376479589205,10.94
SGK3,0,0.19387266112262322,0,0,-0.28940313351188296,10.94
DIP2B,0,0.1936255970881191,0,0,-0.2896496913828991,10.94
ABI3BP,0,0.19351226886864803,0,0,-0.28976278742528716,10.94
ME1,0,0.19397234456201512,0,0,-0.28930365429532534,10.94
LCOR,0,0.19390527597973234,0,0,-0.2893705854732805,10.94
RFX3-AS1,1,0.11972332534056956,1.1151687453732253,0,-0.28901366473773493,10.94
FAR2,0,0.19332620949491003,0,0,-0.28994846561662535,10.94
ANKIB1,0,0.19419253160678085,0,0,-0.2890839183507888,10.94
ADARB1,0,0.19392307231032416,0,0,-0.2893528256022761,10.94
C21orf62-AS1,0,0.1942125520739175,0,0,-0.2890639388998587,10.94
MCAM,0,0.19381630251835025,0,0,-0.2894593766535076,10.94
UQCC1,0,0.1929308293201068,0,0,-0.29034303577062265,10.93
EML6,0,0.19244687453071707,0,0,-0.2908259990751744,10.93
PDE7A,0,0.1930840019033757,0,0,-0.29019017699413324,10.93
INPP4A,0,0.19327688090599202,0,0,-0.2899976931453843,10.93
TMEM117,0,0.19241781687648069,0,0,-0.29085499719859464,10.93
PTAR1,0,0.19322095613622312,0,0,-0.29005350334130764,10.93
TIMP2,0,0.1929266225663956,0,0,-0.2903472339058996,10.93
RAF1,0,0.19252024957129948,0,0,-0.2907527743590475,10.93
HIC1,0,0.19298864429390003,0,0,-0.29028533924316197,10.93
SEM1,0,0.19135339090249456,0,0,-0.2919172424684376,10.92
SUCLG2-AS1,0,0.19186227143299328,0,0,-0.2914094044884857,10.92
PTBP1,0,0.19137437859260634,0,0,-0.2918962977760954,10.92
TPST2,0,0.19206014891858805,0,0,-0.29121193239721915,10.92
TFEC,0,0.19201178071871783,0,0,-0.29126020150449256,10.92
STAT6,0,0.1922353697787051,0,0,-0.2910370705144899,10.92
LEMD3,0,0.1693000503950416,1.0375215984088488,0,-0.29123652272611883,10.92
SEC24B,1,0.11092226435831629,1.3567279570809667,0,-0.29251419491649155,10.91
JARID2,0,0.19048617670094747,0,0,-0.292782679996314,10.91
PAPLN,0,0.19110427702557475,0,0,-0.29216584598232903,10.91
PPM1K,0,0.1910344155627522,0,0,-0.2922355643190112,10.91
PIK3CB,0,0.19043312872175594,0,0,-0.2928356192953805,10.91
FAM117B,0,0.19082143924699413,0,0,-0.29244810430725987,10.91
AC091948.1,0,0.1905334786346228,0,0,-0.29273547497076124,10.91
SCARB2,0,0.19009062055169806,0,0,-0.2931774257642362,10.9
SLC24A3,0,0.18956660225782235,0,0,-0.29370037049462094,10.9
AC118549.1,0,0.18933528569552474,0,0,-0.29393121315549364,10.9
HCG17,0,0.1900076579013885,0,0,-0.29326021844782224,10.9
SRRM2,0,0.18950765984952458,0,0,-0.2937591921467956,10.9
WIPF1,1,0.12470722397514789,0.6760027816804542,0,-0.29364380907152704,10.9
USO1,0,0.1899626278091115,0,0,-0.2933051562863294,10.9
STAT1,0,0.18955470462011303,0,0,-0.2937122437574761,10.9
SPARC,0,0.18963111421589107,0,0,-0.2936359907030886,10.9
PIK3R5,0,0.1896873965127157,0,0,-0.2935798237125801,10.9
LINC01792,0,0.1621117065165117,1.272760922604192,0,-0.29326584527132243,10.9
ACSS3,0,0.18850391314047676,0,0,-0.29476088246614546,10.89
TRRAP,0,0.18893740820210864,0,0,-0.2943282755118128,10.89
ANKRD26,0,0.1891198883285239,0,0,-0.2941461692349441,10.89
AGAP3,0,0.18852043428504195,0,0,-0.29474439516867657,10.89
SLCO2B1,0,0.18909249720846144,0,0,-0.29417350423844185,10.89
SUPT20H,0,0.1885234140376341,0,0,-0.29474142152074456,10.89
TTC7B,0,0.18866020756735508,0,0,-0.2946049082418107,10.89
MACROD2,0,0.1830812525525344,0.2244206301251067,0,-0.29526472602446047,10.88
TTC28,0,0.1874112582837657,0.010314530489249359,0,-0.29562573708441703,10.88
UNC13B,0,0.1879521766509297,0,0,-0.29531148860555256,10.88
CWC27,0,0.18739287609343627,0,0,-0.2958696433162959,10.88
KIAA0319L,0,0.18824810218161728,0,0,-0.29501616934157265,10.88
NBPF14,0,0.18826179504522,0,0,-0.29500250453072807,10.88
COMMD1,0,0.18808490282066376,0,0,-0.2951790343537492,10.88
GATA2-AS1,0,0.18778689786886865,0,0,-0.29547642877869795,10.88
SPTLC2,0,0.18829019329841667,0,0,-0.2949741644574236,10.88
DNAJC3,0,0.18741853431370115,0,0,-0.29584403766238004,10.88
HMBOX1,0,0.1871216387430211,0.002180953088499297,0,-0.296092631146534,10.87
RAB30,0,0.1870945900790308,0,0,-0.2961673182280382,10.87
ZNF644,0,0.18689850486618798,0,0,-0.2963630017184066,10.87
STAG1,0,0.1863934532697571,0,0,-0.29686701860868064,10.87
SLC15A2,0,0.18666203996712696,0,0,-0.29659898216857433,10.87
TDRD3,0,0.18724422096116242,0,0,-0.29601799389675426,10.87
HTT,0,0.18675949649948215,0,0,-0.29650172529675833,10.87
FLNB,0,0.187206591597741,0,0,-0.2960555461683809,10.87
AC244021.1,0,0.18663434741557583,0,0,-0.296626617986014,10.87
COA1,0,0.1873054752783859,0,0,-0.2959568650720935,10.87
TMOD1,0,0.18651847363797924,0,0,-0.29674225437140755,10.87
RGS7BP,0,0.18659214343851416,0,0,-0.29666873549920697,10.87
USP47,0,0.1855379145829994,0.021357123231950804,0,-0.2972537596229197,10.86
EXOC4,0,0.18574521035454705,0,0,-0.29751393345970817,10.86
BTRC,0,0.18594633837720176,0,0,-0.2973132174908017,10.86
MAPK8,0,0.18605483394902758,0,0,-0.29720494419534715,10.86
BCAS3,0,0.18550630916419542,0,0,-0.297752345209903,10.86
TPK1,0,0.1856595651042171,0,0,-0.297599403247435,10.86
PPIG,0,0.1861748448589702,0,0,-0.2970851791534075,10.86
UBE3A,0,0.18621977782839083,0,0,-0.2970403382387798,10.86
CD81,0,0.1857897152690111,0,0,-0.2974695197230749,10.86
ABCA6,0,0.18548486853890855,0,0,-0.29777374190948575,10.86
DHX36,0,0.18443689298176352,0,0,-0.298819570464683,10.85
CYFIP2,0,0.1847602334616575,0,0,-0.2984968924168805,10.85
ATM,0,0.18508741061171685,0,0,-0.2981703855591516,10.85
TRA2A,0,0.1780631601211819,0.29798991232278144,0,-0.29866369944658094,10.85
TMEM245,0,0.18499530160324162,0,0,-0.2982623058626334,10.85
UBN2,0,0.1843494752101265,0,0,-0.2989068091423281,10.85
CHCHD3,0,0.18520619723489623,0,0,-0.29805184229576204,10.85
ZFP36L2,0,0.1851224733109822,0,0,-0.2981353946933208,10.85
MOB3B,0,0.184366746883039,0,0,-0.2988895728541296,10.85
ARHGAP5,0,0.18035293203197067,0.1768360743162345,0,-0.2990280524348527,10.84
CDHR3,0,0.1827527511478213,0.060013344344063455,0,-0.2991878695126969,10.84
RREB1,0,0.1837445264269399,0,0,-0.2995105185586164,10.84
ATP9B,1,0.11832675904258022,0.7107227736294813,0,-0.2992519335286081,10.84
ARMC3,0,0.18401633121865868,0,0,-0.29923927061711536,10.84
TRIM44,0,0.1840611278324632,0,0,-0.2991945657787501,10.84
NSMCE2,0,0.18423132670862863,0,0,-0.29902471559136484,10.84
ATXN10,0,0.18361137103820035,0,0,-0.2996434011500783,10.84
CDC14A,0,0.18356133240118117,0,0,-0.2996933372722531,10.84
RABGAP1,0,0.18356231263619585,0,0,-0.29969235904545943,10.84
TRIM33,0,0.17697411428549858,0.3355438636317082,0,-0.2989292714116198,10.84
C6orf106,0,0.18349722237941152,0,0,-0.2997573159509388,10.84
CERS6,0,0.1732740199090972,0.44447589479057237,0,-0.30023962221890416,10.83
ADAM10,0,0.18195754688566557,0.05567628417813473,0,-0.3000762889527859,10.83
KDM4B,1,0.11082307030688858,1.019370279155612,0,-0.299990639514606,10.83
SPART,0,0.18296591240006832,0,0,-0.3002875374282146,10.83
SMAD3,0,0.18329040961142007,0,0,-0.299963705018766,10.83
AC124312.1,0,0.18148763064877788,0,0,-0.30176279060333483,10.82
SH3BGRL2,0,0.1818857145746222,0,0,-0.3013655222375084,10.82
PKN2,0,0.1820253105036506,0,0,-0.30122621230058116,10.82
ANAPC16,0,0.18193829029002512,0,0,-0.3013130542346973,10.82
FBXW7,0,0.18151965299752906,0,0,-0.30173083385921023,10.82
SUCO,0,0.1817026411094366,0,0,-0.30154822063756614,10.82
KMT2A,0,0.1816679531259081,0,0,-0.3015828375553454,10.82
EML2,0,0.18216526896916097,0,0,-0.3010865405699054,10.82
MAP4K5,0,0.18072914164430043,0,0,-0.3025197256809493,10.81
HP1BP3,0,0.18036548674518868,0,0,-0.30288263555526407,10.81
PPP2R5A,0,0.18129866483568643,0,0,-0.3019513692795641,10.81
ZMYM4,0,0.16973086262911832,0.4951904170470606,0,-0.30266647796304286,10.81
TNRC6B,0,0.18058081952535687,0,0,-0.30266774393032636,10.81
SYNM,0,0.17654867348278294,0.19414912623471936,0,-0.302445909371378,10.81
ATP8A1,0,0.17897673872856973,0.04669295316141839,0,-0.30324744086052247,10.8
SRSF5,0,0.17985958194349322,0,0,-0.30338750390282926,10.8
CLIC2,0,0.16026903921263816,0.8779593232806935,0,-0.3037383946806304,10.8
PHF20L1,0,0.18017566639521523,0,0,-0.3030720670176739,10.8
ROCK1,0,0.17917585029829813,0,0,-0.3040698347775923,10.79
PCDH7,0,0.17876297393385454,0,0,-0.3044818652765454,10.79
EZR,0,0.17844255235676482,0,0,-0.30480163040154,10.79
CCM2,0,0.17877205232859994,0,0,-0.3044728054808323,10.79
TRIQK,0,0.17925723990624692,0,0,-0.3039886119136535,10.79
SESTD1,0,0.17421043063862834,0.1523312550366949,0,-0.30569384941979977,10.78
VPS13A,0,0.1780576476455074,0,0,-0.30518574655321784,10.78
PDE1C,0,0.17755384213037784,0,0,-0.3056885199150544,10.78
XPO7,0,0.17752192798601218,0,0,-0.30572036867647323,10.78
EPS15,0,0.17752474223281056,0,0,-0.30571756019526103,10.78
GALNT10,0,0.17756182725419678,0,0,-0.30568055115046855,10.78
USP10,0,0.1776294145649175,0,0,-0.30561310230680155,10.78
MUM1,0,0.17813713188904792,0,0,-0.305106425150141,10.78
CD53,0,0.1782697395945052,0,0,-0.3049740891199151,10.78
ANO3,0,0.17743600536292636,0,0,-0.30580611526869855,10.78
SETX,0,0.17753761580877891,0,0,-0.30570471299356494,10.78
VTI1A,0,0.1772532418841285,0,0,-0.30598850431744196,10.77
NDUFAF2,1,0.11118559939762773,0.70600614098949,0,-0.306481607926811,10.77
TPTEP2-CSNK1E,0,0.1772662952462018,0,0,-0.3059754776979712,10.77
NOD1,0,0.17667625393646036,0,0,-0.3065643101819603,10.77
MFAP3L,0,0.1771430532411955,0,0,-0.3060984672153856,10.77
PLCE1,0,0.1764875619825932,0,0,-0.30675261556002453,10.77
SGPL1,0,0.17686931900519576,0,0,-0.3063716406482885,10.77
SLC7A11,1,0.10299555011310636,1.022056005053761,0,-0.30774339098208314,10.76
KIF13B,0,0.17538738753665223,0,0,-0.30785053606343576,10.76
VPS8,0,0.1756524732088037,0,0,-0.3075859934759494,10.76
NPIPB13,0,0.15830011912112996,0.7539269088000817,0,-0.3084156645309725,10.75
UMAD1,0,0.17507622216476987,0,0,-0.308161063946538,10.75
MGAT4A,0,0.1746482368878146,0,0,-0.3085881724041658,10.75
BIN1,0,0.17469836201823175,0,0,-0.30853814996579326,10.75
VEZF1,0,0.17528063714629472,0,0,-0.3079570677527993,10.75
NEK5,0,0.15693973428833807,0.7556233270636562,0,-0.3097361644664027,10.74
C1QB,0,0.1734944227111279,0,0,-0.3097396227458682,10.74
TBC1D2B,0,0.17384746597145806,0,0,-0.3093873027701246,10.74
TECR,0,0.15220266776374575,0.9715023028468679,0,-0.30974261038321865,10.74
TRPM7,0,0.17435461738516467,0,0,-0.30888119036449946,10.74
TMEM161B-AS1,0,0.16362054048407323,0.4315453306608903,0,-0.3101560944528407,10.73
GPR75-ASB3,0,0.17245933794413726,0,0,-0.3107725869204503,10.73
BMT2,0,0.17278169375195068,0,0,-0.31045089152741706,10.73
COL27A1,0,0.17315071637100504,0,0,-0.31008262493008143,10.73
MAPK6,0,0.17270598698323172,0,0,-0.31052644319463696,10.73
TRAK1,0,0.17318458441906215,0,0,-0.31004882626796054,10.73
LYN,0,0.17298108545773294,0,0,-0.3102519083181668,10.73
ATAD1,0,0.17241274510033666,0,0,-0.3108190843088505,10.73
PTPN14,0,0.17149943432535275,0,0,-0.3117305239714793,10.72
NOL4,0,0.1715403452573011,0,0,-0.31168969685432035,10.72
CNIH3,0,0.1720375980869196,0,0,-0.31119346275341786,10.72
LINC00461,0,0.17157395922266283,0,0,-0.3116561517543521,10.72
YWHAZ,0,0.1722607585223283,0,0,-0.31097075950986464,10.72
SMAD2,0,0.1718343440005722,0,0,-0.311396300430321,10.72
TP53BP1,0,0.17156434619881486,0,0,-0.3116657450838658,10.72
TRAPPC12,0,0.171385329958184,0,0,-0.31184439457146057,10.72
CHIC1,0,0.17164887168891657,0,0,-0.311581392762299,10.72
MPDZ,0,0.17171519569029306,0,0,-0.311515204639817,10.72
LNPEP,0,0.17197431271148833,0,0,-0.31125661847522945,10.72
SLC12A6,0,0.17194411139128138,0,0,-0.311286757921576,10.72
PPA2,0,0.17209918039768313,0,0,-0.31113200660718193,10.72
USP25,0,0.17127604602885488,0,0,-0.3119534546092996,10.71
KIAA0825,0,0.1709099556626773,0,0,-0.31231879496110526,10.71
SUGCT,0,0.17124085389063642,0,0,-0.31198857464890006,10.71
WDR33,0,0.17070762811150236,0,0,-0.31252070800104137,10.71
MAPKAP1,0,0.17124489989413402,0,0,-0.3119845369345055,10.71
GRB2,0,0.17130562431509302,0,0,-0.3119239369205035,10.71
ACIN1,0,0.1713070580416265,0,0,-0.3119225061312653,10.71
PAK1,0,0.170775427684772,0,0,-0.31245304732969065,10.71
PTBP2,0,0.17045808340459565,0,0,-0.31276974146227243,10.71
SOS2,0,0.170466494006557,0,0,-0.3127613480912271,10.71
AC106791.1,0,0.17082038110904996,0,0,-0.31240818600211173,10.71
SLC12A7,0,0.17110278427120962,0,0,-0.3121263614031972,10.71
CYP20A1,0,0.17101433108892483,0,0,-0.31221463337023003,10.71
KCNMB2-AS1,0,0.16568147718791285,0.18844523378068864,0,-0.31341557657420505,10.7
ACO2,0,0.16964035306961922,0,0,-0.3135857965018567,10.7
RANBP17,0,0.1508383892153627,0.857541570073875,0,-0.31359622642719864,10.7
PDSS2,0,0.16974191373107517,0,0,-0.3134844439091257,10.7
PTPRA,0,0.17001046056243962,0,0,-0.31321644725335085,10.7
HPS3,0,0.16996480874192677,0,0,-0.3132620055463507,10.7
WDFY2,0,0.16931483372248965,0,0,-0.3139106489530195,10.69
WDR11-AS1,0,0.1689369381085266,0,0,-0.3142877703670371,10.69
MEGF10,0,0.16869752715107156,0,0,-0.3145266908399684,10.69
UPF3A,0,0.16908952675860794,0,0,-0.3141354943274233,10.69
PIGN,0,0.1690402226513799,0,0,-0.3141846974246483,10.69
SUFU,0,0.1693379632245573,0,0,-0.3138875668366811,10.69
DDX17,0,0.16050668552385364,0.3434001596016772,0,-0.3151911589421246,10.68
PURA,0,0.168192343464324,0,0,-0.3150308395499439,10.68
FAM193A,0,0.16760110052267163,0,0,-0.3156208712040441,10.68
WWP1,0,0.1676423218281785,0,0,-0.3155797343491931,10.68
DENND5A,0,0.16439869280635155,0.13927743054461234,0,-0.3157709513348241,10.68
RSRC1,0,0.16758822324357361,0,0,-0.31563372210128315,10.68
PPHLN1,0,0.1679868357726644,0,0,-0.31523592621516705,10.68
EXOC6B,0,0.16751319974981893,0,0,-0.3157085918933736,10.68
BTBD7,0,0.1676864740484605,0,0,-0.31553567258417253,10.68
CARD8,0,0.16742719302599507,0,0,-0.3157944224140386,10.68
RHBDD1,0,0.16640960738226024,0,0,-0.31680992331605956,10.67
VPS41,0,0.16714340151556606,0,0,-0.31607763251689425,10.67
CREB1,0,0.16673672266417233,0,0,-0.3164834781997278,10.67
SP110,0,0.16646386514934666,0,0,-0.31675577670760735,10.67
HDAC7,0,0.16709579605532643,0,0,-0.31612514044717227,10.67
CSMD2,0,0.16683809929195748,0,0,-0.31638230926363525,10.67
COMMD10,0,0.16548987182999852,0,0,-0.31772777459343654,10.66
VPS13B,0,0.1655696773437035,0,0,-0.3176481325783859,10.66
WDR11,0,0.16630070270366062,0,0,-0.3169186048801452,10.66
THRAP3,0,0.16565888341848437,0,0,-0.31755910926131825,10.66
CAPZA2,0,0.16558798849534678,0,0,-0.317629858941051,10.66
TSPAN14,0,0.16542686379342442,0,0,-0.3177906535445789,10.66
GPSM2,0,0.14534706804588676,0.9497227094362632,0,-0.3170604485814295,10.66
MIB1,0,0.16565245060867073,0,0,-0.31756552889214584,10.66
CDKAL1,0,0.1651014772254164,0,0,-0.3181153734886466,10.65
SOS1,0,0.16532507746866942,0,0,-0.3178922313382894,10.65
RAD23B,0,0.16449123941767443,0,0,-0.3187243610937928,10.65
SLC30A9,0,0.1646200000905193,0,0,-0.3185958642147106,10.65
ATP11C,0,0.16518039680208046,0,0,-0.3180366155956054,10.65
PARVA,0,0.1648101221353191,0,0,-0.31840613167556076,10.65
GPATCH8,0,0.16369466449929604,0,0,-0.31951930405817225,10.64
CEP350,0,0.1635046150736144,0,0,-0.31970896412697974,10.64
GIGYF2,0,0.15491037816604192,0.3883468430515423,0,-0.31979309153068924,10.64
LINC00320,0,0.16402800460770806,0,0,-0.3191866468682283,10.64
WNK1,0,0.16391340161588783,0,0,-0.3193010150713218,10.64
SMARCAD1,0,0.1632471615407231,0,0,-0.3199658902112747,10.63
CNTNAP3B,0,0.1627130364935514,0,0,-0.32049892098911087,10.63
PCMTD1,0,0.16295570503634554,0,0,-0.3202567496047003,10.63
GALNT1,0,0.16299998272223204,0,0,-0.3202125626311183,10.63
TMEM59,0,0.13948792960961937,1.0482249311082572,0,-0.3207535028474752,10.63
GLTP,0,0.162834913221419,0,0,-0.3203772939517731,10.63
ABHD17B,0,0.16336702178972928,0,0,-0.3198462755216104,10.63
FER,0,0.16191622913662362,0,0,-0.32129409591583963,10.62
EHMT1,0,0.16188189779993517,0,0,-0.32132835691744605,10.62
CRLF3,0,0.1615787773855034,0,0,-0.3216308563249128,10.62
FEZ2,0,0.1616789653162054,0,0,-0.32153087365060334,10.62
MECP2,0,0.16229400911173614,0,0,-0.32091708990376167,10.62
ASPA,0,0.16230746764706216,0,0,-0.3209036589411222,10.62
AL645608.8,0,0.16182762135706866,0,0,-0.32138252216341706,10.62
CCSER1,0,0.16134868379419426,0,0,-0.3218604785203145,10.61
RYBP,0,0.1604631963216759,0,0,-0.3227441518824605,10.61
AES,0,0.16128022062958489,0,0,-0.3219288014234962,10.61
TMEM65,0,0.16070129455875137,0,0,-0.3225065414405204,10.61
GAK,0,0.1606797705398353,0,0,-0.32252802136288267,10.61
CACUL1,0,0.161058980610587,0,0,-0.3221495881850222,10.61
AC009063.2,0,0.1613319709372618,0,0,-0.32187715713738696,10.61
AP2B1,0,0.15794149254548576,0.10901271759358455,0,-0.3228767617958609,10.6
TASP1,0,0.16018508466988618,0,0,-0.3230216937630814,10.6
INO80D,0,0.16021785349599355,0,0,-0.3229889920709191,10.6
DCAF10,0,0.1603341856043016,0,0,-0.32287289829380245,10.6
ABHD18,0,0.13305164923569207,1.2130287745502248,0,-0.3235726099769795,10.6
ADGRL4,0,0.1602380098536007,0,0,-0.32296887700791915,10.6
ARMC9,0,0.1596214462601518,0,0,-0.3235841774390481,10.6
CCDC93,0,0.16006787732859082,0,0,-0.3231386609800834,10.6
LY6E,0,0.1594821268909063,0,0,-0.3237232113827843,10.6
HMCN1,0,0.15993154927663478,0,0,-0.3232747097348831,10.6
CDK8,0,0.15124681833545534,0.39464783354861316,0,-0.3233113535478167,10.6
ZNF148,0,0.15877509694067787,0,0,-0.32442879283102244,10.59
ATXN1,0,0.15873986826798048,0,0,-0.32446394933025324,10.59
SPPL3,0,0.15899015505059644,0,0,-0.32421417531361363,10.59
CAPS2,0,0.15906490568424606,0,0,-0.32413957782261604,10.59
CDC37,0,0.1589636721347054,0,0,-0.3242406039735904,10.59
FANCC,0,0.15840550298550854,0,0,-0.3247976295939689,10.59
GNG12,0,0.15891313088891482,0,0,-0.3242910416748351,10.59
EVI5,0,0.15826438822377165,0,0,-0.3249384552519512,10.58
AGO3,0,0.15741068398649896,0,0,-0.325790410493603,10.58
RORB,0,0.15788193302633513,0,0,-0.3253201269081608,10.58
EIF3E,0,0.15746351891062527,0,0,-0.32573768381311297,10.58
PSPC1,0,0.1579801559721929,0,0,-0.3252221051930041,10.58
GSE1,0,0.15767761778046135,0,0,-0.32552402357057825,10.58
TENT4B,0,0.15836029104661464,0,0,-0.32484274890654136,10.58
LGR5,0,0.1310330094253933,1.223718739781236,0,-0.3253533423346205,10.58
CYB5R3,0,0.15822902975361144,0,0,-0.32497374128272694,10.58
NR2C2,0,0.15794586782306663,0,0,-0.3252563230955273,10.58
PSAP,0,0.15651097286589444,0,0,-0.32668827836365155,10.57
IQCA1,0,0.15696091454651895,0,0,-0.32623925848474095,10.57
ZNF680,0,0.1565388035533014,0,0,-0.32666050469335695,10.57
CAMKMT,0,0.1572842847607427,0,0,-0.32591655076352577,10.57
FOXC1,0,0.14302013639827707,0.61589291126718,0,-0.32668291789079357,10.57
BTBD10,0,0.15695541589553377,0,0,-0.3262447458705641,10.57
LCORL,0,0.15730052475700287,0,0,-0.3259003440383694,10.57
KCNIP1,0,0.1568754297868573,0,0,-0.32632456811059884,10.57
ABL2,0,0.15731001131653505,0,0,-0.32589087691408236,10.57
XAF1,0,0.1570648167589611,0,0,-0.3261355691381915,10.57
CUL3,0,0.1511787905527866,0.24446275201375287,0,-0.32666354099437744,10.57
RAB40B,0,0.15697703662914386,0,0,-0.3262231694316486,10.57
FADS2,0,0.13107431981634057,1.1206530135400132,0,-0.3275659933374729,10.56
EXT2,0,0.15591426588028418,0,0,-0.3272837628674476,10.56
ADCY8,0,0.15590116318718428,0,0,-0.3272968387168798,10.56
AC027117.2,0,0.15566202479839397,0,0,-0.3275354871795616,10.56
FANK1,0,0.15581205980502208,0,0,-0.3273857595517166,10.56
ZNF277,0,0.15570944316069557,0,0,-0.3274881659639115,10.56
DENND2A,0,0.1461147103388771,0.43784814570077507,0,-0.3274882280351358,10.56
PCBP2,0,0.15563493787918675,0,0,-0.3275625186054246,10.56
KIDINS220,0,0.15458278686451618,0,0,-0.32861251406383013,10.55
TLN2,0,0.15506313124785157,0,0,-0.32813315376864416,10.55
AGPS,0,0.1547890151669908,0,0,-0.3284067082641172,10.55
AL136164.2,0,0.15443794198009303,0,0,-0.328757062202545,10.55
TNPO3,0,0.15456120447164298,0,0,-0.32863405224055803,10.55
RPTOR,0,0.15449150064133313,0,0,-0.32870361326767134,10.55
AL662796.1,0,0.15489281687839362,0,0,-0.3283031192127092,10.55
AKT3,0,0.14539173664626506,0.3773766631639939,0,-0.32953213174658474,10.54
UNC80,0,0.15408759056892157,0,0,-0.3291066958439583,10.54
CCNI,0,0.15418692471925288,0,0,-0.329007565200868,10.54
SCRN1,0,0.1542516614131289,0,0,-0.3289429611339477,10.54
NASP,0,0.13477994925908085,0.8514715957374281,0,-0.32975450752365165,10.54
KLHL24,0,0.14466834736696588,0.3716808757041725,0,-0.3303785964480865,10.53
LINC01088,0,0.15292394347532134,0,0,-0.330267958957742,10.53
SPIN1,0,0.152661006041078,0,0,-0.33053035770844486,10.53
PIBF1,0,0.15246039289556934,0,0,-0.3307305598550412,10.53
SLC13A3,0,0.15263265642946527,0,0,-0.3305586492398181,10.53
DDX10,0,0.15255323523193182,0,0,-0.33063790772605106,10.53
TNRC6A,0,0.15295826325099537,0,0,-0.33023370949346476,10.53
FNBP1L,0,0.1515863320441851,0,0,-0.33160283000592905,10.52
AL357153.2,0,0.1518511667490395,0,0,-0.3313385378715795,10.52
KDM3B,0,0.15153949381485546,0,0,-0.3316495722771336,10.52
AC053527.1,0,0.15145376221464596,0,0,-0.33173512823783374,10.52
SIPA1L3,0,0.15167512507264785,0,0,-0.33151421888896576,10.52
WDFY1,0,0.1514704144042106,0,0,-0.3317185101638391,10.52
MTMR2,0,0.15221339277070936,0,0,-0.3309770539473458,10.52
DMTF1,0,0.15195566419491321,0,0,-0.3312342545110614,10.52
SKI,0,0.15231258052642932,0,0,-0.3308780693989461,10.52
RAB2A,0,0.1507102226607095,0,0,-0.33247714449205235,10.51
MEF2C,0,0.15094376030554862,0,0,-0.3322440852990005,10.51
PTCHD1-AS,0,0.15137474145387708,0,0,-0.33181398710768245,10.51
STX18-AS1,0,0.1507504677639766,0,0,-0.3324369818394822,10.51
TOGARAM1,0,0.15136146515461313,0,0,-0.33182723620760934,10.51
EFNB2,0,0.15111341293002578,0,0,-0.3320747802441901,10.51
FYB1,0,0.15049147363250936,0,0,-0.3326954453661076,10.51
ATP2B1,0,0.1509196808956359,0,0,-0.3322681153770947,10.51
TMLHE,0,0.15100383804707537,0,0,-0.3321841306395697,10.51
SSBP2,0,0.14764253527905424,0.12635984059743677,0,-0.3327752665927612,10.5
OSBPL8,0,0.15001811547385605,0,0,-0.33316783374938624,10.5
HERC1,0,0.14983936263824796,0,0,-0.3333462203715998,10.5
AC091826.2,0,0.1495982028979108,0,0,-0.3335868860446577,10.5
CD74,0,0.15020222913002024,0,0,-0.3329840972894035,10.5
FAF1,0,0.14973023164789162,0,0,-0.3334551277837941,10.5
EXT1,0,0.14909596603112854,0,0,-0.3340880939718584,10.49
MALT1,0,0.14916898048623572,0,0,-0.33401522910247033,10.49
NUMA1,0,0.1323359768101229,0.7788764230920124,0,-0.3337810091839912,10.49
PLPPR1,0,0.1485703549128199,0,0,-0.33461262826343474,10.49
BLCAP,0,0.14870002847785363,0,0,-0.33448322036241845,10.49
KIF9-AS1,0,0.14800188050757357,0,0,-0.3351799380273428,10.48
KPNA3,0,0.1478897978155081,0,0,-0.3352917910940544,10.48
NRF1,0,0.14773591497420818,0,0,-0.33544535867345937,10.48
ITGA10,0,0.14768885162001327,0,0,-0.33549232560831277,10.48
CWF19L2,0,0.14539285141339467,0.09171770349408159,0,-0.33577790767273247,10.47
CDK12,0,0.14739155000248866,0,0,-0.3357890181399216,10.47
AC073941.1,0,0.1464546650913614,0,0,-0.33672398364203665,10.47
JAKMIP2,0,0.14737159502400599,0,0,-0.33580893223636527,10.47
TULP3,0,0.1473146771425483,0,0,-0.3358657335093758,10.47
CASC4,0,0.14723953392365563,0,0,-0.3359407227813217,10.47
RALY,0,0.1467986509390442,0,0,-0.3363807025228944,10.47
PGR,0,0.1472232841489595,0,0,-0.33595693926488074,10.47
ZNRF1,0,0.14681694068325124,0,0,-0.3363624502491381,10.47
RUNX2,0,0.14689454530630883,0,0,-0.3362850046157399,10.47
RICTOR,0,0.1472165664383116,0,0,-0.3359636432128624,10.47
AP3B1,0,0.1471238266165199,0,0,-0.3360561930373048,10.47
NUMB,0,0.14523945718257464,0.03133023946836341,0,-0.3372515614819662,10.46
THRB,0,0.14557409147680225,0,0,-0.33760275321331185,10.46
MAP2K5,0,0.14581006256972007,0,0,-0.33736726555761987,10.46
CUX1,0,0.14554067008391192,0,0,-0.33763610613533457,10.46
ABHD17A,0,0.14623165515774966,0,0,-0.336946536692128,10.46
ATXN2,0,0.14549492189837587,0,0,-0.33768176059593324,10.46
TCP11L2,0,0.14587268658846386,0,0,-0.3373047698375652,10.46
UBE2R2,0,0.14519435413223036,0,0,-0.3379817125847594,10.45
AC002429.2,0,0.14458485096455864,0,0,-0.3385899670549026,10.45
ARID1A,0,0.14449981486757407,0,0,-0.33867482893726486,10.45
FRMPD4,0,0.14531130865366235,0,0,-0.33786499766966516,10.45
LINC01376,0,0.14495957162618844,0,0,-0.3382160140886497,10.45
OLA1,0,0.14522544107374963,0,0,-0.3379506893314851,10.45
PRR14L,0,0.14466791871462065,0,0,-0.3385070694868834,10.45
HIBCH,0,0.14512696434307515,0,0,-0.33804896431152603,10.45
DGKI,0,0.14520352556562616,0,0,-0.3379725599410054,10.45
SAFB2,0,0.14378941669009365,0,0,-0.3393837717122215,10.44
CLYBL,0,0.14415076922756193,0,0,-0.3390231594826702,10.44
CSPP1,0,0.1441172682187786,0,0,-0.3390565918574758,10.44
AC097103.2,0,0.14343020986504795,0,0,-0.3397422426253008,10.44
ARIH2,0,0.14399737071632968,0,0,-0.3391762437242612,10.44
MX1,0,0.14346525144225306,0,0,-0.3397072728382572,10.44
CCSER2,0,0.14370666793653208,0,0,-0.33946635093727273,10.44
NEDD4,0,0.14361980911433192,0,0,-0.33955303181060836,10.44
CYTOR,0,0.14416605821596865,0,0,-0.33900790181702445,10.44
PLXDC1,0,0.14355494434745664,0,0,-0.339617763688143,10.44
CLASP1,0,0.14306174359396392,0,0,-0.3401099540144638,10.43
TBCA,0,0.1425220800158435,0,0,-0.34064851197638407,10.43
DCP1A,0,0.12021262254481364,1.0364054698708407,0,-0.34024779237016084,10.43
PITPNA,0,0.1430294436406246,0,0,-0.3401421877944442,10.43
NHLRC2,0,0.14250066852215537,0,0,-0.3406698796040504,10.43
FTO,0,0.14241126874909,0,0,-0.3407590962225702,10.42
SENP7,0,0.1415561822871989,0,0,-0.34161243085705784,10.42
MIGA1,0,0.14202265382704793,0,0,-0.3411469149838728,10.42
AGTPBP1,0,0.14143648062392966,0,0,-0.34173188728588205,10.42
MTMR1,0,0.14136737229697469,0,0,-0.3418008540296564,10.41
WDPCP,0,0.14063640901328225,0,0,-0.3425303197788089,10.41
MNAT1,0,0.14063835172895203,0,0,-0.34252838104320743,10.41
DPH6,0,0.14058336778829705,0,0,-0.3425832523375064,10.41
PIAS1,0,0.14049420401144808,0,0,-0.34267223344329856,10.41
AC016597.1,0,0.140651487510971,0,0,-0.3425152721726459,10.41
OCIAD1,0,0.14042921102621542,0,0,-0.34273709327650786,10.4
WASHC4,0,0.13973580926627055,0,0,-0.3434290744547235,10.4
DOPEY1,0,0.14008842981674674,0,0,-0.34307717632282236,10.4
CNKSR2,0,0.1398433994638899,0,0,-0.3433217046786228,10.4
STXBP4,0,0.14040026153987284,0,0,-0.3427659834536393,10.4
STX3,0,0.14007889385996286,0,0,-0.3430866927431603,10.4
STRN,0,0.1396353406615608,0,0,-0.3435293372280199,10.4
ANKRD44,0,0.14003409637373077,0,0,-0.3431313984521658,10.4
CCDC88A,0,0.14036019454088522,0,0,-0.34280596836681465,10.4
LINC01135,0,0.12357147552529169,0.7641633193406218,0,-0.3428493057292067,10.4
GJC1,0,0.13985518429410604,0,0,-0.34330994399215053,10.4
AC090825.1,0,0.14039603142561974,0,0,-0.34277020490159915,10.4
TMEM232,0,0.12087276155890692,0.8451014449182244,0,-0.3437725080267016,10.39
AF117829.1,0,0.13911290536059023,0,0,-0.34405070220859885,10.39
RIN3,0,0.13867791631968474,0,0,-0.34448480008146926,10.39
VPS53,0,0.13937848368028427,0,0,-0.3437856679828637,10.39
RASSF8,0,0.13888875037319154,0,0,-0.3442743979665897,10.39
MEIS1,0,0.13906247595063226,0,0,-0.34410102830313055,10.39
HIP1R,0,0.1312707866737689,0.285301948737199,0,-0.34563767346739693,10.38
ZC2HC1A,0,0.1378123076128649,0,0,-0.3453486354038176,10.38
RGS5,0,0.12959220788036388,0.3943203205244185,0,-0.34492876207191714,10.38
ZFYVE9,0,0.1380013516584721,0,0,-0.3451599786553486,10.38
KIAA1551,0,0.13793093532024536,0,0,-0.345230250730654,10.38
MBD5,0,0.1369976487464759,0,0,-0.3461616252673745,10.37
PHF21B,0,0.1365109456125172,0,0,-0.3466473312859239,10.37
MYO5A,0,0.1367976698322797,0,0,-0.34636119448201674,10.37
CHD2,0,0.13671227577234263,0,0,-0.3464464135939679,10.37
BBX,0,0.1370481724025553,0,0,-0.34611120511980464,10.37
HECTD4,0,0.1277638025423386,0.3873704790059413,0,-0.3469054030561415,10.36
METRN,0,0.1355958589159242,0,0,-0.34756054323180674,10.36
TEAD4,0,0.13551739447315236,0,0,-0.34763884692339475,10.36
PAN3,0,0.1359267380103515,0,0,-0.34723034201393427,10.36
IKZF1,0,0.136012884407259,0,0,-0.34714437210633575,10.36
CUL5,0,0.13474763856428343,0,0,-0.3484070258227386,10.35
ARHGAP35,0,0.1352155391796451,0,0,-0.3479400838018076,10.35
XRRA1,0,0.135335141829945,0,0,-0.3478207261831035,10.35
ENAH,0,0.1353496061319186,0,0,-0.34780629151434445,10.35
FAM66D,0,0.1346390541214006,0,0,-0.3485153878071788,10.35
CLOCK,0,0.13468452445907822,0,0,-0.3484700106252078,10.35
CDC42BPB,0,0.13408832992581327,0,0,-0.3490649837265267,10.34
AL160272.2,0,0.13362117234510268,0,0,-0.34953118423507196,10.34
ACVR2A,0,0.1343224336732655,0,0,-0.348831359590644,10.34
LINC01630,0,0.13363736557712436,0,0,-0.3495150241783476,10.34
AKAP1,0,0.13396761859883322,0,0,-0.34918544775054977,10.34
FAM184A,0,0.1326529778447444,0,0,-0.3504973951820316,10.33
SLTM,0,0.13012545945980428,0.1221901560991993,0,-0.35034763903284777,10.33
SORCS2,0,0.13281910744328007,0,0,-0.35033160593549095,10.33
AC139887.2,0,0.13301878142073806,0,0,-0.35013234103285884,10.33
DCUN1D1,0,0.13318554937130953,0,0,-0.349965914742083,10.33
SLC30A1,0,0.1331052968430224,0,0,-0.35004600285591086,10.33
APPBP2,0,0.13252985905223766,0,0,-0.35062026173937355,10.33
STARD13,0,0.13297446047526362,0,0,-0.35017657117740225,10.33
YY1,0,0.13287245448428092,0,0,-0.3502783681873073,10.33
FAM172A,0,0.1319737602592787,0,0,-0.3511752212450815,10.32
EPHA6,0,0.13151574020770074,0,0,-0.35163230294467585,10.32
NECTIN2,0,0.1320553738238518,0,0,-0.3510937748833415,10.32
SH2B3,0,0.13220003244683906,0,0,-0.3509494126244661,10.32
TENT2,0,0.12549659181140027,0.30651394921892217,0,-0.3509361673328726,10.32
EPS15L1,0,0.13159311806087065,0,0,-0.3515550836165787,10.32
DENND4C,0,0.1283079569584154,0.1310618499211356,0,-0.35196740873909177,10.31
MOG,0,0.1313244218492231,0,0,-0.35182322934659926,10.31
MEIS2,0,0.12060502285114472,0.4065458273798753,0,-0.35363018334143875,10.3
ZNF718,0,0.13044337625178384,0,0,-0.3527024699337967,10.3
CYTH3,0,0.12993838751316372,0,0,-0.3532064240950376,10.3
ILKAP,0,0.13003555517372065,0,0,-0.3531094555032043,10.3
ANLN,0,0.12981308578134776,0,0,-0.353331469119471,10.3
RPRD2,0,0.11905641883130424,0.48434264799896987,0,-0.3534743270760476,10.3
BGN,0,0.1300088687012153,0,0,-0.3531360873027661,10.3
LINC02062,0,0.1294184298803813,0,0,-0.35372531648346134,10.29
RPS6KC1,0,0.12913515648026377,0,0,-0.3540080095374652,10.29
FBXO42,0,0.1285031926202386,0,0,-0.3546386786844323,10.29
DGKH,0,0.12854820308646753,0,0,-0.354593760431765,10.29
POLA1,0,0.12936899164606347,0,0,-0.35377465343298803,10.29
NCOA6,0,0.12890776868125386,0,0,-0.3542349314839616,10.29
C12orf76,0,0.12934113233352784,0,0,-0.35380245566976665,10.29
SLC6A12,0,0.12889123634808275,0,0,-0.3542514299471142,10.29
CCDC30,0,0.12760520855086455,0,0,-0.355534823041484,10.28
PIR,0,0.12749012602425389,0,0,-0.3556496697969384,10.28
SP100,0,0.12795557821285897,0,0,-0.3551851711866384,10.28
SCAF11,0,0.125604767476571,0.06685363097533689,0,-0.35606918758182676,10.27
C3orf70,0,0.1272882866926165,0,0,-0.35585109561755907,10.27
ZBTB7C,0,0.1266791266865357,0,0,-0.3564590076291512,10.27
ARHGAP15,0,0.12684305587102207,0,0,-0.35629541428864137,10.27
ZFPM2,0,0.1265941234261235,0.03395802908875747,0,-0.3558012308790298,10.27
CST3,0,0.12606931093821505,0,0,-0.3570675740395551,10.26
RNF111,0,0.12627169772007382,0,0,-0.3568656018902818,10.26
PPARGC1A,0,0.12608185725034238,0,0,-0.35705505343123006,10.26
CNOT4,0,0.12628969019521616,0,0,-0.35684764627657095,10.26
EP400,0,0.1257861175882742,0,0,-0.35735018720738215,10.26
FGFR1OP2,0,0.1258045793246282,0,0,-0.3573317632938415,10.26
DAAM1,0,0.12551817294991968,0,0,-0.3576175829038682,10.26
AGO4,0,0.12585647106844966,0,0,-0.35727997786134985,10.26
SLC4A8,0,0.12614310468486584,0,0,-0.3569939314751687,10.26
FAM91A1,0,0.12569462935141182,0,0,-0.3574414880110345,10.26
DNAH7,0,0.12491059705839036,0,0,-0.35822391404630616,10.25
UBAC2,0,0.12545504585999823,0,0,-0.3576805806644517,10.25
SKAP2,0,0.12481449580151266,0,0,-0.35831981841921623,10.25
XPO6,0,0.12546599533896038,0,0,-0.35766965361783776,10.25
XPO4,0,0.1252713259098873,0,0,-0.3578639242249722,10.25
SRCIN1,0,0.12498375609175504,0,0,-0.35815090489486007,10.25
HEY2,0,0.12451218195975632,0,0,-0.358621512906444,10.25
TTYH1,0,0.1238389866925098,0,0,-0.359293328989281,10.24
NME7,0,0.12439390636644349,0,0,-0.35873954618692094,10.24
TAPBP,0,0.10293331428129791,0.9733367701977719,0,-0.35887090829989904,10.24
UHMK1,0,0.1244099570966644,0,0,-0.35872352834005194,10.24
KIAA0355,0,0.12365717127112896,0,0,-0.3594747719229056,10.24
CTNND1,0,0.12374439790387552,0,0,-0.35938772399256214,10.24
ENG,0,0.12348476429124532,0,0,-0.35964682569023665,10.24
MAN1A1,0,0.12442138607722845,0,0,-0.3587121227741977,10.24
NRIP1,0,0.12359183841350418,0,0,-0.3595399709322058,10.24
RAB11FIP2,0,0.12445462947272234,0,0,-0.3586789474849057,10.24
BAZ2A,0,0.12414980355589124,0,0,-0.3589831489006855,10.24
SERF2,0,0.1238682958703115,0,0,-0.35926407985759523,10.24
KDM2A,0,0.12266342713634436,0,0,-0.3604664801604039,10.23
SHE,0,0.12296296760824103,0,0,-0.3601675533611947,10.23
HBS1L,0,0.12271482885491491,0,0,-0.36041518374924164,10.23
RALGAPB,0,0.12261798370216244,0,0,-0.36051183049399677,10.23
FAM120A,0,0.12325393077635712,0,0,-0.3598771862933258,10.23
CNTN4,0,0.12285523427801248,0,0,-0.36027506597666686,10.23
RASSF4,0,0.12245867273500977,0,0,-0.36067081507857834,10.22
CNTN2,0,0.12215883259788018,0,0,-0.36097004092909213,10.22
AGRN,0,0.12194736343296109,0,0,-0.36118107685422246,10.22
AL445426.1,0,0.12102515348032838,0,0,-0.36210139746263237,10.21
GBF1,0,0.12131913807454148,0,0,-0.3618080151587037,10.21
RPS16,0,0.11250545011754692,0.3947406918875224,0,-0.3619713211333366,10.21
KIAA1468,0,0.12096594317176274,0,0,-0.3621604864662239,10.21
MYL6,0,0.12147603097795026,0,0,-0.36165144368394553,10.21
YWHAB,0,0.12136291724704933,0,0,-0.3617643256771891,10.21
CHD6,0,0.12085802160049235,0,0,-0.36226818693708585,10.21
PEBP1,0,0.1033009119759388,0.7886878614586121,0,-0.362542029571453,10.21
BBS2,0,0.10527565499422709,0.7277394734139302,0,-0.36190417255508084,10.21
PCNX4,0,0.12099061835980268,0,0,-0.36213586183058133,10.21
GTF2I,0,0.12025497295563399,0,0,-0.3628700001078854,10.2
AQP4,0,0.11953834860354529,0,0,-0.3635851563018007,10.2
HDLBP,0,0.12002420059753097,0,0,-0.36310029967948215,10.2
KATNAL2,0,0.11960338819965288,0,0,-0.3635202499532088,10.2
GRIA2,0,0.1198925869790516,0,0,-0.36323164365932986,10.2
ALK,0,0.11951602122347188,0,0,-0.36360743793946326,10.2
ARFGEF1,0,0.12014670549574175,0,0,-0.36297804575874243,10.2
CREBRF,0,0.11863323426122543,0,0,-0.3644884163239099,10.19
HPCAL1,0,0.11944411970899076,0,0,-0.363679192148322,10.19
TBXAS1,0,0.11937966802350086,0,0,-0.3637435117907568,10.19
MDM4,0,0.11942805822931579,0,0,-0.36369522072262256,10.19
PDE8B,0,0.11895667872430792,0,0,-0.36416563450595063,10.19
RAB3GAP1,0,0.11944763614340248,0,0,-0.3636756829180779,10.19
SDC2,0,0.1180582459028405,0,0,-0.36506222669573113,10.18
GSAP,0,0.11834829111774824,0,0,-0.3647727757004472,10.18
SOAT1,0,0.11800367950553424,0,0,-0.36511668130210817,10.18
VPS54,0,0.1182901103178996,0,0,-0.36483083730449045,10.18
CTTN,0,0.11711246226184507,0,0,-0.36600607269676394,10.17
FRMPD2,0,0.11667884120152829,0,0,-0.3664388053916463,10.17
ITPR3,0,0.10737702687929798,0.4323621456059308,0,-0.36626651880694594,10.17
SENP6,0,0.11585209610044878,0,0,-0.3672638567286583,10.16
CAB39L,0,0.11612251977568876,0,0,-0.36699398707412373,10.16
LRRC3B,0,0.11641934336345432,0,0,-0.36669777159292777,10.16
ZFP36,0,0.11017312511789816,0.25033985927362107,0,-0.3674566749545619,10.16
NOTCH1,0,0.11640608083575683,0,0,-0.36671100694950226,10.16
TENM2,0,0.1150423883686904,0,0,-0.3680719056010422,10.15
SETD3,0,0.1145066164107264,0,0,-0.3686065799156218,10.15
NTNG1,0,0.11460737539196796,0,0,-0.3685060273606919,10.15
WDR26,0,0.11521891677719051,0,0,-0.36789573884872223,10.15
NBAS,0,0.11485417487012195,0,0,-0.36825973350402563,10.15
CLIC5,0,0.11525858519756849,0,0,-0.36785615169758307,10.15
CFDP1,0,0.11513864276079946,0,0,-0.367975848406631,10.15
SFXN5,0,0.11407463160283582,0,0,-0.3690376797102908,10.14
LTBP3,0,0.11404570699540396,0,0,-0.36906654505948133,10.14
ATN1,0,0.11402821499929952,0,0,-0.3690840012194926,10.14
NLGN4X,0,0.11422318062555031,0,0,-0.3688894350220037,10.14
SHISA5,0,0.11410646164373826,0,0,-0.36900591488003126,10.14
DYRK1A,0,0.1139875586930046,0,0,-0.3691245742326532,10.14
LRPPRC,0,0.11442664746338435,0,0,-0.36868638502948076,10.14
ATP2C1,0,0.11399935590105292,0,0,-0.3691128011937074,10.14
SGCE,0,0.11416768425822048,0,0,-0.36894481769316195,10.14
CORO2B,0,0.11358099293228752,0,0,-0.36953030705650053,10.14
ZMYND11,0,0.11309134291177855,0,0,-0.3700189539242732,10.13
FAT3,0,0.11309904503772428,0,0,-0.3700112675777789,10.13
CCDC6,0,0.1127039328894192,0,0,-0.3704055702543876,10.13
RAD21,0,0.11347901664012064,0,0,-0.3696320744284341,10.13
TINAGL1,0,0.11331076967089988,0,0,-0.36979997670777337,10.13
TMEM131,0,0.11278621664546008,0,0,-0.3703234550742102,10.13
MAF,0,0.11258045558335672,0,0,-0.3705287945907937,10.13
ATP1B1,0,0.11292288737327572,0,0,-0.37018706434559573,10.13
HMGCLL1,0,0.11239213280889916,0,0,-0.3707167315457912,10.12
MORC3,0,0.11231019939266693,0,0,-0.3707984971039059,10.12
ARMH3,0,0.11167436114259532,0,0,-0.3714330327034032,10.12
PID1,0,0.10957662262102195,0.10712091507319335,0,-0.3711839165340193,10.12
PJA2,0,0.11076502370060765,0,0,-0.3723405071732578,10.11
NDUFS4,0,0.11117302276860978,0,0,-0.37193334397856176,10.11
LRP1,0,0.11148127374753276,0,0,-0.37162572451766196,10.11
AAK1,0,0.1112695773450314,0,0,-0.37183698721482983,10.11
CHD7,0,0.11080594333389532,0,0,-0.372299671372586,10.11
JPX,0,0.110728357679581,0,0,-0.37237709807610253,10.11
SPAG1,0,0.10977307462598744,0,0,-0.3733304240281561,10.1
KRIT1,0,0.10971478133557036,0,0,-0.3733885978923068,10.1
ATG7,0,0.11008797005085172,0,0,-0.37301617373388285,10.1
NXPE3,0,0.11016816118980888,0,0,-0.37293614688361576,10.1
NFATC4,0,0.10953306985635552,0,0,-0.37356993709671316,10.1
LRCH2,0,0.11039348566022068,0,0,-0.37271128403854775,10.1
ZNF98,0,0.10885396356840105,0,0,-0.3742476520902686,10.09
PPARA,0,0.10865648258645456,0,0,-0.3744447284902094,10.09
UIMC1,0,0.10892492576657371,0,0,-0.37417683527332807,10.09
ZCCHC14,0,0.10872183654011446,0,0,-0.3743795084280938,10.09
LCP1,0,0.10908912029730604,0,0,-0.3740129771301907,10.09
MTMR7,0,0.10916333802609995,0,0,-0.3739389114522793,10.09
CCDC122,0,0.109352645074311,0,0,-0.3737499922400234,10.09
NAPEPLD,0,0.10886539730744628,0,0,-0.37423624177568193,10.09
ST3GAL5,0,0.10929956171928096,0,0,-0.3738029668424534,10.09
TSHZ3,0,0.10925401565196492,0,0,-0.37384841959891446,10.09
LPIN1,0,0.10754972663168184,0,0,-0.37554921701882465,10.08
UBE3C,0,0.10766293633967172,0,0,-0.3754362392451217,10.08
GLUD1,0,0.10822083473707264,0,0,-0.3748794838218462,10.08
RGS3,0,0.10802127356453356,0,0,-0.37507863615066445,10.08
PUM2,0,0.1083180197826794,0,0,-0.37478249788058,10.08
CD86,0,0.10825810192717444,0,0,-0.3748422929815497,10.08
CDKL1,0,0.10839237374110589,0,0,-0.3747082962521315,10.08
KLHL23,0,0.10839984505874488,0,0,-0.37470084024108374,10.08
SCAF4,0,0.10770115484821352,0,0,-0.37539809903536436,10.08
NCOA2,0,0.10692182455989574,0,0,-0.37617583269899413,10.07
CCDC186,0,0.10666677690424872,0,0,-0.3764303578349987,10.07
SEL1L,0,0.1071733910171837,0,0,-0.37592478162936965,10.07
DYNC2H1,0,0.10658114189601842,0,0,-0.376515817401609,10.07
LINC01748,0,0.10563006705056988,0,0,-0.3774649437669315,10.06
RABEP1,0,0.1057953135657838,0,0,-0.3773000357945277,10.06
AC002070.1,0,0.10620928668135364,0,0,-0.3768869107913774,10.06
AQR,0,0.10597752601251093,0,0,-0.3771181966489481,10.06
GRM8,0,0.10618623823380968,0,0,-0.37690991201924967,10.06
SLC4A4,0,0.1048408562687535,0,0,-0.3782525376817569,10.05
RUFY3,0,0.10543069855384736,0,0,-0.3776639038146708,10.05
CHL1,0,0.10478765481679408,0,0,-0.3783056301391694,10.05
BEND7,0,0.10469289094500164,0,0,-0.3784001998669134,10.05
PRDM16,0,0.1037294061555567,0,0,-0.37936171075180924,10.04
STXBP5L,0,0.10302326994089372,0,0,-0.3800664002954903,10.03
KIAA1549,0,0.10333708467253244,0,0,-0.37975322848041154,10.03
ASAH1,0,0.10260714229145762,0,0,-0.38048167541848366,10.03
PWWP2A,0,0.10335895577438006,0,0,-0.3797314021861913,10.03
NEURL1B,0,0.10282620230177786,0,0,-0.38026306419942163,10.03
SHISA6,0,0.10351147057885624,0,0,-0.37957919984089417,10.03
SPATS2,0,0.1024722482093055,0,0,-0.38061629314127304,10.02
AC104596.1,0,0.1016901693499723,0,0,-0.381396769744883,10.02
PNPLA7,0,0.101366948004717,0,0,-0.38171932890211957,10.01
FAM85B,0,0.10146891543872072,0,0,-0.38161757037020133,10.01
ATP6AP1L,0,0.10122401832659784,0,0,-0.38186196575824,10.01
HDGFL3,0,0.10127705404731135,0,0,-0.38180903869253746,10.01
FN1,0,0.10150858250307726,0,0,-0.3815779845723055,10.01
DNAJA1,0,0.10002976131080554,0,0,-0.3830537760832468,10
IFNGR2,0,0.10038020941697812,0,0,-0.3827040459449328,10
