p_val,avg_log2FC,pct.1,pct.2,p_val_adj,gene,neg_log10_pval,Significance,label
4.523618163285429e-245,-2.912845279847138,0.164,0.555,1.1392279982418024e-240,ADAMTS9,239.94338935013585,Sig Down,ADAMTS9
8.695139281082862e-238,-2.122886282290242,0.192,0.592,2.189783876547908e-233,ELL2,232.6595987462806,Sig Down,ELL2
1.52504100637907e-228,-1.8611554335684586,0.339,0.697,3.8406632704650494e-224,PCBP3,223.41559376786464,Sig Down,PCBP3
1.2855308068420034e-182,-1.4901736207055731,0.319,0.661,3.2374807839509015e-178,PITPNC1,177.48979280065552,Sig Down,PITPNC1
6.543941100551837e-165,-0.8977399703461062,0.859,0.947,1.6480261267629748e-160,NEAT1,159.78303590755453,Sig Down,NA
9.419284840072459e-134,-0.9165919017192561,0.748,0.893,2.372152694123848e-129,SGIP1,128.62485735911847,Sig Down,NA
4.956938001598901e-127,-0.661625790906049,1,1,1.2483552663226673e-122,MALAT1,121.90366180227625,Sig Down,NA
9.4316792501251e-121,-0.901415602911086,0.177,0.471,2.375274102351505e-116,ATP1B3,115.62428626634653,Sig Down,NA
7.686369930633439e-120,-0.87250244149417,0.774,0.899,1.935735403330725e-115,PDE7B,114.71315400690716,Sig Down,NA
2.966414806202108e-119,-2.0229971781279343,0.07,0.317,7.4706190479393885e-115,SLC6A17,114.12664340916656,Sig Down,NA
7.82417440362305e-112,-3.382651722437051,0.032,0.235,1.9704400818084288e-107,PDE10A,106.70543676685553,Sig Down,PDE10A
1.189566901482498e-110,1.266519616272788,0.599,0.386,2.995805284693523e-106,SLC20A2,105.52348641745162,Sig Up,SLC20A2
5.937077943075437e-107,-1.6052192099694642,0.172,0.43,1.495193709184118e-102,KCNE4,101.82530253885794,Sig Down,NA
6.607070071407469e-102,0.7637495159759293,0.82,0.667,1.663924526783257e-97,ATP1A2,96.7788663765699,Sig Up,ATP1A2
3.3832841158774342e-99,-1.9322779839030664,0.079,0.3,8.52046271742573e-95,CEBPD,94.06953681953283,Sig Down,NA
2.10779658690098e-96,-1.378412957781034,0.325,0.562,5.308274924451428e-92,TRPC4,91.2750465923863,Sig Down,NA
3.1149160347242716e-93,-1.5246209554656958,0.207,0.444,7.844604541849606e-89,COL4A1,88.10542894495421,Sig Down,NA
5.270153699029577e-93,-1.1001008182634775,0.132,0.369,1.3272355075636087e-88,CRISPLD2,87.87705200813751,Sig Down,NA
4.0545810187038967e-91,-1.1998106044014771,0.305,0.555,1.0211056837503894e-86,PDE4D,85.99092930640052,Sig Down,NA
4.076150668222704e-89,-0.8499712407884181,0.561,0.762,1.0265377842852057e-84,RNF152,83.98862506070687,Sig Down,NA
3.2453682790918457e-87,0.9291183655400226,0.662,0.501,8.173135474064904e-83,PLCB4,82.08761130235965,Sig Up,PLCB4
1.3804311581191178e-86,0.8466478002382294,0.723,0.576,3.476477828607186e-82,INPP4B,81.458860536002,Sig Up,NA
5.794847492018086e-85,-1.5347968902198919,0.138,0.353,1.4593743923898348e-80,HIF1A-AS2,79.83583327857215,Sig Down,NA
5.779591680202756e-81,0.9313581020451958,0.629,0.458,1.4555323687422622e-76,SLC6A1,75.83697813209406,Sig Up,NA
6.412216901651794e-80,-1.7142638517580284,0.081,0.274,1.6148527045119878e-75,FLT1,74.79186708480965,Sig Down,NA
1.2940449950822814e-79,-1.1869045872017323,0.29,0.514,3.258922915615217e-75,ABCC9,74.48692591192481,Sig Down,NA
5.590274949853595e-79,1.0731364712675604,0.574,0.396,1.4078548433711292e-74,DACH1,73.85144212074272,Sig Up,NA
8.575310635945113e-78,-2.117779044604899,0.043,0.209,2.159606230556417e-73,ADAMTS1,72.66562542824082,Sig Down,NA
5.853095200805278e-76,-1.3890820306644254,0.122,0.326,1.4740434953708014e-71,YBX3,70.83148970133394,Sig Down,NA
2.9044442780396677e-72,-0.7610414018219216,0.539,0.727,7.314552469815099e-68,BTBD9,67.13581224039793,Sig Down,NA
2.2461921096429017e-71,-1.0423769643121672,0.249,0.471,5.656810208924684e-67,ADGRD1,66.24742839198602,Sig Down,NA
1.452546016568578e-70,0.5118439089794,0.909,0.858,3.658091888126307e-66,EBF1,65.43674538961821,Sig Up,NA
5.245374446687324e-70,-1.2018315230716627,0.27,0.478,1.3209951006537357e-65,COL4A2,64.87909879310689,Sig Down,NA
1.4580743775807865e-68,-1.2056915280021698,0.137,0.335,3.672014512499453e-64,STAT3,63.43509561105304,Sig Down,NA
1.048721416821169e-67,-0.6361582696737198,0.716,0.84,2.6411000161224324e-63,CALD1,62.57821515213362,Sig Down,NA
4.258857162721402e-65,-0.8178355461600058,0.36,0.577,1.0725505878597578e-60,ARHGAP26,59.969582214751426,Sig Down,NA
6.7483255966655785e-65,1.3584388183346963,0.377,0.206,1.6994983182642592e-60,GRID2,59.76967926083609,Sig Up,NA
1.5948815785597701e-63,-1.1841728812490397,0.242,0.44,4.0165497674449255e-59,FAM13A,58.39614684749983,Sig Down,NA
3.92874290731948e-63,0.7091978412535189,0.695,0.582,9.894146137793379e-59,APBB2,58.004621679339884,Sig Up,NA
1.0627494627190888e-62,-0.9659794633245204,0.385,0.577,2.6764282469117533e-58,SLC12A2,57.57244439524263,Sig Down,NA
5.825874471467261e-61,0.8787766906543992,0.557,0.404,1.467188226894315e-56,FRY,55.833514166553655,Sig Up,NA
1.9469575140547563e-60,-1.4035057691173582,0.116,0.288,4.903217803395498e-56,C11orf96,55.309518814746504,Sig Down,NA
2.6671199807738665e-60,0.990087330267464,0.482,0.313,6.716874959580906e-56,CDH6,55.172832736392316,Sig Up,NA
7.867257598972853e-60,-0.8077773003720568,0.426,0.617,1.9812901537253234e-55,GRAMD2B,54.70305191873994,Sig Down,NA
1.520928054369095e-59,1.0203998158753607,0.438,0.271,3.830305212123129e-55,SLC6A1-AS1,54.416766618548444,Sig Up,NA
1.6231000976691696e-58,0.9989888517179231,0.389,0.211,4.087615285970037e-54,XIST,53.38852998543757,Sig Up,NA
3.0352897253364832e-58,0.6784107093625948,0.678,0.551,7.6440736442874e-54,MIR99AHG,53.116675137531,Sig Up,NA
7.158064746082506e-58,-1.2460205926955132,0.119,0.291,1.8026870256534185e-53,HIPK2,52.744079666971544,Sig Down,NA
8.731737793186267e-58,-1.0389701643783773,0.25,0.446,2.1990008458360294e-53,VPS13D,52.65777460358971,Sig Down,NA
1.691185731587618e-56,-1.476535632765851,0.088,0.244,4.259082146430257e-52,LPL,51.37068398345353,Sig Down,NA
2.4179254945757455e-56,0.6704034052555521,0.697,0.574,6.0893035655395575e-52,ARHGAP10,51.215432374844724,Sig Up,NA
5.9797075392621354e-55,-1.460302110300047,0.066,0.211,1.5059295466877763e-50,SLC2A3,49.8221953456655,Sig Down,NA
2.1044949807626948e-53,-1.2249756943892165,0.134,0.3,5.2999601595527704e-49,ZCCHC24,48.27572739503155,Sig Down,NA
2.600461651845429e-53,1.3885662155269503,0.25,0.11,6.5490026240075285e-49,NCALD,48.183824835561154,Sig Up,NA
3.3243249047067746e-53,-2.555210970593813,0.02,0.128,8.37197984001354e-49,ADAMTS4,48.07717182612664,Sig Down,ADAMTS4
4.650557451393353e-53,1.1309105679268914,0.386,0.229,1.171196388558902e-48,RCAN2,47.931370275451805,Sig Up,NA
3.397312439706968e-52,-1.0663434241967704,0.15,0.321,8.555791648158028e-48,KLF9,47.06773979997207,Sig Down,NA
1.7096038484530538e-51,0.7645071714700662,0.59,0.459,4.305466331944171e-47,NEBL,46.3659798025328,Sig Up,NA
2.111446226778053e-51,-2.8094152303510906,0.014,0.114,5.317466177517848e-47,IL18R1,46.27429526380682,Sig Down,IL18R1
5.09176553335947e-51,-0.7217182328974703,0.139,0.307,1.2823102319212488e-46,ENPEP,45.89200689235839,Sig Down,NA
3.3840133329748065e-50,1.8465615111689124,0.156,0.049,8.522299177763752e-46,STAC,45.06944322383526,Sig Up,STAC
3.985749759664505e-49,-1.4863385510059288,0.062,0.193,1.003771219473909e-44,KIF5C,43.99836526073889,Sig Down,NA
5.114426735672079e-49,-1.1742415064542548,0.131,0.289,1.2880172291116563e-44,KSR1,43.89007832761435,Sig Down,NA
9.129609689426197e-48,-0.8379704974996898,0.223,0.404,2.2992009041850934e-43,JAG1,42.63842307841892,Sig Down,NA
1.1059107795126491e-47,-1.1494751561026204,0.124,0.279,2.7851257071246557e-43,RNF24,42.55515519809222,Sig Down,NA
7.554806755564342e-47,1.0871219883844672,0.4,0.26,1.902602533321324e-42,SESN3,41.7206519293244,Sig Up,NA
1.1849347163397328e-46,-0.5898796944488889,0.589,0.73,2.984139589629983e-42,TJP1,41.52518086565375,Sig Down,NA
1.096866248682905e-45,1.0223316351038605,0.41,0.269,2.7623479606830284e-41,LSAMP,40.55872161616783,Sig Up,NA
1.1660057860865881e-45,-1.5582083232650255,0.055,0.176,2.9364689716804635e-41,OSMR,40.53217458378719,Sig Down,NA
1.2622581190386276e-45,1.330535925486012,0.252,0.124,3.17887084698688e-41,KLF7,40.497727116495525,Sig Up,NA
4.800150945081444e-44,-1.5532360050801897,0.051,0.167,1.2088700140093109e-39,GABRE,38.91762039494852,Sig Down,NA
1.1001634471840308e-43,-0.5457023444700417,0.544,0.707,2.7706516253882632e-39,PDE8A,38.55741807785652,Sig Down,NA
1.6785715319253793e-43,-1.0755306994766909,0.147,0.298,4.2273145460008754e-39,KLHL29,38.37393543598691,Sig Down,NA
2.429775870715594e-43,-1.0361451602461178,0.131,0.28,6.119147552810152e-39,TMEM165,38.213309074406126,Sig Down,NA
3.7907565220964325e-43,-0.7347776806223927,0.191,0.359,9.546641225247656e-39,ESYT2,38.020149398459814,Sig Down,NA
1.102175803940942e-42,-2.4960122737548542,0.076,0.189,2.775719544644868e-38,HSPA1B,37.556624416591184,Sig Down,NA
8.750188937337693e-42,-0.9381887569742544,0.179,0.333,2.2036475819791247e-37,CYSLTR2,36.65685785874931,Sig Down,NA
3.8890269111882954e-41,-0.9109237778949106,0.128,0.273,9.794125373136603e-37,RGL3,36.009034340943394,Sig Down,NA
9.96646323922348e-41,-1.006012832563044,0.101,0.236,2.509954102166041e-36,HEYL,35.60033422009596,Sig Down,NA
7.371912506353109e-40,0.45424572007189923,0.749,0.64,1.8565424455999669e-35,GRM3,34.73129511717355,Sig Up,NA
1.3510505033764608e-39,-0.7707886516945357,0.33,0.486,3.402485587703279e-35,NTRK3,34.46820370571146,Sig Down,NA
4.375821339980465e-39,0.6275821259319301,0.695,0.628,1.1020068462606802e-34,ADGRL3,33.95781570740438,Sig Up,NA
6.667858238511568e-39,0.6660649136371166,0.638,0.535,1.6792334187867533e-34,PLCL1,33.77488893135142,Sig Up,NA
2.7980884235561717e-37,-0.9257221364010914,0.153,0.295,7.046705885883863e-33,AHI1,32.15201385462779,Sig Down,NA
3.97768729197766e-37,0.21955374785842974,0.99,0.987,1.0017407676116538e-32,DLC1,31.99924465148452,Not sig,NA
6.231543715098377e-37,-1.2336507380333812,0.049,0.151,1.5693519692103754e-32,JUNB,31.804279643319816,Sig Down,NA
1.9662874622407132e-36,-0.7846513691147003,0.291,0.445,4.951898344907013e-32,REV3L,31.305228279314896,Sig Down,NA
2.9374254097930873e-36,-1.077256663697502,0.141,0.272,7.397612152022911e-32,SIPA1L2,31.130908441965172,Sig Down,NA
3.7700250464153076e-36,1.1393344015046876,0.25,0.134,9.494431076892311e-32,MAML3,31.02253105384101,Sig Up,NA
4.290674967609452e-36,-1.1523335411394657,0.086,0.203,1.0805635838427643e-31,GPX3,30.966349672742254,Sig Down,NA
6.5170100587267e-36,1.2125225482651785,0.255,0.141,1.641243813189732e-31,CNTN1,30.78482689800993,Sig Up,NA
1.014735017458931e-35,-0.48631991674932395,0.373,0.539,2.555508667968572e-31,SIK2,30.592522641633206,Sig Down,NA
2.8569091608560845e-35,-0.9146236397669663,0.15,0.287,7.194840030699963e-31,GBE1,30.14297885767687,Sig Down,NA
7.43354731005692e-35,1.316674267842013,0.204,0.101,1.8720645545647346e-30,CYP7B1,29.72767917952534,Sig Up,NA
2.5093799772693567e-34,-0.7105825543914586,0.279,0.429,6.319622534755147e-30,MIR4435-2HG,29.19930886095315,Sig Down,NA
5.284738998860926e-34,-0.4677907366273182,0.368,0.532,1.3309086694731355e-29,ARHGEF7,28.875851745956393,Sig Down,NA
7.640999892499934e-34,-1.6005603472981376,0.031,0.116,1.9243094129271832e-29,PHLDA1,28.715725095747775,Sig Down,NA
2.6021603701929648e-33,-0.7932254312624315,0.142,0.278,6.553280676293963e-29,COL18A1,28.1835412308604,Sig Down,NA
4.3344007722685035e-33,-0.6982610239010394,0.256,0.407,1.0915754904881e-28,COL4A4,27.96194622425285,Sig Down,NA
5.257219915394544e-33,-0.9112534717389794,0.104,0.223,1.323978263492962e-28,UTY,27.878119144898246,Sig Down,NA
8.463748804709672e-33,-0.6876365569219538,0.265,0.415,2.1315104989780836e-28,LEF1,27.67131252384865,Sig Down,NA
9.743741542180889e-33,-0.7947322664542135,0.128,0.256,2.453863869982835e-28,CHD1,27.610149533766766,Sig Down,NA
1.3452995652632945e-32,-1.0973551121231364,0.062,0.163,3.388002425159081e-28,FOSL2,27.470056287469774,Sig Down,NA
1.381091808241215e-32,-1.8741070598015095,0.024,0.1,3.478141609874676e-28,SRGN,27.45865274000577,Sig Down,NA
2.163264372778328e-32,-0.6446533043346401,0.168,0.308,5.447964996404941e-28,TOP1,27.26376569146183,Sig Down,NA
2.87891744738626e-32,1.528374551306028,0.175,0.084,7.250265699497557e-28,CADM2,27.139646077606766,Sig Up,CADM2
3.913849056645343e-32,-1.7633229156164274,0.029,0.109,9.856637464255632e-28,PDK1,27.006271216882563,Sig Down,NA
1.5691746045067898e-31,-0.6226581282554497,0.351,0.499,3.951809323989899e-27,NID1,26.403204018420638,Sig Down,NA
3.327324625324408e-31,-1.6465267394419525,0.08,0.182,8.379534336416989e-27,AL138828.1,26.07678011511002,Sig Down,NA
3.716418259456941e-31,1.9538903953769258,0.125,0.048,9.35942774461636e-27,AL356258.1,26.028750704141483,Sig Up,AL356258.1
5.27507175742515e-31,0.7681192821197107,0.419,0.307,1.3284740713899497e-26,MPPED2,25.876646917551902,Sig Up,NA
8.947993300924608e-31,-0.8372150133232119,0.123,0.243,2.2534626329048532e-26,PRKAR1A,25.647149639038656,Sig Down,NA
3.1497286121486252e-30,-1.7304223346411411,0.029,0.105,7.932276536835098e-26,IGFBP4,25.10060215372946,Sig Down,NA
4.90854587540052e-30,-0.9828001286744898,0.072,0.171,1.236168193260867e-25,AC002546.1,24.907922435043663,Sig Down,NA
7.22980877852928e-30,1.2647745037882248,0.175,0.085,1.8207550427848138e-25,RANBP3L,24.739748478544865,Sig Up,NA
1.1113933799347852e-29,0.2759699449496926,0.938,0.927,2.798933088027763e-25,PRKG1,24.553007483758797,Sig Up,NA
1.3712503610588427e-29,-0.6589016268393795,0.261,0.406,3.453356909290589e-25,SLC6A13,24.46175853438578,Sig Down,NA
1.5663608373283715e-29,-1.349251126659993,0.108,0.214,3.944723132727771e-25,CA2,24.403983473100478,Sig Down,NA
2.1680148879098488e-29,0.4397707457139761,0.76,0.706,5.459928693712163e-25,ZEB1,24.26281302911386,Sig Up,NA
3.1925542330115516e-29,0.40895043041071766,0.801,0.776,8.040128580416292e-25,ZFHX3,24.094737005813894,Sig Up,NA
3.702724929585249e-29,0.5277547988562712,0.643,0.564,9.324942462667491e-25,DGKB,24.030353839221483,Sig Up,NA
3.7410943788719834e-29,-0.6552886446733763,0.196,0.332,9.421572083751203e-25,ZBTB38,24.025876624772575,Sig Down,NA
1.4372680471370467e-28,-1.173494108449558,0.05,0.136,3.6196158499099386e-24,BHLHE40,23.4413375187257,Sig Down,NA
1.5786324498101257e-28,0.8546506617468483,0.314,0.205,3.97562796160182e-24,IL1RAPL1,23.40059426355621,Sig Up,NA
2.1939779703272405e-28,-0.6982288010025088,0.138,0.259,5.525314120472123e-24,APOLD1,23.257643026799453,Sig Down,NA
2.5148829255409784e-28,-0.6603395726133539,0.144,0.266,6.3334811596824e-24,ANKH,23.198357517016554,Sig Down,NA
3.4871884555165235e-28,-0.4778870069105081,0.382,0.537,8.782135406372813e-24,ZNF638,23.0563998710591,Sig Down,NA
3.581930964139286e-28,-0.707565750825094,0.121,0.238,9.020734940088379e-24,BCL6,23.04475807804316,Sig Down,NA
4.698096731410407e-28,-0.6497205719111363,0.168,0.294,1.1831686808383967e-23,ABCA5,22.92695333488598,Sig Down,NA
5.669132457380591e-28,1.0770229266581401,0.244,0.145,1.427714318066728e-23,PLA2R1,22.845358685066444,Sig Up,NA
7.76747010724901e-28,-0.6497141371105966,0.307,0.439,1.9561596718095907e-23,COL4A3,22.708595698753115,Sig Down,NA
9.10508849472851e-28,-0.8413932538341761,0.133,0.248,2.2930254865124278e-23,ATF6,22.6395911181483,Sig Down,NA
9.41009106173333e-28,-0.6452513723498945,0.173,0.302,2.3698373329869217e-23,IFITM3,22.625281463192717,Sig Down,NA
2.06388498966841e-27,1.1663095774452787,0.203,0.112,5.1976879579809235e-23,FHL5,22.284189796823238,Sig Up,NA
4.392224389836587e-27,0.6966126934466113,0.422,0.318,1.106137790336446e-22,CTDSPL,21.9561907700879,Sig Up,NA
7.561903114648985e-27,-0.8491465101231974,0.179,0.297,1.9043896803932004e-22,P4HA1,21.720244180568894,Sig Down,NA
9.659575750058477e-27,0.9790785317377548,0.286,0.184,2.432667556894727e-22,GPC6,21.613917236762124,Sig Up,NA
1.0523078476122787e-26,0.5823723800154137,0.542,0.459,2.650132083426763e-22,MAST4,21.57673248014852,Sig Up,NA
1.4129641612252895e-26,-0.9008174444614798,0.145,0.256,3.558408943629769e-22,NXN,21.44874414288612,Sig Down,NA
2.7861095722866305e-26,1.463853471169824,0.118,0.049,7.01653834684665e-22,AMOTL2,21.15387709693743,Sig Up,NA
4.080621516083712e-26,-0.8002551322674485,0.123,0.23,1.027663722610522e-21,VMP1,20.988148974160364,Sig Down,NA
8.705190954184656e-26,0.6700467200474955,0.438,0.343,2.192315289901864e-21,ADK,20.65909698722332,Sig Up,NA
1.3047296035977775e-25,-1.03562604173491,0.086,0.176,3.285831033700643e-21,HSPH1,20.483354772921082,Sig Down,NA
1.6651936360930664e-25,-0.9454713298458374,0.084,0.178,4.193623653136778e-21,TNFRSF21,20.377410546855838,Sig Down,NA
1.9679317152815312e-25,-0.866970130908191,0.112,0.215,4.956039231765008e-21,MAP2K6,20.304865264428415,Sig Down,NA
1.9763201973289906e-25,-1.0728098585514858,0.06,0.144,4.9771647849533295e-21,OSMR-AS1,20.303017980310585,Sig Down,NA
2.337808088220225e-25,0.8171432880841174,0.352,0.253,5.887535889373815e-21,LDB2,20.2300664324729,Sig Up,NA
5.008914970149272e-25,1.0853394915548031,0.224,0.134,1.2614451460823928e-20,POU6F2,19.899131630022893,Sig Up,NA
7.92216359095808e-25,-0.647433905070844,0.561,0.669,1.995117678746883e-20,PDE3A,19.700031483073403,Sig Down,NA
9.829566990717233e-25,1.5072670372593027,0.122,0.053,2.4754781509422277e-20,OPCML,19.606340902484224,Sig Up,OPCML
1.9814245421628495e-24,-1.1173035244013623,0.069,0.153,4.99001956698292e-20,GALNT2,19.301897751407463,Sig Down,NA
2.48569963284975e-24,-0.526353601874578,0.317,0.453,6.25998595536881e-20,SPARCL1,19.203426641152618,Sig Down,NA
1.3053816947628761e-23,-0.5159300861765628,0.269,0.402,3.287473260090827e-19,UBE2D3,18.483137770986513,Sig Down,NA
1.5957363381208838e-23,-0.55671474623042,0.287,0.417,4.018702393923634e-19,CTBP2,18.395914154410704,Sig Down,NA
2.5222011605347808e-23,-0.6519194448205434,0.129,0.234,6.351911402690792e-19,RBM17,18.197095568136195,Sig Down,NA
2.944157228971519e-23,-0.8481383776482084,0.13,0.229,7.414565565441873e-19,PTGES3,18.129914290091914,Sig Down,NA
4.450234660172962e-23,-0.5808161516014849,0.1,0.191,1.1207470968179588e-18,PGAP1,17.95049237745666,Sig Down,NA
6.154505957433865e-23,-0.4287764725219123,0.684,0.754,1.5499507803201445e-18,ADAMTS9-AS2,17.809682092910197,Sig Down,NA
6.405213618613545e-23,-0.47207038891032926,0.272,0.406,1.6130889977116352e-18,HES4,17.792341670956475,Sig Down,NA
7.892984540523716e-23,-1.5709879504154052,0.298,0.393,1.987769226685493e-18,HSPB1,17.701634037139232,Sig Down,NA
9.811774931862598e-23,-0.8010091220516418,0.351,0.472,2.4709973988402765e-18,CPE,17.60712771176907,Sig Down,NA
1.0330342730312156e-22,-0.7382705730343786,0.142,0.245,2.6015935132018135e-18,TBX15,17.58476055895202,Sig Down,NA
1.1085410745015534e-22,-0.6730551588973106,0.178,0.289,2.791749842024712e-18,FAM110B,17.554123499765076,Sig Down,NA
1.4717054441282967e-22,-0.7852836374167556,0.19,0.295,3.706342990492702e-18,HSP90AA1,17.4310543929001,Sig Down,NA
1.5690258190425725e-22,-1.1816573708094278,0.061,0.138,3.9514346226768145e-18,NAMPT,17.40324519915955,Sig Down,NA
2.0022061558418537e-22,-0.44457194716753046,0.283,0.414,5.042355982872124e-18,CECR2,17.29736649702935,Sig Down,NA
2.379790389368152e-22,0.9255651984932927,0.255,0.165,5.9932641165847534e-18,CRIM1,17.222336582999684,Sig Up,NA
2.436409127701626e-22,0.43760635372985135,0.675,0.598,6.135852747203775e-18,IMMP2L,17.21212507145872,Sig Up,NA
2.6884741218685213e-22,-1.2413528488434185,0.036,0.102,6.7706532285136844e-18,SLC16A12,17.169369428825462,Sig Down,NA
2.7632214824459553e-22,0.7007834268133342,0.342,0.248,6.958896981391894e-18,PHLDB2,17.157459592696565,Sig Up,NA
2.9141072960719445e-22,0.4140578650066078,0.638,0.574,7.338887814427586e-18,MYO1B,17.134369751072335,Sig Up,NA
2.9374146434521197e-22,-0.8072025970934641,0.126,0.225,7.397585038069818e-18,BNIP3L,17.130910033757434,Sig Down,NA
5.73064338267981e-22,-0.46562109198233514,0.399,0.525,1.4432052294940835e-17,RHOJ,16.84067190612121,Sig Down,NA
5.7693825664460135e-22,-1.2605651605741173,0.537,0.632,1.4529613055337642e-17,TACC1,16.837745951439715,Sig Down,NA
7.443357372097669e-22,1.0409942755428694,0.186,0.106,1.874535120589077e-17,ZNF385B,16.727106418387187,Sig Up,NA
8.954962479400191e-22,-0.9846964147641777,0.049,0.121,2.2552177508121443e-17,GJA4,16.64681151879244,Sig Down,NA
9.014381062004184e-22,-0.4924049863568134,0.226,0.351,2.2701817266551336e-17,ELF2,16.64393937640838,Sig Down,NA
1.1283634482460303e-21,-0.4453664513854383,0.237,0.363,2.841670508062803e-17,LZTS1,16.546426279971485,Sig Down,NA
1.9884339331690845e-21,-0.44756333864183273,0.252,0.378,5.007672017293022e-17,ECE1,16.300364123436676,Sig Down,NA
2.5435184033412993e-21,-0.42986524357199984,0.282,0.409,6.405596746974728e-17,HIVEP2,16.193440405053416,Sig Down,NA
2.5731046121080976e-21,-0.6755009149397975,0.159,0.262,6.480106655133033e-17,DNAH11,16.188417846080863,Sig Down,NA
2.666523718797203e-21,-0.8796856870046236,0.053,0.125,6.715373333418875e-17,NAXD,16.172929838224345,Sig Down,NA
3.266477800091274e-21,0.7672324443182326,0.35,0.262,8.226297691749863e-17,GAB1,16.08479557837353,Sig Up,NA
3.406188287410186e-21,-0.5353280645051832,0.305,0.429,8.578144583013814e-17,MTUS1,16.066606638083435,Sig Down,NA
4.146769885226605e-21,-1.2600235779098923,0.044,0.111,1.0443225278954683e-16,RND3,15.981165353390129,Sig Down,NA
5.36883884469376e-21,1.2657657058345557,0.132,0.065,1.3520883746476767e-16,PDE1A,15.868994921288252,Sig Up,NA
6.42182759675839e-21,-0.3374276061663135,0.503,0.635,1.617273061967633e-16,ARHGEF12,15.79121664719698,Sig Down,NA
6.976814650765293e-21,1.0731823030980536,0.212,0.132,1.7570410016487314e-16,PITPNM2,15.755218103853581,Sig Up,NA
7.918125805122885e-21,-1.458946283650707,0.06,0.131,1.9941008027621475e-16,CD44,15.700252891672887,Sig Down,NA
8.637179072542741e-21,-0.49204140709394073,0.294,0.419,2.1751871776291639e-16,CCNH,15.662503365507588,Sig Down,NA
9.223931111126751e-21,0.7827036327135086,0.297,0.208,2.322954811026161e-16,L3MBTL4,15.633959238547964,Sig Up,NA
9.670418057452336e-21,1.2244646467980411,0.144,0.075,2.4353980835887965e-16,CNTN6,15.613430040044632,Sig Up,NA
1.6037764482919305e-20,-0.5963126267682142,0.138,0.238,4.0389506073783977e-16,HIF1A,15.393731457816436,Sig Down,NA
2.1070840623078624e-20,0.4687598061542313,0.586,0.514,5.306480502516121e-16,KCNT2,15.275193427149953,Sig Up,NA
2.253740639965863e-20,-1.265808695000663,0.043,0.108,5.675820427690029e-16,KCNQ3,15.245971353259842,Sig Down,NA
3.782257289302968e-20,-1.0064763498484384,0.047,0.113,9.525236757380595e-16,PARVB,15.021124220781365,Sig Down,NA
4.215934832483618e-20,-0.653805785721829,0.098,0.185,1.0617410282126743e-15,RLF,14.973981400141088,Sig Down,NA
4.297301810307395e-20,-0.8914460134492472,0.131,0.223,1.0822324879078144e-15,CHST11,14.965679432972912,Sig Down,NA
4.304329434730875e-20,-0.7875278505442213,0.077,0.156,1.0840023248426235e-15,TACC2,14.964969786372134,Sig Down,NA
5.146745836050118e-20,-0.4819493681218885,0.182,0.292,1.2961564713508616e-15,C1QTNF1,14.887342567491379,Sig Down,NA
5.747233314553441e-20,0.4396661735257328,0.663,0.616,1.4473832379371387e-15,PTH1R,14.839416461220507,Sig Up,NA
6.398844663948168e-20,-0.6097749789520356,0.115,0.207,1.6114850401687068e-15,BCLAF1,14.79277372180063,Sig Down,NA
8.125024705515658e-20,0.7179432407837469,0.366,0.283,2.046206221837063e-15,PREX2,14.68905059912208,Sig Up,NA
9.153083937557662e-20,-0.5589906590408114,0.171,0.275,2.3051126588345215e-15,AFF4,14.637307844281043,Sig Down,NA
1.2983764448316774e-19,0.6212937541507291,0.36,0.272,3.2698312386640963e-15,PDZRN3,14.485474661409523,Sig Up,NA
2.1097330855400906e-19,-0.4890585676305437,0.202,0.312,5.313151802624164e-15,PRELP,14.274647775639256,Sig Down,NA
2.491900376345949e-19,-0.941317861274092,0.047,0.112,6.275601907789638e-15,SSTR2,14.20234461364051,Sig Down,NA
2.650165318880749e-19,0.24597468856008575,0.913,0.905,6.674176339069278e-15,EPS8,14.17560232299243,Not sig,NA
3.450011304916829e-19,0.5076794934277804,0.553,0.495,8.688508470302541e-15,DMD,14.061054771159363,Sig Up,NA
3.493964431200473e-19,-0.45102678816782094,0.186,0.295,8.799200023535272e-15,MARCH6,14.055556809799473,Sig Down,NA
3.6404797280061237e-19,-0.4915161993857302,0.258,0.373,9.168184147010622e-15,BSG,14.037716672293417,Sig Down,NA
4.415319821724932e-19,0.5848492987655347,0.438,0.356,1.1119541439032069e-14,UNC5C,13.953913122340682,Sig Up,NA
5.263329101263464e-19,-0.46018801584505353,0.238,0.356,1.3255168008621906e-14,HNRNPU,13.87761476323417,Sig Down,NA
5.312932838397417e-19,0.38880175890274504,0.655,0.602,1.3380090060220056e-14,CASC15,13.873540963360051,Sig Up,NA
5.5376294459295075e-19,0.21730349723014175,0.943,0.938,1.3945965996628871e-14,RORA,13.855551398036482,Not sig,NA
6.612948962213534e-19,0.2554492408662403,0.885,0.871,1.6654050666438563e-14,PARD3,13.778480118426296,Sig Up,NA
6.614440549061088e-19,-1.0309026449224987,0.053,0.119,1.6657807078755445e-14,USP9Y,13.778382171973693,Sig Down,NA
7.278115069391587e-19,-0.9798385302926829,0.082,0.156,1.8329204990755772e-14,GLIS3,13.73685637167802,Sig Down,NA
7.976857838466005e-19,-0.5450772326609263,0.166,0.265,2.0088918780392788e-14,SORT1,13.697043437086762,Sig Down,NA
8.908717852943768e-19,-1.6930531292844262,0.128,0.2,2.2435715040853584e-14,HSPA1A,13.649060084662288,Sig Down,NA
9.79953456493826e-19,-0.4584155174516926,0.306,0.425,2.4679147848340517e-14,MSI2,13.607669840228453,Sig Down,NA
1.0905511130900548e-18,-1.2471566334946496,0.095,0.169,2.746443923205994e-14,DNAJB1,13.561229263961328,Sig Down,NA
1.1978384780314406e-18,-0.5848420503934739,0.154,0.25,3.01663642307438e-14,SNX25,13.520477029555703,Sig Down,NA
1.2270627708070783e-18,-0.9647810630755969,0.083,0.158,3.090234882000546e-14,PLOD2,13.51000850954606,Sig Down,NA
1.266743240973346e-18,-0.6453590210614444,0.1,0.182,3.190166178067275e-14,PHC2,13.496186693639402,Sig Down,NA
1.2904204908207832e-18,-0.7683812904822854,0.087,0.165,3.2497949640830605e-14,NAA38,13.488144038644602,Sig Down,NA
1.3486096144179514e-18,-0.6235342587896833,0.09,0.17,3.396338452950169e-14,CREM,13.468989037826042,Sig Down,NA
1.474493357084609e-18,-0.4883595215252776,0.308,0.424,3.713364070481879e-14,SPIDR,13.430232469020527,Sig Down,NA
2.085040165256178e-18,-0.526861943056576,0.205,0.31,5.250965152181158e-14,PAPOLA,13.279760863881226,Sig Down,NA
2.2854616632428584e-18,0.4099593707883895,0.605,0.55,5.755706652710814e-14,FP236383.1,13.239901348570639,Sig Up,NA
2.5611338515033824e-18,1.0240699404305025,0.123,0.062,6.449959491626118e-14,CALCRL,13.190443012902483,Sig Up,NA
4.1386452721943785e-18,-0.7236140738175119,0.076,0.148,1.0422764253494322e-13,TTTY14,12.982017085179399,Sig Down,NA
4.276377114556645e-18,-0.618502522808124,0.108,0.192,1.0769628125299455e-13,FSTL1,12.96779929260905,Sig Down,NA
4.321618055268732e-18,-0.7916224049722079,0.051,0.115,1.0883562910388775e-13,IFITM2,12.963228908036891,Sig Down,NA
4.486468856858858e-18,0.792788412815369,0.283,0.203,1.1298723169113348e-13,FRMD6,12.946970631909455,Sig Up,NA
4.518834031900828e-18,-0.7410968898786336,0.08,0.154,1.1380231625939046e-13,NSF,12.943848898499517,Sig Down,NA
6.310458887864106e-18,-0.45444057063085275,0.405,0.518,1.5892259663196965e-13,CAMK2D,12.798814347633016,Sig Down,NA
1.5079472683371194e-17,0.5714410315058664,0.438,0.368,3.7976144005802016e-13,HIP1,12.42048913443888,Sig Up,NA
1.6212069360769953e-17,0.6622400398334636,0.341,0.263,4.082847547816305e-13,KIF13A,12.389036836187273,Sig Up,NA
2.537520393000064e-17,-0.625013997620617,0.082,0.156,6.390491357731361e-13,GCC2,12.194465748140919,Sig Down,NA
2.5443248675514666e-17,0.4108654233584481,0.526,0.453,6.407627746441614e-13,SNTB1,12.19330272669321,Sig Up,NA
2.856134911270136e-17,-0.6403751945235594,0.096,0.175,7.19289016054271e-13,TDRP,12.14309657156831,Sig Down,NA
3.703908945746547e-17,0.7138113041502554,0.295,0.218,9.327924288968104e-13,ST5,12.030214987565422,Sig Up,NA
5.286904633851551e-17,0.2070145768710283,0.932,0.916,1.3314540629891746e-12,PTPRK,11.875673812728207,Not sig,NA
5.4897185245837886e-17,-1.118732226906706,0.082,0.15,1.3825307132311814e-12,PDK4,11.859325211966365,Sig Down,NA
8.29098492498549e-17,-0.4595795793498674,0.365,0.472,2.0880016435083457e-12,CACHD1,11.680269163827665,Sig Down,NA
8.591092995626139e-17,1.158662187128671,0.121,0.063,2.163580860018487e-12,PPM1E,11.664826869171701,Sig Up,NA
1.1524031299145674e-16,-0.3474937865996168,0.256,0.371,2.9022120423768464e-12,CSNK1A1,11.537270860171887,Sig Down,NA
1.8477529774652458e-16,-0.7030184130131851,0.057,0.121,4.653381098448475e-12,OPA3,11.33223137854868,Sig Down,NA
3.1811192237802214e-16,0.2413539575073793,0.904,0.862,8.011330653168109e-12,LAMA2,11.096295343175136,Not sig,NA
3.505167245089575e-16,-0.6382887086347402,0.137,0.219,8.827413190033585e-12,CMSS1,11.054166544654105,Sig Down,NA
4.0265093884959825e-16,-0.3542974957263385,0.379,0.486,1.0140361243988282e-11,PAG1,10.993946573259466,Sig Down,NA
4.991220533505952e-16,-0.6526710986517372,0.074,0.142,1.256988979158139e-11,MAPK1IP1L,10.900668530040207,Sig Down,NA
5.576894065045327e-16,-0.814347723991907,0.044,0.1,1.4044850013410151e-11,FGFR1,10.852482894319017,Sig Down,NA
5.9777988372018475e-16,-0.8238269694929632,0.068,0.132,1.5054488591609134e-11,DUSP1,10.822333993098054,Sig Down,NA
6.730633787914298e-16,-0.3553354752937632,0.202,0.303,1.6950428131483368e-11,SMCHD1,10.770819327974612,Sig Down,NA
8.090944285411084e-16,-0.4319561954564257,0.309,0.418,2.0376234088379275e-11,PHF21A,10.690876078708584,Sig Down,NA
8.551382560129751e-16,-0.6135024233484437,0.088,0.159,2.1535801839430763e-11,PPP2R1B,10.666838953575995,Sig Down,NA
1.0722790800314506e-15,0.9177687846652104,0.171,0.107,2.7004276351512053e-11,ZNF618,10.568567456255627,Sig Up,NA
1.4618787823053123e-15,-0.3971715194799448,0.197,0.293,3.6815955253576986e-11,CAMTA1,10.433963926520294,Sig Down,NA
1.7037399472552902e-15,0.9227034838746431,0.177,0.111,4.2906986831677227e-11,ARHGAP44,10.36747198298127,Sig Up,NA
1.7247087259999088e-15,-0.5818754510282047,0.096,0.169,4.34350645555817e-11,DENND3,10.362159528678172,Sig Down,NA
1.8556156232624782e-15,-0.3050002369543412,0.521,0.635,4.673182385624225e-11,CPM,10.33038726893835,Sig Down,NA
1.978920618862095e-15,1.0213239227360014,0.115,0.061,4.9837136865423e-11,NRG2,10.30244691577234,Sig Up,NA
3.1043838888257232e-15,1.0667784019419695,0.118,0.064,7.818080385618702e-11,PRPSAP1,10.106899868458498,Sig Up,NA
3.513939132428675e-15,0.6942737576834543,0.313,0.241,8.849504311108374e-11,EDIL3,10.053081054836568,Sig Up,NA
3.8914925431331914e-15,-1.0630781843916524,0.073,0.135,9.800334820626629e-11,MT2A,10.008759086729277,Sig Down,NA
4.089349778051844e-15,-0.8929816789498195,0.054,0.11,1.0298618481045765e-10,LARP4,9.987221030275366,Sig Down,NA
4.458177923734432e-15,0.7769042643074964,0.234,0.165,1.1227475283132793e-10,PLXDC2,9.949717892347266,Sig Up,NA
5.345189094379118e-15,-0.6902520453003063,0.061,0.121,1.346132421528437e-10,ZNF331,9.870912215661587,Sig Down,NA
5.858056759745848e-15,-0.6569935507224672,0.088,0.157,1.4752930143743943e-10,PLSCR1,9.83112171399918,Sig Down,NA
7.335431105387548e-15,-0.5825962036085709,0.1,0.172,1.8473549695808002e-10,BMPR1B,9.733449646780564,Sig Down,NA
7.860372812890091e-15,-0.4567121150136052,0.123,0.202,1.9795562891982406e-10,IL1R1,9.703432144459583,Sig Down,NA
8.667472262939223e-15,-0.425961977987958,0.197,0.292,2.182816214698614e-10,DENND4A,9.660982828790312,Sig Down,NA
1.1467560200456843e-14,0.44202618809810224,0.5,0.446,2.8879903608830516e-10,NOTCH3,9.539404260625352,Sig Up,NA
1.459295511895559e-14,-0.9079062991563545,0.05,0.104,3.675089817157776e-10,PPCDC,9.434732042533707,Sig Down,NA
1.5673113973275417e-14,0.9323118130285182,0.166,0.104,3.947117023029681e-10,SLC35F1,9.403719997571383,Sig Up,NA
1.6817289420830115e-14,0.743163581957232,0.241,0.172,4.2352661677418563e-10,SLCO3A1,9.373119290988729,Sig Up,NA
1.9232921773958548e-14,0.534004054225278,0.409,0.334,4.843619019553721e-10,ADARB2,9.314830024119509,Sig Up,NA
2.1215147514388305e-14,-0.5896160257031531,0.095,0.163,5.34282275002355e-10,RAB21,9.272229233446435,Sig Down,NA
3.45604090418961e-14,-0.712922132051099,0.051,0.106,8.703693413111114e-10,PABPC4,9.060296415364085,Sig Down,NA
3.7246849787788274e-14,-0.5557516929329201,0.114,0.188,9.3802466505566e-10,DCBLD1,9.027785741837636,Sig Down,NA
4.527476269451227e-14,-0.45096444814576486,0.19,0.279,1.140199623698597e-9,MXI1,8.943019106662573,Sig Down,NA
5.2988292057710263e-14,-1.0485533092146875,0.052,0.104,1.3344571471813753e-9,MIR646HG,8.874695367954764,Sig Down,NA
5.910439535007581e-14,-0.702451251764312,0.061,0.118,1.4884850924963092e-9,EIF1,8.82725551054968,Sig Down,NA
7.537620801829033e-14,-0.92038184528285,0.164,0.24,1.8982744227326236e-9,RGS6,8.721641003887934,Sig Down,NA
7.869114706015359e-14,-0.4424025585696859,0.126,0.205,1.981757847562908e-9,RAB1A,8.702949413368437,Sig Down,NA
8.279844687320766e-14,-0.3992563331043133,0.224,0.32,2.0851960860548617e-9,WSB1,8.680853098921679,Sig Down,NA
8.323264078746319e-14,-0.5203203613284484,0.134,0.212,2.096130825591473e-9,TANK,8.67858161526685,Sig Down,NA
8.462949316483781e-14,0.5403852868201175,0.412,0.351,2.1313091558632753e-9,CACNA2D3,8.671353549372071,Sig Up,NA
8.54287083807706e-14,-0.5233472060314042,0.196,0.284,2.151436591861327e-9,EDNRA,8.667271449121529,Sig Down,NA
8.792490436909808e-14,0.38926574874860176,0.56,0.503,2.214300791631366e-9,SEMA5A,8.654763384689122,Sig Up,NA
9.310449401621588e-14,-0.3445301877221467,0.209,0.302,2.3447435773043807e-9,ABL1,8.62990464508147,Sig Down,NA
9.913066075534593e-14,-0.7272853534694045,0.049,0.101,2.496506560462632e-9,NDUFS2,8.60266728834351,Sig Down,NA
1.0494972634370841e-13,0.4146672584677904,0.39,0.312,2.6430539082399525e-9,MAGI1,8.5778939788235,Sig Up,NA
1.1230285402496836e-13,-0.5245745418950598,0.09,0.156,2.828235075764803e-9,H3F3B,8.548484495913135,Sig Down,NA
1.1477069570200682e-13,0.45554358840688014,0.507,0.454,2.8903852005593396e-9,MAPK10,8.539044275122524,Sig Up,NA
1.233926473400982e-13,-0.8777669736174571,0.073,0.131,3.107520430613033e-9,CHORDC1,8.50758600737712,Sig Down,NA
1.2597298589685263e-13,0.5194154687923382,0.398,0.331,3.172503676826337e-9,MAP2,8.498597865900093,Sig Up,NA
1.3136960746776811e-13,-0.7953386690776548,0.055,0.109,3.3084121944682723e-9,ELAVL3,8.480380387078702,Sig Down,NA
1.827329397035464e-13,1.2058037331468126,0.103,0.056,4.6019463534941125e-9,FRZB,8.337058448361265,Sig Up,NA
2.1652135475996072e-13,-0.9007588238109971,0.057,0.11,5.452873798274851e-9,TMEM108,8.263374553541325,Sig Down,NA
2.4133005348456777e-13,-0.35791698962363094,0.236,0.334,6.077656066955355e-9,SVIL,8.216263880177383,Sig Down,NA
2.8674011655869215e-13,0.7029512895933459,0.252,0.185,7.221263095414103e-9,FIGN,8.141386831877615,Sig Up,NA
3.6127960194528023e-13,-0.44551362395997973,0.222,0.312,9.098465495389936e-9,LAMA4,8.04103184757777,Sig Down,NA
4.08294174941313e-13,-0.34003414398784537,0.355,0.456,1.0282480501722026e-8,TFPI,7.987902105354169,Sig Down,NA
4.123225486606411e-13,-0.4423657883882761,0.153,0.233,1.0383931065469585e-8,UBR1,7.983638203631682,Sig Down,NA
4.410222728691145e-13,-0.3469114947163705,0.236,0.33,1.1106704919935779e-8,PCM1,7.9544147662026425,Sig Down,NA
5.002676559201736e-13,-0.4441477136253327,0.188,0.272,1.259874064669365e-8,ZHX2,7.899672864209898,Sig Down,NA
5.178119542748509e-13,-0.7921737349693442,0.055,0.106,1.3040576256457846e-8,BAZ1A,7.884703216926938,Sig Down,NA
5.321764882879221e-13,-0.4703252155801405,0.177,0.258,1.340233268104303e-8,WDR41,7.872819605938382,Sig Down,NA
5.417082774405342e-13,-0.5883915286787595,0.106,0.173,1.3642381259062414e-8,ABCA8,7.865109817552762,Sig Down,NA
5.422567285885131e-13,0.5211742434807478,0.428,0.375,1.3656193452773114e-8,CARMN,7.864670339661572,Sig Up,NA
6.681198262079515e-13,-0.4743163982038989,0.102,0.17,1.6825929703221048e-8,TM9SF3,7.7740209298484935,Sig Down,NA
6.767645945994051e-13,0.34429460742607576,0.652,0.629,1.704363955039142e-8,NR2F2-AS1,7.7684376591073105,Sig Up,NA
7.065612862966633e-13,-0.3535365978025351,0.192,0.279,1.7794039434095167e-8,PCNX1,7.749725451309006,Sig Down,NA
8.16766090518055e-13,-0.4403528478262587,0.128,0.202,2.0569437223606697e-8,NFE2L2,7.686777590367777,Sig Down,NA
9.146484869441474e-13,0.7867652681221171,0.193,0.132,2.303450749520141e-8,PIK3CD,7.6376210690376505,Sig Up,NA
9.472747908586703e-13,-0.2675980886010927,0.246,0.345,2.3856168332984754e-8,ARIH1,7.622399309428117,Sig Down,NA
9.772885644889878e-13,0.7883797315228256,0.185,0.126,2.461203520809067e-8,RSU1,7.608852472315174,Sig Up,NA
1.149562268769687e-12,0.6814015812413368,0.265,0.201,2.8950576176695797e-8,GHR,7.538342788486821,Sig Up,NA
1.2899001028320562e-12,-0.35104673659150265,0.382,0.483,3.24848441897225e-8,STK39,7.4883192119432795,Sig Down,NA
1.2964092272779953e-12,0.6175089042362905,0.276,0.213,3.264876997976903e-8,ABCA9,7.486133175830299,Sig Up,NA
1.3585483084801027e-12,-0.5097634621155692,0.083,0.144,3.4213680600762904e-8,TBC1D15,7.465800203259561,Sig Down,NA
1.5032209067774636e-12,-0.3897501502954217,0.222,0.312,3.7857115316283644e-8,JUND,7.421852482024365,Sig Down,NA
1.7989477371001095e-12,-0.4277842601331864,0.085,0.147,4.530469981112916e-8,ABO,7.343856742884166,Sig Down,NA
2.0541507392012263e-12,0.7157862242257496,0.251,0.189,5.1731732216043684e-8,RAPGEF1,7.286242979173094,Sig Up,NA
2.348794327728746e-12,-0.5204633435584733,0.107,0.173,5.915203634952074e-8,AMOTL1,7.228030299892564,Sig Down,NA
2.4329029221312027e-12,0.7444879064051638,0.222,0.162,6.12702271909522e-8,USP12,7.2127505092943895,Sig Up,NA
2.600817288330089e-12,-0.6711710468210995,0.068,0.123,6.549898258930496e-8,ACSL4,7.18376544595146,Sig Down,NA
2.635222357688729e-12,0.42224412749557905,0.46,0.401,6.636543985603295e-8,BCL2,7.1780580228491555,Sig Up,NA
3.4926993267335487e-12,0.5532303458231307,0.385,0.334,8.796013984445769e-8,SYNE2,7.055714088842534,Sig Up,NA
3.6188831133370028e-12,-0.4739548697076495,0.096,0.159,9.113795232627908e-8,FOXK2,7.040300733306652,Sig Down,NA
3.742736805749555e-12,0.5010573087171091,0.378,0.312,9.42570837159968e-8,CACNB2,7.0256860013007945,Sig Up,NA
3.988106642649167e-12,0.8935248061072387,0.175,0.118,1.0043647768847662e-7,LRMDA,6.998108526417911,Sig Up,NA
4.020929415678139e-12,-0.4215131378570609,0.123,0.194,1.0126308640443827e-7,YTHDC1,6.9945488398566535,Sig Down,NA
4.976660949512373e-12,0.40417624032243626,0.526,0.469,1.253322293525196e-7,WWOX,6.901937235229931,Sig Up,NA
4.986955050468508e-12,-0.4018416073868962,0.168,0.246,1.255914759909989e-7,CPEB4,6.901039835564561,Sig Down,NA
5.553318890551935e-12,-0.3893551454836133,0.083,0.143,1.3985478293965992e-7,NUP98,6.8543226764588345,Sig Down,NA
5.83401091175179e-12,1.0455336193076121,0.1,0.056,1.4692373080155707e-7,ACTG1,6.832908052243722,Sig Up,NA
6.2236882504296754e-12,-0.5924253491883489,0.101,0.163,1.5673736489882094e-7,FAM182B,6.804827458955881,Sig Down,NA
7.115206290766703e-12,-0.5048487516717356,0.08,0.138,1.7918935522666863e-7,CLIP1,6.746687793243259,Sig Down,NA
7.759000780586028e-12,-0.2777916844763002,0.239,0.328,1.9540267565827854e-7,PAM,6.709069493761207,Sig Down,NA
9.040595300042837e-12,-0.25597501460009964,0.294,0.396,2.276783520362788e-7,STK3,6.64267826072492,Sig Down,NA
9.219631043943949e-12,-0.44096385706815455,0.117,0.184,2.3218718821068442e-7,PTMA,6.634161747745205,Sig Down,NA
9.82597907677587e-12,-0.29445130149876864,0.316,0.417,2.474574570695235e-7,COL5A3,6.606499454298377,Sig Down,NA
1.3593167251611359e-11,-0.3859742720065078,0.148,0.223,3.4233032406458047e-7,CNN3,6.465554628789058,Sig Down,NA
1.3837956628947081e-11,-0.5010172062080809,0.093,0.153,3.4849509974340327e-7,AASS,6.457803324221243,Sig Down,NA
1.4066353444849778e-11,-0.598337465673788,0.057,0.106,3.5424704515509683e-7,C11orf58,6.450693763601852,Sig Down,NA
1.422530003848775e-11,-0.420939521297247,0.093,0.154,3.582499561692755e-7,WTAP,6.4458138540651415,Sig Down,NA
1.4275033680897054e-11,0.3891859005170044,0.527,0.492,3.595024482197114e-7,CDC42BPA,6.4442981477158945,Sig Up,NA
1.494926741836384e-11,0.45429127229515265,0.484,0.438,3.7648235066407494e-7,DLEU2,6.424255378530651,Sig Up,NA
1.500679408269648e-11,0.7658900994690951,0.256,0.199,3.7793110217862815e-07,PCSK5,6.422587365958794,Sig Up,NA
1.514983130438117e-11,0.3591844167162761,0.604,0.572,3.8153335156953535e-7,RBPMS,6.418467492389259,Sig Up,NA
1.5180611151802438e-11,0.5485929740982565,0.37,0.314,3.823085112469926e-7,SH3D19,6.4175860332745716,Sig Up,NA
1.6299695844979225e-11,-0.5695077446108633,0.083,0.14,4.104915401599568e-7,SMIM3,6.3866957888483356,Sig Down,NA
1.8380384811128805e-11,0.9796111975727062,0.16,0.109,4.6289161108346785e-7,GFAP,6.33452068980084,Sig Up,NA
1.862948352645083e-11,-0.5436717150451289,0.075,0.13,4.691649131301377e-7,TERF2IP,6.32867447439911,Sig Down,NA
1.870225350223199e-11,-0.3483133886018963,0.134,0.204,4.7099755220021046e-7,INTS6,6.326981349917184,Sig Down,NA
1.8995406107186658e-11,-0.3709076004055325,0.154,0.23,4.783803074033888e-7,COL6A2,6.3202267064487225,Sig Down,NA
1.9304515648479815e-11,-0.25689045860778736,0.254,0.351,4.861649220913157e-7,PUM1,6.3132163797003225,Sig Down,NA
2.2286724334807897e-11,-0.276308902822916,0.265,0.358,5.612688656478021e-7,BRAF,6.250829048021513,Sig Down,NA
2.2345663230145667e-11,0.6455102218194173,0.288,0.229,5.627531827879884e-7,CPQ,6.249682040062046,Sig Up,NA
2.5427433319794155e-11,-0.2192887462627393,0.476,0.585,6.403644807256961e-7,ZFAND3,6.193572765217194,Not sig,NA
2.659523196056016e-11,-0.39163445086665316,0.155,0.227,6.697743216947471e-7,MCC,6.174071506781296,Sig Down,NA
2.7092477963954334e-11,-0.5567805344929828,0.076,0.131,6.822969650442259e-7,WDR60,6.166026560520588,Sig Down,NA
2.764306188979641e-11,-0.39791824806516063,0.118,0.184,6.961628706326328e-7,HIPK3,6.157289143231228,Sig Down,NA
2.913203479305987e-11,0.6403415838840165,0.281,0.225,7.336611642284198e-7,PCDH9,6.134504469350588,Sig Up,NA
3.149172323215332e-11,0.279802832491685,0.679,0.649,7.930875578785492e-7,SLC38A11,6.1006788633704545,Sig Up,NA
3.202978206674423e-11,-0.2888189224963167,0.33,0.431,8.066380315688866e-7,ASH1L,6.0933213056223154,Sig Down,NA
3.2755488032917425e-11,-0.49521261885813306,0.112,0.175,8.249142106209924e-7,ITGB5,6.083591214833362,Sig Down,NA
3.2840660331661e-11,1.0306692972516762,0.122,0.076,8.270591897925506e-7,WWP2,6.082463408367127,Sig Up,NA
3.66730463976721e-11,-0.28617216045538796,0.253,0.346,9.235740004789742e-7,ARID4B,6.034528301401727,Sig Down,NA
4.113547470301721e-11,-0.30806361038621,0.221,0.308,1.0359557949207854e-6,MED13,5.984658775895387,Sig Down,NA
4.154781411029611e-11,-0.21406287808061375,0.714,0.79,1.0463401505536972e-6,LPP,5.980327109451406,Not sig,NA
4.658165971290473e-11,-0.28966146669469284,0.25,0.343,1.1731125182097926e-6,PNISR,5.930660330856272,Sig Down,NA
4.779047905831012e-11,-0.30502843926409495,0.217,0.3,1.2035554246044822e-6,KDM5A,5.919533905351024,Sig Down,NA
5.656055345940721e-11,-0.5161732980075202,0.087,0.143,1.4244209783217113e-6,ADCY3,5.846361638829384,Sig Down,NA
5.719597414820894e-11,-0.4208469476130202,0.129,0.195,1.440423412948494e-6,MIR29B2CHG,5.84150982812851,Sig Down,NA
5.787789872371641e-11,-0.6490832766095661,0.071,0.122,1.457597001458074e-6,BCL2L13,5.836362533792833,Sig Down,NA
6.05807763684664e-11,-0.3795728158479087,0.15,0.221,1.5256662720634577e-6,RB1CC1,5.8165404546196635,Sig Down,NA
6.609859802173842e-11,-0.6891878925022249,0.076,0.128,1.6646270925794605e-6,ST6GALNAC3,5.778683041301046,Sig Down,NA
6.61315000921947e-11,0.5695208599998591,0.352,0.301,1.6654556983218314e-6,NR3C1,5.778466915197518,Sig Up,NA
6.804282728145124e-11,0.4056379861685976,0.177,0.12,1.713590562256068e-6,FGF1,5.766092938418964,Sig Up,NA
7.517226894094397e-11,0.4227006248949574,0.509,0.47,1.8931384210087328e-6,PARD3B,5.722817630472294,Sig Up,NA
8.090608186452164e-11,0.6461914349434472,0.233,0.175,2.037538765676113e-6,NHSL1,5.69089411973691,Sig Up,NA
9.074075997026353e-11,-0.45009170831828554,0.092,0.149,2.285215299091117e-6,NEMF,5.641072877081028,Sig Down,NA
1.0299934990710176e-10,-0.3026643432828364,0.182,0.262,2.5939356280604505e-6,XRN1,5.5860408057095405,Sig Down,NA
1.1349118752264239e-10,-0.7728627706624882,0.06,0.107,2.8581620665702262e-6,TBPL1,5.543913149015447,Sig Down,NA
1.1787766950819216e-10,-0.49543007538554606,0.101,0.16,2.9686312288943114e-6,CEBPB,5.5274437482454255,Sig Down,NA
1.238004609818389e-10,-0.2541111452359486,0.195,0.276,3.1177908093666306e-6,AXL,5.506153027500451,Sig Down,NA
1.275239007440596e-10,-0.5181576051321188,0.076,0.128,3.211561916338397e-6,HBP1,5.493283700719818,Sig Down,NA
1.2777324335830433e-10,-0.31900418303332256,0.156,0.229,3.2178413607355363e-6,SMC5,5.4924353703847295,Sig Down,NA
1.3263033891470174e-10,-0.39223449726339366,0.143,0.211,3.3401624552278486e-6,XRCC5,5.476232409926989,Sig Down,NA
1.456304715740863e-10,-0.6361598972064872,0.059,0.106,3.66755779612179e-6,ANGPTL4,5.435623033493135,Sig Down,NA
1.4743441941386775e-10,-0.25213037637798164,0.189,0.269,3.7129884185188454e-6,NAP1L1,5.4302764054146175,Sig Down,NA
1.570271518145586e-10,-0.2973464698250151,0.132,0.2,3.954571791297844e-6,TAF15,5.402900535869114,Sig Down,NA
1.8712569989408883e-10,0.47015376668549314,0.368,0.312,4.712573626132733e-6,ISYNA1,5.326741851603469,Sig Up,NA
1.9395019790354323e-10,-0.22691637071224147,0.381,0.484,4.884441784002833e-6,N4BP2L2,5.311185062237891,Not sig,NA
2.09711144781454e-10,-0.3417935636832601,0.315,0.399,5.281365470176137e-6,BACH1,5.2772537783193245,Sig Down,NA
2.1751312133323195e-10,-0.2691728907911308,0.268,0.355,5.4778504476561134e-6,SMURF1,5.261389828716651,Sig Down,NA
2.184580999396944e-10,0.6891340944928295,0.183,0.129,5.501648788881264e-6,A2M,5.259507137304983,Sig Up,NA
2.225575861503493e-10,-0.2765986747828535,0.165,0.238,5.6048902496103965e-6,STAG2,5.25143288698609,Sig Down,NA
2.551263136034723e-10,0.9844468348805875,0.126,0.082,6.425101081789847e-6,HLF,5.192120035480212,Sig Up,NA
2.5828431189088776e-10,0.41922498578739464,0.494,0.457,6.5046321106601175e-6,DAAM2,5.186777261258949,Sig Up,NA
2.827722935781462e-10,-0.33517969109938206,0.141,0.21,7.121337441472034e-6,ENSA,5.147438434887815,Sig Down,NA
2.902886149420999e-10,-0.23944794296132255,0.584,0.671,7.310628478701844e-6,FRMD3,5.136045286092806,Not sig,NA
3.2769561194760725e-10,-0.3152270066578906,0.163,0.236,8.25268629128854e-6,AGO2,5.08340466337869,Sig Down,NA
3.2789771179700367e-10,-0.19836212455506175,0.339,0.441,8.25777597389574e-6,NIPBL,5.083136903323827,Not sig,NA
3.38292561265136e-10,-0.22570827063543875,0.217,0.3,8.519559862901185e-6,ARID2,5.0695828411547526,Not sig,NA
3.4397723993686704e-10,-0.3235316846106425,0.1,0.158,8.662722810570059e-6,BTAF1,5.062345581914723,Sig Down,NA
3.6070822918326535e-10,-0.25691982133068314,0.204,0.285,9.084076043751355e-6,RNF115,5.041719238912521,Sig Down,NA
3.7424661461977076e-10,-0.21508558405414213,0.276,0.368,9.425026742584306e-6,KMT2E,5.02571740885264,Not sig,NA
4.019608143230055e-10,0.5924905834508156,0.284,0.232,1.012298114791057e-5,SH3KBP1,4.994691571939988,Sig Up,NA
4.064675027340271e-10,1.004023838916522,0.101,0.06,1.0236477588853739e-5,SYTL2,4.9898494600489,Sig Up,NA
4.838061442007819e-10,-0.2302661922681497,0.162,0.234,1.2184173935552492e-5,USP15,4.91420390984343,Not sig,NA
4.883545290902461e-10,-0.4483924457166979,0.086,0.14,1.2298720460608757e-5,SSH1,4.910140069520188,Sig Down,NA
5.426959926517833e-10,-0.7655108000654909,0.066,0.111,1.366725587894251e-5,ABHD3,4.864318674624994,Sig Down,NA
6.451866514304933e-10,-0.3014264289585903,0.142,0.21,1.6248380629625543e-5,KIAA0232,4.789189915833567,Sig Down,NA
6.724560958191971e-10,0.5350646526958369,0.333,0.279,1.693513431711066e-5,SUPT3H,4.771211354499206,Sig Up,NA
6.758885805632517e-10,-0.5128953276640917,0.08,0.131,1.702157801290493e-5,UBE2B,4.7690001804130615,Sig Down,NA
7.240476996537516e-10,-0.31295798309841605,0.091,0.145,1.823441726808008e-5,RANBP2,4.739108111226049,Sig Down,NA
7.925982864542338e-10,-0.3679664625348008,0.108,0.166,1.9960795246063424e-5,RHOQ,4.69982216023817,Sig Down,NA
9.039295992441332e-10,-0.5793628354948901,0.065,0.111,2.276456302736425e-5,PFKFB3,4.642740681689014,Sig Down,NA
9.07628833655421e-10,-0.24583213308506657,0.312,0.406,2.2857724546778123e-5,BIRC6,4.640967005172768,Not sig,NA
9.819084354294022e-10,-0.2646108391595856,0.244,0.329,2.4728382037854064e-5,PTPN12,4.606804298318003,Sig Down,NA
1.032750425594124e-9,-0.5675146582934384,0.058,0.102,2.600878671816242e-5,TNFRSF1A,4.584879906700591,Sig Down,NA
1.0337287397544947e-9,-0.2934844008645243,0.16,0.229,2.6033424581977195e-5,STXBP5,4.5844686986126675,Sig Down,NA
1.0770244882303945e-9,-0.40114437574666784,0.085,0.137,2.7123784711594255e-5,TMEM184B,4.566649711387555,Sig Down,NA
1.080284029646493e-9,0.5890765970785304,0.186,0.132,2.720587300261728e-5,LTBP1,4.565337333564868,Sig Up,NA
1.169575794128109e-9,0.7085426952387306,0.158,0.11,2.94545967993223e-5,DOCK4,4.530846917895835,Sig Up,NA
1.19863098738293e-9,0.6075076616260799,0.208,0.153,3.0186322786251712e-5,RERG,4.520189788298743,Sig Up,NA
1.2225168513252793e-9,-0.3088947717717476,0.131,0.194,3.0787864383775834e-5,YTHDC2,4.511620435114621,Sig Down,NA
1.2271637474393994e-9,-0.30278000680575623,0.309,0.395,3.090489181551383e-5,MGAT5,4.509972772344202,Sig Down,NA
1.286618783675758e-9,-0.40664085137324396,0.081,0.131,3.240220744809029e-5,IL6ST,4.489425401834495,Sig Down,NA
1.4001879144212594e-9,0.8420152836156853,0.12,0.077,3.5262332436785e-5,RNF150,4.452688964557316,Sig Up,NA
1.5427415756216929e-9,0.51333412496495745,0.315,0.263,3.8852403840456715e-5,MSC-AS1,4.410582105760129,Sig Up,NA
1.904468695297172e-9,-0.24406481822657244,0.155,0.224,4.7962139622363976e-5,CAPZB,4.319101450980632,Not sig,NA
1.9475211051289386e-9,-0.37954078901096244,0.088,0.141,4.904637151156719e-5,NRP2,4.309393116536698,Sig Down,NA
2.0748133293261426e-9,-0.30908424021945546,0.144,0.209,5.225209888574958e-5,TET2,4.281896259930947,Sig Down,NA
2.3037484559760693e-9,0.44860231974655607,0.38,0.328,5.801760111530133e-5,PPM1L,4.236440232167713,Sig Up,NA
2.3121757770431267e-9,0.9698341041416332,0.105,0.066,5.82298347690541e-5,MBP,4.234854442229084,Sig Up,NA
2.377569953852683e-9,-0.45260153556964583,0.107,0.162,5.987672171782597e-5,PLEKHG3,4.222741985530603,Sig Down,NA
2.4689794648525326e-9,-0.21767078738468748,0.207,0.285,6.217877884284619e-5,EPC2,4.206357811514783,Not sig,NA
2.770704568950275e-9,0.8439768635768332,0.131,0.087,6.977742386444373e-5,RBM20,4.156285068452098,Sig Up,NA
2.7972339670050693e-9,-0.5013456560705473,0.086,0.136,7.044554022505567e-5,ZFC3H1,4.152146496052948,Sig Down,NA
2.9348626403658724e-9,-0.3481961585885822,0.179,0.246,7.391158073497414e-5,SESN1,4.131287509436583,Sig Down,NA
3.02554822432742e-9,-0.5758059316567788,0.069,0.114,7.619540648146174e-5,SEC24D,4.118071209761266,Sig Down,NA
3.201381346598134e-9,-0.4614424364895635,0.074,0.121,8.06235878327274e-5,NUP58,4.093537879201018,Sig Down,NA
3.2232972331790525e-9,-0.3015528842141305,0.119,0.177,8.117551752038125e-5,NFKB1,4.090574933924266,Sig Down,NA
3.280321975377692e-9,-0.382062127137347,0.086,0.137,8.26116286279118e-5,TCF25,4.082958815954746,Sig Down,NA
3.327155555006401e-9,0.6559929186465449,0.222,0.171,8.379108549728121e-5,VWA8,4.0768021833420045,Sig Up,NA
3.53070359617062e-9,-0.35088861780929004,0.178,0.246,8.891723936596089e-5,FXR1,4.051014029404685,Sig Down,NA
3.6202858930293135e-9,0.7456423673107221,0.147,0.101,9.117327993005023e-5,ZNF704,4.0401324213120615,Sig Up,NA
3.748541091596689e-9,-0.22908784816070127,0.212,0.291,9.440325885077102e-5,FNDC3A,4.025013013366355,Not sig,NA
3.936581311097599e-9,0.5613905298627879,0.327,0.279,9.913886373868192e-5,ZSWIM5,4.003756062986328,Sig Up,NA
4.157552427363463e-9,-0.1911760418179813,0.231,0.314,1.0470380033072146e-4,RHOB,3.980037554875993,Not sig,NA
4.328427846176028e-9,-0.30660634673232456,0.158,0.223,1.090071268780971e-4,PDS5A,3.9625451069892135,Sig Down,NA
4.381113178463571e-9,-0.19440378423901605,0.254,0.341,1.1033395428642657e-4,WAC,3.957290816752919,Not sig,NA
4.775150738570725e-9,-0.3099773897999246,0.136,0.198,1.2025739620016515e-4,STK38,3.919888203684785,Sig Down,NA
4.970209828760822e-9,-0.19675905430688978,0.259,0.347,1.2516976432751253e-4,TNKS,3.9025005654671006,Not sig,NA
5.068047908456009e-9,0.43728215862836883,0.354,0.305,1.2763371852655614e-4,NHS,3.8940345776874197,Sig Up,NA
5.092760681331853e-9,-0.5357694436962456,0.075,0.121,1.282560849986614e-4,RADIL,3.8919220210024994,Sig Down,NA
5.280456906567478e-9,-0.474820604640782,0.085,0.134,1.3298302673499536e-4,NDFIP1,3.8762037865948296,Sig Down,NA
5.286068293235282e-9,0.6607512956198396,0.211,0.164,1.3312434389683734e-4,PRKAA2,3.875742519631724,Sig Up,NA
5.304908127592199e-9,-0.48290016007196035,0.071,0.117,1.3359880628528194e-4,CENPC,3.8741974222948374,Sig Down,NA
5.738692605349585e-9,-0.3557666251257985,0.145,0.207,1.4452323457312394e-4,TMOD3,3.8400623270546173,Sig Down,NA
6.156642847913796e-9,-0.405461909317159,0.094,0.146,1.5504889348186106e-4,PAK2,3.809531328790967,Sig Down,NA
6.199288585731486e-9,-0.4463130136735098,0.084,0.133,1.5612288374306174e-4,NUAK1,3.806533435470904,Sig Down,NA
6.366730486416853e-9,-0.37086283981265505,0.109,0.164,1.6033974056992202e-4,NSRP1,3.794958823427557,Sig Down,NA
6.648564003372422e-9,-0.19367097675393197,0.306,0.396,1.6743743586093108e-4,UBR5,3.7761474354097855,Not sig,NA
6.6584985460879974e-9,-0.3444763595468406,0.102,0.155,1.6768762738468012e-4,TRA2B,3.775498980070053,Sig Down,NA
6.83272515150186e-9,-0.2551981528034397,0.403,0.49,1.7207535021542285e-4,ZBTB16,3.7642813378778417,Sig Down,NA
7.330872372642605e-9,-0.2342991295911796,0.218,0.293,1.8462068983263134e-4,ELOVL5,3.7337196306305946,Not sig,NA
7.438348925373884e-9,0.7390542302257016,0.137,0.094,1.873273793366159e-4,SLC44A1,3.727398742508319,Sig Up,NA
7.684480855389303e-9,-0.3507574990756299,0.126,0.183,1.9352596586212422e-4,ZFAND6,3.7132607563603965,Sig Down,NA
8.439394126836146e-9,0.8496829474938519,0.151,0.107,2.125377016902415e-4,ROR1,3.6725640200433207,Sig Up,NA
8.473203956380637e-9,0.8877057019180432,0.111,0.072,2.1338916843748995e-4,STARD8,3.6708276289940955,Sig Up,NA
8.565642157867801e-9,-0.2685683642276109,0.19,0.261,2.157171321037427e-4,MFGE8,3.6661153621637683,Sig Down,NA
8.631927524771577e-9,0.8839417975357967,0.101,0.064,2.173864627838474e-4,NCAM2,3.662767504046073,Sig Up,NA
8.986835365553337e-9,0.7474700010288582,0.155,0.111,2.2632446184609525e-4,CPT1A,3.64526850362089,Sig Up,NA
9.073141083131812e-9,-0.4206557706505635,0.073,0.119,2.2849798503759154e-4,RBBP6,3.6411176253136652,Sig Down,NA
9.296728534185141e-9,-0.3172077353373654,0.065,0.11,2.341288114049186e-4,SRSF3,3.6305451396384845,Sig Down,NA
9.60884800312211e-9,-0.22572186539038608,0.276,0.358,2.4198922811062722e-4,SETD5,3.6162039657395466,Not sig,NA
9.657418532253748e-9,-0.2729441968498382,0.111,0.167,2.4321242831627842e-4,U2SURP,3.614014236096393,Sig Down,NA
9.668169539795498e-9,0.7770432212873687,0.107,0.068,2.4348318169020982e-4,LRFN5,3.613531031785659,Sig Up,NA
9.9832432631894e-9,-0.3333358945086652,0.134,0.193,2.514179983401618e-4,ABHD2,3.599603635560065,Sig Down,NA
1.0314914649251782e-8,-0.39627792538986434,0.085,0.133,2.5977081052675686e-4,PCGF5,3.585409650566133,Sig Down,NA
1.0382908867910375e-8,-0.22919849291672334,0.14,0.203,2.614831769294549e-4,RSF1,3.5825562471474917,Not sig,NA
1.0466379913898252e-8,-0.4089023228796881,0.075,0.121,2.6358531175161356e-4,AHCYL1,3.5790787943927276,Sig Down,NA
1.0498551802006186e-8,0.7005742273001533,0.202,0.154,2.6439552858172375e-4,LINC01197,3.5777458938486677,Sig Up,NA
1.0847956799796957e-8,-0.4701390152324818,0.071,0.116,2.7319494404608657e-4,TAF1,3.5635273423009135,Sig Down,NA
1.1277700279888204e-8,-0.33492699293601325,0.103,0.156,2.840176038487045e-4,LUC7L,3.546654740877556,Sig Down,NA
1.1545546677965871e-8,-0.4304392461795075,0.086,0.134,2.907630475378925e-4,IRAK3,3.536460787875283,Sig Down,NA
1.1875090163922317e-8,-0.2265512120657316,0.212,0.285,2.990622706882196e-4,RAPGEF4,3.5242383735466287,Not sig,NA
1.1898063569323397e-8,-0.4334171668864253,0.075,0.12,2.9964083292984044e-4,TROVE2,3.5233990043645744,Sig Down,NA
1.2045798392772616e-8,-0.4669903289295013,0.072,0.117,3.033613867235856e-4,MAPKAPK2,3.518039699093397,Sig Down,NA
1.2458846402197516e-8,-0.3360829407338798,0.096,0.148,3.1376358779294225e-4,HNRNPK,3.5033974576201703,Sig Down,NA
1.2494654220512227e-8,-0.48996513015981413,0.071,0.115,3.146653718893799e-4,EIF2AK3,3.502151047442106,Sig Down,NA
1.2736985319452451e-8,-0.25718807378466724,0.175,0.243,3.2076823828509053e-4,CTNNB1,3.493808641074969,Sig Down,NA
1.2995910758956951e-8,0.24876113472041128,0.648,0.643,3.2728901655357186e-4,FOXP1,3.485068568875356,Not sig,NA
1.3172985573981957e-8,-0.36681702481651635,0.132,0.191,3.317484686951616e-4,EGLN1,3.479191073101888,Sig Down,NA
1.4161425245431598e-8,-0.21238846261514888,0.196,0.269,0.00035664133338094936,HNRNPC,3.447768325156721,Not sig,NA
1.4613834219893943e-8,0.4674848627360304,0.357,0.318,3.6803480099380903e-4,MYO6,3.4341111129433926,Sig Up,NA
1.5275785244879738e-8,-0.284065752513432,0.38,0.463,3.847053756070513e-4,CBLB,3.4148717451198336,Sig Down,NA
1.557643745643236e-8,0.41013568015582846,0.396,0.347,3.9227700090279256e-4,AC012409.2,3.4064071536951093,Sig Up,NA
1.593455955853648e-8,0.16453322600120668,0.846,0.814,4.0129594792218267e-4,PTPRG,3.396535225523876,Not sig,NA
1.6173636876143643e-8,-0.2889002702334731,0.172,0.238,4.073168710888015e-4,UBR2,3.3900676010384183,Sig Down,NA
1.648854018973115e-8,0.40120982339273015,0.427,0.379,4.152473961381893e-4,SMYD3,3.3816930821670232,Sig Up,NA
1.662702072641438e-8,-0.2369231406909007,0.164,0.231,4.1873488997401975e-4,SON,3.3780608511653707,Not sig,NA
1.679976091156467e-8,-0.45748069950483605,0.072,0.116,4.2308517879684465e-4,UBXN4,3.373572188281299,Sig Down,NA
1.8539136069945597e-8,-0.5174358260137044,0.059,0.1,4.6688960278550994e-4,KCTD1,3.3307857973117674,Sig Down,NA
1.9511212355370357e-8,0.6672712468739542,0.216,0.17,4.913703719576471e-4,SYNE1,3.308591033617484,Sig Up,NA
1.9815418914068402e-8,-0.1965493425078919,0.203,0.276,4.990315099318986e-4,HNRNPA2B1,3.3018720312152827,Not sig,NA
2.003135065924676e-8,-0.3060116075560987,0.111,0.166,5.044695350024704e-4,HOOK3,3.2971650557497956,Sig Down,NA
2.007737179152948e-8,-0.26301873346355376,0.125,0.182,5.056285311978784e-4,EMSY,3.2961684280164127,Sig Down,NA
2.1975098057449214e-8,0.7101819421443688,0.164,0.12,5.53420869478801e-4,RNLS,3.2569444676587653,Sig Up,NA
2.2692909082107375e-8,-0.3089070069832533,0.09,0.14,5.714982223237921e-4,CDC42EP4,3.2429851161631325,Sig Down,NA
2.3131003835685033e-8,-0.47677533465850586,0.066,0.108,5.825312005978919e-4,FAM241A,3.2346808086974597,Sig Down,NA
2.4487825035886607e-8,-0.41239031655520164,0.091,0.139,6.167013857037683e-4,UBAP1,3.209925075729972,Sig Down,NA
2.5520974734410274e-8,-0.3862850321649824,0.073,0.117,6.427202277113883e-4,RPAP2,3.191978031744807,Sig Down,NA
2.6089802070676056e-8,0.49873598758290427,0.366,0.327,6.570455753479058e-4,UACA,3.1824045049674266,Sig Up,NA
2.724358800478174e-8,-0.29704860841015046,0.194,0.26,6.861025203124233e-4,PTPN13,3.1636109853438006,Sig Down,NA
2.7700331082927562e-8,-0.3600017072983649,0.092,0.141,6.976051379924478e-4,SREK1,3.1563903294035414,Sig Down,NA
3.155593154257437e-8,-0.4964683498210931,0.256,0.318,7.947045799681929e-4,PIP5K1B,3.099794284089962,Sig Down,NA
3.2420484465601257e-8,-0.436003502595521,0.071,0.114,8.16477480781702e-4,FAM219A,3.088055789013183,Sig Down,NA
3.2436887891620644e-8,0.3742052997523888,0.331,0.276,8.168905846625743e-4,SPECC1,3.087836109513459,Sig Up,NA
3.2475533294437234e-8,0.7469686336513004,0.193,0.148,8.178638304871073e-4,ROBO1,3.087318997784443,Sig Up,NA
3.255693654451128e-8,-0.2654965136906373,0.175,0.24,8.199138899369721e-4,HNRNPA3,3.086231756261314,Sig Down,NA
3.357439264188341e-8,-0.579221410356409,0.061,0.101,8.455375042931919e-4,PHF10,3.0728671242621637,Sig Down,NA
3.3939387074372396e-8,-0.38436343144264545,0.069,0.112,8.547295240809945e-4,SAMD8,3.068171294374773,Sig Down,NA
3.6316233961319335e-8,0.5946838834950159,0.175,0.128,9.145880360818662e-4,KCNAB1,3.038774484015485,Sig Up,NA
3.883753576192108e-8,-0.42969603040052406,0.09,0.136,9.780845006282205e-4,PTMS,3.009623623155898,Sig Down,NA
4.181712896689786e-8,-0.43212635747649475,0.086,0.132,0.0010531225759023558,SQSTM1,2.977521077114744,Sig Down,NA
4.203714826967026e-8,-0.23175070908837658,0.203,0.273,0.0010586635420233759,TRIP12,2.975242042781992,Not sig,NA
4.663172703989981e-8,0.6068554746210246,0.266,0.224,0.0011743734137728368,VCL,2.930193789156927,Sig Up,NA
4.743950644670321e-8,-0.4464694313877374,0.081,0.125,0.0011947165303537737,CBFB,2.922735127274021,Sig Down,NA
4.816206362732984e-8,-0.1883182982265731,0.121,0.176,0.0012129134103906747,DNAJC15,2.9161702022099383,Not sig,NA
4.96981154847013e-8,-0.2965267368444635,0.105,0.156,0.0012515973403667176,TFDP2,2.902535368396798,Sig Down,NA
5.059050492957935e-8,-0.4435384887250281,0.069,0.111,0.0012740712761465263,ATP13A3,2.8948062753199393,Sig Down,NA
5.089086422577709e-8,-0.34113982343919913,0.146,0.203,0.0012816355246619703,PACS1,2.8922354632207905,Sig Down,NA
5.2135528886968194e-8,0.6810862134733373,0.224,0.181,0.001312981159489407,KLF6,2.8817415057372475,Sig Up,NA
5.292153507083253e-8,-0.2938929219559345,0.13,0.185,0.0013327759392238465,TTC19,2.875242856240886,Sig Down,NA
5.296827380809959e-8,-0.46185881616784147,0.06,0.1,0.00133395300758318,HSPA9,2.8748594694500453,Sig Down,NA
5.300876791825144e-8,-0.24799996631982624,0.115,0.169,0.0013349728112532443,COPA,2.874527579275382,Not sig,NA
6.041922337554701e-8,0.7141566243745013,0.115,0.077,0.0015215977214897759,COL4A5,2.8177001507386525,Sig Up,NA
6.052257268879826e-8,0.5300285228676547,0.198,0.151,0.0015242004705946955,ADGRF5,2.816957908621545,Sig Up,NA
6.175880003508374e-8,-0.22760374018081908,0.174,0.239,0.0015553336200835489,TBC1D22A,2.808176440192903,Not sig,NA
6.325943517532345e-8,0.5133226717770609,0.322,0.279,0.0015931256154553457,CELF2,2.7977499794102374,Sig Up,NA
6.442983550511282e-8,-0.2969405016217581,0.161,0.222,0.0016226009773607614,CASK,2.7897882667642686,Sig Down,NA
6.56718245144574e-8,-0.24675753402181755,0.2,0.267,0.0016538792285720953,THOC2,2.7814962071654,Not sig,NA
6.610869634852548e-8,-0.3731399993372364,0.082,0.127,0.0016648814088412657,SEPT6,2.7786166962838594,Sig Down,NA
6.642796022373674e-8,-0.2912713523354781,0.095,0.144,0.0016729217502745861,SENP5,2.7765243723781436,Sig Down,NA
7.028700532603416e-8,0.911240369442048,0.106,0.071,0.0017701079421308442,SWAP70,2.752000249320443,Sig Up,NA
7.558273564139472e-8,-0.3183770389496016,0.109,0.16,0.0019034756143928846,PSMD1,2.7204526826018838,Sig Down,NA
7.979408677633926e-8,-0.37722662557445785,0.067,0.108,0.002009534281375328,VPS35L,2.696904580621414,Sig Down,NA
8.048506159780912e-8,0.680198602099171,0.159,0.116,0.002026935791279225,GRID1,2.6931600085515854,Sig Up,NA
8.228104884311325e-8,0.6095539869266484,0.244,0.198,0.0020721659340649638,RAD51B,2.6835754702765486,Sig Up,NA
8.656399144704663e-8,0.5497150226080856,0.207,0.161,0.0021800275606024223,FGD4,2.6615380158715927,Sig Up,NA
8.746581415690175e-8,-0.20543593028669793,0.394,0.48,0.0022027390637274135,ROCK2,2.6570369462878047,Not sig,NA
9.024774686098585e-8,0.35786311064098086,0.464,0.43,0.0022727992569470676,KLF12,2.643438921270267,Sig Up,NA
9.09385519621452e-8,-0.2597257718948919,0.084,0.129,0.0022901964926146648,TIMM23B,2.6401272547791534,Sig Down,NA
9.509002692753963e-8,-0.38538313591990414,0.078,0.121,0.002394747238143158,WBP1L,2.6207403189394585,Sig Down,NA
9.543246638051069e-8,-0.3040078307396422,0.098,0.147,0.002403371233326781,SNX9,2.619179141333838,Sig Down,NA
9.687451352689103e-8,0.5600643891660979,0.276,0.233,0.0024396877486612236,CLASP2,2.6126657546904544,Sig Up,NA
1.0433998603769755e-7,-0.41638047099864905,0.064,0.104,0.0026276982083733753,CSF1R,2.580424515049982,Sig Down,NA
1.1055318626859244e-7,-0.16221203039957488,0.207,0.277,0.002784171442988232,NDUFA4L2,2.555304025364901,Not sig,NA
1.1117704811029365e-7,0.7515807957725913,0.129,0.09,0.002799882779609635,DLGAP1,2.5528601505271924,Sig Up,NA
1.180877480786187e-7,-0.17232281640264402,0.176,0.242,0.0029739218476119334,ZNF207,2.5266704485904112,Not sig,NA
1.2064945052745218e-7,-0.2613948078139559,0.091,0.137,0.003038435762083356,AL359915.2,2.5173499409745994,Sig Down,NA
1.2459893840783006e-7,-0.2699153840408754,0.102,0.152,0.0031378996648627924,CDK17,2.5033609472032197,Sig Down,NA
1.2861357823647928e-7,-0.36870993784900513,0.069,0.11,0.003239004354307494,RCOR1,2.489588468152081,Sig Down,NA
1.300739793161795e-7,0.7200821907047246,0.112,0.076,0.003275783095098665,RFTN2,2.48468486262603,Sig Up,NA
1.3062562425438372e-7,-0.20690543211907642,0.194,0.261,0.0032896757212223997,DDX5,2.4828469103858133,Not sig,NA
1.3077040801826973e-7,0.45534781089389,0.286,0.238,0.003293321955532105,THSD7B,2.482365810534309,Sig Up,NA
1.3387129528973472e-7,-0.264355238909345,0.122,0.175,0.0033714147005766792,FUBP1,2.472187823837701,Sig Down,NA
1.3571467672781064e-7,-0.3945522354549008,0.073,0.115,0.003417838418713183,PRKD3,2.4662484727797005,Sig Down,NA
1.364318483959469e-7,0.4347151782152918,0.33,0.287,0.0034358996700035267,ACTB,2.4639595262726943,Sig Up,NA
1.3953008058113004e-7,-0.1920617281348722,0.428,0.515,0.0035139255493551787,SH3RF1,2.454207444276907,Not sig,NA
1.5028971375576003e-7,0.3128999415969611,0.473,0.43,0.0037848961512250605,TMTC1,2.4219460320340898,Sig Up,NA
1.5843676012559903e-7,-0.20386954962409654,0.187,0.252,0.003990071367003086,MT-CO1,2.3990193363888297,Not sig,NA
1.6904235124447823e-7,0.699094919567145,0.167,0.126,0.00425716257374094,ITGA7,2.370879764544396,Sig Up,NA
1.701437715446654e-7,-0.31197132548182926,0.1,0.147,0.004284900742580854,FOXK1,2.3680592338221587,Sig Down,NA
1.7222735523123236e-7,-0.36810211718901575,0.095,0.141,0.004337373714143356,SECISBP2,2.362773156823342,Sig Down,NA
1.7738905743163719e-7,-0.3121696353862502,0.067,0.107,0.004467366022358351,ZFAND5,2.3499484632482748,Sig Down,NA
1.971186763075986e-7,-0.35049934709514663,0.092,0.136,0.004964236744130563,SLC2A12,2.30414751520356,Sig Down,NA
2.0492275713063305e-7,-0.5134321398215813,0.066,0.105,0.0051607747155778625,SNAP23,2.287285098867826,Sig Down,NA
2.052332855388477e-7,-0.20363312941871925,0.3,0.37,0.005168595063010341,NAV2,2.2866274915871854,Not sig,NA
2.065875987078558e-7,0.8694774350316268,0.111,0.076,0.0052027020858586405,ANKRD36,2.283771041713403,Sig Up,NA
2.0988755799754698e-7,-0.3537715225139551,0.103,0.15,0.005285808260610223,RPS6KA3,2.276888594679381,Sig Down,NA
2.1246123210815174e-7,-0.19911613505879644,0.199,0.267,0.005350623669411693,OGA,2.271595593605332,Not sig,NA
2.1932561655154127e-7,-0.17687743873384298,0.143,0.2,0.005523496327234015,ECPAS,2.257785930432999,Not sig,NA
2.2579724969437966e-7,-0.24935949988015027,0.133,0.187,0.005686477936303258,TAX1BP1,2.245156641589604,Not sig,NA
2.2723961061079668e-7,-0.34059923936696196,0.109,0.158,0.005722802353622303,OPA1,2.2423912529057715,Sig Down,NA
2.2871203196243322e-7,-0.15896832308366227,0.353,0.442,0.005759883812941918,ANKRD17,2.239586276977329,Not sig,NA
2.2902595929381922e-7,-0.4669542825833419,0.089,0.132,0.005767789758855543,SLC35F5,2.238990578426108,Sig Down,NA
2.3300508002377644e-7,-0.26591051894973905,0.407,0.486,0.005867999935318786,ZIC1,2.2315098996158533,Sig Down,NA
2.3418182953902979e-7,0.37930819497074975,0.428,0.393,0.005897635195110926,TBC1D5,2.2293220947293233,Sig Up,NA
2.3499496170059772e-7,-0.21325002686275807,0.105,0.154,0.005918113115467853,ALG13,2.2278167382368887,Not sig,NA
2.50583970981263e-7,-0.18653051006909283,0.148,0.207,0.006310706725192128,NUTM2B-AS1,2.199922002140269,Not sig,NA
2.5361256187211595e-7,-0.16098140758652746,0.2,0.268,0.0063869787581873685,PHC3,2.194704528216111,Not sig,NA
2.551350900110847e-7,-0.16682639839198865,0.263,0.339,0.006425322106839158,JAK1,2.192105095900732,Not sig,NA
2.569756516693533e-7,0.21902754300175342,0.579,0.538,0.006471674811640993,ITIH5,2.1889833132527112,Not sig,NA
2.618697198200512e-7,0.5897965132793257,0.211,0.168,0.0065949270239481685,PIP4K2A,2.1807900057691656,Sig Up,NA
2.6352469225718455e-7,-0.21333962409494583,0.112,0.161,0.006636605849804936,RIF1,2.178053974483585,Not sig,NA
2.643427375515536e-7,0.7829505802805334,0.1,0.066,0.006657207502498325,ANPEP,2.176707906051855,Sig Up,NA
2.65083990917603e-7,-0.19735607852851555,0.234,0.303,0.006675875227268913,CDH11,2.1754917889213394,Not sig,NA
2.658525671607494e-7,-0.22507034826953465,0.147,0.204,0.006695231051376312,USP9X,2.1742344309587214,Not sig,NA
2.6665525455911594e-7,0.6626390061306041,0.206,0.165,0.006715445930816776,ITPR1,2.172925143253964,Sig Up,NA
2.7392741140988464e-7,-0.31323339712656695,0.118,0.167,0.006898587928946535,SCARB1,2.1612397958461944,Sig Down,NA
2.824727779854852e-7,-0.36661071151500024,0.074,0.115,0.00711379444078646,GAPDH,2.1478986882818023,Sig Down,NA
2.9037136912225625e-7,-0.2035762971094206,0.163,0.224,0.007312712559974901,VAPA,2.1359214970078813,Not sig,NA
2.912554259334439e-7,-0.2332841252681035,0.199,0.266,0.007334976646707851,CPSF6,2.134601264536726,Not sig,NA
2.9313710610933885e-7,-0.1914858493618108,0.199,0.264,0.00738236488025759,FBXO11,2.1318044932007503,Not sig,NA
2.9332550135237717e-7,0.5114042120147291,0.252,0.208,0.007387109426058267,PSD3,2.131525467679799,Sig Up,NA
2.9692393126599165e-7,-0.1804855920177033,0.222,0.291,0.007477732285002733,TSC22D1,2.1262300873534077,Not sig,NA
3.046589988515303e-7,-0.25476677326063524,0.074,0.115,0.00767253222707694,GOSR1,2.1150612787172816,Sig Down,NA
3.1041452195613786e-7,0.23642990829594224,0.613,0.597,0.007817479320943376,KIAA1109,2.1069332588937355,Not sig,NA
3.2849798089929063e-7,0.8530390127191718,0.103,0.07,0.008272893150967735,DOCK10,2.0823425847920225,Sig Up,NA
3.3118421107882606e-7,-0.35670374245064873,0.073,0.112,0.008340543171809156,TNFRSF1B,2.07880566532893,Sig Down,NA
3.386812696041836e-7,-0.29644064476699206,0.233,0.297,0.00852934909371176,DOK6,2.069084110191834,Sig Down,NA
3.432399915036558e-7,-0.32017593508456055,0.137,0.19,0.008644155946028067,JAM3,2.0632774067716113,Sig Down,NA
3.438530675952468e-7,0.6214800760533352,0.163,0.122,0.008659595654318696,KCNB1,2.0625023861810257,Sig Up,NA
3.5750132917505886e-7,-0.4549332136892268,0.064,0.102,0.009003313473944683,CPD,2.0455976284921245,Sig Down,NA
3.780888785329714e-7,-0.29121781412904174,0.112,0.161,0.009521790316974352,LARP4B,2.021281386522888,Sig Down,NA
3.9471856496175123e-7,-0.38662304650502965,0.08,0.121,0.009940592339996742,BAZ1B,2.0025877360928943,Sig Down,NA
3.9600691924882345e-7,-0.4990307596231408,0.092,0.134,0.00997303825436237,MAP3K5,2.0011725150992286,Sig Down,NA
4.286599666182612e-7,-0.4361588065866392,0.073,0.111,0.01079537259931429,DLGAP2,1.9667623635165428,Sig Down,NA
4.338799164351046e-7,-0.2624125199354004,0.142,0.196,0.010926831815501675,RHOBTB3,1.961505741480998,Sig Down,NA
4.386865512772956e-7,-0.20012452059965358,0.091,0.136,0.011047882107367412,SREBF2,1.9567209687879488,Not sig,NA
4.5462413842370696e-7,-0.3249172722411886,0.094,0.138,0.011449254302062636,CLK1,1.9412227983062333,Sig Down,NA
4.7496871257081366e-7,0.507760544422625,0.296,0.258,0.01196161205738337,NBEA,1.9222102868653752,Sig Up,NA
4.772949191418373e-7,-0.19833457615350047,0.325,0.41,0.012020195243668031,PDS5B,1.920088478043845,Not sig,NA
4.787227563515904e-7,-0.18178527218970086,0.261,0.331,0.012056153895958452,AC022414.1,1.9187912169194563,Not sig,NA
4.9678791476112e-7,0.5179069270524908,0.239,0.197,0.012511106845344048,CCDC3,1.9027042670003271,Sig Up,NA
5.131133602047234e-7,0.7419032827920138,0.161,0.122,0.012922246863395754,ANK2,1.8886619665626443,Sig Up,NA
5.178367554089838e-7,0.5173702466578896,0.247,0.204,0.013041200848219848,MBNL2,1.8846824164458473,Sig Up,NA
5.25061920974432e-7,-0.3528075718000739,0.111,0.157,0.013223159417820094,JADE1,1.8786647661974467,Sig Down,NA
5.342228124861212e-7,-0.34057203272825853,0.082,0.124,0.013453867309650475,DARS,1.871152859912528,Sig Down,NA
5.47867307484765e-7,0.7857380812237986,0.135,0.099,0.01379749027169632,EVL,1.860199903473976,Sig Up,NA
5.561789426190299e-7,0.2975005104496411,0.531,0.515,0.01400681049091765,QKI,1.8536607472191329,Sig Up,NA
5.610658974136074e-7,-0.2156911824145351,0.206,0.269,0.014129883560464289,GNB1,1.8498614170089216,Not sig,NA
5.683077473360394e-7,-0.24145433089495072,0.145,0.2,0.014312262308910816,UBE2H,1.8442917128076075,Not sig,NA
5.866239371047387e-7,0.17683667498063205,0.81,0.811,0.01477353723204574,UTRN,1.830515508991533,Not sig,NA
6.027683153774148e-7,0.6213501098240337,0.182,0.142,0.015180117254464815,GNAI1,1.8187248738443345,Sig Up,NA
6.118486424729744e-7,-0.19055029511985877,0.194,0.258,0.015408796212039387,SETD2,1.8122312885294423,Not sig,NA
6.354754002888559e-7,-0.1997573083353701,0.174,0.232,0.016003812480874548,UBE2K,1.7957765459582833,Not sig,NA
6.390130403770726e-7,-0.19221048818473685,0.179,0.239,0.016092904408856197,GOLGA4,1.793365568398908,Not sig,NA
6.430218150003493e-7,-0.3126416907684251,0.077,0.117,0.016193861388968795,GAPVD1,1.7906495823788229,Sig Down,NA
6.685891321217491e-7,0.46695004058346523,0.295,0.256,0.01683774870335413,EPB41L2,1.773715976439165,Sig Up,NA
7.019573074447206e-7,-0.1847232309675786,0.128,0.179,0.017678092830687844,SEPT2,1.7525645898764015,Not sig,NA
7.155483423967191e-7,-0.28730273286438834,0.095,0.138,0.018020369454918975,CNOT6L,1.7442363093287754,Sig Down,NA
7.19806589330773e-7,0.5999574264864187,0.179,0.139,0.018127609145706186,LAMC1,1.741659471320759,Sig Up,NA
7.252151608597477e-7,-0.20527879631858492,0.159,0.216,0.018263818611091887,ATAD2B,1.738408414734699,Not sig,NA
7.502002314297816e-7,0.6887507678415238,0.113,0.078,0.018893042628327618,MGMT,1.7236980955305037,Sig Up,NA
7.541013738485813e-7,-0.19291790877190212,0.108,0.156,0.01899128899900267,UBR4,1.721445557319026,Not sig,NA
7.568939899046048e-7,0.6710005680599681,0.111,0.077,0.019061618241757568,APBA1,1.719840232573195,Sig Up,NA
7.688011272097748e-7,0.45243034854295994,0.376,0.348,0.01936148758765097,FRYL,1.7130612779011412,Sig Up,NA
7.718490047202186e-7,-0.18762939400759215,0.336,0.413,0.019438245334873986,AKAP13,1.7113429408385006,Not sig,NA
7.761452962571371e-7,-0.18502807293160783,0.302,0.38,0.019546443140939743,PPP6R3,1.7089322594855418,Not sig,NA
8.423442038027373e-7,-0.18841024701107822,0.232,0.3,0.021213596428568134,CAST,1.6733856975053254,Not sig,NA
8.4477731298252e-7,-0.3132028976107566,0.092,0.135,0.021274871850151783,AK3,1.672133047221732,Sig Down,NA
8.542779287098821e-7,-0.2699861965599554,0.104,0.149,0.02151413535662967,ADAM17,1.6672761033295191,Sig Down,NA
8.600740789559347e-7,-0.1859927319977252,0.097,0.142,0.02166010560442626,KANK3,1.6643394302911332,Not sig,NA
8.86323691743095e-7,-0.3490387015596758,0.083,0.123,0.022321175852858102,TPT1,1.651282931017751,Sig Down,NA
9.450946968367179e-7,-0.4174464569711158,0.088,0.129,0.0238012648451359,C7orf50,1.6233999630835347,Sig Down,NA
9.582582058743482e-7,-0.3163517693176389,0.101,0.145,0.024132774656739586,NDUFS1,1.6173927423748748,Sig Down,NA
9.593593934359489e-7,-0.23094778728793985,0.095,0.139,0.024160506964290937,PPM1B,1.6168939570755703,Not sig,NA
9.936354130385785e-7,-0.4101123703968189,0.072,0.11,0.02502371424196356,CCAR1,1.6016482280131081,Sig Down,NA
1.0061720658046696e-6,-0.27917237006373935,0.113,0.16,0.0253394373052248,KHDRBS1,1.596203033412687,Sig Down,NA
1.0533484096355207e-6,-0.17292278936559013,0.13,0.181,0.026527526348260954,SPEN,1.5763032454336894,Not sig,NA
1.0539081103731633e-6,-0.19211877962316692,0.193,0.254,0.026541621851637744,CNOT2,1.5760725426736948,Not sig,NA
1.0566587916521246e-6,-0.24376323290071278,0.11,0.157,0.026610895008967107,DDX3X,1.5749405184993803,Not sig,NA
1.0593111423674155e-6,-0.19786530398865154,0.107,0.153,0.026677691809380993,CYFIP1,1.5738517488864394,Not sig,NA
1.0626270517958876e-6,-0.22038203474146312,0.115,0.163,0.026761199672427634,RBM25,1.5724944215680006,Not sig,NA
1.0740095508867162e-6,-0.177384151543581,0.131,0.182,0.02704785652953106,PMEPA1,1.5678671458728046,Not sig,NA
1.0856451312672994e-6,-0.5355629477145194,0.075,0.113,0.02734088698583567,AC104389.4,1.563187400272754,Sig Down,NA
1.0865317442950678e-6,-0.29848621487617555,0.103,0.147,0.027363215448326986,POM121,1.5628328700581489,Sig Down,NA
1.090584905264886e-6,-0.21194642392220994,0.092,0.136,0.02746529025419089,PTPN1,1.561215806978418,Not sig,NA
1.1248833417015813e-6,-0.200908540405214,0.177,0.235,0.028329062077412624,INSR,1.5477678039245724,Not sig,NA
1.156983114019986e-6,-0.19587896952276718,0.216,0.281,0.029137462743479326,GPBP1,1.5355482687802193,Not sig,NA
1.1809480201245684e-6,-0.21155982077215163,0.249,0.315,0.02974099493881713,RB1,1.5266445069233292,Not sig,NA
1.1947656788133782e-6,-0.24751205247682062,0.073,0.111,0.030088978855236117,GATAD2A,1.5215925508794392,Not sig,NA
1.1953491970704724e-6,0.47036875459314187,0.344,0.308,0.030103674179022776,PRKN,1.5213804951604966,Sig Up,NA
1.2146108013219812e-6,-0.16521778742539794,0.198,0.262,0.030588758420492777,PRRC2C,1.5144381504122424,Not sig,NA
1.2593548951313523e-6,-0.18647416159043217,0.247,0.315,0.03171559367898798,TBX2,1.4987271547033665,Not sig,NA
1.2927356625264082e-6,-0.22028593600770063,0.126,0.175,0.032556254925065066,SLMAP,1.487365559523756,Not sig,NA
1.302064519061246e-6,-0.2578740516193472,0.099,0.143,0.032791192848038414,CREB3L2,1.484242784675612,Sig Down,NA
1.3059013439190705e-6,-0.2615791429948018,0.153,0.206,0.03288781944525787,PPP2R2A,1.4829649205059672,Sig Down,NA
1.31117674178539e-6,-0.20020723349701636,0.101,0.147,0.03302067506512326,SRSF4,1.481214052391786,Not sig,NA
1.3245934182717225e-6,-0.45240247831494224,0.105,0.148,0.033358560645755056,ZNF516,1.4767926965562372,Sig Down,NA
1.3559632973470893e-6,-0.14406576389342662,0.245,0.315,0.0341485796803891,DYM,1.4666273549340512,Not sig,NA
1.3933168683067473e-6,-0.254947022735467,0.107,0.153,0.03508929201143712,ITGA11,1.4548253943559253,Sig Down,NA
1.4308303671101285e-6,-0.31415593616201765,0.148,0.198,0.03603403196530148,XPO1,1.4432871405332162,Sig Down,NA
1.447013327749408e-6,0.42945788872661894,0.336,0.297,0.03644158364604109,FRMD4A,1.4384027581042946,Sig Up,NA
1.4594877617339004e-6,-0.37688634874367677,0.081,0.119,0.03675573979150655,SEC23A,1.4346748316782016,Sig Down,NA
1.504630087759812e-6,-0.13113775009807327,0.15,0.204,0.03789260413014311,ATP9B,1.4214455472589627,Not sig,NA
1.550008197409033e-6,-0.17091561302612535,0.452,0.542,0.03903540644354909,TCF12,1.4085412943248703,Not sig,NA
1.5577831669951554e-6,-0.29544988337435796,0.184,0.238,0.039231211277605996,MAGI3,1.4063682826668127,Sig Down,NA
1.5813886280559572e-6,-0.15113321491875364,0.262,0.331,0.03982569120896123,LINC02147,1.3998366779089357,Not sig,NA
1.5893980596752928e-6,-0.33573353973747005,0.076,0.115,0.04002740073486257,CAMK2N1,1.3976426108231343,Sig Down,NA
1.650500567117902e-6,-0.18580798292580902,0.267,0.336,0.04156620628229724,LARGE1,1.3812596114295352,Not sig,NA
1.6511050983952809e-6,-0.38319336080469785,0.079,0.116,0.041581430797986756,IWS1,1.3811005708732507,Sig Down,NA
1.666376050527487e-6,-0.24827401318290881,0.107,0.152,0.041966014456484235,KPNA1,1.3771022740991148,Not sig,NA
1.6768362260323665e-6,-0.3166115551163099,0.093,0.135,0.042229443516399116,ZNF654,1.3743846415054617,Sig Down,NA
1.6950859222704005e-6,-0.23034049640018534,0.105,0.149,0.04268904386645776,PSME4,1.3696835722555885,Not sig,NA
1.6970573447965209e-6,-0.2208279410130629,0.541,0.606,0.042738692171355584,COLEC12,1.36917877163039,Not sig,NA
1.7391185528654622e-6,-0.2291896937560901,0.121,0.168,0.0437979616353638,RPL13,1.3585461011651503,Not sig,NA
1.8106583700795523e-6,0.3942810630405442,0.364,0.33,0.04559962039208344,RAPGEF5,1.3410387727370927,Sig Up,NA
1.842795549940765e-6,-0.2759659060876145,0.117,0.164,0.04640896312970823,SMTN,1.3333981344914745,Sig Down,NA
1.849016972434973e-6,-0.2563221310583146,0.128,0.177,0.04656564343380236,TSC22D3,1.3319343916821251,Sig Down,NA
1.8589836306916634e-6,-0.15147813338363703,0.227,0.294,0.04681664375533885,NCOR1,1.3295997237188903,Not sig,NA
1.9425132861029236e-6,-0.22891528330478583,0.156,0.21,0.04892025459721603,DCAF5,1.310511291417471,Not sig,NA
1.9465807232385463e-6,-0.28572286324166496,0.104,0.147,0.04902268893403955,UBL3,1.3096028710278842,Sig Down,NA
2.006472919197083e-6,-0.289689297120772,0.11,0.154,0.05053101399705934,SMAP1,1.2964419867625798,Not sig,NA
2.0425663736150044e-6,-0.31809811700152607,0.071,0.107,0.05143999155312027,SAMD4B,1.288699111398639,Not sig,NA
2.04885389907363e-6,-0.40605123973153373,0.089,0.128,0.0515983365942703,PPP2R2D,1.2873642987521257,Not sig,NA
2.0600566004338504e-6,-0.1704259873469578,0.374,0.458,0.05188046542532609,NFAT5,1.2849961364672138,Not sig,NA
2.2795640680769943e-6,-0.20173256817109975,0.306,0.378,0.05740854149045103,PHIP,1.2410234865881402,Not sig,NA
2.353139365095811e-6,-0.2922088018736515,0.096,0.138,0.0592614617705729,CAPZA1,1.2272276402156717,Not sig,NA
2.3562289168747448e-06,-0.34707407623765374,0.096,0.137,0.05933926904257357,SORBS1,1.2266578077450283,Not sig,NA
2.492539621067876e-6,0.38732494522802385,0.369,0.332,0.0627721178169734,FBXL7,1.2022332187969618,Not sig,NA
2.5052097957691756e-6,0.6306383707742095,0.157,0.12,0.06309120349665091,NHSL2,1.2000311881278676,Not sig,NA
2.526437956860182e-6,-0.3237034486731206,0.086,0.125,0.06362581350556683,SLK,1.196366651826579,Not sig,NA
2.552015090558052e-6,-0.42593423565164046,0.08,0.117,0.06426994804061399,SFMBT2,1.1919920511971736,Not sig,NA
2.5522054987750548e-6,-0.1491582633070514,0.225,0.291,0.06427474328115097,TRA2A,1.1919596492911257,Not sig,NA
2.5818301162757016e-6,-0.14543340417970074,0.14,0.192,0.06502080964828727,CDC27,1.1869476269101138,Not sig,NA
2.5997512079861892e-6,-0.18268051352513903,0.162,0.216,0.06547213442192419,CDK8,1.1839435006458394,Not sig,NA
2.780119400502753e-6,-0.26575720555475635,0.076,0.114,0.07001452698226134,BDP1,1.1548118409331931,Not sig,NA
2.78455045001252e-6,-0.27318731740578084,0.351,0.417,0.0701261185331153,ADGRB3,1.1541201985502467,Not sig,NA
2.984078985465557e-6,-0.23166437439173637,0.175,0.229,0.07515104516996458,AEBP2,1.1240649750452454,Not sig,NA
3.0123956692860723e-6,0.5448398769823707,0.124,0.09,0.07586417253530045,PLCL2,1.1199632747465613,Not sig,NA
3.0571485143589268e-6,0.43588713769447884,0.296,0.259,0.07699122818561521,FOXO3,1.1135587523287056,Not sig,NA
3.0735391188001714e-6,0.5985089758365822,0.174,0.137,0.07740400916786351,TBC1D4,1.1112365442991825,Not sig,NA
3.1437291497507666e-6,-0.25413655228577836,0.087,0.127,0.07917167490732331,MTR,1.1014301672958076,Not sig,NA
3.1796212149374983e-6,-0.2159293930748855,0.065,0.1,0.08007558067698596,ARL13B,1.0964999033179477,Not sig,NA
3.2220650768910846e-6,-0.17120072186114177,0.186,0.245,0.08114448689642507,NKTR,1.0907409815900082,Not sig,NA
3.257847910441778e-6,0.7596088242029216,0.117,0.085,0.08204564177656573,VOPP1,1.0859444835037404,Not sig,NA
3.259811092266107e-6,-0.24768468545848255,0.076,0.113,0.08209508254762964,HIVEP3,1.0856828561130747,Not sig,NA
3.500413831653307e-6,-0.2106599525475643,0.123,0.169,0.08815442193635689,HSD17B12,1.0547558980624139,Not sig,NA
3.5047249813272495e-6,-0.3408062859535657,0.088,0.127,0.08826299392974545,PRPF4B,1.054221345129084,Not sig,NA
3.633192817145342e-6,-0.16656796221708897,0.089,0.13,0.0914983279069883,FNBP4,1.0385868424079068,Not sig,NA
3.6421153049454123e-6,-0.1693000503950416,0.11,0.155,0.09172303183974527,LEMD3,1.037521598408849,Not sig,NA
3.6938707460781556e-6,-0.26093802177274655,0.114,0.158,0.09302644086923227,SH3PXD2A,1.0313935945479167,Not sig,NA
3.836061640401411e-6,0.5595188455515301,0.115,0.081,0.09660737635186913,EDA,1.0149897122324363,Not sig,NA
3.909262639139912e-6,-0.21265045153236964,0.096,0.138,0.09845087030409953,CSDE1,1.0067804403527052,Not sig,NA
3.983787512276396e-6,-0.15468441518828424,0.256,0.324,0.10032770470916874,COP1,0.9985791234014142,Not sig,NA
3.9959622878658985e-6,-0.18410071886150225,0.173,0.228,0.1006343142576148,CUL1,0.9972539084280021,Not sig,NA
4.072784263257498e-6,0.45455334652209034,0.262,0.221,0.10256899888587684,NR3C2,0.9889838833495053,Not sig,NA
4.217032832917573e-6,-0.19619263429332845,0.199,0.257,0.10620175486419617,SCMH1,0.9738683069688605,Not sig,NA
4.372053336662955e-6,-0.28285337079082673,0.118,0.162,0.11010579123051986,GOLPH3,0.958189837855553,Not sig,NA
4.420431977920563e-6,-0.14882449027981837,0.165,0.222,0.11132415893195147,BRD4,0.9534105773338803,Not sig,NA
4.4240454070923295e-6,-0.23216256246061795,0.097,0.138,0.11141515953221323,ZNF800,0.9530557135315221,Not sig,NA
4.529480185388527e-6,-0.16223210322313997,0.175,0.231,0.11407042898882468,LIMS1,0.9428269251825575,Not sig,NA
4.693479847365863e-6,-0.2080936980225121,0.114,0.158,0.11820059647606189,ZNF451,0.9273803318675498,Not sig,NA
4.7786268522280525e-6,0.6455403302758262,0.144,0.109,0.12034493864651127,ZNF462,0.9195721701510089,Not sig,NA
4.9778452302607785e-6,-0.2599139530773007,0.121,0.165,0.12536205427888744,YAF2,0.901833899798279,Not sig,NA
5.002700634846193e-6,-0.29753379552787984,0.128,0.174,0.1259880127879665,HNRNPH1,0.8996707741498569,Not sig,NA
5.080157971958398e-6,-0.2916023373851295,0.077,0.113,0.1279386983658003,USP6NL,0.8929980720601163,Not sig,NA
5.1746911067685785e-6,-0.44537046409095127,0.104,0.144,0.13031942083285988,MERTK,0.8849908587920269,Not sig,NA
5.195867672380646e-6,-0.5148567783081538,0.093,0.13,0.1308527314612342,HSP90AB1,0.8832172073293331,Not sig,NA
5.198416227165473e-6,-0.2534478243919271,0.084,0.122,0.13091691426493526,LRRFIP1,0.8830042396419474,Not sig,NA
5.2747690040347865e-6,-0.200790829628687,0.141,0.189,0.13283978259761206,HDAC8,0.8766718438289572,Not sig,NA
5.392474747947625e-6,0.5029687828696747,0.248,0.21,0.135804084052313,CTNNA3,0.8670871692697071,Not sig,NA
5.430918286942105e-6,-0.21631441601471302,0.098,0.139,0.13677224613834998,UGP2,0.8640020208309452,Not sig,NA
5.431826989449979e-6,-0.2844425406653777,0.105,0.146,0.13679513090230827,UBC,0.8639293606560556,Not sig,NA
5.520705267548095e-6,-0.17949413575512185,0.284,0.353,0.13903344145793123,KANSL1L,0.8568807271282212,Not sig,NA
5.536971546835201e-6,-0.14270275696925028,0.346,0.418,0.1394430914354977,BAZ2B,0.85560299753823,Not sig,NA
5.570492105174838e-6,-0.16855889926835366,0.138,0.186,0.1402872731767231,NUFIP2,0.85298172626192,Not sig,NA
5.585304630661216e-6,-0.4530631456460845,0.123,0.164,0.14066031181857205,TSHZ1,0.851828424168915,Not sig,NA
5.700792694758508e-6,-0.3496178866541303,0.074,0.11,0.14356876322479828,STAU1,0.8429400408374019,Not sig,NA
5.811366861460792e-6,-0.17894866365999895,0.111,0.155,0.14635346303902858,MIER1,0.8345969967631793,Not sig,NA
5.874995865897251e-6,-0.2297312347831864,0.074,0.111,0.14795589588675637,EDEM3,0.8298677239804289,Not sig,NA
6.032605543299394e-6,0.782391223113149,0.107,0.076,0.15192513800245194,DCLK2,0.8183703604854928,Not sig,NA
6.128539372620013e-6,-0.186576890836314,0.121,0.166,0.1543411355600624,NRDC,0.8115183087662858,Not sig,NA
6.469763746426821e-6,-0.1969914810046024,0.117,0.161,0.16293453019001305,RBMX,0.7879868673071212,Not sig,NA
6.640206771592608e-6,-0.2026435651656402,0.204,0.261,0.16722696733578823,GIGYF2,0.7766936861030846,Not sig,NA
6.71241869986002e-6,-0.28873220102657926,0.101,0.141,0.16904555253727474,LMBR1,0.7719962507126346,Not sig,NA
6.773055228429719e-6,-0.1601134835071769,0.311,0.38,0.17057262287277403,FNDC3B,0.7680906724029186,Not sig,NA
7.091388810677105e-6,-0.22469477122274523,0.083,0.121,0.1785895358080922,ANKRD13C,0.7481439915501649,Not sig,NA
7.1699072540744915e-6,-0.1676145419375673,0.127,0.174,0.180566944286612,KLHL24,0.743361751408345,Not sig,NA
7.201455495638204e-6,-0.28793194575296893,0.098,0.137,0.18136145520215252,TTLL5,0.7414550081896035,Not sig,NA
7.220683188074455e-6,-0.3822410988944923,0.088,0.125,0.18184568540846707,MOSMO,0.7402969988464086,Not sig,NA
7.299718018071574e-6,-0.19485518036835064,0.103,0.144,0.18383609856711453,AC013394.1,0.7355692053047935,Not sig,NA
7.336468096156514e-6,-0.18524570139294683,0.148,0.198,0.18476161253360565,CUL3,0.7333882560412586,Not sig,NA
7.4962368958096144e-6,-0.13123343467973014,0.21,0.273,0.18878522998406932,MON2,0.7240319866657955,Not sig,NA
7.895531754186915e-6,-0.14274569649484126,0.201,0.261,0.19884107169744328,RBM39,0.7014939048016383,Not sig,NA
7.9889211843864e-6,-0.17058174621278355,0.125,0.17,0.20119299110758712,DENND5A,0.6963871527230616,Not sig,NA
8.092392073959597e-6,0.35205023128650437,0.308,0.271,0.2037988019905985,FOXP2,0.6907983732756257,Not sig,NA
8.159411758978387e-6,-0.2203547659921744,0.112,0.154,0.20548662573811172,HNRNPH3,0.6872164392728495,Not sig,NA
8.17390699734154e-6,-0.23390026598218533,0.109,0.152,0.20585167382104935,CALCOCO2,0.6864455973170174,Not sig,NA
8.468130887386262e-6,-0.12214689244520849,0.136,0.184,0.21326140826793563,TRIM33,0.6710877272634164,Not sig,NA
8.53111382464407e-6,-0.1061418684440556,0.179,0.234,0.21484757055983625,NUCKS1,0.6678695528407834,Not sig,NA
8.661474599891729e-6,-0.26330309532309126,0.103,0.143,0.2181305763236733,CSNK1E,0.6612834531837585,Not sig,NA
8.863648509131825e-6,0.38404565360186016,0.422,0.407,0.2232221240539759,SNRK,0.6512627636843228,Not sig,NA
8.961301682731291e-6,-0.19712526373954095,0.093,0.132,0.22568142157790483,PRKRIP1,0.646504191202676,Not sig,NA
9.001465867852222e-6,-0.33400645677416985,0.128,0.172,0.22669291641599035,SLC22A3,0.6445620502727384,Not sig,NA
9.529768012607768e-6,-0.13846479501026288,0.366,0.444,0.23999767762951402,DISC1,0.619792960778256,Not sig,NA
9.679376675755438e-6,-0.10755747375054137,0.188,0.244,0.24376542220222497,TENT2,0.6130278984378443,Not sig,NA
9.721237986758087e-6,-0.231124664742839,0.12,0.163,0.24481965745851567,MTDH,0.6111537140468439,Not sig,NA
9.725781508276512e-6,-0.15518702639501492,0.107,0.15,0.24493408150443569,SLTM,0.6109507804959965,Not sig,NA
9.848112712123066e-6,-0.1716282032264691,0.193,0.249,0.2480148705421073,TTN-AS1,0.6055222788481177,Not sig,NA
1.0131865114665433e-5,0.37880391031304983,0.343,0.312,0.25516089104773426,RIPOR3,0.5931858899185107,Not sig,NA
1.0237789351602374e-5,-0.17849471114982318,0.367,0.441,0.25782848703075417,CDK14,0.5886690998733458,Not sig,NA
1.0278695978705567e-5,-0.2840783103224701,0.149,0.195,0.258858679527721,PELI2,0.586937268550393,Not sig,NA
1.0422869170663142e-5,-0.25146952450599264,0.098,0.137,0.2624895371939806,XRN2,0.5808880028465147,Not sig,NA
1.0766446224394574e-5,-0.13627732297178885,0.088,0.127,0.271142181715153,DUSP16,0.5668029137692587,Not sig,NA
1.0794679751364478e-5,-0.12273557290331971,0.216,0.277,0.271853214858363,SPAG9,0.5656655267895774,Not sig,NA
1.099832361904736e-5,0.5920734008549886,0.175,0.14,0.27698178202208873,CHN1,0.5575487949336392,Not sig,NA
1.1169031805683425e-5,-0.30578920223150313,0.117,0.159,0.2812808969943314,TRPC4AP,0.5508597616551444,Not sig,NA
1.1344796359318445e-5,-0.1647078572449745,0.294,0.357,0.2857073515130757,LDLRAD3,0.5440785846768081,Not sig,NA
1.1694486661624584e-5,-0.21357583769108168,0.156,0.205,0.2945139520863535,PLOD1,0.5308941264436458,Not sig,NA
1.2286139714915392e-5,0.43583828944965886,0.339,0.307,0.3094141425804292,PTN,0.5094598396209142,Not sig,NA
1.3017651518184176e-5,-0.11905641883130424,0.144,0.192,0.3278365358339503,RPRD2,0.48434264799896987,Not sig,NA
1.3030508099510412e-5,-0.2877475024730093,0.088,0.125,0.3281603159780702,CAB39,0.48391393880327405,Not sig,NA
1.3120145725443778e-5,-0.3501447424517489,0.082,0.118,0.3304177499495761,FTH1,0.48093663054627855,Not sig,NA
1.3325956895692834e-5,-0.28320161498326885,0.101,0.139,0.33560089846112834,EEPD1,0.47417688516101336,Not sig,NA
1.3863775726660703e-5,-0.21594174797746923,0.165,0.214,0.3491453279002231,SESTD1,0.4569937651100847,Not sig,NA
1.4819066251129614e-5,0.3119364167413625,0.372,0.335,0.3732033644684482,RUNX1T1,0.4280544496964507,Not sig,NA
1.500701039992978e-5,-0.21154236479390565,0.103,0.142,0.37793654991183157,CCNT2,0.42258110581401154,Not sig,NA
1.5373614872462556e-5,-0.30919117301323623,0.068,0.1,0.387169116948097,TFG,0.4120992920504672,Not sig,NA
1.5415792627899565e-5,0.8659066477156664,0.107,0.079,0.38823132154102263,FOXN2,0.41090942973153777,Not sig,NA
1.5876032770077747e-5,-0.1814344076935922,0.07,0.104,0.39982200928163797,HDAC4,0.39813330264793134,Not sig,NA
1.592396768658021e-5,-0.30003697247614236,0.104,0.143,0.401029202218836,DHRSX,0.39682400169219856,Not sig,NA
1.6282789266102847e-5,-0.3084843076344337,0.072,0.105,0.4100657648775341,SERINC3,0.3871464871021857,Not sig,NA
1.7060999700372867e-5,-0.18795759726142675,0.108,0.148,0.4296642164541903,CWF19L2,0.36687081397632637,Not sig,NA
1.7225136269797572e-5,-0.2583826219198721,0.071,0.105,0.43379783181858206,KPNA6,0.3627126229801445,Not sig,NA
1.845500002706465e-5,-0.13892117328186504,0.149,0.198,0.46477072068159614,LRRFIP2,0.3327612391524514,Not sig,NA
1.849895394103735e-5,-0.23939218679622432,0.1,0.138,0.4658776560510846,ARL8B,0.33172811824123455,Not sig,NA
1.8599943937516387e-5,-0.15225588361630582,0.145,0.193,0.4684209881224127,RBM5,0.329363654117305,Not sig,NA
1.869980753036779e-5,-0.1436949435625966,0.13,0.175,0.4709359528447824,AP2B1,0.32703815278075365,Not sig,NA
1.8822827131906102e-5,0.6397290059950396,0.126,0.095,0.4740340784899233,DPH6-DT,0.3241904356083619,Not sig,NA
1.8901891775000156e-5,-0.1792357980208879,0.088,0.125,0.47602524246160394,AKAP10,0.3223700170880836,Not sig,NA
1.8998857896538985e-5,0.30802492874720366,0.435,0.41,0.4784672372664378,ZEB2,0.32014779490184325,Not sig,NA
1.9172900373700573e-5,-0.36338099364149695,0.07,0.102,0.48285032301127523,NFX1,0.3161874737296227,Not sig,NA
1.9215604435221917e-5,-0.2580238286533149,0.074,0.107,0.4839257820966288,INO80,0.31522123938337687,Not sig,NA
2.0039740470817948e-5,-0.21206404325246866,0.068,0.1,0.5046808240170791,ARHGDIA,0.29698319651811217,Not sig,NA
2.0488353235521733e-5,-0.2556006616585668,0.09,0.126,0.5159786878833793,PPP4R3B,0.2873682362134748,Not sig,NA
2.0632945816917145e-5,-0.2246340553065316,0.068,0.101,0.5196201074532414,B4GALT5,0.2843140516193596,Not sig,NA
2.0828797376131616e-5,-0.22688036201173534,0.101,0.139,0.5245524331204986,PIKFYVE,0.2802110941686635,Not sig,NA
2.091673375685698e-5,-0.20977309588987114,0.126,0.17,0.5267670229326862,ADAM10,0.27838142089067364,Not sig,NA
2.1083375090322932e-5,-0.20572879350887097,0.208,0.262,0.5309637182746927,DNAJC1,0.2749351540436409,Not sig,NA
2.1774020754225756e-5,-0.3267937074790515,0.087,0.121,0.5483569386744215,CD151,0.26093665678250644,Not sig,NA
2.1900772262965982e-5,-0.15519211555684487,0.128,0.173,0.5515490486705353,REEP3,0.2584158601598427,Not sig,NA
2.2936471492996063e-5,0.5907091502609678,0.179,0.147,0.5776320980796128,FARP2,0.23834868172730886,Not sig,NA
2.3390820808943012e-5,-0.15739650829851082,0.131,0.175,0.5890744312524208,NCOR2,0.22982982738617883,Not sig,NA
2.4067050805104344e-5,-0.23667214185623892,0.087,0.123,0.6061046074757478,OGT,0.21745241456499873,Not sig,NA
2.4307991362479192e-5,0.626450414208898,0.125,0.095,0.612172454472676,MITF,0.2131262159664801,Not sig,NA
2.47748068694652e-5,-0.1214762725655183,0.258,0.323,0.6239287362006116,SLC22A23,0.2048650116673481,Not sig,NA
2.5084324859099232e-5,0.6910522418241668,0.132,0.101,0.631723637251555,PLS3,0.19947287277183073,Not sig,NA
2.5308514756391252e-5,-0.21712198956558582,0.147,0.193,0.6373696356249573,FAM208B,0.19560863021691374,Not sig,NA
2.53937104392946e-5,-0.17654867348278294,0.07,0.102,0.6395152037031953,SYNM,0.19414912623471936,Not sig,NA
2.6340324108708867e-5,-0.2747060107201887,0.097,0.134,0.6633547223537242,B2M,0.17825417481683614,Not sig,NA
2.7453614702649116e-5,-0.3552161800798194,0.098,0.134,0.6913918326715154,EXOC5,0.16027575503174185,Not sig,NA
2.8114542919903454e-5,0.22554988380594532,0.65,0.66,0.7080366488948486,AUTS2,0.14994426208301853,Not sig,NA
2.826131792579208e-5,-0.1482663618252278,0.175,0.227,0.7117330306431477,RBPJ,0.14768287863959104,Not sig,NA
2.9185559770712255e-5,-0.1059004278216289,0.185,0.239,0.7350091372656175,SCAF11,0.13370726195067378,Not sig,NA
3.027034994464167e-5,-0.27560834165674847,0.07,0.102,0.7623284930058558,BRWD3,0.11785784761294155,Not sig,NA
3.066520425444202e-5,-0.1943597027952917,0.234,0.287,0.7722725039438678,DYNC1I1,0.11222942754416224,Not sig,NA
3.1028042257778814e-5,-0.10957662262102197,0.399,0.469,0.7814102162199017,PID1,0.10712091507319335,Not sig,NA
3.245379185274963e-5,0.6495784950466412,0.102,0.075,0.8173162940196468,CDS2,0.08760984289903576,Not sig,NA
3.28078586020539e-5,0.3291679234211635,0.439,0.425,0.8262331110341254,P2RY14,0.08289740479483435,Not sig,NA
3.301611266414165e-5,-0.13098908332866177,0.429,0.51,0.8314777813337433,MACF1,0.08014935146319332,Not sig,NA
3.330092527933505e-5,0.771870096180041,0.137,0.108,0.8386505022347738,BICD1,0.07641898860369804,Not sig,NA
3.337941966357363e-5,-0.20558919248333174,0.118,0.158,0.8406273048074382,ITSN2,0.07539650757991578,Not sig,NA
3.372055698409827e-5,-0.3084625882410903,0.078,0.111,0.8492185070875309,PCF11,0.07098054978817624,Not sig,NA
3.435173409740333e-5,-0.18773384234727264,0.134,0.177,0.8651140715090055,MARK1,0.06292662391019614,Not sig,NA
3.441238365040566e-5,0.7006459206592491,0.107,0.078,0.8666414698518162,NT5DC1,0.06216053328352841,Not sig,NA
3.510814783311841e-5,-0.1716565363963567,0.279,0.341,0.884163595029254,DENND2A,0.053467370908767756,Not sig,NA
3.51962328856478e-5,-0.1288194574775905,0.169,0.218,0.8863819289921542,CRTC3,0.05237910665331563,Not sig,NA
3.519801459250053e-5,-0.3427383672492407,0.107,0.143,0.8864267994975333,FAM49A,0.05235712231560635,Not sig,NA
3.538708266494159e-5,0.387205754381327,0.36,0.336,0.891188289833889,SSH2,0.050030528738946735,Not sig,NA
3.5394670475587105e-5,0.7361687771761922,0.112,0.084,0.8913793812571856,CNNM2,0.049937415919343225,Not sig,NA
3.565364038608277e-5,-0.2794874739296151,0.071,0.102,0.8979012794831085,TMSB4X,0.046771409582748016,Not sig,NA
3.6037531607277534e-5,-0.245319346825001,0.089,0.124,0.9075691959976774,CNOT1,0.04212025301986894,Not sig,NA
3.678330943358955e-5,0.5793228025552511,0.153,0.122,0.9263508647755192,TMEM135,0.03322448872326862,Not sig,NA
3.7343597262774866e-5,-0.18116438792230616,0.305,0.371,0.9404611534657222,HERC4,0.026659138639817188,Not sig,NA
4.005412770878551e-5,-0.1467095805114618,0.092,0.128,1,AHCTF1,-0,Not sig,NA
4.062364730845878e-5,-0.3825292829965642,0.074,0.105,1,MLLT6,-0,Not sig,NA
4.082429442131327e-5,-0.19564154171591042,0.119,0.159,1,CHPT1,-0,Not sig,NA
4.1108110626141934e-5,-0.1004916251526975,0.186,0.24,1,NBAS,-0,Not sig,NA
4.157365277912896e-5,-0.16921546302942705,0.088,0.123,1,GPATCH2L,-0,Not sig,NA
4.208015791333722e-5,-0.1092382547533024,0.183,0.235,1,CNOT4,-0,Not sig,NA
4.278221519099175e-5,-0.2165038599025455,0.123,0.164,1,ARGLU1,-0,Not sig,NA
4.293752403194162e-5,-0.1755804061592403,0.166,0.213,1,MAPK8,-0,Not sig,NA
4.461523330559867e-5,-0.3075841512609774,0.072,0.103,1,UBXN7,-0,Not sig,NA
4.5151331827623425e-5,-0.2148263030850296,0.088,0.123,1,HNRNPLL,-0,Not sig,NA
4.5576300369495165e-5,-0.246966634133936,0.116,0.155,1,SPART,-0,Not sig,NA
4.600173962070112e-5,-0.1824272084633399,0.093,0.128,1,AP1G1,-0,Not sig,NA
4.965954132175288e-5,-0.10333944253625693,0.103,0.141,1,ZNF91,-0,Not sig,NA
5.1176073254396024e-5,-0.11618619221218912,0.111,0.151,1,GPBP1L1,-0,Not sig,NA
5.124457839058389e-5,0.6601697498832226,0.103,0.076,1,WTIP,-0,Not sig,NA
5.225609328587983e-5,-0.357108718246592,0.091,0.125,1,NOVA1,-0,Not sig,NA
5.3861757377905195e-5,0.2628218720319686,0.522,0.513,1,ERC1,-0,Not sig,NA
5.531496914075395e-5,-0.19864803413398235,0.074,0.105,1,TMEM168,-0,Not sig,NA
5.583501575429635e-5,-0.22830075084972368,0.111,0.15,1,SLC25A36,-0,Not sig,NA
5.8004172813841195e-5,0.46709832298977094,0.228,0.198,1,PAWR,-0,Not sig,NA
5.830170812491344e-5,-0.20362482191684989,0.099,0.135,1,ZCCHC2,-0,Not sig,NA
6.08477335820619e-5,-0.2440084673470231,0.081,0.113,1,XIAP,-0,Not sig,NA
6.190854626746571e-5,-0.12261720750729665,0.182,0.232,1,STK24,-0,Not sig,NA
6.219961509365859e-5,-0.1380577924384272,0.348,0.413,1,PTPRM,-0,Not sig,NA
6.509889268406857e-5,-0.15433882273583155,0.561,0.624,1,RBMS1,-0,Not sig,NA
6.820356169186123e-5,-0.19780773332928764,0.097,0.132,1,YWHAE,-0,Not sig,NA
7.069758947051043e-5,0.523626690079836,0.15,0.119,1,SH3BGRL,-0,Not sig,NA
7.167654484139041e-5,-0.11895667872430793,0.143,0.187,1,PDE8B,-0,Not sig,NA
7.185547070940144e-5,0.5272811572946203,0.191,0.159,1,TPM1,-0,Not sig,NA
7.363454163945117e-5,0.5898875822705326,0.158,0.128,1,STX8,-0,Not sig,NA
7.443258294805217e-5,-0.28891279152954896,0.071,0.101,1,PIK3C2A,-0,Not sig,NA
7.663841793915223e-5,-0.1752665908719097,0.106,0.143,1,HNRNPM,-0,Not sig,NA
7.694409160689567e-5,-0.28153684993425365,0.141,0.18,1,DNAJB6,-0,Not sig,NA
8.151554189733704e-5,-0.15848084270955665,0.142,0.184,1,TUT4,-0,Not sig,NA
8.279875225408822e-5,-0.10976141800734585,0.134,0.176,1,POLK,-0,Not sig,NA
8.317923593091178e-5,-0.16449123941767443,0.081,0.114,1,RAD23B,-0,Not sig,NA
8.429507053615005e-5,-0.5154133061281114,0.076,0.104,1,SERPINH1,-0,Not sig,NA
8.563500848773209e-5,-0.19985042832820277,0.14,0.181,1,CLIC4,-0,Not sig,NA
8.995720550495224e-5,0.7770123069547208,0.104,0.079,1,TMEM51,-0,Not sig,NA
9.074515509727835e-5,-0.3055824051270746,0.091,0.124,1,PKNOX2,-0,Not sig,NA
9.382443387842225e-5,-0.1630617435052551,0.081,0.113,1,CHIC1,-0,Not sig,NA
9.84594981340711e-5,-0.22950697039690146,0.078,0.109,1,PRKX,-0,Not sig,NA
9.997730503357187e-5,-0.1809678047100089,0.079,0.11,1,UBQLN1,-0,Not sig,NA
1.0383321849134808e-4,-0.1551113729147655,0.16,0.206,1,UBE3A,-0,Not sig,NA
1.044042035271456e-4,0.4368912094125217,0.236,0.205,1,ADCY9,-0,Not sig,NA
1.0548987406860143e-4,-0.10981203492214076,0.111,0.149,1,CLOCK,-0,Not sig,NA
1.0556697091586687e-4,-0.19478052693158665,0.087,0.12,1,TMEM87A,-0,Not sig,NA
1.0759397286282936e-4,-0.11069447774540042,0.131,0.171,1,GLUD1,-0,Not sig,NA
1.0912278619832056e-4,-0.11799883556888469,0.104,0.141,1,PPP6R2,-0,Not sig,NA
1.0994551280137815e-4,0.5226764586291917,0.144,0.114,1,RASGRF2,-0,Not sig,NA
1.1126967984493494e-4,0.236141296917745,0.589,0.588,1,KALRN,-0,Not sig,NA
1.1278390575828121e-4,-0.22109828172876883,0.071,0.1,1,MAP2K1,-0,Not sig,NA
1.1400376901188886e-4,-0.14683721689050921,0.173,0.221,1,ADNP,-0,Not sig,NA
1.151130386514901e-4,-0.14768885162001327,0.087,0.12,1,ITGA10,-0,Not sig,NA
1.1521680892087281e-4,-0.27304805725280046,0.104,0.138,1,MAOA,-0,Not sig,NA
1.1583862264994252e-4,0.42950120582704365,0.122,0.093,1,PRIM2,-0,Not sig,NA
1.1855648898976408e-4,-0.10451376791788558,0.433,0.509,1,NCOA1,-0,Not sig,NA
1.2027236031043839e-4,0.37194924652197914,0.274,0.242,1,CHSY3,-0,Not sig,NA
1.2396534818414457e-4,0.3289292863566735,0.495,0.486,1,MT-ND3,-0,Not sig,NA
1.2602569536841526e-4,0.5326281802669492,0.187,0.157,1,SYNPO2,-0,Not sig,NA
1.3513102507785887e-4,-0.10621926431063333,0.126,0.166,1,ZFYVE16,-0,Not sig,NA
1.365276735715782e-4,-0.1426342450168804,0.079,0.109,1,PABPC1,-0,Not sig,NA
1.4083035822608225e-4,-0.13297446047526362,0.306,0.366,1,STARD13,-0,Not sig,NA
1.428717111548758e-4,-0.1646200000905193,0.086,0.119,1,SLC30A9,-0,Not sig,NA
1.4570302605790828e-4,-0.10017408868986011,0.203,0.256,1,HELZ,-0,Not sig,NA
1.496494920548596e-4,-0.18253041790397548,0.081,0.112,1,GOLGB1,-0,Not sig,NA
1.500868874065824e-4,-0.15217084630994482,0.126,0.165,1,SND1,-0,Not sig,NA
1.5464115725275066e-4,-0.20151053718175027,0.1,0.133,1,TRAPPC8,-0,Not sig,NA
1.5711082705972907e-4,-0.26715359404915884,0.086,0.116,1,DHX36,-0,Not sig,NA
1.5878992115259138e-4,-0.1028694291926679,0.095,0.129,1,CYSTM1,-0,Not sig,NA
1.6488609138566165e-4,0.4804058605873113,0.155,0.126,1,CCND3,-0,Not sig,NA
1.679449963899377e-4,-0.13201654615501363,0.107,0.142,1,WDR26,-0,Not sig,NA
1.7276149481423124e-4,0.6212617382527854,0.112,0.086,1,ITPKB,-0,Not sig,NA
1.7431449127195683e-4,-0.11562228491308413,0.137,0.178,1,ARMH3,-0,Not sig,NA
1.7877350082952566e-4,-0.189122625734716,0.087,0.119,1,GNA12,-0,Not sig,NA
1.8297213281837766e-4,-0.1555604356185707,0.188,0.234,1,GNAS,-0,Not sig,NA
1.8395712007728053e-4,0.36273366948428243,0.256,0.228,1,NR2F1,-0,Not sig,NA
1.843262829080055e-4,-0.1601283236637251,0.12,0.157,1,UBE2R2,-0,Not sig,NA
1.8486065567295228e-4,-0.10839984505874489,0.177,0.224,1,KLHL23,-0,Not sig,NA
1.8795249973124688e-4,-0.1464360766790489,0.155,0.197,1,COMMD10,-0,Not sig,NA
1.8985607971880303e-4,-0.14416605821596865,0.087,0.116,1,CYTOR,-0,Not sig,NA
1.9138902255534768e-4,-0.18651847363797924,0.106,0.139,1,TMOD1,-0,Not sig,NA
1.9439743250189244e-4,-0.13009861469935283,0.094,0.127,1,TBC1D2B,-0,Not sig,NA
1.9522036092502792e-4,-0.18247298423978087,0.157,0.198,1,AVL9,-0,Not sig,NA
1.993754984906811e-4,-0.14154422007449202,0.111,0.147,1,CCNI,-0,Not sig,NA
2.0113913865638165e-4,-0.14334250636739632,0.215,0.264,1,MARK3,-0,Not sig,NA
2.1581904435828884e-4,0.15308658482392223,0.657,0.674,1,AKT3,-0,Not sig,NA
2.210170983488378e-4,-0.12605122654542836,0.079,0.108,1,OCIAD1,-0,Not sig,NA
2.2186339971291783e-4,-0.14731011549992234,0.172,0.214,1,RBMS3-AS3,-0,Not sig,NA
2.2277488965402698e-4,0.1910074724637516,0.6,0.596,1,MAGI2,-0,Not sig,NA
2.3124851479096854e-4,-0.10770115484821352,0.088,0.119,1,SCAF4,-0,Not sig,NA
2.3448280873431795e-4,-0.29436226544518773,0.083,0.112,1,LINC01505,-0,Not sig,NA
2.3585981572027184e-4,-0.16984225082496293,0.084,0.114,1,MIGA1,-0,Not sig,NA
2.3788073280983855e-4,0.5370632470492465,0.133,0.106,1,RGL1,-0,Not sig,NA
2.3869628416478875e-4,-0.10107945125844736,0.073,0.101,1,KDM5B,-0,Not sig,NA
2.3909499377015143e-4,0.5012810951215487,0.117,0.09,1,RNF144A,-0,Not sig,NA
2.4231642121412403e-4,0.3684377854734595,0.266,0.239,1,ACTN4,-0,Not sig,NA
2.4403907576992756e-4,0.23588960997635056,0.439,0.423,1,IGFBP7,-0,Not sig,NA
2.580919604699233e-4,-0.1532869797693398,0.09,0.121,1,PIP5K1A,-0,Not sig,NA
2.5856359805247816e-4,0.4785326350362518,0.102,0.077,1,GAREM1,-0,Not sig,NA
2.609889947715606e-4,0.18544631633276243,0.635,0.649,1,DDX17,-0,Not sig,NA
2.6967819944356206e-4,-0.16436610907679483,0.141,0.18,1,ITM2B,-0,Not sig,NA
2.7292265829464074e-4,-0.13848172849891754,0.104,0.138,1,SPIRE1,-0,Not sig,NA
2.846508081793276e-4,-0.11901756131541291,0.108,0.143,1,UBE2D2,-0,Not sig,NA
2.849233613679805e-4,-0.17435461738516467,0.106,0.139,1,TRPM7,-0,Not sig,NA
2.850096143845602e-4,0.5009185935824514,0.178,0.15,1,ATP2A2,-0,Not sig,NA
3.0479957827662214e-4,0.11921254441078233,0.787,0.782,1,SOX5,-0,Not sig,NA
3.071636617282931e-4,0.6142304094290909,0.118,0.093,1,ARHGEF6,-0,Not sig,NA
3.107362398804591e-4,-0.12451088214512729,0.083,0.113,1,ARIH2,-0,Not sig,NA
3.163721252507386e-4,-0.1899393205957396,0.394,0.454,1,FKBP5,-0,Not sig,NA
3.3824212448593474e-4,0.5276752750294034,0.126,0.101,1,MIRLET7BHG,-0,Not sig,NA
3.598294984465776e-4,0.339848818519891,0.152,0.122,1,MMP16,-0,Not sig,NA
3.620040901531409e-4,-0.10487483393488384,0.118,0.155,1,MORF4L1,-0,Not sig,NA
3.676054909858624e-4,-0.1511680881359307,0.104,0.137,1,DNM2,-0,Not sig,NA
3.7137096396430464e-4,-0.2951318133869757,0.073,0.1,1,ANAPC10,-0,Not sig,NA
4.053448347951981e-4,0.6253514123888148,0.134,0.108,1,AC007319.1,-0,Not sig,NA
4.0975905605163186e-4,-0.12414980355589124,0.087,0.118,1,BAZ2A,-0,Not sig,NA
4.1101823475674185e-4,-0.16440611482789003,0.117,0.15,1,NPAS2,-0,Not sig,NA
4.249886086751826e-4,-0.17766598599990857,0.102,0.133,1,HIF3A,-0,Not sig,NA
4.4284432651881407e-4,-0.12451218195975633,0.117,0.152,1,HEY2,-0,Not sig,NA
4.519656264287275e-4,-0.15308980268205818,0.17,0.211,1,GLG1,-0,Not sig,NA
4.559210401750518e-4,0.23861677845745044,0.476,0.468,1,NBEAL1,-0,Not sig,NA
4.851016834318101e-4,0.41812803743129945,0.234,0.207,1,ANO10,-0,Not sig,NA
4.885722320270475e-4,-0.1220120369020159,0.123,0.158,1,PIK3C3,-0,Not sig,NA
4.888288884095451e-4,0.37021990746004585,0.354,0.339,1,SEPT7,-0,Not sig,NA
4.982657903839452e-4,-0.351716078310257,0.079,0.105,1,SUGT1,-0,Not sig,NA
4.989680774337982e-4,-0.13287245448428092,0.087,0.116,1,YY1,-0,Not sig,NA
5.046292555804626e-4,-0.1801848271547336,0.13,0.164,1,TMEM161B-AS1,-0,Not sig,NA
5.449227047183322e-4,-0.14379032258283653,0.127,0.162,1,TTC14,-0,Not sig,NA
5.522895765368091e-4,-0.14417362255071572,0.073,0.1,1,KPNB1,-0,Not sig,NA
5.532841296990451e-4,0.15805573785661675,0.59,0.576,1,PDZD2,-0,Not sig,NA
5.595495889334657e-4,-0.14170768399642797,0.202,0.248,1,BRWD1,-0,Not sig,NA
5.963511871080407e-4,0.331265058918222,0.371,0.357,1,DST,-0,Not sig,NA
6.214140697815098e-4,-0.28085851962531094,0.074,0.1,1,PIAS2,-0,Not sig,NA
6.255870500741648e-4,-0.11126392918567962,0.136,0.173,1,VPS54,-0,Not sig,NA
6.396258451782425e-4,-0.1767893592533184,0.074,0.1,1,KDM3B,-0,Not sig,NA
6.458729218408338e-4,-0.11710849137238832,0.109,0.142,1,FAM135A,-0,Not sig,NA
6.584553026218895e-4,-0.14031284460747728,0.094,0.123,1,GPCPD1,-0,Not sig,NA
6.647303497587157e-4,-0.14335992069473408,0.117,0.151,1,RAF1,-0,Not sig,NA
6.817726082203249e-4,-0.10985949000305073,0.166,0.205,1,TLE4,-0,Not sig,NA
6.961447142201403e-4,-0.24536965306447794,0.106,0.136,1,FTL,-0,Not sig,NA
7.132223395444333e-4,0.5592442799474809,0.155,0.13,1,SORBS3,-0,Not sig,NA
7.140936757470376e-4,-0.10277932461656158,0.392,0.453,1,ANKRD44,-0,Not sig,NA
7.207231330765854e-4,-0.11100964039764083,0.166,0.208,1,FBXW11,-0,Not sig,NA
7.220238384630885e-4,-0.15891313088891482,0.096,0.126,1,GNG12,-0,Not sig,NA
7.396528441532755e-4,-0.13917368301827227,0.12,0.153,1,SELENOW,-0,Not sig,NA
7.430568160044604e-4,0.5092683665169381,0.188,0.164,1,NFASC,-0,Not sig,NA
7.777607038874049e-4,-0.14886579235692246,0.087,0.115,1,UBAC2,-0,Not sig,NA
7.993349860054735e-4,-0.10003249028993982,0.103,0.133,1,PPHLN1,-0,Not sig,NA
8.098464726067113e-4,-0.10049385768765473,0.143,0.181,1,RAB28,-0,Not sig,NA
8.27480410945787e-4,-0.18767068820452149,0.111,0.142,1,ATP11A,-0,Not sig,NA
8.297685524020797e-4,0.38012282798482916,0.13,0.105,1,TMEM117,-0,Not sig,NA
8.351265051710155e-4,-0.11505915631930008,0.087,0.115,1,MAN1A1,-0,Not sig,NA
8.723401143420587e-4,-0.12307333175320379,0.227,0.276,1,MAN2A1,-0,Not sig,NA
8.919010524561379e-4,0.2887128711698941,0.204,0.173,1,PRKD1,-0,Not sig,NA
9.016797280136321e-4,-0.11944763614340248,0.175,0.216,1,RAB3GAP1,-0,Not sig,NA
9.048994151723491e-4,0.36431231229494365,0.3,0.279,1,TBL1XR1,-0,Not sig,NA
9.439497363750127e-4,-0.1662898074440784,0.12,0.152,1,SOCS5,-0,Not sig,NA
9.792229872155355e-4,0.39162616524749216,0.363,0.351,1,NR2F1-AS1,-0,Not sig,NA
9.885624917987757e-4,-0.22027924994200776,0.092,0.12,1,FAM208A,-0,Not sig,NA
0.00101829440859143,-0.25287250535146977,0.087,0.114,1,SMARCA1,-0,Not sig,NA
0.001033784008938848,0.5512779135969689,0.121,0.098,1,MCU,-0,Not sig,NA
0.0010435148489605283,0.19435019193855219,0.599,0.612,1,ARID1B,-0,Not sig,NA
0.0010636900748529176,0.4636425414255352,0.216,0.193,1,YAP1,-0,Not sig,NA
0.001146461472394258,0.3326991218910875,0.26,0.236,1,FOXN3,-0,Not sig,NA
0.0011890384798598614,0.31286097018328896,0.331,0.314,1,CHD9,-0,Not sig,NA
0.001228088713954782,-0.20613452621945139,0.197,0.235,1,MIB1,-0,Not sig,NA
0.001232485775850159,0.42212227823728776,0.215,0.191,1,GUCY1A1,-0,Not sig,NA
0.0012993678506951006,-0.11462974130772638,0.076,0.101,1,KLHL5,-0,Not sig,NA
0.0013174134882667026,0.5638894470508335,0.1,0.079,1,EFNA5,-0,Not sig,NA
0.0013284099389987108,0.3540485910367184,0.314,0.292,1,TRPS1,-0,Not sig,NA
0.001347846161714321,0.3469840680715799,0.333,0.315,1,ETS1,-0,Not sig,NA
0.0013786428979958357,-0.12013562435048478,0.091,0.118,1,MAP3K7,-0,Not sig,NA
0.001393319284176903,-0.15822902975361144,0.084,0.11,1,CYB5R3,-0,Not sig,NA
0.0014023997229688316,-0.10218499413613635,0.423,0.485,1,SIK3,-0,Not sig,NA
0.0014086790165164663,0.5658508210949893,0.106,0.085,1,ZEB1-AS1,-0,Not sig,NA
0.0014365565548867076,-0.1328240939195115,0.118,0.149,1,USP22,-0,Not sig,NA
0.0014806842183143637,-0.10936438726421727,0.153,0.19,1,AGFG1,-0,Not sig,NA
0.0014865784611129958,0.29832289326464645,0.393,0.383,1,GRK5,-0,Not sig,NA
0.0015626706589537587,0.4973369420105422,0.151,0.129,1,ACBD6,-0,Not sig,NA
0.0016030301886003806,0.1324990225274223,0.711,0.727,1,ARHGAP42,-0,Not sig,NA
0.0016081753185189795,-0.21557077187104706,0.077,0.101,1,MAPK14,-0,Not sig,NA
0.0016278744262532134,0.4248618389924177,0.199,0.176,1,EFHD1,-0,Not sig,NA
0.0016451987239818255,-0.14187853336439832,0.088,0.115,1,ACIN1,-0,Not sig,NA
0.0016689365681653184,-0.1476162434392443,0.19,0.23,1,GRK3,-0,Not sig,NA
0.0016939357560990553,0.2892744169463075,0.408,0.399,1,C2CD2,-0,Not sig,NA
0.0017014946527762927,0.31722945745403885,0.433,0.434,1,EXOC4,-0,Not sig,NA
0.0017060189940602197,0.5287345721968242,0.109,0.088,1,DTX3,-0,Not sig,NA
0.0017069797306285173,-0.1540191079710581,0.106,0.134,1,HMGB1,-0,Not sig,NA
0.0017532492397345368,0.6681638133819163,0.143,0.122,1,GPM6A,-0,Not sig,NA
0.0017596351476366018,0.6981206468478921,0.118,0.098,1,PKIG,-0,Not sig,NA
0.0017777729084014777,-0.11148127374753275,0.079,0.104,1,LRP1,-0,Not sig,NA
0.0018379446639922561,-0.13860487524784862,0.088,0.115,1,ERP44,-0,Not sig,NA
0.0018429849633891022,-0.10859759816893755,0.159,0.195,1,PI4KA,-0,Not sig,NA
0.0018824098505409604,-0.21477518955211594,0.141,0.172,1,OXR1,-0,Not sig,NA
0.0019494202845140773,0.3946274730729684,0.234,0.211,1,ADGRL2,-0,Not sig,NA
0.0019509853861352261,-0.19167793489325596,0.079,0.102,1,EGFL7,-0,Not sig,NA
0.0019719449549634167,0.5652147864543776,0.109,0.088,1,RCSD1,-0,Not sig,NA
0.002018148076515582,0.43475618864453414,0.216,0.194,1,PALD1,-0,Not sig,NA
0.002043897925549321,0.5567794989164436,0.128,0.106,1,URI1,-0,Not sig,NA
0.0020661075101926795,0.17743600536292636,0.104,0.134,1,ANO3,-0,Not sig,NA
0.0021145489669264165,-0.13979068517604798,0.128,0.159,1,PKP4,-0,Not sig,NA
0.0022411119129289773,-0.1091126341527422,0.136,0.168,1,TULP4,-0,Not sig,NA
0.0022845258248748324,-0.16589384720999256,0.109,0.137,1,THRAP3,-0,Not sig,NA
0.0023134952727881337,-0.19600885269489388,0.087,0.113,1,NT5DC2,-0,Not sig,NA
0.0023235256349767165,0.3741947828367884,0.308,0.292,1,EHBP1,-0,Not sig,NA
0.0023821172960177355,-0.10327082728729664,0.101,0.129,1,ZFYVE9,-0,Not sig,NA
0.0024345399427857317,0.35104019908588335,0.262,0.241,1,ZFP36L1,-0,Not sig,NA
0.0024367744646727127,0.26997295692769496,0.378,0.367,1,RABGAP1L,-0,Not sig,NA
0.002514665176620179,-0.13261493109741904,0.084,0.108,1,ITGAV,-0,Not sig,NA
0.0026361589929753335,0.2807022106162378,0.311,0.29,1,RAPH1,-0,Not sig,NA
0.0027485603376245084,-0.1163517686899962,0.123,0.152,1,ATP2C1,-0,Not sig,NA
0.002852997392440131,-0.10006955878002505,0.118,0.148,1,PPIG,-0,Not sig,NA
0.0029433925027246414,-0.10335895577438006,0.094,0.119,1,PWWP2A,-0,Not sig,NA
0.0029587747255617604,-0.19298864429390003,0.079,0.102,1,HIC1,-0,Not sig,NA
0.0030144254426173636,0.3707873983892884,0.274,0.254,1,MLLT3,-0,Not sig,NA
0.0030370138003366545,0.3041985624782648,0.365,0.355,1,TEAD1,-0,Not sig,NA
0.003051804447627895,0.5020209146421574,0.124,0.103,1,CPEB2,-0,Not sig,NA
0.0031323409723344963,0.37059570389121,0.28,0.266,1,LRBA,-0,Not sig,NA
0.00317558641694669,-0.12569462935141182,0.087,0.112,1,FAM91A1,-0,Not sig,NA
0.0031869857115286067,-0.19774329265975576,0.093,0.119,1,NAA16,-0,Not sig,NA
0.003251548950320673,-0.11359622376740075,0.098,0.124,1,KRIT1,-0,Not sig,NA
0.0032803560945124112,0.20266179301094134,0.585,0.593,1,RASAL2,-0,Not sig,NA
0.003311935473772841,0.2955299967632574,0.283,0.262,1,CCDC102B,-0,Not sig,NA
0.0033441212215525643,0.39898382032646706,0.301,0.289,1,NR2F2,-0,Not sig,NA
0.00354907767015146,0.6056032636653519,0.1,0.081,1,CASTOR3,-0,Not sig,NA
0.0035975133774508268,0.4136197854098816,0.117,0.095,1,SAMD4A,-0,Not sig,NA
0.0036973477732103214,-0.1275150452893069,0.153,0.185,1,PHF20L1,-0,Not sig,NA
0.003718425339814964,-0.1074528348449349,0.106,0.133,1,TRAPPC12,-0,Not sig,NA
0.0037198367975400876,0.2680890453115232,0.42,0.414,1,ATXN1,-0,Not sig,NA
0.0038086829545834018,0.3922640581688004,0.188,0.165,1,AC245297.3,-0,Not sig,NA
0.004201464384861901,0.42855647768078386,0.193,0.174,1,TTLL7,-0,Not sig,NA
0.004423356171144385,0.33415421272929846,0.276,0.26,1,GMDS,-0,Not sig,NA
0.0045630555054798965,-0.10055873967217631,0.088,0.112,1,UIMC1,-0,Not sig,NA
0.004666981526672139,0.3800937928825121,0.156,0.134,1,LINC02172,-0,Not sig,NA
0.004836132426584047,0.6057992191407352,0.114,0.095,1,DIO3OS,-0,Not sig,NA
0.0049808213652931905,0.1778569849520455,0.523,0.525,1,FP671120.1,-0,Not sig,NA
0.005031295702057272,-0.16182762135706866,0.085,0.108,1,AL645608.8,-0,Not sig,NA
0.005194887484951679,-0.10282620230177786,0.145,0.175,1,NEURL1B,-0,Not sig,NA
0.0052290776919373715,0.2814244544797453,0.345,0.337,1,DENND1A,-0,Not sig,NA
0.005272156339897749,-0.11372229704623926,0.298,0.343,1,RFX3,-0,Not sig,NA
0.005399035884452624,0.45906290771152647,0.156,0.136,1,BCKDHB,-0,Not sig,NA
0.005560456751135931,-0.20861522957304104,0.094,0.117,1,RNF216,-0,Not sig,NA
0.005570611717497171,0.37900209768003945,0.216,0.197,1,NDRG2,-0,Not sig,NA
0.005573346233907452,0.4662032256113683,0.139,0.119,1,PPARGC1B,-0,Not sig,NA
0.00612341429330707,0.3524561512360642,0.157,0.136,1,AC098829.1,-0,Not sig,NA
0.006341160783873111,0.5129807507707111,0.108,0.09,1,FAM193B,-0,Not sig,NA
0.006646636521680203,0.4779245299379326,0.137,0.119,1,PIK3R1,-0,Not sig,NA
0.0066511264013754436,-0.13396761859883322,0.085,0.108,1,AKAP1,-0,Not sig,NA
0.0067533648516231596,0.4866614873219815,0.129,0.11,1,JAZF1,-0,Not sig,NA
0.006931847528267506,0.5098100067442513,0.129,0.11,1,SPATA5,-0,Not sig,NA
0.007105720355147248,0.5433937959136528,0.146,0.128,1,TTN,-0,Not sig,NA
0.007549213680567124,-0.1238682958703115,0.083,0.105,1,SERF2,-0,Not sig,NA
0.007570319014487114,-0.18708545734820947,0.158,0.186,1,HIBCH,-0,Not sig,NA
0.007819334575333445,0.31365175239274135,0.208,0.187,1,PARP8,-0,Not sig,NA
0.007949948700009087,-0.15484473860400816,0.093,0.115,1,SSFA2,-0,Not sig,NA
0.008077207820809116,0.410401096726262,0.155,0.137,1,STAU2,-0,Not sig,NA
0.00836837948187775,0.4378590284997931,0.145,0.127,1,GOLIM4,-0,Not sig,NA
0.008470099483426849,-0.10402266191477616,0.151,0.179,1,AL136164.2,-0,Not sig,NA
0.008691950684429208,0.465058422871916,0.144,0.126,1,INF2,-0,Not sig,NA
0.008770817238892418,-0.18893840772036485,0.114,0.138,1,MSN,-0,Not sig,NA
0.009064715873017387,0.5511071700364921,0.104,0.087,1,NUBPL,-0,Not sig,NA
0.009342485773495734,0.6547258288955694,0.113,0.096,1,DIRC3,-0,Not sig,NA
0.00996110585753549,0.47442594457534565,0.117,0.1,1,SOX6,-0,Not sig,NA
0.010146734732172341,-0.12652913040503605,0.095,0.117,1,DOPEY1,-0,Not sig,NA
0.01017071386668544,0.2953257475344744,0.315,0.304,1,PPFIBP1,-0,Not sig,NA
0.010353906777382101,0.5970070060656307,0.105,0.089,1,NMD3,-0,Not sig,NA
0.01108130032503979,-0.1397175007289577,0.094,0.116,1,STAT6,-0,Not sig,NA
0.011541132009353658,0.5729674679148097,0.129,0.113,1,LCLAT1,-0,Not sig,NA
0.011930957329507242,0.2697483019226934,0.257,0.241,1,TNS2,-0,Not sig,NA
0.012142538212007867,0.5053648769168699,0.106,0.09,1,MTX2,-0,Not sig,NA
0.012332867773393546,0.4041868788346581,0.185,0.169,1,KAT6B,-0,Not sig,NA
0.012519759611549998,0.3662915388367167,0.213,0.194,1,PRRX1,-0,Not sig,NA
0.012747146918122065,-0.1943210057244718,0.093,0.114,1,SLCO1C1,-0,Not sig,NA
0.012787759108002957,-0.10244156212473321,0.841,0.856,1,CACNA1C,-0,Not sig,NA
0.012898346472211468,0.4324344638028409,0.129,0.111,1,EYA1,-0,Not sig,NA
0.013004144065152854,0.442517530185762,0.205,0.191,1,LENG8,-0,Not sig,NA
0.01303280286992792,0.4244447041203747,0.226,0.213,1,CFH,-0,Not sig,NA
0.013164588292180961,0.381533986986872,0.123,0.105,1,FAM162B,-0,Not sig,NA
0.013459084833990867,0.416771798748226,0.104,0.088,1,APC,-0,Not sig,NA
0.01502984247966176,-0.1034105757015476,0.086,0.106,1,NDUFAF2,-0,Not sig,NA
0.015241639370271686,-0.13869164654612331,0.114,0.136,1,FANCC,-0,Not sig,NA
0.015316069761242472,0.5252244814332165,0.1,0.085,1,ANKRD6,-0,Not sig,NA
0.01535868030768821,0.40499518782088467,0.117,0.1,1,INPP5A,-0,Not sig,NA
0.01541868337221316,0.37705547330403344,0.191,0.174,1,FARS2,-0,Not sig,NA
0.015733082333220173,0.5082952254559701,0.101,0.086,1,NOTCH2,-0,Not sig,NA
0.016108142020473202,0.4810162726193733,0.113,0.097,1,AHNAK,-0,Not sig,NA
0.01612103860023242,0.4717501728887633,0.133,0.117,1,SNRNP70,-0,Not sig,NA
0.017073080778455235,0.502006759822909,0.126,0.111,1,GSN,-0,Not sig,NA
0.01747980083184436,0.20402394651932415,0.098,0.122,1,ARL17B,-0,Not sig,NA
0.017496807632764937,-0.1225109186286464,0.083,0.102,1,ADIPOR2,-0,Not sig,NA
0.01756211458332842,0.44495591520882816,0.161,0.145,1,UBE2E3,-0,Not sig,NA
0.01774324544468051,0.39614528354014555,0.134,0.118,1,NPAS3,-0,Not sig,NA
0.019281637338249825,0.5321301189451154,0.115,0.1,1,RUSC2,-0,Not sig,NA
0.019311362876045488,0.41597125521073863,0.139,0.123,1,MRC2,-0,Not sig,NA
0.01968904371952162,0.4145331145745377,0.138,0.122,1,GULP1,-0,Not sig,NA
0.020017195638564373,0.4074110257901107,0.175,0.16,1,FAM214A,-0,Not sig,NA
0.020435852803771574,-0.15231258052642932,0.098,0.118,1,SKI,-0,Not sig,NA
0.02067108846674158,0.20108319991587065,0.391,0.384,1,PLEKHA5,-0,Not sig,NA
0.021601762076020586,0.3546095610329121,0.118,0.102,1,SLC2A13,-0,Not sig,NA
0.02235996669933958,0.4293811723314238,0.112,0.097,1,MTA3,-0,Not sig,NA
0.023415983876685482,0.3992384662936051,0.139,0.123,1,BICRAL,-0,Not sig,NA
0.024453726676268196,0.3617028747636246,0.249,0.241,1,RBM26,-0,Not sig,NA
0.024656463083856252,0.5185328970843843,0.115,0.101,1,ARMCX4,-0,Not sig,NA
0.025882225999694197,0.4266067158657632,0.136,0.122,1,KANK2,-0,Not sig,NA
0.026812516261404264,0.4951556055946261,0.1,0.086,1,MSL2,-0,Not sig,NA
0.026881642826587074,0.11594902165781273,0.223,0.262,1,MT-ND2,-0,Not sig,NA
0.02774874343095978,-0.12099061835980268,0.112,0.131,1,PCNX4,-0,Not sig,NA
0.027754609900774104,0.4419654257072127,0.152,0.138,1,C2CD5,-0,Not sig,NA
0.028929191356642292,-0.10136818873168385,0.137,0.161,1,ATG7,-0,Not sig,NA
0.030881952196670837,0.387542088986792,0.229,0.221,1,PRRC2B,-0,Not sig,NA
0.03090346345328079,0.199622063152876,0.389,0.388,1,FER,-0,Not sig,NA
0.031907842422472986,0.2713058792059877,0.289,0.281,1,FCHSD2,-0,Not sig,NA
0.03783625820676648,0.37952813329512225,0.148,0.135,1,ADAM33,-0,Not sig,NA
0.03981673226970078,0.4555558818541017,0.133,0.121,1,OPHN1,-0,Not sig,NA
0.040075735086326114,0.2848431150255697,0.251,0.24,1,GLS,-0,Not sig,NA
0.04029926727793599,0.33611115388635704,0.197,0.184,1,DOCK9,-0,Not sig,NA
0.0421557793049389,0.35474895488008795,0.145,0.131,1,ZDHHC14,-0,Not sig,NA
0.045775702713672005,0.23786510307867847,0.248,0.237,1,SMOC2,-0,Not sig,NA
0.04742374703550099,0.11498075937851249,0.107,0.127,1,PPP1CB,-0,Not sig,NA
0.04835902861900679,0.47025953529517894,0.153,0.142,1,TGFBR2,-0,Not sig,NA
0.04852598229272306,0.4161777723905825,0.104,0.092,1,PDXDC1,-0,Not sig,NA
0.05027215620187244,0.13654975260696522,0.159,0.186,1,PHF3,-0,Not sig,NA
0.05073911747595113,0.11778855982802916,0.169,0.197,1,KIDINS220,-0,Not sig,NA
0.054518100580662705,0.3687770758240314,0.16,0.148,1,TANC1,-0,Not sig,NA
0.05576862126302033,0.44357764711834824,0.102,0.09,1,CCDC7,-0,Not sig,NA
0.056458519505890745,0.4306233007276872,0.121,0.108,1,SHLD2,-0,Not sig,NA
0.061360268541823436,0.47096308732148767,0.11,0.099,1,IRF2BP2,-0,Not sig,NA
0.06399295515100226,0.37905446947991545,0.14,0.128,1,ARHGAP21,-0,Not sig,NA
0.06415675457180454,-0.10174617758230858,0.105,0.121,1,RREB1,-0,Not sig,NA
0.06464189453079804,0.3051224048591281,0.14,0.127,1,ADAMTS10,-0,Not sig,NA
0.06474377806854707,0.33837862763649657,0.118,0.106,1,COL5A2,-0,Not sig,NA
0.0647618298951749,0.2580927489295983,0.407,0.419,1,KANSL1,-0,Not sig,NA
0.06507281118107265,0.12147737671726633,0.185,0.215,1,TRIM44,-0,Not sig,NA
0.06521126451007753,0.32535665329540664,0.171,0.159,1,MSRB3,-0,Not sig,NA
0.06708276845130186,0.3428273600347433,0.128,0.116,1,AUH,-0,Not sig,NA
0.06720810074907993,0.2049041354907266,0.424,0.438,1,TNRC6B,-0,Not sig,NA
0.06743547279431701,0.3755574890895508,0.206,0.197,1,PDLIM5,-0,Not sig,NA
0.07132793307120358,0.30559015824128855,0.113,0.1,1,OSBPL1A,-0,Not sig,NA
0.07420103675307303,0.4710950565739942,0.101,0.09,1,RFX7,-0,Not sig,NA
0.0765698879115204,0.331133486663058,0.237,0.231,1,ACYP2,-0,Not sig,NA
0.07710255481381455,0.197143748012234,0.396,0.4,1,EXOC6B,-0,Not sig,NA
0.0780070559786646,0.42613492589985313,0.111,0.1,1,AHCYL2,-0,Not sig,NA
0.078254339227191,0.2384396125171262,0.255,0.247,1,NTM,-0,Not sig,NA
0.07974411231714322,0.5212505114904669,0.123,0.114,1,CIRBP,-0,Not sig,NA
0.07989443480645639,0.1112695773450314,0.171,0.197,1,AAK1,-0,Not sig,NA
0.08240478269213436,0.36869201408729474,0.141,0.13,1,DOCK7,-0,Not sig,NA
0.08358185307073311,0.4542678460594494,0.1,0.089,1,MYO9B,-0,Not sig,NA
0.0852050845519373,0.3017821957732647,0.226,0.22,1,MLLT10,-0,Not sig,NA
0.08588895319475075,0.280747128474951,0.26,0.256,1,GTDC1,-0,Not sig,NA
0.08608409252444126,0.1300088687012153,0.26,0.297,1,BGN,-0,Not sig,NA
0.08807906950780298,0.33428276245274224,0.217,0.212,1,LRCH1,-0,Not sig,NA
0.08870742147443726,0.3315787072153631,0.118,0.107,1,ADCY5,-0,Not sig,NA
0.09045897615160922,0.24254500861709483,0.335,0.34,1,FARP1,-0,Not sig,NA
0.09234341970310828,0.22889560618373017,0.23,0.22,1,JARID2,-0,Not sig,NA
0.0924132715358768,0.18921066807350995,0.461,0.484,1,PTK2,-0,Not sig,NA
0.09354913612164341,0.34351822211300975,0.226,0.222,1,PACSIN2,-0,Not sig,NA
0.09524386323988557,0.13191845115096912,0.139,0.16,1,ATP10D,-0,Not sig,NA
0.09661571219237923,0.30947375107578856,0.199,0.192,1,SPRED2,-0,Not sig,NA
0.09802706499247238,0.30505015068957153,0.26,0.256,1,PEAK1,-0,Not sig,NA
0.09830811170073474,0.2939836199155176,0.163,0.152,1,FAM13C,-0,Not sig,NA
0.09887042903268879,0.16506696923072517,0.139,0.161,1,PPP2R5C,-0,Not sig,NA
0.10021467558087797,0.10953306985635552,0.118,0.136,1,NFATC4,-0,Not sig,NA
0.10141739724353557,0.3542045913699903,0.114,0.102,1,ENTPD1-AS1,-0,Not sig,NA
0.10192326169890334,0.3102362338673389,0.152,0.142,1,RTN1,-0,Not sig,NA
0.10251544071469716,0.1471238266165199,0.152,0.175,1,AP3B1,-0,Not sig,NA
0.10291696686168288,0.3806376407871307,0.141,0.132,1,RAP1GDS1,-0,Not sig,NA
0.10504123213281467,0.41338610987445795,0.106,0.096,1,ARHGAP12,-0,Not sig,NA
0.10559756697576095,0.1536362259520212,0.147,0.17,1,RSRP1,-0,Not sig,NA
0.10765598306953203,0.11408525002322412,0.49,0.495,1,ARHGAP6,-0,Not sig,NA
0.10873718225730232,0.28253025509292917,0.24,0.233,1,PPP3CA,-0,Not sig,NA
0.1088779907619288,0.2684032373182714,0.211,0.203,1,CRADD,-0,Not sig,NA
0.11456999398059146,0.1448694859610078,0.472,0.482,1,CLMN,-0,Not sig,NA
0.11469513931755251,0.4385896555705517,0.122,0.112,1,ANKAR,-0,Not sig,NA
0.11656479562239046,0.13985518429410604,0.461,0.472,1,GJC1,-0,Not sig,NA
0.11672411158188765,0.2542501799270629,0.101,0.091,1,SEMA6D,-0,Not sig,NA
0.12018310812379436,0.14428447697765012,0.126,0.145,1,APPBP2,-0,Not sig,NA
0.12049467426791648,0.10618623823380968,0.64,0.647,1,GRM8,-0,Not sig,NA
0.1208911735061338,-0.11998377858949016,0.245,0.266,1,PRKCA,-0,Not sig,NA
0.12096785693432764,0.10816247488389796,0.124,0.142,1,GABBR1,-0,Not sig,NA
0.12234539906938655,0.3981723744231637,0.106,0.097,1,NR1D2,-0,Not sig,NA
0.12764102121894327,0.37974293894742867,0.107,0.098,1,TCAIM,-0,Not sig,NA
0.12798296262324724,0.10925401565196491,0.094,0.108,1,TSHZ3,-0,Not sig,NA
0.12836210926750966,0.1609072088257544,0.1,0.115,1,TOP2B,-0,Not sig,NA
0.1310994517813909,0.12194736343296109,0.249,0.28,1,AGRN,-0,Not sig,NA
0.13375296517775193,0.1764875619825932,0.439,0.453,1,PLCE1,-0,Not sig,NA
0.13515072331983935,0.2566206612536326,0.379,0.389,1,TRPC3,-0,Not sig,NA
0.13576849119921755,0.1045060353050602,0.113,0.129,1,PRKAR2A,-0,Not sig,NA
0.1368523364129522,0.11655864165516822,0.121,0.138,1,CFDP1,-0,Not sig,NA
0.13690186858006137,0.25586573741810636,0.257,0.254,1,KIAA1328,-0,Not sig,NA
0.13755200260807746,0.22921913064018007,0.237,0.231,1,LCOR,-0,Not sig,NA
0.13913713376109546,0.10984193947150023,0.25,0.285,1,GPATCH8,-0,Not sig,NA
0.14054269729676966,0.3113069341926935,0.19,0.184,1,KIAA2026,-0,Not sig,NA
0.14105619829013197,0.10347385215998817,0.158,0.179,1,SENP7,-0,Not sig,NA
0.14174202564197183,0.31658050944157373,0.123,0.115,1,AFAP1L2,-0,Not sig,NA
0.1451170206169623,0.22850773419872628,0.333,0.336,1,RBFOX2,-0,Not sig,NA
0.15142412523909685,0.1620834785223279,0.107,0.123,1,REV1,-0,Not sig,NA
0.15262648578581078,0.29010232039825734,0.19,0.184,1,RYK,-0,Not sig,NA
0.1540110089725843,0.18195127124457805,0.088,0.101,1,SLC16A1-AS1,-0,Not sig,NA
0.15992787301455377,0.3300864039163487,0.188,0.183,1,FLNA,-0,Not sig,NA
0.1618964040256347,0.31947822104237183,0.116,0.108,1,STIM1,-0,Not sig,NA
0.1619891010945391,0.26876763840868634,0.366,0.381,1,MYCBP2,-0,Not sig,NA
0.16363410506536796,0.34900358616197436,0.187,0.181,1,LINC00894,-0,Not sig,NA
0.1639757427555173,0.27379975293253933,0.18,0.172,1,COL1A2,-0,Not sig,NA
0.16435938998011346,0.1139642309414779,0.168,0.188,1,PKD2,-0,Not sig,NA
0.1649684789969475,0.3335707938730203,0.142,0.134,1,STARD9,-0,Not sig,NA
0.16629752373896545,0.33309051770909126,0.146,0.139,1,KIF16B,-0,Not sig,NA
0.16659714199724665,0.1328944952439568,0.134,0.152,1,MDM4,-0,Not sig,NA
0.17092750743148472,0.2182968347014338,0.181,0.172,1,DUBR,-0,Not sig,NA
0.1721895156663529,0.1535457942518399,0.185,0.209,1,HECTD4,-0,Not sig,NA
0.17973802136391817,0.24719474911999417,0.253,0.253,1,MICU3,-0,Not sig,NA
0.18040653657607592,0.11056688359672028,0.089,0.101,1,USO1,-0,Not sig,NA
0.18085742812273345,0.3948153032728366,0.102,0.094,1,KATNAL1,-0,Not sig,NA
0.18143583821816034,0.2727316716525696,0.187,0.181,1,PRICKLE2,-0,Not sig,NA
0.18177403715718016,0.13385564863521515,0.172,0.193,1,CHD6,-0,Not sig,NA
0.1849774673528447,0.10560909162217813,0.223,0.248,1,TNS3,-0,Not sig,NA
0.18665010637400062,0.244405554767831,0.146,0.137,1,DDR2,-0,Not sig,NA
0.18715764755825498,0.11893053622780654,0.093,0.105,1,PRKDC,-0,Not sig,NA
0.1872652717812867,0.34458526166835685,0.128,0.121,1,ARAP2,-0,Not sig,NA
0.19277699327609832,0.13743757416575653,0.421,0.429,1,CERS6,-0,Not sig,NA
0.1929727826056646,0.12316536391276667,0.133,0.15,1,AKAP8L,-0,Not sig,NA
0.19540471939104087,0.46249694499809,0.118,0.112,1,SERPINB6,-0,Not sig,NA
0.19933722617497238,0.10165143303348012,0.147,0.164,1,ELP4,-0,Not sig,NA
0.20121890682660848,0.2763941921200458,0.188,0.184,1,ARHGEF17,-0,Not sig,NA
0.20138057133141277,0.33497066118639474,0.199,0.195,1,TANC2,-0,Not sig,NA
0.20375609735125275,0.1754083369936219,0.403,0.414,1,BCAS3,-0,Not sig,NA
0.20387531377586904,0.1331234447134333,0.108,0.121,1,KIAA1958,-0,Not sig,NA
0.20498383208981488,0.19729747015158225,0.094,0.107,1,YTHDF3,-0,Not sig,NA
0.20601527815330375,0.19381630251835025,0.101,0.114,1,MCAM,-0,Not sig,NA
0.20814356541417575,0.33548806974954526,0.157,0.152,1,SMG7,-0,Not sig,NA
0.2086559816914939,0.19941108501568816,0.137,0.128,1,SORBS2,-0,Not sig,NA
0.2087931436641174,0.13500886741981155,0.493,0.513,1,RGS5,-0,Not sig,NA
0.2150642270085879,0.3364176578976754,0.162,0.157,1,CNTLN,-0,Not sig,NA
0.21646835094856715,0.15794586782306663,0.123,0.138,1,NR2C2,-0,Not sig,NA
0.2171975339226458,0.15076285090713304,0.121,0.136,1,WDPCP,-0,Not sig,NA
0.21782685340363311,0.10551566661658374,0.348,0.39,1,CDKAL1,-0,Not sig,NA
0.2207124993149134,0.3181572117615706,0.121,0.114,1,PRKACB,-0,Not sig,NA
0.22104642568243882,0.1087749111968862,0.125,0.14,1,G3BP1,-0,Not sig,NA
0.22653944328219092,0.41288103062159043,0.103,0.096,1,RNF213,-0,Not sig,NA
0.2280875524001495,0.2883729033521239,0.122,0.115,1,FMNL2,-0,Not sig,NA
0.22894463623707506,0.10234643099237706,0.127,0.142,1,AC124312.1,-0,Not sig,NA
0.22959059417852648,0.15433028940309068,0.496,0.522,1,MED13L,-0,Not sig,NA
0.229766835786981,0.15996102727369943,0.137,0.153,1,MTMR2,-0,Not sig,NA
0.2301058259742946,0.10647244604544795,0.1,0.112,1,SPIN1,-0,Not sig,NA
0.2311152916174218,0.27109627232125555,0.201,0.196,1,MYO1D,-0,Not sig,NA
0.2321546332826687,0.2992318147134325,0.19,0.185,1,CRYBG3,-0,Not sig,NA
0.23230602068769185,0.11671357504442437,0.376,0.373,1,PLCB1,-0,Not sig,NA
0.23412314420354505,0.1133580165964374,0.163,0.179,1,SMARCA2,-0,Not sig,NA
0.2350737598575189,0.13974689007137653,0.181,0.201,1,BTRC,-0,Not sig,NA
0.23822203186423216,0.4175264569048309,0.133,0.128,1,CLSTN1,-0,Not sig,NA
0.23832309780072813,0.10241015732139558,0.196,0.216,1,RABGAP1,-0,Not sig,NA
0.23933933021670228,0.11039348566022067,0.125,0.139,1,LRCH2,-0,Not sig,NA
0.24395353796302757,0.10563498538147686,0.155,0.172,1,ARID1A,-0,Not sig,NA
0.24467534227587853,0.16315150395957934,0.123,0.138,1,TNPO1,-0,Not sig,NA
0.2464670954108512,0.1871823972566256,0.117,0.132,1,YLPM1,-0,Not sig,NA
0.2505364223763447,0.20913832633884155,0.31,0.318,1,ITGA1,-0,Not sig,NA
0.2515826869245617,0.32734478068956746,0.115,0.109,1,PRKCB,-0,Not sig,NA
0.25336111760742547,0.3540744162642542,0.112,0.106,1,TESC,-0,Not sig,NA
0.25369099029436437,0.3391180650693925,0.128,0.122,1,PHF14,-0,Not sig,NA
0.25414473116999886,0.2183434208318844,0.363,0.378,1,PPP1R12A,-0,Not sig,NA
0.2553869837037202,0.30259429659854287,0.195,0.194,1,WDR7,-0,Not sig,NA
0.25878463905159255,0.13342174223012038,0.091,0.102,1,ABL2,-0,Not sig,NA
0.2647458862667602,0.16518039680208046,0.11,0.122,1,ATP11C,-0,Not sig,NA
0.26528507470879426,0.20434889955149171,0.283,0.284,1,SGMS1,-0,Not sig,NA
0.26827066864062227,0.1453062538993264,0.186,0.207,1,CCSER2,-0,Not sig,NA
0.2700498067746631,0.24271801684126657,0.107,0.101,1,EXOC6,-0,Not sig,NA
0.27635112015466523,0.1307250833704401,0.265,0.293,1,STXBP4,-0,Not sig,NA
0.2783912177805018,0.1454698591346616,0.129,0.143,1,PDSS2,-0,Not sig,NA
0.27905660200433285,0.27688486175368165,0.194,0.191,1,PRKCH,-0,Not sig,NA
0.2793577203020961,0.1233741473486728,0.116,0.128,1,WDFY2,-0,Not sig,NA
0.2817516369686156,0.10979231051483662,0.293,0.323,1,BBX,-0,Not sig,NA
0.2917943042892971,0.2184162206206044,0.215,0.214,1,EPS15,-0,Not sig,NA
0.2922262908394182,0.1552814223694412,0.122,0.134,1,CWC27,-0,Not sig,NA
0.29340553679285025,0.14382596435939488,0.228,0.254,1,PTPN9,-0,Not sig,NA
0.29581145490674315,0.14051471902011947,0.133,0.147,1,MKL2,-0,Not sig,NA
0.29792949341774105,0.10300025430651519,0.095,0.105,1,PTBP1,-0,Not sig,NA
0.30142288828606356,0.24977999822406116,0.201,0.199,1,ARHGAP17,-0,Not sig,NA
0.3016141461812452,0.22032651516415108,0.102,0.113,1,NUP153,-0,Not sig,NA
0.30369970595431667,0.2533152505994074,0.199,0.196,1,CEP85L,-0,Not sig,NA
0.30634778957213243,0.3544054327731305,0.14,0.136,1,PHLDB1,-0,Not sig,NA
0.30803295659539803,0.15935714573391233,0.107,0.118,1,USP3,-0,Not sig,NA
0.3104202376416463,0.12707165755769578,0.207,0.228,1,YWHAZ,-0,Not sig,NA
0.3116340072413113,0.4103662376756694,0.102,0.097,1,PPM1A,-0,Not sig,NA
0.3118104506368508,0.24065061843941293,0.172,0.169,1,TRIB2,-0,Not sig,NA
0.31202025997315097,0.11586055390292982,0.174,0.192,1,AKAP9,-0,Not sig,NA
0.3136288619323736,0.16355337905741435,0.114,0.126,1,ATP2B4,-0,Not sig,NA
0.3149414855968611,0.3725744016235553,0.116,0.112,1,WLS,-0,Not sig,NA
0.3175407391650343,0.1733402518599566,0.16,0.178,1,NCOA3,-0,Not sig,NA
0.31890916334905567,0.20259505883134188,0.125,0.119,1,KITLG,-0,Not sig,NA
0.32347390745639626,0.27299061097679944,0.161,0.157,1,NLK,-0,Not sig,NA
0.32401505363266697,0.3231439278299289,0.128,0.123,1,BCL2L1,-0,Not sig,NA
0.3260263490752262,0.11080594333389532,0.109,0.12,1,CHD7,-0,Not sig,NA
0.3298908023447921,0.22774400584628207,0.245,0.248,1,TNRC6C,-0,Not sig,NA
0.33130607008801705,0.3323602799551386,0.227,0.231,1,RFTN1,-0,Not sig,NA
0.33604269907747397,0.17241274510033666,0.111,0.122,1,ATAD1,-0,Not sig,NA
0.3369256567577808,0.12552470615373934,0.152,0.166,1,WDR33,-0,Not sig,NA
0.3412790109837123,0.20690476408568875,0.106,0.117,1,ZFX,-0,Not sig,NA
0.3416027517985526,0.2176311001238741,0.094,0.104,1,HK1,-0,Not sig,NA
0.34304019197698443,0.10781325935647135,0.135,0.146,1,LCORL,-0,Not sig,NA
0.34518631446348946,0.11059670641467817,0.118,0.13,1,MICU1,-0,Not sig,NA
0.34810140451354854,0.16427419780418706,0.17,0.187,1,R3HDM2,-0,Not sig,NA
0.3481941500954144,0.2994758046234436,0.198,0.198,1,DIP2C,-0,Not sig,NA
0.34851494732731436,0.2883276345202892,0.226,0.23,1,PIK3CA,-0,Not sig,NA
0.35211022574894846,0.21856156654379322,0.163,0.159,1,FAM13B,-0,Not sig,NA
0.3549885617854231,0.1992182074010731,0.284,0.289,1,DCN,-0,Not sig,NA
0.35519296283778135,0.17753761580877891,0.132,0.146,1,SETX,-0,Not sig,NA
0.3552312376864107,0.19187909510717116,0.11,0.121,1,RPTOR,-0,Not sig,NA
0.3564124634825919,0.3107088171326877,0.105,0.1,1,SEPT9,-0,Not sig,NA
0.3573438067063123,0.13564269810902996,0.188,0.208,1,EP300,-0,Not sig,NA
0.35819848275560956,0.15768533705211396,0.146,0.16,1,CD81,-0,Not sig,NA
0.3582252362879406,0.11830820109102053,0.112,0.123,1,NAP1L4,-0,Not sig,NA
0.35830049564483235,0.28934079782774624,0.134,0.131,1,ATM,-0,Not sig,NA
0.3589935366375598,0.20247770776733143,0.193,0.189,1,ARL15,-0,Not sig,NA
0.3592297133156516,0.15110629590655517,0.119,0.13,1,WWP1,-0,Not sig,NA
0.360231336537161,0.16830902661038005,0.163,0.178,1,FAR1,-0,Not sig,NA
0.36134741170394175,0.41682538570281324,0.121,0.119,1,DYNC1H1,-0,Not sig,NA
0.36965911593384077,0.12149908637866547,0.121,0.132,1,SIPA1L1,-0,Not sig,NA
0.37043003685409537,0.24031964713172327,0.251,0.254,1,SPARC,-0,Not sig,NA
0.37619939242869205,0.1596460220124849,0.161,0.178,1,PKN2,-0,Not sig,NA
0.3816986251194149,0.13740427143335454,0.306,0.309,1,SEM1,-0,Not sig,NA
0.38217410061095597,0.3358430715020041,0.11,0.106,1,RNF13,-0,Not sig,NA
0.38259268703628885,0.11640922197381665,0.243,0.265,1,TMCC1,-0,Not sig,NA
0.3869283645271832,0.27884246770585586,0.163,0.161,1,ZDHHC21,-0,Not sig,NA
0.3884076872403506,0.2744788674215106,0.208,0.209,1,TBCK,-0,Not sig,NA
0.3890186644337897,0.201286819475456,0.28,0.29,1,CELF1,-0,Not sig,NA
0.3949965880273095,0.18441444148679131,0.094,0.102,1,NFIB,-0,Not sig,NA
0.3959651497573067,0.14101752767301545,0.245,0.245,1,MTSS1,-0,Not sig,NA
0.39755577238429984,0.10462055380414492,0.272,0.298,1,ACSL3,-0,Not sig,NA
0.4011165785394623,0.3041381956552709,0.125,0.122,1,WASL,-0,Not sig,NA
0.40154834800886335,0.41684179052524983,0.115,0.112,1,PLEKHA2,-0,Not sig,NA
0.4035750089443625,0.15146048831163772,0.171,0.187,1,RNF38,-0,Not sig,NA
0.4039666727507269,0.17186091892235122,0.309,0.314,1,HP1BP3,-0,Not sig,NA
0.40577233503742555,0.23497978770350936,0.18,0.179,1,TBL1X,-0,Not sig,NA
0.4068682719597733,0.10298816967449609,0.289,0.294,1,EPB41L3,-0,Not sig,NA
0.41018256656520785,0.12901382615453572,0.129,0.14,1,SSBP3,-0,Not sig,NA
0.41296438060723717,0.2876664964922383,0.125,0.122,1,HIGD1B,-0,Not sig,NA
0.4172644645791337,0.19338921816043997,0.308,0.319,1,TNRC6A,-0,Not sig,NA
0.418955756839773,0.1684719228115199,0.157,0.171,1,BABAM2,-0,Not sig,NA
0.4218691709133802,0.11576856283152681,0.173,0.187,1,RAB2A,-0,Not sig,NA
0.4254612590868849,0.1584689643713948,0.117,0.127,1,KAZN,-0,Not sig,NA
0.4275687050671616,0.15680237407859926,0.123,0.134,1,TBC1D19,-0,Not sig,NA
0.43173935402361135,0.17110278427120962,0.31,0.314,1,SLC12A7,-0,Not sig,NA
0.4390100943988814,0.27767567299396256,0.167,0.166,1,ITGB1,-0,Not sig,NA
0.443742444051254,0.1641461299214127,0.125,0.136,1,MOB1B,-0,Not sig,NA
0.4437832371653185,0.1341160134852899,0.229,0.249,1,EPC1,-0,Not sig,NA
0.4483295728253179,0.22899580348210757,0.256,0.261,1,FBXL17,-0,Not sig,NA
0.44867948966433535,0.25089234681701345,0.214,0.216,1,PPP1R12B,-0,Not sig,NA
0.4490316781329694,0.20063997354365393,0.138,0.151,1,ZDHHC17,-0,Not sig,NA
0.4495465439863652,0.3315325382883324,0.166,0.166,1,PRKCE,-0,Not sig,NA
0.45136696524626835,0.110728357679581,0.192,0.208,1,JPX,-0,Not sig,NA
0.4515410277566771,0.10051076166590422,0.137,0.147,1,RASSF8,-0,Not sig,NA
0.45241761758901994,0.23075688135917805,0.235,0.261,1,GGT5,-0,Not sig,NA
0.45296506574482737,0.2333961931020193,0.154,0.152,1,INPP4A,-0,Not sig,NA
0.4554550899991581,0.1338353264308585,0.174,0.188,1,EXOC2,-0,Not sig,NA
0.4617638894881896,0.137197500275489,0.106,0.114,1,CDK19,-0,Not sig,NA
0.4629055782592129,0.22062385185243572,0.118,0.115,1,CPEB3,-0,Not sig,NA
0.4669546648707028,0.13574983990908696,0.145,0.156,1,FAM120A,-0,Not sig,NA
0.4689320264439124,-0.20503151798823205,0.117,0.122,1,MRPS6,-0,Not sig,NA
0.4711284635563814,0.13290769221547874,0.102,0.098,1,ORC4,-0,Not sig,NA
0.47295709727260793,0.17686931900519576,0.125,0.122,1,SGPL1,-0,Not sig,NA
0.4739088959699277,0.1950223651901668,0.133,0.144,1,THADA,-0,Not sig,NA
0.4891842596627882,0.185686003356328,0.145,0.141,1,MEF2C-AS1,-0,Not sig,NA
0.49162026294685285,0.11403246892262597,0.362,0.371,1,MEF2C,-0,Not sig,NA
0.49781921918685484,0.14870002847785363,0.114,0.123,1,BLCAP,-0,Not sig,NA
0.5035928511408017,0.20956050176271745,0.103,0.111,1,YWHAQ,-0,Not sig,NA
0.5090187321341346,0.2184822090079449,0.172,0.171,1,TCF7L1,-0,Not sig,NA
0.510315077794995,0.16331237601461557,0.272,0.279,1,MPDZ,-0,Not sig,NA
0.5126633354211374,0.1950064126740057,0.121,0.131,1,NAB1,-0,Not sig,NA
0.5172909320564603,0.20224575576959214,0.092,0.1,1,DNAJC3,-0,Not sig,NA
0.5177021201602865,0.21183175065420579,0.228,0.232,1,TCF7L2,-0,Not sig,NA
0.5180662638928039,0.12325222384443679,0.133,0.141,1,ANAPC16,-0,Not sig,NA
0.5195515939674451,0.47053021827284625,0.11,0.11,1,LRRC37A3,-0,Not sig,NA
0.5198204649005927,0.21815412073458407,0.125,0.135,1,LAMB2,-0,Not sig,NA
0.5202488213628299,0.1483269712468389,0.314,0.345,1,MNAT1,-0,Not sig,NA
0.5232770436077536,0.15512312359738345,0.099,0.106,1,BMT2,-0,Not sig,NA
0.5237032715302798,0.14192373738210673,0.292,0.297,1,MOB3B,-0,Not sig,NA
0.5366311950636935,0.2208198405929951,0.098,0.106,1,DNAJC13,-0,Not sig,NA
0.5376480335264364,0.3033897863327586,0.154,0.155,1,SUCLG2,-0,Not sig,NA
0.5386315772454607,0.2774991286298709,0.204,0.208,1,NCK2,-0,Not sig,NA
0.5411336106830789,0.2556124269765987,0.113,0.111,1,MAGED1,-0,Not sig,NA
0.5415487662297751,0.1645570976926194,0.212,0.23,1,ADD1,-0,Not sig,NA
0.5431470299484215,0.24869076307132187,0.122,0.12,1,MBD2,-0,Not sig,NA
0.5501492319561577,0.15317978730543547,0.095,0.103,1,PSAP,-0,Not sig,NA
0.551399903681135,0.29783677659161556,0.176,0.178,1,SRRM2,-0,Not sig,NA
0.5516091462273867,0.18555618335721136,0.152,0.163,1,TRAPPC9,-0,Not sig,NA
0.5549064182744556,0.2772865734797121,0.133,0.132,1,KMT5B,-0,Not sig,NA
0.556202447767618,0.29324154494993476,0.111,0.108,1,ZNF438,-0,Not sig,NA
0.562139315857647,0.2950798714115017,0.144,0.144,1,PPP3CB,-0,Not sig,NA
0.5655951816630587,0.15486194364936656,0.184,0.184,1,PHACTR2,-0,Not sig,NA
0.5656381325219915,0.1588336032469767,0.161,0.173,1,NRF1,-0,Not sig,NA
0.5688114512501787,0.2099237153707807,0.206,0.225,1,EHD2,-0,Not sig,NA
0.5737268206819439,0.11247742775949154,0.196,0.211,1,RPS6KC1,-0,Not sig,NA
0.5764767651780303,0.11725657094882003,0.219,0.236,1,BMPR1A,-0,Not sig,NA
0.5778781294429038,0.2048207689733001,0.136,0.135,1,MYL9,-0,Not sig,NA
0.5801273199851333,0.14355494434745664,0.325,0.355,1,PLXDC1,-0,Not sig,NA
0.580344335114815,0.23899495498558931,0.141,0.152,1,AC118549.1,-0,Not sig,NA
0.5817513129742504,0.13159311806087065,0.095,0.101,1,EPS15L1,-0,Not sig,NA
0.5824177783462512,0.12477428564680615,0.207,0.222,1,ZBTB46,-0,Not sig,NA
0.5897498252879038,0.18659214343851416,0.133,0.142,1,RGS7BP,-0,Not sig,NA
0.5938190271328594,0.10658114189601842,0.112,0.118,1,DYNC2H1,-0,Not sig,NA
0.5943071100583736,0.15532817639945806,0.286,0.314,1,CDK13,-0,Not sig,NA
0.5997893778685479,0.28661618615681017,0.164,0.166,1,NSD1,-0,Not sig,NA
0.6036520722003357,0.2047464852412193,0.177,0.191,1,ZFR,-0,Not sig,NA
0.6047783495703316,0.18543328952273508,0.156,0.168,1,DNM3,-0,Not sig,NA
0.6074781674773808,0.3139914380012582,0.13,0.13,1,SLC25A13,-0,Not sig,NA
0.6083585854571205,0.31876354827601977,0.125,0.135,1,SLAIN2,-0,Not sig,NA
0.6090067975451865,0.17858119452642351,0.157,0.168,1,IQGAP1,-0,Not sig,NA
0.6195677939838962,0.31353419750872386,0.1,0.099,1,FAM129A,-0,Not sig,NA
0.6211107213360336,0.24450176393566347,0.132,0.142,1,RHOA,-0,Not sig,NA
0.6231082299721104,0.3021596293787506,0.134,0.134,1,CBL,-0,Not sig,NA
0.623583302057227,0.2595461018380076,0.121,0.12,1,USP13,-0,Not sig,NA
0.625727499771753,0.12889123634808275,0.526,0.58,1,SLC6A12,-0,Not sig,NA
0.6288225289526144,0.1773120161888433,0.33,0.345,1,DPYD,-0,Not sig,NA
0.632320293428555,0.30822223629605505,0.149,0.151,1,DTNA,-0,Not sig,NA
0.6327694918354904,0.19416023041635144,0.164,0.174,1,RNF220,-0,Not sig,NA
0.6348348107617983,0.24945503238234934,0.109,0.108,1,DYNC1I2,-0,Not sig,NA
0.6428465049318652,0.1984077083004927,0.141,0.15,1,RSRC1,-0,Not sig,NA
0.6491528825228381,0.10351147057885624,0.195,0.204,1,SHISA6,-0,Not sig,NA
0.650712854189281,0.1712984887859672,0.223,0.239,1,MT-CYB,-0,Not sig,NA
0.6514887852149577,0.11539865272055083,0.161,0.17,1,RIC1,-0,Not sig,NA
0.6530680371113706,0.2416625587851537,0.124,0.123,1,VPS8,-0,Not sig,NA
0.6531391405772298,0.21467086526518586,0.276,0.291,1,ROCK1,-0,Not sig,NA
0.6581397964565017,0.1429526682348734,0.329,0.341,1,DLG2,-0,Not sig,NA
0.6591197913489406,0.18435461623543037,0.204,0.22,1,ASCC3,-0,Not sig,NA
0.6701852394020078,0.3594251010993206,0.109,0.109,1,AFTPH,-0,Not sig,NA
0.670201870624924,0.14039603142561974,0.109,0.115,1,AC090825.1,-0,Not sig,NA
0.6713779583016106,0.2612677604145003,0.115,0.115,1,ZNF706,-0,Not sig,NA
0.6780700442315228,0.21308046605278974,0.095,0.101,1,SLC39A11,-0,Not sig,NA
0.6817679174687292,0.15035551938866232,0.203,0.218,1,DMTF1,-0,Not sig,NA
0.6847774263514161,0.1277546409379433,0.119,0.125,1,SLC9A9,-0,Not sig,NA
0.6857812141278595,0.21189196676207356,0.205,0.212,1,MAP4K5,-0,Not sig,NA
0.6883782527304038,0.26825745374787635,0.196,0.203,1,KIRREL1,-0,Not sig,NA
0.6917473419021651,0.1894393575740284,0.12,0.127,1,ANKS1A,-0,Not sig,NA
0.692226708531702,0.2089285311802332,0.12,0.126,1,CREB1,-0,Not sig,NA
0.6941808577848539,0.15538560016484015,0.154,0.163,1,TFCP2,-0,Not sig,NA
0.6951919396069598,0.18668199246910244,0.118,0.117,1,AC104123.1,-0,Not sig,NA
0.6952317638473169,0.16589682523958516,0.227,0.244,1,ZNF148,-0,Not sig,NA
0.6955276515624189,0.19520420782509174,0.292,0.31,1,TRAK1,-0,Not sig,NA
0.698021329268759,0.16423638669885232,0.239,0.258,1,UBA2,-0,Not sig,NA
0.7003074088697333,0.30906560507181724,0.104,0.111,1,MBTD1,-0,Not sig,NA
0.7059555531213465,0.17308612765259213,0.231,0.248,1,CEP350,-0,Not sig,NA
0.7091469050091572,0.22064365683667253,0.175,0.179,1,COMMD1,-0,Not sig,NA
0.7102368626132023,0.3657857906246114,0.112,0.112,1,TBC1D12,-0,Not sig,NA
0.7144627507710959,0.1810862202561812,0.101,0.106,1,ZBTB44,-0,Not sig,NA
0.71538832702726185,0.13064545206736863,0.106,0.111,1,CSPP1,-0,Not sig,NA
0.7202589542337211,0.1665919376115672,0.209,0.224,1,MYH9,-0,Not sig,NA
0.7219036304768753,0.10252217307495426,0.118,0.123,1,LMBRD1,-0,Not sig,NA
0.7247406291827683,0.18040263130032153,0.159,0.169,1,SIL1,-0,Not sig,NA
0.7293462768571461,0.15815450957986155,0.332,0.341,1,DAB1,-0,Not sig,NA
0.7375897991437734,0.15511846211648317,0.267,0.279,1,PHKB,-0,Not sig,NA
0.7384471295623802,0.18439681035669842,0.221,0.228,1,SPPL3,-0,Not sig,NA
0.7387450416990855,0.252197076103995,0.109,0.109,1,ATXN7L1,-0,Not sig,NA
0.7397110318039901,0.2045672451637055,0.229,0.244,1,APP,-0,Not sig,NA
0.7420499621093384,0.3015610828885359,0.101,0.101,1,BCAP29,-0,Not sig,NA
0.7464047093241093,0.20209418638999777,0.157,0.166,1,UBE4B,-0,Not sig,NA
0.7479323085388067,0.1768017781753679,0.201,0.215,1,OSBPL8,-0,Not sig,NA
0.7551850771950204,0.19092649442290466,0.111,0.117,1,ZNF280D,-0,Not sig,NA
0.7595246307862177,0.1421433053001211,0.302,0.314,1,ITSN1,-0,Not sig,NA
0.7637434888075023,0.15260105401605428,0.251,0.258,1,EPB41L4A,-0,Not sig,NA
0.7702154863039413,0.1758815697813111,0.164,0.173,1,CBFA2T2,-0,Not sig,NA
0.773983200028984,0.14505857269945208,0.108,0.113,1,SCARB2,-0,Not sig,NA
0.774055663757111,0.11861893271879553,0.123,0.127,1,ST7,-0,Not sig,NA
0.7753952344447901,0.11074029025374221,0.327,0.341,1,AFF1,-0,Not sig,NA
0.7757200725989639,0.17101433108892483,0.103,0.108,1,CYP20A1,-0,Not sig,NA
0.7767001071268238,0.1125981308147026,0.172,0.18,1,GMDS-DT,-0,Not sig,NA
0.77744779260438035,0.24601299322052733,0.109,0.11,1,SLC10A7,-0,Not sig,NA
0.7796240770897782,0.32172003337074256,0.125,0.127,1,DOCK5,-0,Not sig,NA
0.7844799524862411,0.12125269718974385,0.385,0.416,1,CACNA2D1,-0,Not sig,NA
0.7891161349700145,0.27569103572302045,0.114,0.115,1,ADIRF,-0,Not sig,NA
0.7933574354302626,0.15712935688588708,0.098,0.102,1,ACVR2A,-0,Not sig,NA
0.7978929742644033,0.21699100303606916,0.096,0.1,1,LINC01004,-0,Not sig,NA
0.8007518478179002,0.25099691503120347,0.104,0.105,1,NECTIN3,-0,Not sig,NA
0.8027223591197978,0.1115587488009413,0.444,0.481,1,WDFY3,-0,Not sig,NA
0.8049283464901131,0.16390635914564755,0.155,0.157,1,AIG1,-0,Not sig,NA
0.8075225747446941,0.2927158388081568,0.102,0.103,1,TNRC18,-0,Not sig,NA
0.8079416769838318,0.16391340161588785,0.243,0.259,1,WNK1,-0,Not sig,NA
0.8101178597187391,0.2173317415342393,0.176,0.181,1,METTL15,-0,Not sig,NA
0.8130379916182232,0.21077930145624946,0.125,0.126,1,FUT8,-0,Not sig,NA
0.8148389901966466,0.1519574400301058,0.184,0.187,1,PBX3,-0,Not sig,NA
0.822050038546832,0.2702551274763012,0.137,0.141,1,FAM168A,-0,Not sig,NA
0.8296977296432498,0.14166050555196064,0.279,0.296,1,NSMCE2,-0,Not sig,NA
0.8342014863909512,0.21752898480013455,0.103,0.107,1,TTC7B,-0,Not sig,NA
0.835752020029408,0.1558998636233142,0.264,0.275,1,ACSS3,-0,Not sig,NA
0.8359574094680866,0.24757050869721992,0.104,0.105,1,KPNA5,-0,Not sig,NA
0.8425133325979408,0.1587538990213847,0.126,0.127,1,TTC37,-0,Not sig,NA
0.8438150617911607,0.26008180730480046,0.124,0.13,1,ZC3H13,-0,Not sig,NA
0.8463441985777429,0.2641419028983756,0.236,0.254,1,SERINC5,-0,Not sig,NA
0.8465045336750168,0.12285523427801248,0.507,0.539,1,CNTN4,-0,Not sig,NA
0.850440489669086,0.17555972199700376,0.212,0.225,1,ATF7IP,-0,Not sig,NA
0.8530069214374302,0.2014499329332694,0.136,0.142,1,SS18,-0,Not sig,NA
0.8532350653607521,0.15912564530321283,0.23,0.238,1,SPRED1,-0,Not sig,NA
0.8543674069154689,0.18572456269113324,0.247,0.26,1,POGZ,-0,Not sig,NA
0.8592427227895174,0.24815148965208636,0.102,0.106,1,TCAF1,-0,Not sig,NA
0.860115446660839,0.2834946476004831,0.11,0.115,1,FBLN1,-0,Not sig,NA
0.8659369676619709,0.1308113503519373,0.123,0.127,1,COL27A1,-0,Not sig,NA
0.8663219136953441,0.12954369283981593,0.246,0.263,1,ABCA1,-0,Not sig,NA
0.86744272026598,0.2440124454723689,0.177,0.184,1,RIMKLB,-0,Not sig,NA
0.867804964542177,0.19797758870037874,0.244,0.255,1,HERC1,-0,Not sig,NA
0.8743303738570108,0.1833265471698129,0.187,0.192,1,ANKIB1,-0,Not sig,NA
0.876954906609107,0.24569798620881128,0.128,0.131,1,STT3B,-0,Not sig,NA
0.8836239391017108,0.21424138564395068,0.14,0.143,1,LONP2,-0,Not sig,NA
0.8852344663111971,0.15936087458156123,0.159,0.161,1,FOCAD,-0,Not sig,NA
0.8874601405636362,0.12072874188879235,0.319,0.345,1,FAF1,-0,Not sig,NA
0.8915373029225505,0.2540206123007259,0.1,0.101,1,KIAA1324L,-0,Not sig,NA
0.8917692785479132,0.17925723990624692,0.103,0.103,1,TRIQK,-0,Not sig,NA
0.8922856987503534,0.1356156207023198,0.208,0.216,1,CAMKMT,-0,Not sig,NA
0.8973865160832528,0.17602548250078875,0.263,0.281,1,MAP3K20,-0,Not sig,NA
0.8977548773767869,0.21569941662573605,0.106,0.107,1,RCOR3,-0,Not sig,NA
0.8977815890901276,0.20163542585439354,0.115,0.12,1,FAM126A,-0,Not sig,NA
0.8982345553935243,0.21570917573609827,0.106,0.11,1,ALMS1,-0,Not sig,NA
0.8986115655552249,0.2443153956483397,0.167,0.176,1,WASF2,-0,Not sig,NA
0.9006941617615325,0.1474552909293021,0.221,0.232,1,MEF2A,-0,Not sig,NA
0.9058846495003497,0.3029422576516566,0.111,0.116,1,TDRD3,-0,Not sig,NA
0.9076875289449624,0.14055737529133472,0.158,0.163,1,PLSCR4,-0,Not sig,NA
0.9095673103247142,0.18092315353384114,0.354,0.379,1,PHLPP1,-0,Not sig,NA
0.9120481690057324,0.14340686570044192,0.272,0.284,1,TBC1D1,-0,Not sig,NA
0.919539044385008,0.2019580032367725,0.162,0.169,1,ADD3,-0,Not sig,NA
0.921601952278608,0.3023371315488611,0.102,0.104,1,ATP1B2,-0,Not sig,NA
0.9263530422428142,0.19640537227918697,0.31,0.335,1,DOCK1,-0,Not sig,NA
0.9272339816867766,0.15834597468632183,0.213,0.221,1,FHIT,-0,Not sig,NA
0.929552755148658,0.22193839207214217,0.137,0.141,1,RALGAPA2,-0,Not sig,NA
0.9332599955670771,0.21564018113846894,0.207,0.22,1,WDR70,-0,Not sig,NA
0.9388737788237068,0.46357539930774627,0.131,0.135,1,AKAP12,-0,Not sig,NA
0.9482955887859672,0.16824510869419984,0.134,0.138,1,WIPF1,-0,Not sig,NA
0.9491976010385975,0.29001669410142,0.111,0.115,1,SRGAP1,-0,Not sig,NA
0.9495509236008887,0.16801106404723365,0.104,0.106,1,MBOAT2,-0,Not sig,NA
0.9576169529363026,0.2282915431210879,0.192,0.199,1,SOBP,-0,Not sig,NA
0.9638497288033673,0.1648101221353191,0.202,0.211,1,PARVA,-0,Not sig,NA
0.9660641540192326,0.2415755258792902,0.1,0.102,1,DOCK11,-0,Not sig,NA
0.969817641442662,0.2074407303732504,0.194,0.203,1,ANO6,-0,Not sig,NA
0.9734596544916003,0.2405988299730195,0.197,0.21,1,USP24,-0,Not sig,NA
0.9816063727323135,0.16759252482297116,0.121,0.124,1,ARFIP1,-0,Not sig,NA
0.9832133523229631,0.1823337524825681,0.19,0.2,1,RASA2,-0,Not sig,NA
0.9891778060904195,0.18124361986435789,0.297,0.32,1,MAP4K3,-0,Not sig,NA
0.9894487777853544,0.24384067640876417,0.198,0.209,1,MTMR3,-0,Not sig,NA
0.9903336637771485,0.3065804396923947,0.124,0.128,1,FAM222B,-0,Not sig,NA
0.9928933222092731,0.11674779407905023,0.342,0.364,1,FAM172A,-0,Not sig,NA
0.9965882802502286,0.2596967220567369,0.15,0.156,1,NAV1,-0,Not sig,NA
0.9968354824192907,0.20494487938507566,0.175,0.183,1,USP25,-0,Not sig,NA
0.9977403911724326,0.28994126958187916,0.136,0.141,1,USP53,-0,Not sig,NA
