p_val,avg_log2FC,pct.1,pct.2,p_val_adj,gene,neg_log10_pval,Significance,label
4.205627041072061e-242,-3.5314894403299415,0.032,0.202,1.0591451140235878e-237,ADAMTS9,236.97504453290276,Sig Down,ADAMTS9
1.295877918676834e-162,-0.7944857133993111,0.665,0.828,3.263538950395739e-158,NEAT1,157.48631119962465,Sig Down,NEAT1
5.643304375485452e-142,-0.8071438130654696,0.243,0.467,1.4212097739222564e-137,GRID2,136.84734181444904,Sig Down,GRID2
4.8725492478786123e-104,-1.0813638638750358,0.179,0.346,1.2271028025857498e-99,MT-ND4,98.91111905200364,Sig Down,MT-ND4
7.622984476561366e-103,0.45785431859620207,0.899,0.849,1.9197724105772144e-98,MAN2A1,97.71675025394698,Sig Up,MAN2A1
1.7166846273841743e-99,-0.43764757049735437,0.998,0.999,4.323298565604305e-95,MALAT1,94.36418477119385,Sig Down,NA
2.6289604311187307e-93,0.6480582263162655,0.705,0.599,6.620773949729411e-89,KIRREL3,88.17909123979744,Sig Up,KIRREL3
1.5843918995104467e-87,-1.579425709115489,0.078,0.192,3.990132559727109e-83,FLT1,82.39901267599203,Sig Down,NA
1.8185412394450071e-87,0.822799178401282,0.524,0.39,4.579814257418306e-83,AK5,82.33915213523065,Sig Up,AK5
2.559435715394752e-86,-0.8636413156443816,0.217,0.379,6.445682905650143e-82,MT-CO3,81.19073106334645,Sig Down,NA
2.27084179736022e-85,-1.5835284745020763,0.077,0.188,5.718887982471978e-81,PITPNC1,80.2426884100228,Sig Down,NA
4.3670763546852745e-82,0.4748356207013149,0.847,0.782,1.0998045091639396e-77,NKAIN2,76.95868450405676,Sig Up,NA
1.7157585466199123e-81,-0.6720071494574897,0.269,0.439,4.320966323807587e-77,FKBP5,76.36441911842414,Sig Down,NA
2.5856231197431233e-80,-0.9677070533074956,0.225,0.376,6.511633264761082e-76,MGAT5,75.18631006689888,Sig Down,NA
1.0429084217369738e-76,-1.0150118218492625,0.134,0.262,2.626460569302395e-72,MT-ATP6,71.5806291148163,Sig Down,NA
1.152868299684837e-76,0.4667031024060577,0.886,0.826,2.9033835259262936e-72,NCAM2,71.53709559172886,Sig Up,NA
2.473255676710791e-75,0.6008230412383084,0.68,0.598,6.228647096228455e-71,MOBP,70.20560627476118,Sig Up,NA
4.5748719990229996e-73,-1.1019921026674973,0.118,0.238,1.1521357642339522e-68,GLUL,67.93849634193401,Sig Down,NA
4.929641063483344e-69,-0.8513349109813422,0.122,0.241,1.2414808054276453e-64,UTY,63.906059990697656,Sig Down,NA
1.0048439860506672e-67,-1.4271483311582727,0.06,0.15,2.53059909447e-63,P4HA1,62.59677665170082,Sig Down,NA
6.849509894783861e-67,-1.6485099035390487,0.04,0.116,1.7249805719023676e-62,ATP1B3,61.76321579193164,Sig Down,ATP1B3
2.151215080060365e-66,-0.9669808641185241,0.111,0.223,5.417620057624023e-62,MT-ND2,61.26619145568218,Sig Down,NA
5.380142355832571e-66,-0.9669974814766055,0.113,0.227,1.3549350508928748e-61,ELOVL5,60.86808152229133,Sig Down,NA
1.098836809555996e-65,0.47540781592662595,0.759,0.69,2.7673106211858205e-61,TTLL7,60.55794209004749,Sig Up,NA
2.0136268996413148e-64,0.7768555660931487,0.492,0.381,5.071117984056687e-60,CNTNAP4,59.294896285088356,Sig Up,NA
2.5789635456945985e-64,1.047249250729524,0.336,0.214,6.494861793477277e-60,GRIA4,59.18743008600262,Sig Up,GRIA4
2.988004715881635e-63,-1.0011763630854527,0.086,0.187,7.524991076476309e-59,PDE10A,58.123494010742675,Sig Down,NA
7.804895318203627e-63,-0.8871741155341466,0.09,0.193,1.9655848369364014e-58,MT-CYB,57.70650820678248,Sig Down,NA
2.5027973796263818e-58,-0.852433614133354,0.154,0.269,6.30304492085108e-54,ELOVL7,53.200449597712044,Sig Down,NA
8.945434280899157e-58,0.3390323890605016,0.875,0.833,2.2528181693016435e-53,SLC24A2,52.64727385987657,Sig Up,NA
1.9461004966658296e-57,-0.9003883070032406,0.218,0.343,4.901059490803225e-53,MT-ND3,52.30971002583449,Sig Down,NA
1.1357081853019187e-56,-0.7031307329778529,0.147,0.261,2.860167493864352e-52,PTPRG,51.54360853346848,Sig Down,NA
1.1585290933254895e-56,-0.940109128428553,0.188,0.306,2.9176396686309126e-52,MT-CO2,51.534968344926526,Sig Down,NA
1.6009061921410373e-56,0.31701735161994193,0.892,0.858,4.031722154287989e-52,SLC44A1,51.39450940489024,Sig Up,NA
2.2466271956433887e-55,-1.270582024783061,0.045,0.117,5.657905929508311e-51,SVEP1,50.24734427756391,Sig Down,NA
2.1515467431392662e-54,-0.7680022471414112,0.1,0.199,5.418455317921928e-50,MT-CO1,49.26612450359363,Sig Down,NA
1.7923041150539926e-50,-1.2814387773892257,0.057,0.13,4.513738683351975e-46,VWF,45.34546358740786,Sig Down,NA
3.348897098449658e-50,-1.1344519951512664,0.066,0.143,8.433862452735618e-46,EPAS1,45.07397348614129,Sig Down,NA
5.964430829029776e-50,-1.3224207865431514,0.041,0.106,1.5020822599828586e-45,NAMPT,44.82330628299204,Sig Down,NA
6.990510986782556e-49,-1.1611569947137665,0.082,0.163,1.760490286911319e-44,ARHGAP26,43.754366366704254,Sig Down,NA
1.0835573910015069e-48,-1.0701295124950294,0.055,0.126,2.728830933498195e-44,SH3PXD2B,43.564023370494745,Sig Down,NA
1.3686403539680343e-48,0.47646800465771477,0.668,0.613,3.4467838674330977e-44,GAB1,43.4625859484238,Sig Up,NA
3.483855342606952e-48,-1.1071068828845414,0.062,0.136,8.773741294821347e-44,ARHGAP29,43.05681517548019,Sig Down,NA
4.19670692567527e-48,-0.8595209689239502,0.158,0.264,1.0568986721620601e-43,CALD1,42.975966647725976,Sig Down,NA
7.093535062268314e-48,-1.2471502438032764,0.078,0.157,1.7864358700816522e-43,AFF3,42.74801256959284,Sig Down,NA
2.503039041212524e-46,-1.242902083549776,0.05,0.116,6.30365352138962e-42,SORBS2,41.200407665741196,Sig Down,NA
5.31846663493004e-46,0.22034185015806873,0.983,0.968,1.3394026373407813e-41,IL1RAPL1,40.87308885025468,Not sig,NA
6.121843145582654e-46,-1.1386195018297434,0.069,0.143,1.5417249777835355e-41,MKL2,40.81199309144956,Sig Down,NA
2.3551813615613253e-45,-1.692277320179374,0.051,0.116,5.931288740956042e-41,PDE7B,40.22685093357051,Sig Down,PDE7B
4.2397591418338706e-45,-1.1635106545273763,0.06,0.13,1.067740942279442e-40,ADAMTS9-AS2,39.97153410403576,Sig Down,NA
5.857305508290427e-45,-0.9563217534758062,0.075,0.153,1.4751038192078613e-40,CACNA1C,39.831177412552,Sig Down,NA
1.0952957096713389e-44,-1.0342307621349898,0.065,0.137,2.7583927152363e-40,ATP10A,39.55934390280175,Sig Down,NA
3.240859520106992e-44,-1.06486032912918,0.072,0.147,8.161780615437449e-40,BSG,39.08821508302335,Sig Down,NA
3.500936160914312e-44,-1.4149173565863533,0.044,0.106,8.816757627646603e-40,MT2A,39.05469109778348,Sig Down,NA
1.1408056111047482e-43,-1.2553869665517707,0.044,0.106,2.8730048510061978e-39,ITGA1,38.541663640710645,Sig Down,NA
1.664873370581747e-43,-0.5500147919513272,0.189,0.301,4.192817096473071e-39,AFDN,38.37749408243903,Sig Down,NA
2.1357039897053766e-43,-0.371103031890343,0.641,0.746,5.378556927674021e-39,TMEM165,38.269334230358744,Sig Down,NA
5.267590680819856e-43,-0.7588256461919999,0.099,0.183,1.3265900370576724e-38,UTRN,37.87726326865918,Sig Down,NA
5.3313856556133275e-43,-1.22204631529415,0.046,0.107,1.3426561635096605e-38,CADPS2,37.8720351901675,Sig Down,NA
1.6848237153686102e-42,-0.805885601192071,0.102,0.187,4.243060044784308e-38,BNIP3L,37.3723208223616,Sig Down,NA
1.0749799180448972e-41,-1.0600031782179684,0.052,0.116,2.707229425604269e-37,SPARCL1,36.56747493815197,Sig Down,NA
1.726637676075439e-41,-1.2171544559352239,0.062,0.129,4.348364323428385e-37,GALNT18,36.36167407612528,Sig Down,NA
5.30886373329351e-41,-1.5948897089720164,0.054,0.116,1.3369842425926375e-36,PCBP3,35.873873711208766,Sig Down,PCBP3
5.583374102531379e-41,-0.5988904243819482,0.241,0.349,1.4061169339815023e-36,SLC5A11,35.851978561484586,Sig Down,NA
6.435402333684303e-41,-0.7657287113656523,0.097,0.179,1.620691723715055e-36,AF165147.1,35.790299585658424,Sig Down,NA
7.025765743783985e-41,-1.0940956682592058,0.048,0.11,1.7693688449145587e-36,GALNT15,35.752181624064,Sig Down,NA
7.945963838916335e-41,0.3022985401237692,0.834,0.813,2.0011115331926898e-36,PHLPP1,35.69872870501684,Sig Up,NA
2.7707321881901257e-40,-0.4268208122733852,0.348,0.474,6.977811942738013e-36,SAMD12,35.156280739291994,Sig Down,NA
5.208546710647479e-40,-0.48422028112353876,0.208,0.32,1.3117204036094613e-35,NAV2,34.88215872601973,Sig Down,NA
5.770397333986046e-40,-0.6302476140920348,0.295,0.411,1.4532168645910458e-35,SGIP1,34.83766957078983,Sig Down,NA
2.223097134247588e-39,-0.7651163620540895,0.089,0.166,5.598647822889125e-35,ITGAV,34.25191685048793,Sig Down,NA
2.592384093388392e-39,0.35644407137354417,0.768,0.725,6.528660100789326e-35,UNC5C,34.18517594131959,Sig Up,NA
8.388906658959517e-39,-0.9229025901426163,0.056,0.119,2.112662252992365e-34,SMOC1,33.67516992717197,Sig Down,NA
1.3252195493081155e-38,1.3292942201345344,0.164,0.087,3.3374329129775583e-34,DCC,33.47658745546002,Sig Up,DCC
1.398012603250861e-38,0.42983767263466977,0.718,0.679,3.5207549400269685e-34,WWOX,33.45336420267701,Sig Up,NA
1.5891979623144542e-38,-0.5942203326961483,0.134,0.225,4.0022361482927214e-34,HIVEP2,33.39769728979408,Sig Down,NA
1.7500992197849384e-38,0.35348391178810523,0.775,0.73,4.407449875106389e-34,PEX5L,33.35581261812983,Sig Up,NA
1.8831884956987574e-38,-0.4905460317114565,0.207,0.315,4.7426219075677505e-34,KAZN,33.323981496896124,Sig Down,NA
3.8312952399607005e-38,-0.6573873303621718,0.108,0.191,9.648733932317028e-34,CPB2-AS1,33.01552966927601,Sig Down,NA
6.476788822940383e-38,0.6550199154388197,0.444,0.368,1.6311144971693063e-33,LPAR1,32.78751555229907,Sig Up,NA
6.976211823327244e-38,-0.6461253079763052,0.103,0.184,1.756889185586733e-33,SAMD4B,32.75525563042612,Sig Down,NA
7.534440603591869e-38,0.23519236537072796,0.951,0.934,1.8974735216085762e-33,MAGI2,32.721824275774786,Not sig,NA
7.781513026186927e-38,-0.9740744188752837,0.061,0.126,1.9596962405149155e-33,RBMS1,32.70781124052708,Sig Down,NA
9.93481048900284e-38,-0.5754759116622271,0.139,0.23,2.5019826735504752e-33,RPS6KA2,32.601715702159574,Sig Down,NA
1.4326601740058951e-37,-0.692172180661034,0.082,0.156,3.608011382216446e-33,MT-ND1,32.44273210105637,Sig Down,NA
1.5301650608408136e-37,-0.39483492990183144,0.381,0.51,3.8535676892215046e-33,MTUS1,32.41413700808132,Sig Down,NA
1.9901411505296327e-37,-0.9621753869452646,0.067,0.133,5.011971473493827e-33,CLDN5,32.29999140953333,Sig Down,NA
3.991227435212718e-37,-0.319817388255732,0.722,0.813,1.005150717283971e-32,ERBIN,31.997768813092115,Sig Down,NA
6.949659033137475e-37,-0.4518084674645737,0.266,0.383,1.7502021309053416e-32,JAM3,31.75691179173227,Sig Down,NA
9.50738353714361e-37,-0.31693974707488337,0.493,0.623,2.3943394699942468e-32,PICALM,31.62081427519383,Sig Down,NA
2.5699547809908002e-36,-0.713936490901148,0.094,0.169,6.472174120447231e-32,COBLL1,31.188949807444576,Sig Down,NA
2.9370405993149657e-36,-1.1555994726206515,0.053,0.111,7.39664304531481e-32,ANO2,31.130965339414985,Sig Down,NA
3.869152634005563e-36,-0.8979490697130359,0.051,0.11,9.744073993479609e-32,ZFAND5,31.01125942680091,Sig Down,NA
4.337777574063667e-36,-0.7387114565061984,0.073,0.14,1.092425904252194e-31,MECOM,30.961608010161378,Sig Down,NA
5.552131910521491e-36,-0.3714005451688802,0.411,0.537,1.3982489003457324e-31,PKP4,30.854415513550915,Sig Down,NA
6.137339722591135e-36,-0.9172879273009197,0.091,0.163,1.5456276357373515e-31,CRYAB,30.810895125697645,Sig Down,NA
6.507151708193348e-36,-0.7458066724011428,0.082,0.151,1.6387610861914128e-31,PLEKHG1,30.785484357296994,Sig Down,NA
2.018882165444666e-35,-0.5048993615111754,0.245,0.353,5.084352845455847e-31,LPP,30.293764317772425,Sig Down,NA
2.104573744018981e-35,-1.06290714305164,0.058,0.118,5.300158516937402e-31,THSD4,30.275711141342285,Sig Down,NA
2.3794434527637797e-35,-0.5901881724944003,0.182,0.276,5.992390391440303e-31,ASAP1,30.22239990102864,Sig Down,NA
2.827976069898551e-35,0.9032650170293568,0.263,0.182,7.121974934432511e-31,SYNDIG1,30.147399559144887,Sig Up,NA
3.873148917805771e-35,-1.0583330459454485,0.045,0.1,9.754138234602055e-31,RHOQ,30.01081109392597,Sig Down,NA
9.228831770403379e-35,-0.33068992305326095,0.518,0.646,2.324188993058387e-30,PDE8A,29.633728559885345,Sig Down,NA
1.1228557818826675e-34,0.5251861556815123,0.531,0.458,2.8278000010933096e-30,PLXDC2,29.54855130968881,Sig Up,NA
1.4337249203889784e-34,-0.8988531009304432,0.062,0.123,3.610692839507603e-30,NEDD4L,29.44240945529536,Sig Down,NA
1.6777405712433508e-34,0.5112481629778092,0.539,0.462,4.225221854619255e-30,LRP1B,29.374150482523202,Sig Up,NA
3.509458086082865e-34,-0.41163069428473564,0.259,0.374,8.838219243991087e-30,IQGAP1,29.053635229377647,Sig Down,NA
3.931244485603081e-34,-0.5283230031875039,0.328,0.44,9.900446112542799e-30,ELL2,29.004345235720578,Sig Down,NA
8.879344825349731e-34,-0.6907954770220017,0.091,0.162,2.2361742008160764e-29,STAT3,28.650494367374925,Sig Down,NA
1.1941342091064286e-33,-0.7436209055900642,0.063,0.125,3.00730759221363e-29,KLF9,28.52182214929584,Sig Down,NA
1.2807530281287602e-33,-1.0562693872946947,0.049,0.103,3.22544842603947e-29,RBMS3,28.491409897953947,Sig Down,NA
1.3145896765298313e-33,-0.7081724023921729,0.115,0.192,3.310662641372727e-29,ESYT2,28.48008507187701,Sig Down,NA
2.070215559821459e-33,0.35691779884201447,0.568,0.491,5.213630865854362e-29,FP236383.1,28.282859720884915,Sig Up,NA
4.0439373859106114e-33,-0.988139914362526,0.049,0.103,1.0184251912677284e-28,FLI1,27.992070866725516,Sig Down,NA
5.26650955847967e-33,-0.6199451582687894,0.093,0.165,1.32631776720752e-28,EBF1,27.87735241257419,Sig Down,NA
6.358045760060393e-33,0.18253606602140948,0.994,0.989,1.6012102442136096e-28,PCDH9,27.795551640031327,Not sig,NA
8.340677750867122e-33,-0.9244474323880929,0.054,0.11,2.100516284778376e-28,SYNE2,27.67767394713624,Sig Down,NA
2.3509607849528186e-32,-0.3799788853884589,0.291,0.403,5.920659640825178e-28,SYNJ2,27.227629904356295,Sig Down,NA
2.585821527130878e-32,-0.6070930139075291,0.075,0.14,6.5121329339264025e-28,ZEB1,27.186276742657945,Sig Down,NA
3.167051484067875e-32,-0.7841701486800388,0.06,0.118,7.975902457476537e-28,DANT2,27.098220165934958,Sig Down,NA
3.5832286128814713e-32,-0.41530923051695057,0.237,0.335,9.024002938680698e-28,CNTNAP2,27.044600771932032,Sig Down,NA
1.9523766332291762e-31,-0.6149187076578027,0.165,0.249,4.916865313124357e-27,PTPRM,26.30831168810358,Sig Down,NA
1.9859150435770756e-31,-0.3754411859922011,0.298,0.411,5.001328445744507e-27,CDC14B,26.300914623658578,Sig Down,NA
4.791166600749028e-31,-0.5877691310777062,0.123,0.201,1.2066073967326353e-26,REV3L,25.91843401670375,Sig Down,NA
7.344412489850339e-31,-0.5916064475453671,0.281,0.384,1.8496168414439092e-26,TACC1,25.732918228830034,Sig Down,NA
1.0678433705238697e-30,-0.6468802635229264,0.066,0.125,2.6892567443273136e-26,ABCB1,25.570367733543957,Sig Down,NA
2.4443059455988446e-30,-0.421646058289153,0.177,0.268,6.15574009339613e-26,NDRG1,25.210719725160693,Sig Down,NA
4.251937349281958e-30,-0.9513557129300981,0.053,0.106,1.0708079020431684e-25,GLIS3,24.970288432590557,Sig Down,NA
4.566434722174537e-30,-0.591673370447045,0.119,0.194,1.1500109204324355e-25,FTH1,24.93929803559332,Sig Down,NA
5.536552262186532e-30,-0.38286884803009746,0.329,0.439,1.3943253217090562e-25,PALM2,24.85563588553531,Sig Down,NA
7.831836826211309e-30,-0.5893308106672033,0.085,0.152,1.9723697863130559e-25,ZNF146,24.705011658816836,Sig Down,NA
8.055248608738556e-30,-0.5471401013135514,0.14,0.22,2.028633809624718e-25,TRIO,24.692796340749883,Sig Down,NA
1.4463030145154803e-29,-0.4156763152394227,0.218,0.315,3.6423695117557856e-25,ADD1,24.438615997921598,Sig Down,NA
1.545719443851399e-29,-1.019695051793845,0.05,0.1,3.8927398473953633e-25,FRMD3,24.40974461930159,Sig Down,NA
4.4722836086878504e-29,-0.4108484104091734,0.234,0.334,1.1262999040119483e-24,MSI2,23.94834595289913,Sig Down,NA
5.389087317440031e-29,-0.5105125187839642,0.139,0.219,1.3571877500240974e-24,ZNF708,23.86736006895099,Sig Down,NA
7.385524226485858e-29,-0.81845518314606025,0.056,0.109,1.8599704211981986e-24,RAPGEF4,23.73049396224044,Sig Down,NA
9.646510337642688e-29,-0.5240347818602732,0.11,0.181,2.4293771634319346e-24,ZBTB38,23.614505055272456,Sig Down,NA
1.0300359926100147e-28,0.29032523303013047,0.769,0.738,2.594042643789061e-24,SHTN1,23.58602288877235,Sig Up,NA
2.6950985281715795e-28,-0.5585035319137719,0.087,0.151,6.787336133347305e-24,TERF2IP,23.168300642447974,Sig Down,NA
3.6249145732323055e-28,-0.6529902997524681,0.17,0.25,9.128984861228239e-24,DTNA,23.039577513120495,Sig Down,NA
4.60383215545988e-28,-0.34714106615737017,0.22,0.317,1.159429090031016e-23,PPM1B,22.9357558073968,Sig Down,NA
4.3458677014978756e-27,0.3971989436284624,0.625,0.574,1.094463321945225e-22,CDH20,21.960798788087555,Sig Up,NA
6.751869071972081e-27,-0.5412511633685868,0.094,0.159,1.700390707085449e-22,RIN2,21.769451277189116,Sig Down,NA
7.290806195598736e-27,-0.626568315632671,0.081,0.142,1.8361166322995858e-22,NUAK1,21.736099735359545,Sig Down,NA
7.602074008240574e-27,-0.4221282815233094,0.312,0.409,1.9145063182353062e-22,ZDHHC20,21.717943196059462,Sig Down,NA
1.5002727927710773e-26,-0.36372962442326773,0.226,0.321,3.778287001314681e-22,NKTR,21.42270505584956,Sig Down,NA
2.008027193569525e-26,-0.4439585091117857,0.207,0.296,5.057015684285492e-22,MEF2A,21.29610569940521,Sig Down,NA
2.0496765214124566e-26,-0.3686309365863245,0.196,0.286,5.161905351525131e-22,CSNK1A1,21.287189962924117,Sig Down,NA
2.921611276974496e-26,-0.8406745904693127,0.056,0.106,7.357785839932572e-22,PDZRN3,21.133252857153042,Sig Down,NA
3.062171407413259e-26,-0.2759018567472604,0.477,0.593,7.711772472429551e-22,CLMN,21.112845792308807,Sig Down,NA
3.538143284654986e-26,-0.37862767525577556,0.199,0.289,8.910460048075117e-22,CPEB4,21.05009987271031,Sig Down,NA
4.5687086269495545e-26,-0.418419085979412,0.105,0.171,1.1505835806109758e-21,MAST4,20.93908182786043,Sig Down,NA
6.483059315198331e-26,-0.46429733304121257,0.148,0.224,1.6326936579395477e-21,PDZD2,20.787095294226614,Sig Down,NA
7.040595835696128e-26,-0.3384190261236797,0.25,0.348,1.773103655261713e-21,OSBPL9,20.75126587489411,Sig Down,NA
8.615977776979471e-26,-0.5094004945669,0.126,0.197,2.16984784335451e-21,SOX5,20.6635707191968,Sig Down,NA
1.027862925184409e-25,0.4417259655795931,0.522,0.466,2.5885699907844157e-21,TMEFF2,20.58694008789653,Sig Up,NA
1.3036540117610238e-25,-0.40786400404421985,0.185,0.269,3.2831222632189625e-21,CNDP1,20.48371294387662,Sig Down,NA
1.9402144485356492e-25,-0.8281445952879407,0.057,0.107,4.886236067192179e-21,TMTC1,20.311025554922487,Sig Down,NA
2.0242024165703485e-25,-0.378530301748339,0.156,0.236,5.097751365890766e-21,MARCH6,20.292621350321223,Sig Down,NA
2.6589403984498512e-25,-1.2388050632711083,0.092,0.148,6.696275499456105e-21,HSPA1B,20.17416668682002,Sig Down,NA
2.850727582786485e-25,0.41599408928627835,0.676,0.635,7.179272344489483e-21,ERBB4,20.143919571466245,Sig Up,NA
9.712990659577476e-25,-0.6283662633308349,0.053,0.101,2.4461195677079915e-20,AL078590.3,19.611522318220974,Sig Down,NA
1.0219197499835643e-24,-0.5669481803252534,0.072,0.127,2.5736026983586084e-20,TNS1,19.589458496758855,Sig Down,NA
1.0646479491716695e-24,-0.5630814874570744,0.156,0.23,2.6812093951939324e-20,LHFPL6,19.57166926746952,Sig Down,NA
1.871896804132267e-24,-0.36097122172772367,0.2,0.286,4.714184911526701e-20,EVA1C,19.32659338649547,Sig Down,NA
1.988223690936253e-24,-0.7255659503500245,0.065,0.117,5.00714254325386e-20,UBC,19.30041004493674,Sig Down,NA
3.0003043500398914e-24,-0.738731189594733,0.063,0.114,7.555966475140463e-20,CHSY1,19.121709977655154,Sig Down,NA
3.0539377427796906e-24,-0.44074030809913184,0.11,0.175,7.691036811416373e-20,DDX5,19.114015109987278,Sig Down,NA
3.448013463023763e-24,-0.26904814031964674,0.638,0.724,8.683477105279044e-20,DPYD,19.061306336430096,Sig Down,NA
3.767572537122361e-24,-0.41583552260039514,0.179,0.259,9.488254677488953e-20,ATP11A,19.02281366677664,Sig Down,NA
4.997318382960207e-24,0.21000428678948957,0.895,0.872,1.2585246615646985e-19,PTPRD,18.900138269764785,Not sig,NA
5.050977939702853e-24,-0.5358651700594503,0.092,0.152,1.2720382843347665e-19,CDH11,18.89549981759867,Sig Down,NA
6.292731242029684e-24,-0.29223560267446747,0.299,0.4,1.5847614359927557e-19,ZBTB16,18.800036105578624,Sig Down,NA
1.852143632216005e-23,-0.6458196685969186,0.103,0.162,4.664438523372787e-19,EEPD1,18.331200626489117,Sig Down,NA
3.177624864742888e-23,-0.3336549669031764,0.154,0.229,8.002530459368489e-19,MYO9A,18.096772664161588,Sig Down,NA
3.280858095557535e-23,-0.39241104717253283,0.193,0.274,8.262513027852097e-19,CAMK2D,18.08288784273537,Sig Down,NA
4.340528452281149e-23,-0.4882142384424786,0.087,0.143,1.0931186854224845e-18,WWTR1,17.96133268194257,Sig Down,NA
4.857675698953798e-23,-0.29001628531400625,0.332,0.435,1.2233570480245245e-18,OSBPL1A,17.91244677161768,Sig Down,NA
5.17324264915767e-23,-0.4422112324224544,0.091,0.15,1.3028294287638677e-18,FBXO7,17.885112440001695,Sig Down,NA
5.945923256246962e-23,-0.39096130685795494,0.153,0.228,1.497421312853235e-18,CDH19,17.82465598983448,Sig Down,NA
7.91493056879171e-23,-0.33440274164052375,0.227,0.314,1.9932961144445043e-18,PTPRJ,17.700428179816008,Sig Down,NA
8.186625270623516e-23,-0.49932485688294825,0.125,0.189,2.0617197081538263e-18,SORBS1,17.685770377595816,Sig Down,NA
2.928135063975287e-22,-0.39495688216462277,0.116,0.179,7.374215345115362e-18,DUSP16,17.132284184084156,Sig Down,NA
3.1251018970418557e-22,-0.5175302188593998,0.077,0.13,7.87025661751021e-18,CORO1C,17.104011106808446,Sig Down,NA
3.321099232675194e-22,0.6952731461703319,0.296,0.233,8.363856307569208e-18,GALNT13,17.0775934370411,Sig Up,NA
3.4607105575487364e-22,-0.6616579263147518,0.104,0.162,8.715453468130737e-18,CRIM1,17.059710011470408,Sig Down,NA
3.5048809219515833e-22,-0.36589980415913437,0.133,0.2,8.826692113842867e-18,AC006148.1,17.05420202188792,Sig Down,NA
3.5361926838722093e-22,-0.5744949663090888,0.098,0.155,8.905547655063772e-18,PRKG1,17.05033936803018,Sig Down,NA
5.000946436844703e-22,-0.6316179686785438,0.083,0.136,1.25943835065497e-17,SEC14L1,16.899823086304526,Sig Down,NA
6.916118260766056e-22,-0.5610803713190066,0.08,0.133,1.7417552227913235e-17,CAST,16.759012878524956,Sig Down,NA
7.260765281690197e-22,-0.3295560639216879,0.204,0.285,1.8285511285408593e-17,HERC4,16.737892891747745,Sig Down,NA
8.196987807188055e-22,-0.4208616365302147,0.194,0.27,2.06432940936224e-17,SCD,16.68522100023598,Sig Down,NA
8.563546070045284e-22,-0.9094114137802715,0.072,0.12,2.1566434422802043e-17,RNF152,16.666221650841006,Sig Down,NA
9.493418419221977e-22,-0.2935178923242532,0.191,0.273,2.3908224946968627e-17,BRWD1,16.62145266664262,Sig Down,NA
1.1763692516799173e-21,-0.45582755981487244,0.099,0.158,2.962568323430704e-17,IWS1,16.528331625067313,Sig Down,NA
1.4027901709161418e-21,-0.31505857718098484,0.201,0.282,3.5327867664352114e-17,STK3,16.45188257511972,Sig Down,NA
1.9252380470987343e-21,-0.3772694601751989,0.165,0.237,4.848519497813452e-17,GRB10,16.314390853580534,Sig Down,NA
1.930710584767997e-21,0.2536640760431679,0.765,0.76,4.8623015366797236e-17,TCF12,16.313158111791452,Sig Up,NA
2.1493190202536954e-21,1.0914060727141162,0.146,0.093,5.412845020606906e-17,CDH8,16.266574407355414,Sig Up,CDH8
2.6797034376823423e-21,-0.4529817670200059,0.116,0.177,6.748565137459211e-17,RASAL2,16.17078855592833,Sig Down,NA
3.3669280529353835e-21,-0.42891414753724444,0.095,0.152,8.47927160851247e-17,SLC11A2,16.071641453166677,Sig Down,NA
3.4966335586698156e-21,-0.23060579319836627,0.673,0.745,8.805921954154064e-17,NCKAP5,16.05522516796012,Not sig,NA
3.7215481176863145e-21,-0.3646318485077087,0.197,0.276,9.372346779581214e-17,AGPAT4,16.028151650754513,Sig Down,NA
5.655058117421587e-21,-0.5965583209265932,0.066,0.113,1.4241698362914526e-16,EGFL7,15.846438216762332,Sig Down,NA
5.9933387056675084e-21,-0.393784409697376,0.099,0.156,1.5093624196353054e-16,SEC14L5,15.821206467348592,Sig Down,NA
6.538506883682374e-21,-0.34138786914052144,0.171,0.242,1.646657573586569e-16,AC012593.1,15.783396704026023,Sig Down,NA
6.853681079517147e-21,-0.8328031001189535,0.057,0.1,1.7260310430655983e-16,SAMD4A,15.762951397664347,Sig Down,NA
7.002405389900848e-21,-0.5260222820304676,0.081,0.132,1.7634857733926294e-16,EMC10,15.753628039575737,Sig Down,NA
7.258947280910975e-21,-0.38007379380139095,0.188,0.264,1.82809328322462e-16,KIF5C,15.738001647028849,Sig Down,NA
8.935827519812116e-21,-0.37887738990404607,0.117,0.178,2.250398802589483e-16,ZC3H6,15.647740511925738,Sig Down,NA
9.977266720079997e-21,-0.43165920062034435,0.11,0.169,2.5126748507849467e-16,TUBB4A,15.59986370704852,Sig Down,NA
1.4727469872080573e-20,-0.28625682248924855,0.267,0.356,3.7089660125847714e-16,ZNF652,15.430747146346375,Sig Down,NA
1.8136260954699926e-20,-0.31599028622147207,0.211,0.29,4.56743595883163e-16,PRKCA,15.3403275332849,Sig Down,NA
2.304867420682492e-20,0.3964723452562411,0.544,0.501,5.804578112246787e-16,GRM3,15.236229340125503,Sig Up,NA
3.645147382796909e-20,-0.38644471097253386,0.14,0.206,9.179939168835737e-16,PTEN,15.037160196655675,Sig Down,NA
4.697394379360048e-20,-0.3416552550082522,0.119,0.182,1.1829918004980345e-15,PALM2-AKAP2,14.9270182655249,Sig Down,NA
5.0458388596834873e-20,-0.2709289646997952,0.187,0.265,1.2707440584226895e-15,HNRNPA2B1,14.895941912237317,Sig Down,NA
5.469025957265675e-20,-0.2202158291729841,0.53,0.635,1.3773194970777876e-15,ZNF638,14.860965304679159,Not sig,NA
5.543082003453289e-20,0.7755981994407071,0.244,0.187,1.3959697717496763e-15,SGCD,14.855123985799139,Sig Up,NA
5.996237380391087e-20,-0.2555517389412527,0.501,0.603,1.5100924218776913e-15,CREB5,14.820996471857045,Sig Down,NA
7.970982639123149e-20,-0.3876201954526943,0.092,0.147,2.0074122678367738e-15,MICU3,14.697363426087618,Sig Down,NA
9.516350925853099e-20,-0.3332318956423834,0.211,0.29,2.3965978171668443e-15,SPATA6,14.620404840576285,Sig Down,NA
1.0774188804964345e-19,-0.561399443148058,0.058,0.101,2.7133717086422207e-15,FBXO21,14.566490707545313,Sig Down,NA
1.100213165744273e-19,-0.3522319024701339,0.197,0.271,2.770776836610377e-15,MAPK10,14.557398451674128,Sig Down,NA
1.2809886367067214e-19,-0.6413813042009144,0.069,0.115,3.226041782682207e-15,KALRN,14.4913300120646,Sig Down,NA
1.3211003957371682e-19,0.3838462767151283,0.559,0.519,3.3270592366244845e-15,ENOX1,14.47793946666646,Sig Up,NA
1.390042487842201e-19,-0.28978435213889653,0.2,0.278,3.500683001381799e-15,HNRNPU,14.45584721428031,Sig Down,NA
1.5263979158177162e-19,0.2169314134094602,0.783,0.754,3.844080511195336e-15,EDIL3,14.415207524957264,Not sig,NA
1.5594169082144594e-19,-0.4739078882627037,0.093,0.147,3.927235541647295e-15,HIPK3,14.405913050507023,Sig Down,NA
1.5671354952781012e-19,-0.5880401374776585,0.09,0.142,3.94667403130837e-15,TMEM98,14.403768741922221,Sig Down,NA
1.6076744558395283e-19,-0.22704958417014875,0.373,0.473,4.048767349586268e-15,SGMS1,14.392677177959616,Not sig,NA
2.1134942526880001e-19,-0.3164950249879961,0.138,0.202,5.322623925969459e-15,SMCHD1,14.273874218149263,Sig Down,NA
2.201333942285954e-19,-0.24423696232580028,0.552,0.648,5.543839400252947e-15,AKAP6,14.256189359311508,Not sig,NA
2.5035414991473576e-19,-0.6212687279161533,0.061,0.104,6.3049189114527056e-15,PAG1,14.200320494584174,Sig Down,NA
2.6783983349975434e-19,-0.35448892903019336,0.177,0.246,6.745278366857813e-15,GNG7,14.171000122983074,Sig Down,NA
2.7996162861839366e-19,-0.3855929823485421,0.142,0.207,7.0505536551256256e-15,AC006059.1,14.15177677805472,Sig Down,NA
3.1002036304621887e-19,-0.2922678548785884,0.154,0.222,7.807552822955976e-15,CYTH1,14.107485068815254,Sig Down,NA
3.5310073014811983e-19,-0.3217501865522302,0.14,0.205,8.89248878805025e-15,TEAD1,14.050976673714965,Sig Down,NA
3.744534491224539e-19,-0.2721231338290666,0.239,0.322,9.430235662699879e-15,PREX1,14.025477454056807,Sig Down,NA
4.873720041856783e-19,0.14719571061583547,0.953,0.943,1.2273976553412123e-14,CTNNA3,13.91101471067026,Not sig,NA
5.076898290895562e-19,-0.36027294284822226,0.109,0.167,1.2785660655791382e-14,CFLAR,13.893276826358669,Sig Down,NA
6.222005391826632e-19,-0.32287059377190674,0.177,0.249,1.566949837877619e-14,CHKA,13.804944906199978,Sig Down,NA
6.3749042969671795e-19,-0.5193173481050477,0.068,0.114,1.6054558981482145e-14,PLCB4,13.79440161999716,Sig Down,NA
6.8422717164863485e-19,-0.4153838421232824,0.13,0.191,1.723157709079922e-14,SLC38A2,13.763674972668776,Sig Down,NA
8.480911506879776e-19,-0.2635614342688357,0.31,0.4,2.1358327538926027e-14,LRRC1,13.670432757685283,Sig Down,NA
1.064514271273455e-18,-0.36681249878267047,0.103,0.158,2.680872740775069e-14,SEPT2,13.571723801194631,Sig Down,NA
1.0808413807726577e-18,-0.3102511177109888,0.187,0.26,2.721990933337861e-14,GOLGA4,13.565113325718979,Sig Down,NA
1.1015501420224095e-18,-0.36498179577820083,0.091,0.143,2.774143877669236e-14,NDFIP1,13.5568710185124,Sig Down,NA
1.1364247994473119e-18,-0.32582768810137563,0.124,0.184,2.8619722149281105e-14,ZBED5,13.543334586845276,Sig Down,NA
1.2469110907058586e-18,-0.42257851634486826,0.077,0.125,3.140220890833634e-14,NFKBIZ,13.503039801514035,Sig Down,NA
1.3668429010543942e-18,-0.4100946840842376,0.087,0.138,3.442257162015386e-14,UNC79,13.463156687793374,Sig Down,NA
1.4394048350276593e-18,-0.36000561097864037,0.086,0.137,3.624997136533657e-14,RAP1B,13.44069233215178,Sig Down,NA
1.455410664603257e-18,0.5699300440494159,0.363,0.315,3.6653062177368424e-14,CPQ,13.435889736406768,Sig Up,NA
1.7376579848549284e-18,-0.3143683599142051,0.274,0.356,4.3761178690586517e-14,SLC9A9,13.358910988961563,Sig Down,NA
2.0622896232757716e-18,-0.39028340828649255,0.077,0.125,5.193670187257703e-14,RGCC,13.284525632758678,Sig Down,NA
2.099178280040146e-18,-0.3140464917206651,0.141,0.205,5.286570580453103e-14,COPA,13.27682596519802,Sig Down,NA
2.190353600753624e-18,-0.3110852024616806,0.149,0.213,5.516186508137927e-14,DYNC1I1,13.258361058289195,Sig Down,NA
2.2087958541638258e-18,-0.4082656511716429,0.105,0.159,5.562631479126179e-14,PON2,13.25471971084532,Sig Down,NA
2.7206650330647646e-18,-0.38788222003034073,0.085,0.135,6.851722819270303e-14,PREPL,13.164200214372064,Sig Down,NA
2.9382747634393564e-18,-0.35353320111113434,0.088,0.139,7.399751164245675e-14,PTPN12,13.130782884297675,Sig Down,NA
3.0460831902848295e-18,-0.22734580722039066,0.319,0.41,7.671255906413315e-14,TNKS,13.115133529326819,Not sig,NA
3.1374483433401353e-18,-0.2797069061726223,0.167,0.237,7.901349907867797e-14,TRPC4AP,13.10229870523417,Sig Down,NA
3.378161361217478e-18,-0.3187189538468056,0.13,0.191,8.507561572090097e-14,ARID5B,13.070194899085259,Sig Down,NA
3.647897037673657e-18,-0.23000526855619885,0.371,0.47,9.186863899677337e-14,COBL,13.036832717504899,Not sig,NA
3.8022274206677256e-18,-0.2513937397702235,0.161,0.23,9.5755295362096e-14,AHI1,13.018837199782862,Sig Down,NA
4.2872014365686836e-18,-0.7273056334336804,0.073,0.117,1.0796888097854573e-13,DHCR24,12.966701399760716,Sig Down,NA
5.078074175796074e-18,-0.26724089204149015,0.35,0.438,1.2788622004324833e-13,GNAO1,12.893176248966144,Sig Down,NA
5.479959370560145e-18,-0.32042291002076384,0.301,0.383,1.380072967881867e-13,KCNMB4,12.860097950764935,Sig Down,NA
5.7582657222763445e-18,-0.3667439697944731,0.093,0.144,1.4501616394980745e-13,FNDC3B,12.838583587261839,Sig Down,NA
6.1262421448735666e-18,-0.4190132382682498,0.094,0.145,1.542832821764959e-13,NEBL,12.811681130656536,Sig Down,NA
6.929395264957087e-18,0.5016647395663001,0.411,0.367,1.7450989035267928e-13,MIR181A1HG,12.758179954355967,Sig Up,NA
8.744409744885429e-18,-0.2863505336335156,0.11,0.166,2.2021921501519464e-13,ARGLU1,12.65714478976485,Sig Down,NA
9.36858659467003e-18,0.16094848141759854,0.936,0.933,2.3593848480017006e-13,DLG2,12.627201213954773,Not sig,NA
1.0148854282137352e-17,-0.5739034074590845,0.06,0.101,2.5558874624134704e-13,INSIG1,12.59245827239502,Sig Down,NA
1.0281997140835778e-17,-0.5424509184793693,0.103,0.155,2.5894181599480824e-13,PLA2G4C,12.586797810556346,Sig Down,NA
1.3104897577385761e-17,-0.2901168082393739,0.238,0.313,3.30033740588883e-13,LAMA2,12.481441658296328,Sig Down,NA
1.4942290467574806e-17,-0.21765876275164509,0.323,0.418,3.763066431354039e-13,WSB1,12.424458114787809,Not sig,NA
1.6166941042329792e-17,0.3753978402981075,0.571,0.535,4.071482432100335e-13,LSAMP,12.39024743478944,Sig Up,NA
1.786040857790294e-17,-0.24738842745141798,0.219,0.297,4.4979652962590764e-13,TAOK1,12.346983899656573,Not sig,NA
1.898142716585528e-17,-0.4269462042980067,0.061,0.102,4.780282617448994e-13,TIMP3,12.320546426490338,Sig Down,NA
3.159162809786783e-17,-0.37526484395677406,0.123,0.18,7.956035620167034e-13,DENND5B,12.09930328115251,Sig Down,NA
3.999902276353993e-17,-0.3596218420608347,0.121,0.176,1.0073353892769895e-12,PARD3,11.996825908332731,Sig Down,NA
4.469113113783725e-17,-0.44968105992017293,0.062,0.103,1.1255014465752934e-12,NLGN4Y,11.948653942476643,Sig Down,NA
4.7008446671541816e-17,0.24682507958441668,0.731,0.715,1.183860720976109e-12,AUTS2,11.92669938855021,Not sig,NA
5.25039855294134e-17,-0.4186488104611275,0.073,0.118,1.322260371572747e-12,SYT11,11.878683017767743,Sig Down,NA
5.4793732856114694e-17,-0.24725947492181244,0.175,0.242,1.3799253682483924e-12,VAPA,11.86014440130483,Not sig,NA
6.558362485967026e-17,0.24017619805122647,0.401,0.318,1.6516580084659358e-12,XIST,11.78207987251915,Not sig,NA
8.054991828005218e-17,-0.2678640896859181,0.243,0.32,2.028569141964834e-12,ANKRD28,11.692810185168405,Sig Down,NA
1.027952684833549e-16,-0.3809880516974389,0.095,0.145,2.58879604148481e-12,RLF,11.586902164144853,Sig Down,NA
1.0468269280766567e-16,-0.24023673796801082,0.215,0.289,2.6363289356682523e-12,CTNNA1,11.579000403625363,Not sig,NA
1.184736634420592e-16,-0.2749907658228925,0.196,0.266,2.983640740124819e-12,TBC1D12,11.525253471405279,Sig Down,NA
1.3360506997468877e-16,-0.4654989720327949,0.077,0.122,3.364710082242562e-12,RAB21,11.473052350490988,Sig Down,NA
1.3393655664116466e-16,-0.4939767239907853,0.067,0.108,3.3730582424510907e-12,IL6ST,11.471976159801981,Sig Down,NA
1.363524692682192e-16,-0.19045093135067104,0.536,0.633,3.4339005860508326e-12,NFIA,11.464212282137979,Not sig,NA
1.480308659338703e-16,-0.44506612559334263,0.08,0.126,3.72800932767859e-12,HSP90AB1,11.428523009688691,Sig Down,NA
1.5559821405310292e-16,-0.5427859902255611,0.062,0.103,3.918585422713344e-12,TLK1,11.406870681444568,Sig Down,NA
1.9459212383925526e-16,-0.29890477097124546,0.137,0.195,4.900608046767804e-12,TMTC4,11.309750031201508,Sig Down,NA
1.9666079883550395e-16,-0.29523297985855823,0.174,0.24,4.952705557873331e-12,ZKSCAN1,11.305157490388611,Sig Down,NA
2.0576062784177911e-16,-0.3463984346494511,0.12,0.175,5.1818756515673655e-12,DNM2,11.285513012902891,Sig Down,NA
2.274396220925414e-16,-0.2476211748739081,0.222,0.297,5.727839442778562e-12,UBE2D3,11.242009164249883,Not sig,NA
2.4474519941503795e-16,-0.9897481303545198,0.105,0.152,6.163663102068316e-12,HSPB1,11.210161107285101,Sig Down,NA
2.8136814919039833e-16,-0.3119030297971853,0.124,0.181,7.085975469210992e-12,HNRNPDL,11.149600355475146,Sig Down,NA
2.8892272295663073e-16,-0.20809927338660783,0.241,0.32,7.276229854939788e-12,SEMA6A,11.138093590098487,Not sig,NA
3.130876871472399e-16,0.8438499621507222,0.198,0.149,7.884800313116089e-12,AL354809.1,11.103209300941284,Sig Up,NA
3.371193641329582e-16,-0.36733886556458023,0.082,0.128,8.490014066324419e-12,SLC25A36,11.071091590212818,Sig Down,NA
3.372275907249866e-16,-0.24489966248290784,0.435,0.526,8.492739644818062e-12,GRID1,11.070952189532566,Not sig,NA
4.0792884501741555e-16,-0.36705495001313554,0.1,0.15,1.0273280032918593e-11,MPP5,10.988290873562706,Sig Down,NA
5.876571176763454e-16,-0.2739989342203589,0.125,0.181,1.479955685156108e-11,LDB3,10.82975128864579,Sig Down,NA
6.106393058613899e-16,-0.24504755755350116,0.219,0.291,1.5378340278813243e-11,RETREG1,10.813090533627463,Not sig,NA
6.518819209405557e-16,-0.365557059925138,0.076,0.12,1.6416994296966955e-11,ITM2B,10.784706352681258,Sig Down,NA
7.349566898748626e-16,0.47175002189870696,0.372,0.327,1.850914927780854e-11,KIF6,10.732613541940989,Sig Up,NA
7.407058071266333e-16,-0.3377312308644833,0.098,0.148,1.8653935046677135e-11,CPD,10.729229539791392,Sig Down,NA
8.30131658659647e-16,-0.398072434421644,0.077,0.121,2.0906035691684548e-11,C1orf198,10.67972831249329,Sig Down,NA
8.395753472840997e-16,0.2493350131474963,0.69,0.678,2.1143865546002767e-11,MAP4K4,10.674815611549384,Not sig,NA
1.0950714458458977e-15,-0.4129651450624974,0.061,0.1,2.7578279292183087e-11,AP3S1,10.559432834506165,Sig Down,NA
1.1310166285733113e-15,-0.36935677301835,0.299,0.37,2.848352277399027e-11,PDE4D,10.545406299210303,Sig Down,NA
1.1646167397156637e-15,-0.3667457853648093,0.181,0.243,2.932970797299928e-11,EPS8,10.532692261136269,Sig Down,NA
1.1691079987957371e-15,-0.2782792433483312,0.115,0.168,2.944281584167184e-11,SPRED1,10.531020657445263,Sig Down,NA
1.2642231089900828e-15,-0.3793456570787276,0.075,0.117,3.1838194776806245e-11,TAF1,10.497051564699996,Sig Down,NA
1.3115793873688211e-15,-0.3038565396681888,0.104,0.154,3.303081529149639e-11,TMCC3,10.481080706592321,Sig Down,NA
1.5264714191692049e-15,-0.5927081036833645,0.069,0.109,3.844265622035726e-11,MSRA,10.41518661210679,Sig Down,NA
1.6157465024148832e-15,-0.2592703805781213,0.114,0.167,4.069095991681642e-11,MTURN,10.39050206483683,Sig Down,NA
1.7929852474190337e-15,-0.3249230840399421,0.095,0.142,4.515454047100094e-11,ZFHX3,10.345298573094523,Sig Down,NA
1.933616408555599e-15,-0.3683719159852728,0.091,0.137,4.869619563306421e-11,UACA,10.31250496650826,Sig Down,NA
2.0837901663735045e-15,-0.3284663936161567,0.108,0.159,5.247817154995034e-11,BMPR2,10.280021305103444,Sig Down,NA
2.143514791473178e-15,-0.3997405466406488,0.091,0.137,5.3982276508460516e-11,ROR1,10.267748804584704,Sig Down,NA
2.4106364519729458e-15,-0.23176713608320632,0.21,0.281,6.070946840648667e-11,PNISR,10.216743569946031,Not sig,NA
2.564291547492214e-15,-0.5023766240890706,0.067,0.106,6.457911833204393e-11,RUNX1T1,10.189907888494174,Sig Down,NA
2.683918615127495e-15,0.3975214724022855,0.461,0.429,6.759180640337084e-11,SLCO1A2,10.170105946802064,Sig Up,NA
2.8803990947896347e-15,-0.36789816806568515,0.083,0.127,7.253997080318216e-11,ACSL1,10.139422623555962,Sig Down,NA
3.365406976103427e-15,-0.25984829022631983,0.111,0.163,8.47544092861887e-11,RBM25,10.071837698684188,Sig Down,NA
3.416404109926222e-15,-0.2726625936136611,0.186,0.251,8.603872110438197e-11,LUC7L3,10.06530605367088,Sig Down,NA
3.767163832985541e-15,-0.43289738204393946,0.067,0.106,9.487225396990785e-11,DGKD,10.022860781351802,Sig Down,NA
4.031371708071641e-15,-0.22848355470184245,0.327,0.41,1.0152606509607621e-10,CCNY,9.99342244568996,Not sig,NA
4.2518493553336684e-15,0.18529100461865244,0.844,0.837,1.070785741647231e-10,FRMD5,9.970297420418571,Not sig,NA
4.476222221501384e-15,-0.244913445499445,0.109,0.16,1.1272918042629086e-10,BABAM2,9.947963650433401,Not sig,NA
4.532107108988762e-15,-0.2525591266802796,0.133,0.188,1.1413658543277299e-10,MUC20-OT1,9.942575124163849,Sig Down,NA
4.605334537669977e-15,-0.327482660771645,0.082,0.125,1.1598074499668071e-10,RECK,9.93561410590934,Sig Down,NA
4.83485245847423e-15,-0.25504541035386363,0.137,0.193,1.2176092431421502e-10,DNAJC1,9.914492063735135,Sig Down,NA
4.96820462095985e-15,-0.273912457269899,0.131,0.187,1.2511926517425287e-10,NEK1,9.90267581488928,Sig Down,NA
6.8324951486944594e-15,-0.3370070141817687,0.216,0.279,1.7206955782472128e-10,BTBD9,9.764295957320176,Sig Down,NA
7.051920351270448e-15,-0.33622465646360167,0.101,0.149,1.7759556212639498e-10,TESK2,9.75056789085527,Sig Down,NA
7.081547931086864e-15,-0.2158906036420547,0.182,0.247,1.7834170309649158e-10,ZNF451,9.748747090324654,Not sig,NA
7.909784979640649e-15,-0.35894475467185055,0.119,0.171,1.992000249272701e-10,DIXDC1,9.700710611566059,Sig Down,NA
8.867173088184263e-15,-0.28048414721936027,0.107,0.157,2.233108870528325e-10,HSD17B12,9.651090103297971,Sig Down,NA
9.114355803657072e-15,-0.22114287675316707,0.115,0.167,2.2953593655929972e-10,ATF6,9.639149310877897,Not sig,NA
9.598001605528228e-15,-0.640161169427846,0.09,0.133,2.417160724336229e-10,HSPH1,9.616694471076993,Sig Down,NA
1.0103613357520926e-14,-0.23558885749659897,0.137,0.193,2.54449398795807e-10,SMARCA2,9.594398570925376,Not sig,NA
1.047431320475968e-14,-0.18725024994925898,0.148,0.208,2.637851037486678e-10,UBE2H,9.57874973321125,Not sig,NA
1.1355398811130316e-14,-0.2087054180012078,0.151,0.211,2.859743636595059e-10,ANKRD10,9.543672897710966,Not sig,NA
1.1493297632387946e-14,0.27398187866019397,0.614,0.586,2.8944720757405804e-10,AC026316.5,9.538430635908984,Sig Up,NA
1.4262151746252257e-14,-0.3202461106900988,0.109,0.158,3.591780295776168e-10,AIG1,9.444690236383977,Sig Down,NA
1.4503088764781223e-14,-0.34172220641693574,0.081,0.123,3.6524578745225033e-10,BTAF1,9.437414784282899,Sig Down,NA
1.5359886284862727e-14,-0.32171607943614344,0.112,0.162,3.868233761979829e-10,PMP22,9.41248728886248,Sig Down,NA
1.576570471950224e-14,-0.20530266739697245,0.338,0.424,3.970435076559444e-10,USP34,9.401161901046446,Not sig,NA
1.7222161097156763e-14,-0.5274416417928239,0.066,0.104,4.337229050707959e-10,ETV6,9.362787641989621,Sig Down,NA
1.931748726209206e-14,-0.4210212688665861,0.071,0.111,4.864915992085264e-10,SLC6A8,9.31292465477668,Sig Down,NA
1.9813120423190888e-14,-0.23960237999656653,0.168,0.227,4.989736247376393e-10,FBXL17,9.301922410155441,Not sig,NA
2.1139534951988354e-14,-0.296662032411256,0.108,0.157,5.323780482308747e-10,ARNT2,9.27377986027615,Sig Down,NA
2.252777221929914e-14,-0.15406545886767065,0.349,0.439,5.673394155708296e-10,KMT2C,9.246157043034508,Not sig,NA
2.6219355273489045e-14,-0.18458755834147578,0.195,0.262,6.603082432075481e-10,DENND4A,9.18025328101382,Not sig,NA
2.807776322138295e-14,-0.31996418790268666,0.109,0.158,7.071103889673082e-10,SEMA3B,9.150512781992289,Sig Down,NA
3.2482422448812167e-14,-0.2836253471960247,0.127,0.18,8.180373269508856e-10,MAP3K2,9.087226879068359,Sig Down,NA
3.3322759468619033e-14,-0.2011895400690562,0.21,0.279,8.392003744577017e-10,ZNF292,9.076134331028896,Not sig,NA
3.6407306927427963e-14,0.41402191086755646,0.42,0.387,9.168816176603458e-10,COL4A5,9.037686734249043,Sig Up,NA
3.716971468129428e-14,-0.34298734575407425,0.074,0.114,9.360820945337153e-10,GNAS,9.028686061903406,Sig Down,NA
3.7324508228219904e-14,-0.16621432967334027,0.507,0.601,9.3998041521949e-10,CDC42BPA,9.026881194964888,Not sig,NA
3.7856698054496276e-14,-0.378030479181841,0.094,0.138,9.533830838044342e-10,PHC2,9.020732558173153,Sig Down,NA
3.862293599790999e-14,-0.2765290843866055,0.092,0.137,9.726800201713652e-10,PRKX,9.012030004879575,Sig Down,NA
4.093946661477699e-14,0.4617961901011962,0.43,0.395,1.0310195272265436e-9,TLE4,8.986733109220436,Sig Up,NA
5.126757258919908e-14,-0.4217607933287234,0.076,0.116,1.2911225480863896e-9,RALGDS,8.889032534316227,Sig Down,NA
5.5585307706001523e-14,-0.5176954583579317,0.072,0.11,1.3998603892679423e-9,SCARB1,8.853915275174566,Sig Down,NA
6.135249116154596e-14,-0.39419954437296234,0.063,0.1,1.5451011374123736e-9,JAK1,8.811043087771488,Sig Down,NA
6.213109240956088e-14,-0.21926313550684173,0.117,0.168,1.5647094312423812e-9,TRPC1,8.805566299730552,Not sig,NA
6.272917640441873e-14,-0.22780626647212032,0.198,0.264,1.5797715785688812e-9,SLC22A15,8.801405703766228,Not sig,NA
6.644832066570675e-14,-0.22182614463148326,0.106,0.154,1.6734345076451588e-9,U2SURP,8.776391279735774,Not sig,NA
6.727813772605868e-14,-0.3389111497948277,0.098,0.144,1.6943326204930619e-9,NRDC,8.771001327733462,Sig Down,NA
7.228317461224395e-14,-0.24407555680363258,0.188,0.251,1.8203794694347517e-9,JUND,8.739838071188869,Not sig,NA
7.356637481078275e-14,-0.18223668644609736,0.325,0.407,1.8526955832347528e-9,BBS9,8.732195933828534,Not sig,NA
7.811477905465915e-14,-0.16562152343404435,0.323,0.408,1.967242595712536e-9,WDFY3,8.706142080607979,Not sig,NA
8.724791133927723e-14,-0.40884727212147765,0.066,0.104,2.197251399168358e-9,PGAP1,8.658120250305101,Sig Down,NA
9.449272577493045e-14,-0.40199090155756245,0.069,0.107,2.3797048059158483e-9,KIF1A,8.623476912318683,Sig Down,NA
1.1385935473774174e-13,-0.16532983472937413,0.235,0.306,2.8674339897152882e-9,NAV1,8.54250657106658,Not sig,NA
1.1797901248778033e-13,-0.24079976807989475,0.093,0.138,2.97118345049226e-9,TTC14,8.527070532620149,Not sig,NA
1.2051414933584556e-13,-0.2680706523883048,0.116,0.165,3.035028336873935e-9,GLS,8.517837249731876,Sig Down,NA
1.3555026340173874e-13,-0.31721939632310114,0.1,0.145,3.413697833509388e-9,BCLAF1,8.466774923481172,Sig Down,NA
2.2316235902809114e-13,-0.170610665130007,0.446,0.537,5.6201208497634475e-9,SORT1,8.250254345672733,Not sig,NA
2.3594190341356617e-13,-0.2251746081364585,0.136,0.189,5.94196089556725e-9,AFF4,8.226070210643302,Not sig,NA
2.404847990791027e-13,-0.23332562111472271,0.108,0.156,6.056369180008122e-9,CDC27,8.217787659275235,Not sig,NA
2.6222421736335396e-13,-0.18596803098826475,0.354,0.435,6.603854690078706e-9,MACF1,8.180202491434574,Not sig,NA
2.634596331287173e-13,-0.32049283535776035,0.098,0.143,6.634967400713617e-9,FTL,8.178161206593813,Sig Down,NA
2.859643469555248e-13,-0.2758152768724137,0.126,0.176,7.201726113727937e-9,TBL1X,8.142563399148907,Sig Down,NA
3.010049992377646e-13,-0.382497086903501,0.065,0.101,7.580509900803864e-9,IQSEC1,8.120301580692818,Sig Down,NA
3.0877457941122806e-13,-0.24725212021841753,0.098,0.143,7.776179007892367e-9,LMBRD1,8.109233750493683,Not sig,NA
3.093168695243898e-13,-0.2193673308504991,0.342,0.417,7.789836042102232e-9,MYO1D,8.108471683118145,Not sig,NA
3.2466457711136853e-13,-0.26917249582096525,0.068,0.106,8.176352709972704e-9,DNAJB14,8.087440382291202,Sig Down,NA
3.2586845837034484e-13,-0.40059571884732237,0.087,0.127,8.206671255598764e-9,CMIP,8.085832963279442,Sig Down,NA
3.464188096592706e-13,-0.3257706225854279,0.097,0.141,8.724211302459071e-9,LYST,8.059273824250987,Sig Down,NA
3.6209772033136363e-13,-0.2973492250124609,0.075,0.114,9.119068988825062e-9,CCNT2,8.040049498695197,Sig Down,NA
3.7474175719095453e-13,-0.15479557655945742,0.16,0.219,9.437496413096999e-9,CPSF6,8.02514320042474,Not sig,NA
3.7694377604561074e-13,-0.17358550989098775,0.651,0.722,9.49295205593266e-9,TMEM144,8.022598712521326,Not sig,NA
3.9438994998730524e-13,-0.33656452018828487,0.069,0.106,9.932316500480295e-9,PPP3CC,8.002949449787828,Sig Down,NA
4.65495016673476e-13,-0.17239399046195003,0.196,0.26,1.172302649990482e-8,MLLT10,7.930960253290017,Not sig,NA
4.866997664378292e-13,-0.24568531018264206,0.125,0.174,1.2257046917970289e-8,ARHGAP17,7.911614151490891,Not sig,NA
5.116057375099939e-13,-0.40768900971565936,0.088,0.129,1.2884278893451685e-8,UBE2B,7.889939883000422,Sig Down,NA
5.557397579655093e-13,-0.21154789336104884,0.184,0.245,1.3995750064603385e-8,NFE2L2,7.854003821728769,Not sig,NA
5.685069776818422e-13,-0.22495767431286318,0.201,0.265,1.4317279725939514e-8,SEMA4D,7.8441394898661,Not sig,NA
6.025937561688037e-13,-0.19749310202135217,0.206,0.272,1.5175721155355153e-8,SETD5,7.818850661943006,Not sig,NA
6.08909595933462e-13,-0.18751535445595513,0.156,0.211,1.5334779263988307e-8,ETNK1,7.814322471075156,Not sig,NA
6.203035443653626e-13,-0.23721080899082383,0.095,0.138,1.5621724461297294e-8,CNOT6L,7.806271026624673,Not sig,NA
6.247246869560054e-13,-0.1589546161796329,0.199,0.265,1.573306651630004e-8,PAFAH1B1,7.803186621222088,Not sig,NA
6.427336206113724e-13,-0.18469931100767856,0.117,0.166,1.61866035014768e-8,NAP1L1,7.790844271402066,Not sig,NA
6.578011872935923e-13,-0.3392077829915294,0.127,0.176,1.656606510080183e-8,SH3PXD2A,7.780780636296938,Sig Down,NA
6.97335648343536e-13,-0.2702108428214063,0.172,0.227,1.756170096788361e-8,ARL15,7.755433422075157,Sig Down,NA
7.538675741960392e-13,0.27204325992042744,0.641,0.609,1.898540098855305e-8,NLGN1,7.721580225741628,Sig Up,NA
8.264366868668558e-13,-0.3126792411419653,0.1,0.144,2.0812981522054897e-8,RAB1A,7.681665701344092,Sig Down,NA
8.810603039371544e-13,-0.27882358878264635,0.118,0.166,2.2188622694353296e-8,GPR137C,7.6538696547218645,Sig Down,NA
9.192635935915736e-13,-0.2119010056933166,0.435,0.519,2.3150734341010192e-8,DOCK9,7.635435228611884,Not sig,NA
9.812846327510443e-13,-0.35891574888404443,0.085,0.126,2.47126721912023e-8,ROCK2,7.60708029162148,Sig Down,NA
1.0714507795882455e-12,-0.16224385125014695,0.239,0.308,2.6983416433150376e-8,PCGF5,7.568903064147759,Not sig,NA
1.0857146213219419e-12,-0.17056151718432577,0.431,0.52,2.7342637023371785e-8,DOCK1,7.563159602808743,Not sig,NA
1.3127642508230477e-12,-0.5304312925032892,0.069,0.105,3.306065489272763e-8,LDB2,7.4806885478159675,Sig Down,NA
1.334106817552972e-12,-0.1485481090320655,0.292,0.369,3.359814609325405e-8,ZMYM2,7.473684685814998,Not sig,NA
1.4380593031517831e-12,-0.18998598894022312,0.473,0.557,3.6216085490574506e-8,PXK,7.4410984933294335,Not sig,NA
1.4875033795740919e-12,-0.1648188009932544,0.139,0.192,3.746128511119393e-8,R3HDM1,7.4264173282120645,Not sig,NA
1.5379918451094645e-12,-0.20692453746039985,0.246,0.314,3.8732786627236756e-8,SBF2,7.41192125660812,Not sig,NA
1.6499512832748834e-12,-0.1959627954445442,0.322,0.4,4.1552373117994664e-8,SLC22A23,7.381404167966056,Not sig,NA
1.7188232869405973e-12,-0.29287860403024746,0.138,0.189,4.3286845658312004e-8,AFF1,7.363644060366126,Sig Down,NA
1.8175249199142817e-12,0.24604642679013988,0.647,0.628,4.577254758312127e-8,TRIM2,7.3393949151780875,Not sig,NA
1.929205979293922e-12,-0.14096690329189077,0.889,0.924,4.8585123382538135e-8,PIP4K2A,7.313496690036387,Not sig,NA
2.0907022251984265e-12,-0.13666606236597545,0.252,0.324,5.265224483939717e-8,CAMTA1,7.278583107848301,Not sig,NA
2.1360751109295127e-12,-0.2207070743884023,0.135,0.185,5.379491559364885e-8,XRN1,7.269258769574671,Not sig,NA
2.1676633581763366e-12,-0.20647049167693643,0.111,0.157,5.459043401231286e-8,RB1,7.2628834528930994,Not sig,NA
2.250903731177964e-12,-0.19335283610373977,0.163,0.219,5.668675956598585e-8,JAZF1,7.2465183682486485,Not sig,NA
2.355468226408978e-12,-0.18774909708760523,0.195,0.256,5.9320111813883694e-8,MAP4,7.226798039030929,Not sig,NA
2.3927024975754475e-12,-0.2476895590485112,0.14,0.191,6.025781969894006e-8,AGFG1,7.2199865864006245,Not sig,NA
2.5212130731239488e-12,-0.27497120269200787,0.079,0.117,6.349423003355353e-8,DCAF6,7.197265738935486,Sig Down,NA
2.7196269257808044e-12,-0.5163077851117615,0.076,0.112,6.849108449886377e-8,LRMDA,7.16436595704688,Sig Down,NA
2.7436926115029734e-12,-0.22606468123862322,0.117,0.163,6.909715472809088e-8,TOP1,7.160539835568359,Not sig,NA
2.7696747311236513e-12,-0.14471537288316938,0.205,0.269,6.975148842861803e-8,MXI1,7.156446520535533,Not sig,NA
2.8258500598988124e-12,-0.3723941305511089,0.074,0.111,7.116620790849169e-8,PRPF4B,7.147726174938752,Sig Down,NA
2.8354389301997426e-12,0.1976669381320857,0.762,0.756,7.140769401815032e-8,SPOCK3,7.1462549914506885,Not sig,NA
2.8647801218324083e-12,-0.22109333382220697,0.236,0.303,7.214662258822737e-8,USP32,7.141783994794022,Not sig,NA
2.930094383088958e-12,-0.1992673654531445,0.128,0.177,7.379149694371231e-8,ZC3H13,7.131993679412472,Not sig,NA
2.9735208815976133e-12,-0.26371264843049885,0.089,0.13,7.488514988215429e-8,YTHDC2,7.125604296635128,Sig Down,NA
3.0835453134981217e-12,-0.20951857610954397,0.093,0.135,7.76560051751367e-8,SLC35F5,7.1098249544417635,Not sig,NA
3.2855221908848953e-12,-0.18723611539294382,0.254,0.322,8.27425908552452e-8,CLDND1,7.0822708844977935,Not sig,NA
3.4777604513048602e-12,-0.18424287847244392,0.122,0.171,8.75839192056616e-8,CDK5RAP2,7.057575624897385,Not sig,NA
3.871504663298351e-12,-0.19038237915854261,0.153,0.206,9.749997344050568e-8,CRTC3,7.010995502605498,Not sig,NA
4.218103526559352e-12,-0.19584239909412604,0.22,0.284,1.0622871921287071e-7,WAC,6.973758054727969,Not sig,NA
4.2519920141779035e-12,-0.34455240737752196,0.068,0.104,1.0708216688505632e-7,SLK,6.970282849133394,Sig Down,NA
4.442927470122994e-12,-0.2503161400140377,0.107,0.151,1.1189068540757747e-7,TFDP2,6.951206065790369,Sig Down,NA
4.821408525687073e-12,-0.1388477577174705,0.198,0.26,1.2142235231090325e-7,FAM124A,6.915701357810053,Not sig,NA
5.530432288121348e-12,0.6854298669913771,0.185,0.145,1.3927840674404804e-7,AC106869.1,6.8561162099135995,Sig Up,NA
5.662283507890907e-12,-0.20912730821685344,0.549,0.611,1.425989478627246e-7,NRXN3,6.8458836788256585,Not sig,NA
5.7003177655953074e-12,-0.14976814378937164,0.27,0.342,1.4355680260875222e-7,SPAG9,6.842976223122577,Not sig,NA
6.072864975533269e-12,0.4775172456256662,0.239,0.195,1.5293903154382985e-7,GFAP,6.815481664222297,Sig Up,NA
6.127592164438951e-12,-0.1678726128261947,0.164,0.22,1.5431728106923052e-7,HTRA1,6.811585437172313,Not sig,NA
6.2876631788860575e-12,-0.14529569458425118,0.133,0.183,1.5834850949706646e-07,NCKAP1,6.800386020200158,Not sig,NA
6.304483422144536e-12,-0.26535783286343195,0.099,0.141,1.5877211050328801e-7,PIK3C2B,6.799225782250651,Sig Down,NA
6.345605315265769e-12,-0.23704190533523772,0.067,0.102,1.5980772425965313e-7,ZNF654,6.796402233017829,Not sig,NA
7.39851645234404e-12,-0.15588571606277069,0.23,0.296,1.8632423833583232e-7,ITFG1,6.729730645421587,Not sig,NA
8.04282155677889e-12,-0.1514683794914271,0.465,0.55,2.0255041808591956e-7,FP671120.1,6.6934668560487935,Not sig,NA
8.473247158273051e-12,-0.17531805921043708,0.234,0.3,2.1339025643394851e-7,SLC12A2,6.670825414684638,Not sig,NA
8.60509116146376e-12,-0.14214186911449112,0.179,0.236,2.1671061581030334e-7,COP1,6.6641198137613475,Not sig,NA
8.813647383716937e-12,-0.2192385460419049,0.097,0.139,2.2196289571152735e-7,IBTK,6.653719618047211,Not sig,NA
9.496707351720964e-12,-0.11340348124756727,0.24,0.309,2.3916507794574074e-7,MON2,6.621302234226621,Not sig,NA
1.010538422696687e-11,-0.20016791671067574,0.113,0.157,2.544939963719337e-7,USP40,6.5943224584089295,Not sig,NA
1.0281509508804539e-11,0.15479413107737283,0.865,0.875,2.589295354697335e-7,ELMO1,6.5868184078118635,Not sig,NA
1.0376147326034325e-11,-0.3647087206707476,0.071,0.105,2.6131289425884847e-7,ECE1,6.582839159858199,Sig Down,NA
1.0413093027520026e-11,0.39989718788743067,0.426,0.405,2.6224333480506434e-7,SCD5,6.5812955410530565,Sig Up,NA
1.0579041728992346e-11,-0.16006183792627038,0.457,0.537,2.6642258690294325e-7,KCNH8,6.574428959113267,Not sig,NA
1.075890522582006e-11,-0.25717825533234207,0.065,0.1,2.709522692070524e-7,ARMCX4,6.567107207449249,Sig Down,NA
1.089181355518282e-11,-0.16446891417153564,0.316,0.392,2.7429943257372413e-7,PPP1R12B,6.561775090792683,Not sig,NA
1.101847840954156e-11,-0.1931095171664885,0.162,0.216,2.7748936026589464e-7,NECAB1,6.556753664312104,Not sig,NA
1.1368373178745051e-11,1.0681659528216048,0.1,0.068,2.863011101335154e-7,AL138881.1,6.543176967996826,Sig Up,AL138881.1
1.1786231056346858e-11,-0.370866446553192,0.08,0.117,2.968244429230393e-7,ADAM12,6.527500338603572,Sig Down,NA
1.192370250292698e-11,-0.14399185174508045,0.316,0.394,3.002865238337131e-7,PHIP,6.522464157497922,Not sig,NA
1.2662842071746437e-11,-0.17593743297959485,0.249,0.317,3.189010147348623e-7,CLIP4,6.496344098840923,Not sig,NA
1.3371618503681552e-11,-0.15886782337939565,0.32,0.396,3.367508403967162e-7,ELF2,6.4726913117766145,Not sig,NA
1.4772506903985137e-11,-0.18103706730177738,0.16,0.214,3.7203081386996167e-7,PRRC2C,6.429421087700163,Not sig,NA
1.6065950963312282e-11,-0.20878744964277673,0.102,0.145,4.046049090600565e-7,AC013394.1,6.3929688522504335,Not sig,NA
1.6108175934778198e-11,-0.2231376814402969,0.136,0.184,4.0566830274145414e-7,AKAP9,6.391828924960873,Not sig,NA
1.7255741971000752e-11,-0.14864910799315134,0.21,0.271,4.3456860579768293e-7,CLIC4,6.361941651281268,Not sig,NA
1.786483422829692e-11,-0.24992131926268912,0.082,0.12,4.4990798520542966e-7,TUBA1A,6.346876298677333,Not sig,NA
2.2316643565768618e-11,0.14677305147372444,0.812,0.81,5.620223515603169e-7,FMNL2,6.2502464122489485,Not sig,NA
2.2654268864067413e-11,-0.23367375802219248,0.129,0.175,5.705251070726737e-7,CTBP2,6.243725238847532,Not sig,NA
2.289623767436714e-11,-0.2896267868174691,0.151,0.2,5.76618849591262e-7,SYNE1,6.239111164688592,Sig Down,NA
2.3718294958409644e-11,-0.13985027346714363,0.647,0.721,5.973215402325885e-7,LIMCH1,6.223791823716888,Not sig,NA
2.4758755586889264e-11,-0.21519829048130368,0.163,0.214,6.235245007002192e-7,ENOX2,6.2051464767325895,Not sig,NA
2.6737623693032804e-11,-0.3335649955021913,0.075,0.11,6.733603150853382e-7,SEMA6D,6.171752482612793,Sig Down,NA
2.6956820473059086e-11,-0.13868392916940175,0.227,0.292,6.7888056679352e-7,LRRFIP2,6.168206622987317,Not sig,NA
2.8708401635019623e-11,-0.11503685453547807,0.194,0.253,7.229923867763342e-7,MARK3,6.140866275870664,Not sig,NA
3.056559565431926e-11,-0.1998656359592066,0.09,0.13,7.697639609583762e-7,RAB30-AS1,6.113642425695694,Not sig,NA
3.414372633865213e-11,-0.26474159883992415,0.073,0.108,8.598756041126152e-7,LUC7L,6.065564372425107,Sig Down,NA
3.432242269483219e-11,-0.19963739060354713,0.134,0.181,8.64375893146654e-7,LINC01184,6.063297353796404,Not sig,NA
3.5253721353560494e-11,0.3909238638500043,0.395,0.361,8.878297185680675e-7,LINC01608,6.051670321808843,Sig Up,NA
3.637475350686838e-11,-0.15107138126904296,0.207,0.267,9.160617923169733e-7,BRAF,6.038075230309048,Not sig,NA
3.7423454267258704e-11,-0.21170492360119986,0.138,0.186,9.424722722666432e-7,UBR1,6.025731417969628,Not sig,NA
3.769491129633459e-11,-0.18409004141248708,0.16,0.212,9.493086460868903e-7,PDS5A,6.022592563653347,Not sig,NA
3.7930322268100045e-11,-0.1552089868532065,0.165,0.219,9.552372359998316e-7,NSD3,6.019888756698308,Not sig,NA
3.909338131517416e-11,-0.2195357670412455,0.081,0.118,9.84527715041346e-7,GOLPH3,6.006772053705545,Not sig,NA
4.144977398038062e-11,0.607854279380425,0.115,0.079,1.0438711079219056e-6,LINC00854,5.981353122573244,Sig Up,NA
4.6264148296116074e-11,-0.1448281633602564,0.192,0.249,1.1651163106893871e-6,MAP4K3,5.9336307179261985,Not sig,NA
5.052755505452595e-11,-0.19274909539032015,0.355,0.43,1.2724859464931815e-6,KDM6A,5.895347005371687,Not sig,NA
5.303654260123128e-11,-0.1770654419229576,0.129,0.175,1.3356722888694084e-6,TMEM87A,5.874300084221212,Not sig,NA
5.3198268543206803e-11,-0.18180744402995885,0.123,0.168,1.33974519499212e-6,TTC37,5.872977791882522,Not sig,NA
5.481899652859555e-11,-0.21049366784962276,0.077,0.113,1.3805616085761504e-6,KLHL5,5.859944207881913,Not sig,NA
5.6024469787920726e-11,-0.2466042491769831,0.074,0.108,1.4109202471389955e-6,SCMH1,5.850497534230305,Not sig,NA
6.261748500295137e-11,-0.158149879348789,0.136,0.183,1.5769587423143273e-6,DNER,5.802179668890257,Not sig,NA
6.334445230104959e-11,-0.1871385258233178,0.13,0.177,1.595266686749633e-6,ACSL3,5.797166703890724,Not sig,NA
6.49508466604098e-11,-0.25299904716598537,0.101,0.141,1.6357221222957605e-6,TNPO1,5.786290472671837,Sig Down,NA
6.834726430856795e-11,-0.16996958031436332,0.105,0.146,1.7212575043469753e-6,LMBR1,5.764154153291663,Not sig,NA
6.873028401770598e-11,-0.2115009394110617,0.073,0.108,1.7309034727019075e-6,SENP5,5.761727150750721,Not sig,NA
6.94505387519543e-11,-0.12300612850621517,0.297,0.372,1.7490423679292171e-6,PPP2R2A,5.75719967026117,Not sig,NA
8.004106369632517e-11,-0.23981947399225323,0.166,0.217,2.015754148128253e-6,ZDHHC11B,5.695562437812942,Not sig,NA
8.76009654952029e-11,-0.12900141824976452,0.193,0.25,2.20614271503119e-6,NUCKS1,5.656366396544179,Not sig,NA
8.777605779175168e-11,-0.1526600183304614,0.167,0.22,2.2105522394274744e-6,MAP1B,5.655499217457036,Not sig,NA
9.834073329817596e-11,-0.14310895495626585,0.151,0.2,2.4766130273812636e-6,ITSN2,5.606141846947484,Not sig,NA
1.013844185927337e-10,-0.23301665567054453,0.109,0.15,2.5532651978394055e-6,BCL2L1,5.5929040743548875,Not sig,NA
1.0188681679536918e-10,-0.206008386339107,0.122,0.166,2.5659175941745772e-6,MAT2A,5.590757295338305,Not sig,NA
1.0224372313482872e-10,-0.25934349181832234,0.09,0.127,2.5749059234275264e-6,CD46,5.58923863368402,Sig Down,NA
1.0273284932863813e-10,-0.16918083694523456,0.156,0.207,2.5872240774924226e-6,FNDC3A,5.587165955742622,Not sig,NA
1.0381506126311656e-10,-0.22081082367233706,0.154,0.202,2.6144785028503273e-6,UBL3,5.582614924739608,Not sig,NA
1.0395409536214743e-10,-0.31784965507480467,0.176,0.225,2.6179799376003208e-6,SPP1,5.582033685907058,Sig Down,NA
1.0508624316043735e-10,-0.2780695810946374,0.089,0.127,2.646491947752454e-6,CHD1,5.577329423060204,Sig Down,NA
1.0512234468138345e-10,-0.2140698171127695,0.103,0.143,2.647401128455961e-6,TSC22D2,5.577180250358458,Not sig,NA
1.0765396469425438e-10,-0.14138181070383415,0.11,0.153,2.7111574468601022e-6,PDCD6IP,5.566845260613167,Not sig,NA
1.0802773238553831e-10,-0.17515843326579583,0.157,0.207,2.7205704123973966e-6,FOXN3,5.565340029427285,Not sig,NA
1.1027891567433571e-10,-0.20872275196327997,0.095,0.134,2.7772642123424705e-6,NAA25,5.556382802099188,Not sig,NA
1.1048718301346735e-10,-0.1127665651077343,0.235,0.3,2.7825092170111617e-6,FYN,5.5555633883983,Not sig,NA
1.1160218273657027e-10,-0.12008549714655237,0.3,0.373,2.8105893700377857e-6,NCOA7,5.5512026006228945,Not sig,NA
1.1183642730861621e-10,-0.1934688047493599,0.116,0.159,2.8164885853401905e-6,SIRT2,5.550292004532949,Not sig,NA
1.2170236201860222e-10,-0.2273155401918605,0.09,0.127,3.064952285076478e-6,TMED10,5.513576282153491,Not sig,NA
1.4066968048082775e-10,-0.21773990036773083,0.085,0.122,3.542625233229166e-6,AASS,5.4506747883242435,Not sig,NA
1.4785718960229783e-10,-0.15006600985852647,0.143,0.192,3.7236354629442684e-6,LRRC8B,5.42903284223982,Not sig,NA
1.4979919109179804e-10,-0.13166975780970236,0.192,0.249,3.772542828455842e-6,APLP1,5.423365821119911,Not sig,NA
1.5859973558229284e-10,-0.2089704795571874,0.141,0.188,3.994175740904463e-6,CEP85L,5.398572830395225,Not sig,NA
1.7162780657864406e-10,-0.17468365345554582,0.2,0.255,4.322274680876572e-6,LINC00882,5.3642876371292285,Not sig,NA
1.750715792285971e-10,-0.2869904487794571,0.096,0.134,4.40900265129299e-6,UBE2E1,5.355659640016596,Sig Down,NA
1.8201295338266866e-10,-0.2890972278569141,0.07,0.102,4.583814217989127e-6,KIF5B,5.338772992641277,Sig Down,NA
1.9013238564215493e-10,0.18611790951635143,0.799,0.807,4.78829400001203e-6,TMTC2,5.319819191878203,Not sig,NA
1.9248049269428096e-10,-0.21717703212877623,0.096,0.134,4.847428728012772e-6,UBA6,5.314488567655821,Not sig,NA
2.022637462034977e-10,-0.21626980994208556,0.14,0.186,5.093810184388886e-6,XPO1,5.2929572426092335,Not sig,NA
2.105297005209261e-10,-0.17135958756594905,0.156,0.205,5.301979977919003e-6,VPS13D,5.2755619166436105,Not sig,NA
2.1911414004749732e-10,-0.2796182517223168,0.136,0.179,5.518170502956172e-6,PTGES3,5.25820488461997,Sig Down,NA
2.2106925362455145e-10,-0.14861900469050937,0.388,0.463,5.567408083280703e-6,RNF130,5.254346944343949,Not sig,NA
2.2525929215737402e-10,-0.31576481032976966,0.138,0.181,5.6729300136913075e-6,MYRIP,5.246192574245127,Sig Down,NA
2.2567881577254007e-10,-0.21637431201980914,0.082,0.118,5.683495296415649e-6,ZNF248,5.245384495085456,Not sig,NA
2.283854096293708e-10,0.4216072472043666,0.366,0.336,5.751658156106074e-6,PBX1,5.240206933704543,Sig Up,NA
2.3604809597752826e-10,-0.17566489899614912,0.156,0.205,5.944635249098071e-6,TBC1D22A,5.225874787666604,Not sig,NA
2.546437720422072e-10,-0.13156587406541786,0.141,0.189,6.412948755110946e-6,RBM39,5.1929422304494315,Not sig,NA
2.549179200723725e-10,-0.1877138857286844,0.093,0.131,6.419852899102629e-6,HECTD1,5.1924749229965546,Not sig,NA
2.6977143675932313e-10,-0.2640649417648476,0.079,0.113,6.793923863346793e-6,ATG10,5.167879324394698,Sig Down,NA
2.6994061246337677e-10,-0.18756062477405888,0.119,0.162,6.798184384277681e-6,CYLD,5.167607060407801,Not sig,NA
2.7185753698401065e-10,-0.15422907701728616,0.144,0.192,6.846460211405324e-6,TUT4,5.164533911427142,Not sig,NA
2.913312314409939e-10,-0.18292848371305226,0.19,0.244,7.33688573260999e-6,FAM171A1,5.1344882447365094,Not sig,NA
3.0391509699349885e-10,-0.1977978648411447,0.106,0.145,7.653797802684275e-6,PTPN11,5.1161230151110475,Not sig,NA
3.0829207794244767e-10,-0.14150963661778249,0.145,0.192,7.764027690902603e-6,UBE2K,5.109912924341796,Not sig,NA
3.085712235498952e-10,-0.22297422585600457,0.143,0.189,7.77105769388056e-6,CBLB,5.1095198667391015,Not sig,NA
3.412799110988424e-10,-0.3142353073628896,0.069,0.101,8.594793281113247e-6,ABHD6,5.065764564346499,Sig Down,NA
3.4259911972869566e-10,-0.2067007803302281,0.157,0.205,8.628016231247472e-6,SFMBT2,5.064089046562703,Not sig,NA
3.513342638761274e-10,-0.20680028891768487,0.093,0.13,8.848002101456393e-6,BACH1,5.053154782891681,Not sig,NA
3.721684910058798e-10,-0.20032628223248125,0.086,0.122,9.372691277492078e-6,TANK,5.028135687752327,Not sig,NA
3.806977282069146e-10,-0.2171282882135574,0.097,0.135,9.587491587162937e-6,GREB1L,5.018295004127741,Not sig,NA
3.877467035248029e-10,-0.2341422802101505,0.154,0.2,9.765012981568637e-6,HAPLN2,5.010327175026421,Not sig,NA
3.881104724544186e-10,-0.14127743967437997,0.095,0.134,9.774174138292077e-6,ZNF91,5.009919927777088,Not sig,NA
4.139300431521549e-10,-0.24839972823378473,0.078,0.112,1.042441420674387e-5,DISC1,4.981948340567793,Not sig,NA
4.2884994302806784e-10,-0.11162895456350852,0.145,0.194,1.080015696521886e-5,STAG2,4.966569932602585,Not sig,NA
4.524168937581918e-10,-0.18800839178471462,0.175,0.226,1.1393667052406302e-5,CCDC91,4.943336475717974,Not sig,NA
4.95161782862839e-10,-0.12069444695256015,0.214,0.273,1.2470154339617737e-5,UBR5,4.9041281713466764,Not sig,NA
4.998865196451134e-10,-0.1739954129099091,0.11,0.151,1.2589142110742535e-5,FUBP1,4.900003863956074,Not sig,NA
5.093530928679534e-10,-0.20141371838217814,0.139,0.184,1.2827548290786538e-5,UBR2,4.891856341717782,Not sig,NA
5.206772160065586e-10,-0.18666224217220873,0.126,0.169,1.3112735007909172e-5,THOC2,4.882306715254168,Not sig,NA
5.548448640930308e-10,-0.15311655496631627,0.115,0.157,1.3973213057318886e-5,DCUN1D4,4.854703718966859,Not sig,NA
6.644324505548288e-10,-0.2422721017451927,0.089,0.124,1.673306683477281e-5,TTC19,4.77642445429432,Not sig,NA
6.662874226502481e-10,0.5933420327875346,0.199,0.164,1.6779782452023848e-05,DEPTOR,4.775213674049515,Sig Up,NA
7.264882150766616e-10,-0.11334031015341939,0.966,0.976,1.8295879208490646e-5,QKI,4.737646715654212,Not sig,NA
7.963570066573379e-10,-0.12378814607922672,0.382,0.462,2.0055454855658398e-5,MKLN1,4.697767483816347,Not sig,NA
8.038543191767071e-10,-0.26028209988782625,0.085,0.119,2.024426717414619e-5,HMGN3,4.693697939714775,Sig Down,NA
8.26515665106841e-10,-0.17620745384389502,0.107,0.147,2.0814970510050685e-5,SLC16A1-AS1,4.681624200070566,Not sig,NA
8.292539803976572e-10,-0.16882470914956538,0.129,0.173,2.08839322423346e-5,CD47,4.680187724522226,Not sig,NA
8.312797344007949e-10,-0.13618772306922455,0.293,0.359,2.093494883114962e-5,CDK18,4.679128096266734,Not sig,NA
9.019558936648007e-10,-0.23179179624632384,0.154,0.2,2.271485722605434e-5,OLMALINC,4.643689988593208,Not sig,NA
9.476365350264133e-10,-0.11040050972329307,0.115,0.156,2.3865278498105195e-5,RIF1,4.622233493227987,Not sig,NA
1.0109141724964383e-9,-0.21294939670359317,0.073,0.105,2.5458862520150302e-5,YWHAE,4.594161004148884,Not sig,NA
1.02248458517458e-9,-0.2170578235923115,0.069,0.1,2.5750251793036622e-5,CDC42,4.589218519951266,Not sig,NA
1.0502147929477016e-9,-0.13120715447990616,0.13,0.174,2.644860934559492e-5,ACAP2,4.577597158011097,Not sig,NA
1.0529231921062395e-9,-0.1499320195847118,0.148,0.195,2.6516817670003535e-5,MAL,4.57647859758574,Not sig,NA
1.107380934525821e-9,-0.2501810997864842,0.076,0.109,2.7888281455098277e-5,PIK3C2A,4.554578247209868,Sig Down,NA
1.1253430521381524e-9,0.7330373092953537,0.111,0.08,2.834063942504723e-5,AC092691.1,4.547590355371662,Sig Up,NA
1.1639673051704717e-9,-0.13323511571268054,0.143,0.189,2.931335261341316e-5,ADNP,4.53293450779021,Not sig,NA
1.165135789884022e-9,-0.24873042927141747,0.107,0.145,2.934277973243921e-5,AVL9,4.532498746481974,Not sig,NA
1.2332597195750446e-9,-0.22176808995228015,0.09,0.126,3.105841277777792e-5,ACSL4,4.507820742408684,Not sig,NA
1.2388124569784294e-9,-0.3711084794441552,0.075,0.107,3.1198252916544765e-5,RASSF2,4.505869725531184,Sig Down,NA
1.2930824471680082e-9,-0.13460737120331356,0.219,0.276,3.256498834947912e-5,TANC1,4.487249072864007,Not sig,NA
1.3222088416826956e-9,-0.7227819625225989,0.15,0.188,3.329850746893701e-5,HSPA1A,4.477575232335467,Sig Down,NA
1.3623903589184639e-9,-0.1957248065961421,0.185,0.236,3.4310438799002594e-5,ZNF608,4.464573727680729,Not sig,NA
1.3866623192910306e-9,-0.13776730916858004,0.1,0.138,3.4921703849025314e-5,HBP1,4.456904574984292,Not sig,NA
1.3975980683398623e-9,-0.17074346296735587,0.145,0.189,3.519710975307109e-5,ELF1,4.453492997596526,Not sig,NA
1.5065600986430644e-9,-0.26275963779969247,0.076,0.109,3.7941209524226936e-5,KLHDC1,4.420888828393994,Sig Down,NA
1.519252914861954e-9,-0.2529656675085147,0.12,0.161,3.826086540788345e-5,OGA,4.4172452110568194,Sig Down,NA
1.5650338182361265e-9,-0.14712606791224725,0.194,0.247,3.941381167845861e-5,ERC1,4.404351562828561,Not sig,NA
1.7261787689152687e-9,-0.12163841172553824,0.166,0.215,4.347208611636213e-5,TECPR2,4.361789518606351,Not sig,NA
1.7299726210016384e-9,-0.23582220046630714,0.083,0.117,4.356763048730526e-5,PPP4R1,4.360836059395702,Not sig,NA
1.7443443323562906e-9,-0.20775375451928507,0.089,0.124,4.3929567666060824e-5,XRN2,4.357243070833656,Not sig,NA
1.914550970810384e-9,-0.1466297001910235,0.217,0.272,4.821605164888871e-5,DENND1A,4.31680835632496,Not sig,NA
1.97170639234177e-9,0.26299172296284246,0.606,0.599,4.9655453784735135e-5,FUT8,4.304033044881805,Sig Up,NA
2.0721389174130356e-9,-0.22838377312239155,0.131,0.173,5.218474649612989e-5,NR3C2,4.282456421914069,Not sig,NA
2.091470780171453e-9,-0.14268484573241003,0.118,0.159,5.267160012783787e-5,SPIRE1,4.278423487867419,Not sig,NA
2.092284107235656e-9,-0.19942937203308359,0.093,0.128,5.269208295662276e-5,LRRTM3,4.278254633108992,Not sig,NA
2.1097175358288808e-9,-0.1148553891596844,0.255,0.319,5.3131126422314535e-5,ARHGEF7,4.274650976602784,Not sig,NA
2.183973218905231e-9,-0.13549149922339154,0.252,0.31,5.500118154490934e-5,RASGRF2,4.259627980816256,Not sig,NA
2.2923967145771374e-9,-0.2031969818734793,0.091,0.126,5.773171885991063e-5,KCNJ2,4.238585511958124,Not sig,NA
2.312749147077513e-9,-0.10421000440179073,0.125,0.167,5.824427452000009e-5,NUTM2B-AS1,4.2347467598569875,Not sig,NA
2.3599875712603457e-9,0.11661295750697054,0.852,0.843,5.943392699462055e-5,RNF220,4.225965573531966,Not sig,NA
2.3916302720915796e-9,-0.10549766891149526,0.274,0.339,6.0230816772354345e-5,UBR3,4.220181247450019,Not sig,NA
2.4260168962580737e-9,-0.16152112899698068,0.798,0.843,6.109680951536332e-5,DNM3,4.21398146808887,Not sig,NA
2.4268818903752486e-9,-0.19406393012943884,0.088,0.122,6.111859352721026e-5,XPR1,4.213826648385241,Not sig,NA
2.4645968026294655e-9,-0.2282772501304567,0.096,0.132,6.206840587742046e-5,TBC1D15,4.207129408594468,Not sig,NA
2.5897319106804577e-9,-0.20563059539282097,0.082,0.115,6.521980843857665e-5,PELI1,4.185620481123305,Not sig,NA
2.6042955475291495e-9,0.630268107905196,0.193,0.161,6.55865790689741e-5,CIRBP,4.183185020877397,Sig Up,NA
2.6541842893469722e-9,-0.23782150630568977,0.082,0.114,6.684297714291414e-5,WAPL,4.174944215152894,Not sig,NA
2.755854177241069e-9,0.6145683715272111,0.188,0.155,6.940343159963908e-5,NAV3,4.15861905565548,Sig Up,NA
2.9031132714288943e-9,-0.23223227518418554,0.109,0.147,7.311200462766528e-5,SNCA,4.136011308192482,Not sig,NA
3.0428393246074796e-9,-0.10441776177948658,0.205,0.26,7.663086555091477e-5,PSME4,4.115596269029466,Not sig,NA
3.1283242820706108e-9,0.20011339556044616,0.61,0.593,7.878371871966625e-5,NTM,4.103563523637128,Not sig,NA
3.270428410851925e-9,-0.24242243190109236,0.085,0.118,8.236246909889488e-5,CCDC146,4.084270642384847,Not sig,NA
3.517492084939811e-9,-0.12139652371004717,0.404,0.48,8.85845206671242e-5,BAZ2B,4.052642160462528,Not sig,NA
3.7969942627994295e-9,-0.192064175318434,0.082,0.115,9.562350351434083e-5,TM9SF3,4.019435348393092,Not sig,NA
4.174638976593909e-9,-0.1713859577144125,0.078,0.11,1.05134107986541e-4,TMEM184B,3.9782563657295618,Not sig,NA
4.361656608966757e-9,-0.14869941638120432,0.218,0.273,1.0984396004021882e-4,MBOAT2,3.95922381851881,Not sig,NA
4.4608856415972265e-9,0.327550652060113,0.448,0.433,1.1234294399798455e-4,HIP1,3.9494541994261696,Sig Up,NA
4.461366269188481e-9,-0.23300147647341946,0.074,0.105,1.1235504812324271e-4,PER3,3.9494074099131584,Not sig,NA
4.631609479532785e-9,-0.18904607432041948,0.075,0.106,1.1664245313255365e-4,GCA,3.9331433551892676,Not sig,NA
4.952120316345628e-9,-0.2116593722301653,0.08,0.112,1.247141980468483e-4,ARFGEF2,3.904084101594465,Not sig,NA
5.285390087969363e-9,-0.21522701033313507,0.203,0.251,1.3310726397542045e-4,RORA,3.8757982434106713,Not sig,NA
5.49069401252172e-9,0.4367758139531017,0.344,0.321,1.3827763801134698e-4,EPB41L2,3.859248047464888,Sig Up,NA
6.14725503968847e-9,-0.25270733088380615,0.084,0.117,1.5481247091951442e-4,RPL13,3.8101940576493893,Sig Down,NA
6.369796816494121e-9,-0.1299488952299801,0.144,0.188,1.6041696302658795e-4,NUFIP2,3.794749709871513,Not sig,NA
7.024182696695738e-9,-0.10491819616022657,0.199,0.251,1.7689701703358545e-4,PPP1R16B,3.7522794904185766,Not sig,NA
7.201907995801724e-9,0.4288119180733352,0.35,0.33,1.8137285096627063e-4,LANCL1,3.7414277203516955,Sig Up,NA
7.361868344828104e-9,-0.16451217143366414,0.145,0.188,1.8540129239615096e-4,ENTPD1-AS1,3.73188724279907,Not sig,NA
7.519490429275969e-9,-0.12471580632143464,0.358,0.426,1.89370846970886e-4,TSPAN5,3.722686878417143,Not sig,NA
8.343526515054556e-9,-0.19347752616892078,0.121,0.16,2.1012337175513394e-4,ANKS1A,3.6775256388850144,Not sig,NA
8.698164031318698e-9,-0.10030583430328033,0.125,0.166,2.1905456296473008e-4,HDAC8,3.6594476959221724,Not sig,NA
8.731470901806447e-9,-0.2195799734936879,0.076,0.108,2.1989336319109355e-4,CHD1L,3.657787878292608,Not sig,NA
8.827554917569262e-9,-0.1036020536067217,0.21,0.263,2.2231314304406428e-4,SUMF1,3.653034861265096,Not sig,NA
9.097988505449712e-9,-0.20765158745696663,0.102,0.137,2.2912374252124555e-4,CALM1,3.639929905521632,Not sig,NA
9.27753450025056e-9,-0.1235252049277813,0.127,0.168,2.3364542885431013e-4,FAM120B,3.6314427112917924,Not sig,NA
9.462330625097864e-9,0.12184816378527952,0.848,0.829,2.3829933446246462e-4,MBP,3.6228771705770972,Not sig,NA
9.491340671906868e-9,-0.10615600838275607,0.095,0.13,2.3902992348130258e-4,SEC24B,3.621547727548374,Not sig,NA
9.602062448020739e-9,-0.2688350122519623,0.073,0.103,2.4181834069095427e-4,SLC23A2,3.6165107631989613,Sig Down,NA
9.748077196779523e-9,-0.14085191997097812,0.243,0.298,2.454955761236955e-4,CCP110,3.6099563295384804,Not sig,NA
9.80175932945001e-9,0.44147385746492507,0.341,0.315,2.468475069528691e-4,PPP1R9A,3.607571254598307,Sig Up,NA
9.819127942629393e-9,-0.23141720325017076,0.09,0.123,2.472849181071786e-4,MTMR10,3.606802370426274,Not sig,NA
1.0221541126424013e-8,-0.17248281544267252,0.175,0.221,2.5741929172786235e-4,KCNAB1,3.589358908958428,Not sig,NA
1.0349642897430633e-8,-0.2613631270319217,0.097,0.131,2.606454067288931e-4,NKX6-2,3.5839499241030572,Sig Down,NA
1.0685841415071747e-8,-0.15438286212491958,0.139,0.181,2.6911223019716684e-4,NAP1L4,3.570066564642616,Not sig,NA
1.1731327943006159e-8,-0.17646320462059895,0.072,0.101,2.954417629166671e-4,PIP5K1A,3.529528113891141,Not sig,NA
1.2283648845590549e-8,-0.11522384970506039,0.181,0.231,3.0935141252735237e-4,ATE1,3.5095478966104126,Not sig,NA
1.2514624247033239e-8,-0.36281678753717234,0.078,0.108,3.1516829703728507e-4,HIVEP3,3.5014574749205236,Sig Down,NA
1.3819937680782482e-8,-0.2511628235561142,0.092,0.125,3.48041310552826e-4,ITPK1,3.4583692046731036,Sig Down,NA
1.4051218764184542e-8,-0.15900913246162418,0.137,0.178,3.538658933572235e-4,POLK,3.4511612939337173,Not sig,NA
1.4656721199625903e-8,-0.14395783366987525,0.205,0.255,3.6911486669137874e-4,CNP,3.4328384625474886,Not sig,NA
1.4696652878852272e-8,-0.19054765352385306,0.091,0.123,3.7012050610101563e-4,ZNF483,3.431656852651964,Not sig,NA
1.4879435789635034e-8,-0.21396698448263024,0.102,0.137,3.7472371092616867e-4,FBXO32,3.426288825724998,Not sig,NA
1.581086233294012e-8,-0.2651820232799461,0.072,0.102,3.9818075699276403e-4,YEATS2,3.3999197320881005,Sig Down,NA
1.6743470733774727e-8,-0.13306863839757954,0.151,0.194,4.2166756695938273e-4,STXBP3,3.3750298019546845,Not sig,NA
1.6812924421403155e-8,-0.19899915962578002,0.082,0.114,4.2341668862861705e-4,ATG2B,3.3732320286111643,Not sig,NA
1.8354989587573594e-8,-0.26735016803231076,0.072,0.101,4.622520577734534e-4,SNX6,3.335121146847715,Sig Down,NA
2.0059751534893374e-8,-0.20782842150613973,0.075,0.105,5.051847826547547e-4,ASCC1,3.2965497398835413,Not sig,NA
2.0777689029878058e-8,-0.13411987752785748,0.153,0.197,5.23265320528449e-4,TBCK,3.281278047225187,Not sig,NA
2.130230169423577e-8,-0.13668380705921646,0.174,0.221,5.364771658676336e-4,CECR2,3.270448758225013,Not sig,NA
2.2757698679555053e-8,-0.13306537928109907,0.16,0.205,5.731298835459144e-4,ANKRD36C,3.241746946417953,Not sig,NA
2.2935632622889877e-8,-0.1812843583918698,0.101,0.136,5.776109719748587e-4,PDLIM5,3.238364565745067,Not sig,NA
2.320166665475009e-8,0.4832879417830695,0.123,0.093,5.843107730332263e-4,LURAP1L-AS1,3.23335610645757,Sig Up,NA
2.331269550067568e-8,-0.254410324728163,0.085,0.116,5.871069234890163e-4,KIF21A,3.2312827981518097,Sig Down,NA
2.4119935140847612e-8,-0.1277054371234118,0.117,0.155,6.074364465871063e-4,DYNC1I2,3.216499153680853,Not sig,NA
2.6627078243771297e-8,-0.11024940464001842,0.176,0.224,6.705763384911364e-4,C20orf194,3.1735517748619078,Not sig,NA
2.6901351081791788e-8,-0.11231796338848588,0.364,0.435,6.774836256438443e-4,NEO1,3.169101196953129,Not sig,NA
2.6941398599770908e-8,-0.1178652902484838,0.13,0.169,6.784921823366305e-4,REEP3,3.1684551519653676,Not sig,NA
2.746425677224513e-8,0.3231001266238529,0.447,0.433,6.916598425522213e-4,MVB12B,3.1601074385243715,Sig Up,NA
2.9676595666830693e-8,0.6537550077439326,0.123,0.094,7.473753852734642e-4,ACAP3,3.126461209692086,Sig Up,NA
3.0158938592680665e-8,-0.16882423863979062,0.099,0.133,7.595227095180698e-4,ANKRD13C,3.119459236322672,Not sig,NA
3.22411899024009e-8,-0.10493260897590173,0.2,0.251,8.119621265020642e-4,CDK6,3.0904642276981935,Not sig,NA
3.267878291535936e-8,-0.15366738040579242,0.14,0.181,8.2298246894041e-4,TXNIP,3.0846094159706388,Not sig,NA
3.276402276135202e-8,-0.11407500573071394,0.156,0.199,8.251291492218893e-4,GAS7,3.0834780703535047,Not sig,NA
3.549652170971516e-8,0.33498767681098807,0.442,0.423,8.939444027374667e-4,HDAC2-AS2,3.0486894905275244,Sig Up,NA
3.6365379325273834e-8,-0.2677867861629525,0.076,0.104,9.158257129276963e-4,MCCC1,3.038187167288069,Sig Down,NA
3.734891615059014e-8,-0.1748177805327853,0.083,0.114,9.405951043364621e-4,AC007566.1,3.0265972860249732,Not sig,NA
3.863747616985943e-8,-0.1400190794468564,0.103,0.137,9.730461998617399e-4,MARCH7,3.0118665391060704,Not sig,NA
4.119231276922859e-8,-0.16692798023191927,0.083,0.114,0.001037387204780253,TIMM23B,2.984059112933527,Not sig,NA
4.284953144399017e-8,-0.11189962230123385,0.313,0.374,0.0010791225998854485,PSD3,2.966929212009353,Not sig,NA
4.308200223014812e-8,-0.11290625458342107,0.119,0.157,0.0010849771441640503,NPEPPS,2.964579410449537,Not sig,NA
4.3415937109748424e-8,-0.13940578839050743,0.131,0.17,0.0010933869601719042,USP33,2.961226109847385,Not sig,NA
4.44180180180991e-8,-0.1684032385982302,0.113,0.148,0.0011186233657678078,FERMT2,2.951316113384275,Not sig,NA
4.51744145172876e-8,-0.13978467793924043,0.21,0.26,0.0011376724552033708,IQCJ-SCHIP1,2.943982756722459,Not sig,NA
4.5648948566681616e-8,-0.12011309561084449,0.162,0.204,0.0011496231207033098,PPFIBP1,2.9394445104506466,Not sig,NA
4.9910347565802156e-8,-0.18151073940766793,0.076,0.106,0.0012569421930971616,RIC1,2.9006846951033864,Not sig,NA
5.04884345678493e-8,0.14015110985536428,0.742,0.744,0.0012715007361567168,FRYL,2.8956833840461114,Not sig,NA
5.0954084178637456e-8,-0.11205731033473863,0.074,0.103,0.0012832276559548057,RBBP6,2.8916962891011093,Not sig,NA
5.307797968530501e-8,-0.15155233186706085,0.073,0.102,0.0013367158403947215,GBE1,2.873960905426711,Not sig,NA
5.475578505195341e-8,-0.17491127749796861,0.1,0.134,0.0013789696907483948,ATF2,2.8604452793537964,Not sig,NA
5.71914569527525e-8,-0.13057009828553445,0.13,0.169,0.001440309651898119,RUFY2,2.841544128978569,Not sig,NA
5.721729478198486e-8,-0.138764913396626,0.178,0.224,0.0014409603517895066,OSBP2,2.8413479686904686,Not sig,NA
6.347278118932916e-8,0.43322373988695007,0.223,0.188,0.0015984985214720657,LINC01505,2.7962877610918992,Sig Up,NA
6.48579776754927e-8,-0.1914623179209365,0.085,0.116,0.0016333833097796082,SEC31A,2.786911886428214,Not sig,NA
6.613508027277386e-8,-0.127709995132264,0.159,0.203,0.001665545861589537,ANKRD11,2.778443404305109,Not sig,NA
7.100045875187296e-8,-0.16535897473084837,0.073,0.101,0.0017880755532071685,UBQLN1,2.747614134506696,Not sig,NA
7.22406879333136e-8,-0.16302324483390265,0.076,0.105,0.0018193094849125696,TRA2B,2.740093416298256,Not sig,NA
7.72194945872908e-8,0.13662504607315906,0.908,0.91,0.0019446957516863314,PDE4B,2.7111483345436054,Not sig,NA
7.820022826013877e-8,-0.1008346752745275,0.149,0.191,0.0019693945485033345,CAMSAP2,2.705667268588879,Not sig,NA
8.088519148324196e-8,-0.18355647609070846,0.152,0.192,0.0020370126623139658,PDE4DIP,2.691006271365083,Not sig,NA
8.235618917643544e-8,-0.16285518699935242,0.48,0.552,0.00207405826821935,TF,2.6831790467846512,Not sig,NA
8.406187297328453e-8,-0.11738925052344862,0.124,0.161,0.0021170142089591976,USP9X,2.6742762270765423,Not sig,NA
8.463494872390171e-8,0.152501780307138,0.751,0.757,0.0021314465486627406,DOCK10,2.6713255538973977,Not sig,NA
8.62453469220605e-8,-0.11617753583830398,0.098,0.131,0.0021720028168851716,HUWE1,2.663139615843369,Not sig,NA
8.765946001510414e-8,-0.22333097151372983,0.076,0.105,0.0022076158410203827,STX7,2.6560764982618488,Not sig,NA
9.244481158573319e-8,-0.33705981390682127,0.114,0.148,0.0023281301349751047,GRAMD2B,2.6329927476810817,Sig Down,NA
9.2949773360647e-8,-0.1363770296107964,0.102,0.135,0.0023408470923145337,RHOU,2.6306269541516856,Not sig,NA
9.49771035950488e-8,-0.11395997706742422,0.312,0.374,0.0023919033769377093,ARID4B,2.621256368040788,Not sig,NA
9.586951039741799e-8,-0.1344616970794894,0.137,0.175,0.002414377749848575,FBN1,2.617194779872375,Not sig,NA
1.0091600556071553e-7,-0.15498785554460304,0.148,0.187,0.0025414686840410598,ARHGEF12,2.5949152373018065,Not sig,NA
1.0199341738553343e-7,-0.14494083057190096,0.074,0.102,0.002568602223437274,INPP4B,2.5903031458472494,Not sig,NA
1.03034555433564e-7,-0.13497588594625673,0.083,0.113,0.002594822244038876,GABPB1-AS1,2.5858923877489284,Not sig,NA
1.09744874955883e-7,0.5448316844496929,0.192,0.164,0.0027638149308889574,USP31,2.5584910413212234,Sig Up,NA
1.16879249479357e-7,-0.1015777136045829,0.078,0.107,0.0029434870188881266,HNRNPR,2.5311378751355518,Not sig,NA
1.1968676980270945e-7,-0.17865127041968043,0.092,0.123,0.003014191610711435,CLCN3,2.520829143252439,Not sig,NA
1.2583474974691085e-7,0.4711235177255402,0.287,0.264,0.0031690223376262027,PPFIA2,2.499074699568422,Sig Up,NA
1.285788271236196e-7,-0.13094487270371014,0.113,0.148,0.003238129182281236,SPEN,2.4897058294452785,Not sig,NA
1.378565572713422e-7,-0.18723746820799414,0.084,0.113,0.0034717795383214824,GPBP1L1,2.459447860779633,Not sig,NA
1.4504240083966456e-7,-0.10704137609198972,0.143,0.182,0.003652747822746112,NPC1,2.43738030943884,Not sig,NA
1.541024402891457e-7,-0.1429059144780977,0.083,0.113,0.003880915856241845,ZNF254,2.4110657732780227,Not sig,NA
1.7016296843764726e-7,-0.10919320814707277,0.085,0.115,0.004285384197133708,PCDH9-AS2,2.3680102362342708,Not sig,NA
1.8402764570935388e-7,-0.21550675852313567,0.076,0.104,0.004634552229544368,TCF25,2.3339922191531164,Not sig,NA
1.891166326322057e-7,0.3281258378447749,0.396,0.38,0.0047627132762094685,DAAM2,2.3221455629998986,Sig Up,NA
1.898908649186408e-7,0.4492675410010136,0.222,0.192,0.004782211542111049,MITF,2.320371216689606,Sig Up,NA
2.091898318072384e-7,-0.19780986014040725,0.084,0.113,0.005268236724233492,TRIP11,2.27833471857766,Not sig,NA
2.3363494362219283e-7,-0.12100526763950781,0.103,0.135,0.005883862420181304,RFX3-AS1,2.23033749074645,Not sig,NA
2.3434341135150867e-7,-0.12218777962172317,0.113,0.147,0.005901704471476394,HOOK3,2.229022541637224,Not sig,NA
2.3502401219746812e-7,0.7513414852015333,0.102,0.077,0.005918844723181037,GALNT7,2.2277630532956243,Sig Up,NA
2.367878474295093e-7,-0.1289789273985027,0.125,0.16,0.005963265149664762,PTN,2.2245158798247835,Not sig,NA
2.419463198112387e-7,-0.10563504999247542,0.227,0.275,0.006093176118126236,RPS6KA5,2.2151562687777173,Not sig,NA
2.605839341206624e-7,-0.12894311418824433,0.101,0.133,0.0065625457968947615,PIKFYVE,2.182927652840191,Not sig,NA
2.6923903405320747e-7,-0.17106490715731004,0.076,0.103,0.006780515833595977,RAB3GAP2,2.168737265548468,Not sig,NA
2.9860047131762476e-7,-0.11828955572117088,0.088,0.118,0.0075199542696630615,HNRNPD,2.123784800431413,Not sig,NA
2.9885922562015217e-7,-0.10976568393743263,0.094,0.124,0.007526470738017912,MTERF1,2.123408622512272,Not sig,NA
3.2150543787071047e-7,-0.17442027029361443,0.081,0.109,0.008096792947335972,HERC3,2.091686966439418,Not sig,NA
3.4130345208355757e-7,-0.14835205950133434,0.122,0.157,0.008595386137272313,RNF115,2.065734608387078,Not sig,NA
3.5118567663337396e-7,0.32970649965618737,0.381,0.363,0.00884426008033489,GAB2,2.0533384947462507,Sig Up,NA
4.2749681168943533e-7,-0.11885145565659472,0.265,0.317,0.01076607970558674,SLC25A13,1.9679424092529745,Not sig,NA
4.3434825189223235e-7,-0.13366194996334424,0.183,0.225,0.01093862637565398,RALGAPA2,1.961037211359868,Not sig,NA
4.4130525947991953e-7,-0.14471877131211625,0.102,0.134,0.011113831654742293,ALG13,1.9541361859175819,Not sig,NA
4.7221666307926587e-7,-0.23223948899492952,0.117,0.149,0.011892304442988232,SERPINI1,1.9247339813862523,Not sig,NA
4.891882935203238e-7,-0.114120222173203,0.093,0.124,0.012319717984015833,CLTC,1.9093992336803247,Not sig,NA
4.949664571536597e-7,-0.10112753552456588,0.128,0.164,0.012465235256957766,TLK2,1.9042995206231486,Not sig,NA
5.027585246840825e-7,-0.25179605798552473,0.091,0.12,0.012661470685643935,EPB41L4A,1.8975158461698636,Sig Down,NA
5.148231780004625e-7,-0.22240702676200558,0.089,0.117,0.012965306914763648,DCAF5,1.8872171981533556,Not sig,NA
5.248591660906796e-7,-0.1351073653203666,0.108,0.141,0.013218053238827675,RASA2,1.8788325032385862,Not sig,NA
5.82406853497915e-7,-0.1932646345746586,0.083,0.111,0.014667334198491491,MORF4L1,1.8336488124068222,Not sig,NA
6.029680618331542e-7,-0.14660831393852267,0.079,0.106,0.015185147669206155,FNBP4,1.8185809803930948,Not sig,NA
6.248824213567013e-7,0.17553606170204583,0.668,0.668,0.015737038899447164,SEPT7,1.8030769816726062,Not sig,NA
6.405330739639213e-7,-0.16222462763864615,0.102,0.133,0.016131184934707395,CTIF,1.7923337298395743,Not sig,NA
6.627943360342915e-7,-0.1305113563363004,0.126,0.161,0.016691812558687597,ASCC3,1.777496500858527,Not sig,NA
7.65363704991499e-7,-0.1001481245526894,0.135,0.171,0.01927491954650591,CPEB3,1.7150074260179369,Not sig,NA
9.740380915150959e-7,-0.2305113645059368,0.076,0.102,0.024530175296716174,ALOX12-AS1,1.610299348241861,Not sig,NA
1.1102849132422512e-6,-0.11224764126359398,0.077,0.103,0.027961415255092853,BOD1L1,1.553440850740296,Not sig,NA
1.2363990899873693e-6,0.3536031825299042,0.371,0.354,0.031137474682241907,VRK2,1.5067166125784273,Sig Up,NA
1.2966780054281114e-6,-0.1065089187548009,0.113,0.145,0.032655538888701555,CRYBG3,1.4860431450234701,Not sig,NA
1.3644021084952375e-6,-0.18103371091951248,0.126,0.158,0.034361102700344065,LRRC63,1.463932907442941,Not sig,NA
1.4054482564420382e-6,-0.1285740393538657,0.138,0.174,0.03539480889023629,MKL1,1.451060428246556,Not sig,NA
1.438194619124627e-6,-0.10753067855227452,0.079,0.105,0.03621949328803461,EXOC5,1.441057629774302,Not sig,NA
1.6361046821502636e-6,-0.22238607812172023,0.092,0.12,0.041203660315272235,HNRNPH3,1.3850642018281663,Not sig,NA
1.7234138407147977e-6,-0.12963476692863385,0.147,0.184,0.04340245416456146,ELAVL3,1.3624857128839682,Not sig,NA
1.8066157115047305e-6,0.40028430505848234,0.299,0.281,0.045497810078535136,CD22,1.3420095065010482,Sig Up,NA
1.991537050663399e-6,-0.12773235589868714,0.085,0.111,0.05015486908390704,ZNF131,1.2996868988624082,Not sig,NA
2.1189190560156174e-6,-0.1621117065165117,0.085,0.112,0.05336285750669731,LINC01792,1.272760922604192,Not sig,NA
2.1218200192870803e-6,-0.10820196623603695,0.172,0.211,0.05343591536572583,FAM49B,1.272166746676294,Not sig,NA
2.181716032696637e-6,-0.11790129875385356,0.091,0.119,0.05494433656743211,DENND2A,1.2600770661935574,Not sig,NA
2.3722286655921705e-6,-0.1310330094253933,0.134,0.168,0.05974220671427322,LGR5,1.223718739781236,Not sig,NA
2.4443959202277755e-6,-0.13987025137116724,0.086,0.113,0.0615596668550163,KHDRBS1,1.2107037391235282,Not sig,NA
2.7337818277689782e-6,-0.1122703291038436,0.131,0.165,0.06884756155053395,HECTD4,1.1621114370178238,Not sig,NA
2.813747237684486e-6,-0.22588672654110903,0.092,0.119,0.0708614104338461,ATP6V0A1,1.1495902076683744,Not sig,NA
2.973860829832556e-6,-0.1350147161837616,0.378,0.437,0.07489371113850309,QDPR,1.1255546486892278,Not sig,NA
3.1161659380303037e-6,0.12555192117873837,0.801,0.817,0.07847752298335517,SIK3,1.1052547132177803,Not sig,NA
3.4033107625503516e-6,-0.10012042970949481,0.106,0.135,0.08570897824406805,HELZ,1.0669736821885532,Not sig,NA
3.4479847414395795e-6,-0.1546653582213542,0.086,0.112,0.08683404772841437,WDR41,1.0613099540718505,Not sig,NA
3.481485460836944e-6,-0.14260562949352107,0.076,0.101,0.0876777298457176,COL18A1,1.0571107034792484,Not sig,NA
3.553451221396756e-6,-0.13948792960961937,0.081,0.106,0.0894901155596559,TMEM59,1.0482249311082572,Not sig,NA
3.876508446750945e-6,-0.1490705014468412,0.148,0.182,0.0976259887229758,PHACTR1,1.010434554704829,Not sig,NA
4.059704800667537e-6,-0.10697546976059497,0.109,0.139,0.10223960570001125,ZMYM4,0.9903808340941213,Not sig,NA
4.079540152950195e-6,-0.13085537887157384,0.123,0.155,0.10273913921189771,LINC00894,0.9882640772829778,Not sig,NA
4.240069609324251e-6,-0.15220266776374577,0.076,0.1,0.10678191304122192,TECR,0.9715023028468679,Not sig,NA
4.311509394667833e-6,0.6025082433450153,0.101,0.079,0.10858105259531471,RASGRF1,0.9642459525668643,Not sig,NA
4.458128474981058e-6,-0.14534706804588676,0.105,0.135,0.11227350751392295,GPSM2,0.9497227094362632,Not sig,NA
5.537086969804008e-6,0.1205542837392446,0.147,0.12,0.13944599824754414,CTNNA2,0.8555939443878671,Not sig,NA
5.5898955581272e-6,-0.13477994925908085,0.089,0.116,0.14077592973587538,NASP,0.8514715957374281,Not sig,NA
5.740356655026666e-6,-0.10669947283890367,0.079,0.103,0.14456514200019158,EGLN1,0.839936412864158,Not sig,NA
6.106377294965341e-6,-0.11229761528271687,0.217,0.259,0.15378300579640716,MEIS2,0.8130916547597506,Not sig,NA
6.459329332633357e-6,-0.1033009119759388,0.084,0.109,0.16267174991303848,PEBP1,0.7886878614586121,Not sig,NA
6.606917232007806e-6,-0.1323359768101229,0.083,0.108,0.16638860357088459,NUMA1,0.7788764230920125,Not sig,NA
6.8345821813243e-6,-0.12357147552529169,0.095,0.122,0.1721221176544712,LINC01135,0.7641633193406218,Not sig,NA
6.893584023116195e-6,-0.1996507717951942,0.08,0.104,0.17360802003815826,SLC25A29,0.7604302159229863,Not sig,NA
7.110666407081408e-6,-0.12444811307601739,0.079,0.104,0.17907502279593818,RAPGEF1,0.7469649848844068,Not sig,NA
7.432515368870834e-6,-0.10527565499422709,0.17,0.207,0.18718046704964308,BBS2,0.7277394734139302,Not sig,NA
8.08910989420618e-6,-0.152909774067017,0.135,0.167,0.20371614357568846,LDLRAD4,0.6909745537782608,Not sig,NA
8.245328808716962e-6,0.36424929508307935,0.357,0.344,0.20765036071872797,LINC00639,0.6826673101210811,Not sig,NA
9.100944139105847e-6,-0.25810786163793276,0.087,0.112,0.22919817719924165,LTBP1,0.6397888406115362,Not sig,NA
9.73579973975141e-6,-0.10375084698280106,0.09,0.116,0.2451863806458995,KANTR,0.6105036572148164,Not sig,NA
1.0672628484528213e-5,-0.10571319321431669,0.098,0.124,0.2687794757543585,HIP1R,0.570603897474398,Not sig,NA
1.11440906881288e-5,0.10734682105729032,0.784,0.789,0.2806527798898357,PLCL1,0.5518306516989435,Not sig,NA
1.6057936624317763e-5,-0.10767168187499307,0.095,0.121,0.4044030759468185,DENND4C,0.39318554976340675,Not sig,NA
2.1928883149784922e-5,-0.2023288736244751,0.096,0.121,0.5522569932441834,CHORDC1,0.25785877593976914,Not sig,NA
2.211049528860702e-5,0.21599752496198432,0.549,0.551,0.5568307133482792,CADM1,0.2542768181715439,Not sig,NA
2.5257982812059616e-5,0.3237179041187579,0.345,0.329,0.6360970391389094,ATG4C,0.196476625943081,Not sig,NA
2.5720061257438207e-5,0.47863262324714495,0.203,0.182,0.6477340227073238,RTN1,0.18860329070898077,Not sig,NA
2.8760499858960375e-5,0.15823018446824522,0.666,0.676,0.7243044284480581,ATP8A1,0.14007885948425516,Not sig,NA
2.9945419574157134e-5,-0.13798045455447505,0.112,0.138,0.7541454465555733,MACROD2,0.12254488682935004,Not sig,NA
3.1079967800779714e-5,-0.12115154387456115,0.085,0.109,0.7827179090948363,TOB2,0.10639472912622411,Not sig,NA
3.127414770223397e-5,0.2900113100777153,0.384,0.373,0.7876081357330602,KANSL1,0.10368980639155616,Not sig,NA
3.247831014121044e-5,0.6212083895393782,0.115,0.094,0.8179337625962437,ZNF521,0.08728186467059937,Not sig,NA
3.395881569386945e-5,-0.10445949462488535,0.099,0.124,0.8552188144344083,PELI2,0.06792275340830115,Not sig,NA
3.3959339218506134e-5,-0.12604590218470613,0.1,0.125,0.8552319988788585,ZFPM2,0.06791605817751493,Not sig,NA
4.4012367536332584e-5,-0.15489281687839362,0.079,0.101,1,AL662796.1,-0,Not sig,NA
4.581727172675847e-5,0.541286049457797,0.156,0.136,1,SEPT4,-0,Not sig,NA
4.9897386451854804e-5,0.3091791428020434,0.318,0.304,1,TRA2A,-0,Not sig,NA
5.1094486361649416e-5,0.1293991442347764,0.715,0.729,1,NCAM1,-0,Not sig,NA
5.318574670587303e-5,0.3135590663567298,0.333,0.319,1,RFTN2,-0,Not sig,NA
6.319253324068762e-5,0.40259751199192717,0.222,0.202,1,DPYSL5,-0,Not sig,NA
7.816345545106497e-5,0.5181263102797309,0.161,0.141,1,SRGAP1,-0,Not sig,NA
7.889780166378599e-5,0.4307585789581352,0.151,0.13,1,SEMA5A,-0,Not sig,NA
7.892717334751455e-5,0.29645164457567796,0.347,0.335,1,GNAI1,-0,Not sig,NA
9.226279071076689e-5,0.5323396969692451,0.129,0.109,1,TMEM132C,-0,Not sig,NA
1.1278922936705385e-4,0.4060832798947429,0.23,0.211,1,GAREM1,-0,Not sig,NA
1.155801414784959e-4,0.26745534608059307,0.402,0.398,1,SHROOM4,-0,Not sig,NA
1.3529141254878607e-4,-0.12274087115637503,0.085,0.107,1,LRIG1,-0,Not sig,NA
1.6524059189049862e-4,-0.19275292059979718,0.082,0.103,1,PDK4,-0,Not sig,NA
2.0160958339767457e-4,0.1502219013910726,0.636,0.659,1,DOCK5,-0,Not sig,NA
2.1538503525419004e-4,0.5300560921933732,0.141,0.123,1,MICU1,-0,Not sig,NA
2.300922400985177e-4,0.26418550832581333,0.41,0.414,1,PLEKHH1,-0,Not sig,NA
3.539150353395185e-4,0.5351301858692009,0.1,0.084,1,BMP2K,-0,Not sig,NA
3.5629627110635083e-4,0.1183129592778771,0.13,0.158,1,UBE3A,-0,Not sig,NA
4.755316705415924e-4,0.18668102576920464,0.556,0.562,1,SGK1,-0,Not sig,NA
5.139125530175726e-4,0.15096702730543798,0.592,0.604,1,C10orf90,-0,Not sig,NA
5.188677674353747e-4,0.27101406306104403,0.426,0.428,1,UGT8,-0,Not sig,NA
6.066553262276023e-4,0.32870193629071665,0.358,0.357,1,PRKACB,-0,Not sig,NA
6.351863183492747e-4,0.10065503713254298,0.862,0.879,1,CADM2,-0,Not sig,NA
7.890339791209174e-4,0.4634558549766503,0.23,0.217,1,AC090502.1,-0,Not sig,NA
0.001023014992390148,0.2844395303339118,0.321,0.314,1,COLGALT2,-0,Not sig,NA
0.0010446009292998442,0.48759246908828535,0.1,0.084,1,RAB11FIP4,-0,Not sig,NA
0.0010689447909952832,0.38766274353994934,0.197,0.181,1,PLD5,-0,Not sig,NA
0.0011774103686512211,0.4664384226768946,0.151,0.136,1,ZNF462,-0,Not sig,NA
0.0011962494852564732,0.1016901693499723,0.088,0.108,1,AC104596.1,-0,Not sig,NA
0.0012480568847029643,0.4631985119003068,0.163,0.149,1,CUEDC1,-0,Not sig,NA
0.0013299704537373374,0.18023908040956105,0.43,0.43,1,ABCA2,-0,Not sig,NA
0.0013362666292909505,0.29336180099849374,0.354,0.352,1,NT5DC1,-0,Not sig,NA
0.001442108364860949,0.40413707293553025,0.246,0.236,1,FOXN2,-0,Not sig,NA
0.001601291447439741,0.3673517243118374,0.232,0.219,1,TAPT1-AS1,-0,Not sig,NA
0.0020410233838032265,0.13198930332694436,0.137,0.163,1,SF1,-0,Not sig,NA
0.0023437272719257136,0.3678843128901407,0.188,0.174,1,RASGRP3,-0,Not sig,NA
0.0023497553022304735,0.10634272186726906,0.095,0.115,1,EXOC1,-0,Not sig,NA
0.002617047848830864,0.4621217076468545,0.13,0.116,1,CA2,-0,Not sig,NA
0.0027452619142267257,0.2594977202268649,0.377,0.378,1,ZNF704,-0,Not sig,NA
0.0028164821866096127,0.43094830273046836,0.149,0.134,1,PRKD1,-0,Not sig,NA
0.00309601361685992,0.11075802164362727,0.104,0.125,1,FAM120A,-0,Not sig,NA
0.0031031769200796262,0.18198086427801075,0.512,0.525,1,MAP4K5,-0,Not sig,NA
0.0031039030473976503,0.20685730672964553,0.44,0.446,1,DMD,-0,Not sig,NA
0.003528189012273982,0.5133960641898125,0.113,0.099,1,DNMT3A,-0,Not sig,NA
0.003780132941485183,0.12614310468486584,0.106,0.126,1,SLC4A8,-0,Not sig,NA
0.004247979122888692,0.10712284964072105,0.106,0.126,1,OSBPL8,-0,Not sig,NA
0.004473104762822591,0.10068863892738378,0.169,0.196,1,ATG7,-0,Not sig,NA
0.004667671064831649,0.10284857438928419,0.187,0.217,1,PHF14,-0,Not sig,NA
0.004682546261400021,0.4434566274050743,0.123,0.11,1,FAM95C,-0,Not sig,NA
0.004834530878788601,0.11485440448012318,0.123,0.145,1,FBXW7,-0,Not sig,NA
0.004986165977286901,0.10911018295781472,0.173,0.202,1,PLLP,-0,Not sig,NA
0.005020593219723553,0.10916333802609995,0.119,0.141,1,MTMR7,-0,Not sig,NA
0.005207048108559723,0.109352645074311,0.096,0.114,1,CCDC122,-0,Not sig,NA
0.005396194383489304,0.11405119297111588,0.622,0.64,1,RTN4,-0,Not sig,NA
0.0069343725455626734,0.5639333423240733,0.112,0.1,1,CEP128,-0,Not sig,NA
0.006971804955954871,-0.15136350422010836,0.117,0.134,1,SORCS2,-0,Not sig,NA
0.006989550987515586,0.24864085331781682,0.415,0.421,1,MAGI1,-0,Not sig,NA
0.007208727542050082,0.2657846364557557,0.335,0.336,1,PSEN1,-0,Not sig,NA
0.007237858859074465,0.3197682523441878,0.201,0.189,1,AL589740.1,-0,Not sig,NA
0.007411019055837713,0.15772089558339497,0.142,0.165,1,SMAD2,-0,Not sig,NA
0.007504353472331088,0.46923267635787846,0.153,0.142,1,NINJ2,-0,Not sig,NA
0.007572495940261787,0.13058574092217767,0.136,0.159,1,ARFGEF1,-0,Not sig,NA
0.007658243005657046,0.330679171543665,0.297,0.296,1,ACER3,-0,Not sig,NA
0.0077068227965179535,0.11416768425822049,0.107,0.126,1,SGCE,-0,Not sig,NA
0.008321322051316103,0.11358099293228752,0.144,0.168,1,CORO2B,-0,Not sig,NA
0.008348350674859681,0.10127739045751294,0.138,0.161,1,ZMYND11,-0,Not sig,NA
0.008431889937932324,0.1049620172871959,0.207,0.238,1,PPP3CA,-0,Not sig,NA
0.009300906658334886,0.11398671928240334,0.163,0.189,1,ATM,-0,Not sig,NA
0.010112032286949702,0.13357615753758043,0.099,0.117,1,EXOC6,-0,Not sig,NA
0.010307230057007025,0.11377044603485431,0.127,0.148,1,ELP4,-0,Not sig,NA
0.010790694726222986,0.13798655457735537,0.113,0.131,1,TTN-AS1,-0,Not sig,NA
0.011299810443934202,0.10009215539978727,0.117,0.136,1,ARIH2,-0,Not sig,NA
0.011479056077104506,0.1666466663921904,0.452,0.457,1,MIR99AHG,-0,Not sig,NA
0.011575701519493137,0.10417388274599271,0.114,0.133,1,CDC42BPB,-0,Not sig,NA
0.012079832088410306,0.17862629186665568,0.143,0.167,1,C1GALT1,-0,Not sig,NA
0.012158296415619581,0.11447416020177337,0.155,0.179,1,TAF15,-0,Not sig,NA
0.01249540323643317,0.10043862029966244,0.107,0.124,1,RHBDD1,-0,Not sig,NA
0.012713761006461082,0.1225441175159489,0.109,0.127,1,FRS2,-0,Not sig,NA
0.012988973113355624,0.48228348017783707,0.13,0.12,1,KAT6B,-0,Not sig,NA
0.013075339070627471,0.10650965705989342,0.097,0.114,1,XPO6,-0,Not sig,NA
0.013226458837931183,0.10675418383227098,0.164,0.189,1,APPBP2,-0,Not sig,NA
0.013343054490919,0.11319205936892032,0.085,0.1,1,GPATCH2L,-0,Not sig,NA
0.013723519673057636,0.32372495848103044,0.346,0.351,1,LRRC7,-0,Not sig,NA
0.013926660122107975,0.11467052312416448,0.181,0.207,1,CHD6,-0,Not sig,NA
0.013967070899402377,0.13024723047321318,0.095,0.111,1,NUMB,-0,Not sig,NA
0.014155711958537296,0.11183053617396932,0.178,0.205,1,DMXL1,-0,Not sig,NA
0.01434570498782014,0.35531259620959244,0.211,0.203,1,NBEA,-0,Not sig,NA
0.014400393197766074,0.2421659529967446,0.338,0.338,1,RNF144A,-0,Not sig,NA
0.014476881828423301,0.1536302461375314,0.117,0.136,1,CD55,-0,Not sig,NA
0.014619805704146099,0.15171302587517488,0.095,0.111,1,PPM1K,-0,Not sig,NA
0.015487687743443154,0.16726168679730954,0.095,0.111,1,INO80D,-0,Not sig,NA
0.015495658368619731,0.4402617904097852,0.117,0.107,1,GLCE,-0,Not sig,NA
0.01653816312695625,0.4321352525964947,0.136,0.125,1,C15orf41,-0,Not sig,NA
0.016837236083669917,0.42647619102511247,0.142,0.132,1,EPC2,-0,Not sig,NA
0.016875480860836737,0.14691819171402354,0.111,0.129,1,NFATC3,-0,Not sig,NA
0.017358607527208154,0.16194153610159678,0.137,0.159,1,PCBP2,-0,Not sig,NA
0.01768409590175459,0.10886539730744627,0.122,0.14,1,NAPEPLD,-0,Not sig,NA
0.018106963122739215,0.18046386577601436,0.085,0.1,1,MUM1,-0,Not sig,NA
0.018660392137246625,0.10302522404155906,0.106,0.123,1,RAB7A,-0,Not sig,NA
0.018808289749660517,0.1108593771098274,0.178,0.203,1,NAIP,-0,Not sig,NA
0.019466196988846825,0.27700027326153087,0.317,0.318,1,HHIP,-0,Not sig,NA
0.019916878167714265,0.41004653681910125,0.121,0.111,1,HIBADH,-0,Not sig,NA
0.021218538478908998,0.10545206274288432,0.17,0.192,1,FUT9,-0,Not sig,NA
0.022127362464218994,-0.17546775363652478,0.134,0.15,1,GPC5,-0,Not sig,NA
0.02236111860781798,0.10651561067006457,0.094,0.108,1,MAPK6,-0,Not sig,NA
0.023666759908909353,0.14061023488693883,0.101,0.117,1,ZNF718,-0,Not sig,NA
0.023716421161126072,0.1457471098839016,0.219,0.25,1,GPATCH8,-0,Not sig,NA
0.024971577442887714,0.1142030568291329,0.125,0.143,1,MIGA1,-0,Not sig,NA
0.0252918118197633,0.11761243937484678,0.112,0.129,1,CTDSPL2,-0,Not sig,NA
0.025489517320831462,0.3664763514697238,0.205,0.199,1,DIS3L2,-0,Not sig,NA
0.025776252567521116,0.12369179704551647,0.091,0.106,1,TRAPPC8,-0,Not sig,NA
0.025963448516290594,0.18548486853890855,0.09,0.105,1,ABCA6,-0,Not sig,NA
0.0260291548385187,0.14547817278970548,0.112,0.129,1,PIK3CA,-0,Not sig,NA
0.026388210056005838,0.37437576166203634,0.155,0.147,1,KIAA1755,-0,Not sig,NA
0.026918238356332974,0.11292288737327572,0.183,0.207,1,ATP1B1,-0,Not sig,NA
0.02759509462668309,0.2363469701553913,0.378,0.388,1,MED13L,-0,Not sig,NA
0.030304554167126574,0.4154098002409796,0.154,0.146,1,R3HDM2,-0,Not sig,NA
0.03229347649379497,0.18867393435469149,0.471,0.491,1,C9orf3,-0,Not sig,NA
0.03243068957120157,0.2974858561039033,0.416,0.435,1,PDE1A,-0,Not sig,NA
0.03257328995479562,0.1265866547844675,0.165,0.187,1,CHCHD3,-0,Not sig,NA
0.03315577940266073,0.14143648062392966,0.443,0.454,1,AGTPBP1,-0,Not sig,NA
0.03365341323129309,0.14216601725095124,0.136,0.156,1,TOGARAM1,-0,Not sig,NA
0.03395248303568549,0.12872438298987587,0.576,0.595,1,FBXL7,-0,Not sig,NA
0.03407863821695103,0.10929956171928096,0.103,0.118,1,ST3GAL5,-0,Not sig,NA
0.03453987362313985,0.14587268658846386,0.11,0.125,1,TCP11L2,-0,Not sig,NA
0.035213174369715154,0.11844817504400407,0.208,0.236,1,TRIP12,-0,Not sig,NA
0.03586185411048553,0.2508026737354152,0.351,0.356,1,NSMCE2,-0,Not sig,NA
0.036573679925598575,0.13702720969874438,0.139,0.157,1,SCFD2,-0,Not sig,NA
0.037667021081627464,0.11008264031423254,0.276,0.31,1,TRPS1,-0,Not sig,NA
0.03851338653309764,0.11720982484827824,0.171,0.193,1,LCORL,-0,Not sig,NA
0.03853023512255651,0.10839237374110589,0.135,0.153,1,CDKL1,-0,Not sig,NA
0.038731888197414285,0.10955039889536833,0.245,0.278,1,ZNF609,-0,Not sig,NA
0.03891783598176259,0.18407277210195733,0.12,0.137,1,PHF20L1,-0,Not sig,NA
0.03911805585396043,0.1272432444344047,0.145,0.165,1,MPRIP,-0,Not sig,NA
0.0394029793960111,0.254137667122573,0.179,0.171,1,ITPKB,-0,Not sig,NA
0.03983039215271708,0.1510365573467936,0.097,0.111,1,TMEM260,-0,Not sig,NA
0.04027684480603145,0.1428525246209969,0.104,0.119,1,SLX4IP,-0,Not sig,NA
0.040426813608033976,0.10667870304190695,0.094,0.108,1,NUDCD3,-0,Not sig,NA
0.04090364677465549,0.30141603142747186,0.217,0.209,1,NEGR1,-0,Not sig,NA
0.0412365352248174,0.1316249197272336,0.105,0.12,1,CAPS2,-0,Not sig,NA
0.041996114813404824,0.12445462947272234,0.093,0.107,1,RAB11FIP2,-0,Not sig,NA
0.04212458773046108,0.19046605946649198,0.333,0.336,1,ABCA8,-0,Not sig,NA
0.04285452612612303,0.12053782938814916,0.265,0.299,1,LIFR,-0,Not sig,NA
0.043161281779483855,0.11263928205756679,0.18,0.202,1,SPTLC2,-0,Not sig,NA
0.04331557737052401,0.12579771141051688,0.228,0.254,1,CAMKMT,-0,Not sig,NA
0.04490484381913286,0.25095430080456005,0.092,0.106,1,PTAR1,-0,Not sig,NA
0.04661591424595251,0.15872259032464575,0.137,0.154,1,UMAD1,-0,Not sig,NA
0.046677548100811525,0.1517022052780258,0.09,0.103,1,FAT4,-0,Not sig,NA
0.04698359020380896,0.14805562449185372,0.139,0.157,1,TBCA,-0,Not sig,NA
0.04738041936123826,0.3615286464844947,0.191,0.185,1,KLHL4,-0,Not sig,NA
0.051458094542261475,0.34406013748469455,0.186,0.18,1,URI1,-0,Not sig,NA
0.05220971331265591,0.38164205153445874,0.164,0.158,1,ZBTB44,-0,Not sig,NA
0.05290204036985293,0.29812664082962437,0.266,0.268,1,RAP1GDS1,-0,Not sig,NA
0.05362859456226718,0.14138001477285833,0.559,0.587,1,ZSWIM6,-0,Not sig,NA
0.053869264738681887,0.1301799060477168,0.15,0.168,1,KIAA1468,-0,Not sig,NA
0.056741809320862126,0.21601706794482317,0.089,0.101,1,SUCLG2,-0,Not sig,NA
0.057179063307781323,0.3443071865573178,0.106,0.097,1,LINGO1,-0,Not sig,NA
0.05735861860202236,0.1105141600910351,0.184,0.206,1,OTUD7B,-0,Not sig,NA
0.05753031533103764,0.14282308506319263,0.198,0.222,1,RCAN2,-0,Not sig,NA
0.05901062080675216,0.23869903010371485,0.275,0.271,1,BCL2,-0,Not sig,NA
0.0591230936155511,0.11386463022896698,0.255,0.286,1,VPS13B,-0,Not sig,NA
0.06266830033341383,0.22863270455792617,0.291,0.29,1,CRADD,-0,Not sig,NA
0.06283972556500793,0.1322993477903406,0.091,0.103,1,FBXO42,-0,Not sig,NA
0.06347248303346126,0.12316670869259094,0.118,0.133,1,LRPPRC,-0,Not sig,NA
0.06373845596919765,0.18834684841084082,0.396,0.409,1,NALCN,-0,Not sig,NA
0.06593156027595437,0.20905143177347218,0.382,0.393,1,RYBP,-0,Not sig,NA
0.06929809487404383,0.13069324326869913,0.14,0.157,1,NCOA6,-0,Not sig,NA
0.07017101502986609,0.32106369086326314,0.194,0.189,1,TTLL11,-0,Not sig,NA
0.07103062123887528,0.12065376208893885,0.104,0.117,1,CAPZB,-0,Not sig,NA
0.07109391413391564,0.12103793116388628,0.139,0.156,1,CNOT4,-0,Not sig,NA
0.07119095096789155,0.11698447802766884,0.101,0.114,1,SRGAP3,-0,Not sig,NA
0.07148742841900774,0.3470591805342238,0.136,0.129,1,CYP7B1,-0,Not sig,NA
0.07286811973832984,0.3014420413662484,0.269,0.272,1,PHLDB1,-0,Not sig,NA
0.07351814052205918,0.12132129746530776,0.095,0.107,1,CYB5R4,-0,Not sig,NA
0.07472851207333694,0.1430081321503185,0.128,0.144,1,STARD9,-0,Not sig,NA
0.07609936022560881,0.1478646944429117,0.106,0.12,1,WASF2,-0,Not sig,NA
0.07683451610309816,0.13003555517372065,0.098,0.111,1,ILKAP,-0,Not sig,NA
0.07784029369898927,0.23087335464684638,0.1,0.113,1,XPO7,-0,Not sig,NA
0.07865914316453228,0.2421461386908207,0.117,0.133,1,ZNF397,-0,Not sig,NA
0.07923738572251608,0.14828946919963704,0.496,0.52,1,MBNL2,-0,Not sig,NA
0.08060250190988831,0.23778966740972174,0.107,0.121,1,PCDH17,-0,Not sig,NA
0.08129581142392776,0.18209880493746455,0.169,0.189,1,RABGAP1,-0,Not sig,NA
0.08169658664053617,0.2525489551915534,0.19,0.184,1,LENG8,-0,Not sig,NA
0.08230756641710772,0.1470155912112654,0.118,0.133,1,SLTM,-0,Not sig,NA
0.08319898256314756,0.319158159903713,0.18,0.176,1,NDRG2,-0,Not sig,NA
0.08418570594541855,0.28927533693076146,0.276,0.28,1,FOLH1,-0,Not sig,NA
0.08487758420653134,0.12873344610172366,0.116,0.13,1,APC,-0,Not sig,NA
0.08677347257922623,0.19070082426392032,0.122,0.136,1,TCF7L2,-0,Not sig,NA
0.08826959255185751,0.15907862035281597,0.102,0.114,1,NUP214,-0,Not sig,NA
0.09038857115447475,0.12847652672621668,0.107,0.12,1,VPS53,-0,Not sig,NA
0.09305224759365421,0.39806758602787634,0.123,0.118,1,WWP2,-0,Not sig,NA
0.09517581217187762,0.16058623981179654,0.113,0.126,1,OLA1,-0,Not sig,NA
0.09745348204537871,0.1644965239598657,0.179,0.2,1,RBM33,-0,Not sig,NA
0.10169620246273826,0.13117776361653233,0.214,0.238,1,PPP1R21,-0,Not sig,NA
0.10306679086369326,0.21040038162289584,0.101,0.113,1,CEP97,-0,Not sig,NA
0.10344869976876217,0.2422825885430833,0.102,0.115,1,C6orf62,-0,Not sig,NA
0.1044790598075719,0.12121084331624643,0.107,0.119,1,STPG2,-0,Not sig,NA
0.1051398251241002,0.14588435270161426,0.15,0.166,1,RC3H1,-0,Not sig,NA
0.10700246494429669,0.12934113233352784,0.17,0.188,1,C12orf76,-0,Not sig,NA
0.11139683531143989,0.14607133642702919,0.219,0.245,1,ZNF532,-0,Not sig,NA
0.11157616728579452,0.14935455551169974,0.197,0.217,1,WDR70,-0,Not sig,NA
0.11214381496524344,0.15809811013587105,0.152,0.169,1,RSRC1,-0,Not sig,NA
0.11277367201962397,0.16653771364267822,0.478,0.499,1,BCAS3,-0,Not sig,NA
0.1133196438020633,0.17082038110904996,0.136,0.15,1,AC106791.1,-0,Not sig,NA
0.11356749414770181,0.16133197093726181,0.222,0.246,1,AC009063.2,-0,Not sig,NA
0.11710568617916767,0.16229400911173614,0.104,0.116,1,MECP2,-0,Not sig,NA
0.11892594713391941,0.20246611292538308,0.4,0.419,1,FAF1,-0,Not sig,NA
0.11913095377763123,0.35437533903578444,0.16,0.156,1,GDAP1,-0,Not sig,NA
0.12041372348219039,0.16448013703072206,0.154,0.171,1,JARID2,-0,Not sig,NA
0.12209513641184569,0.1953799938192502,0.188,0.208,1,HSD17B4,-0,Not sig,NA
0.12299097647216416,0.17861628929824913,0.119,0.132,1,SENP7,-0,Not sig,NA
0.12490204214310603,0.13229418861755812,0.106,0.118,1,PAPSS1,-0,Not sig,NA
0.12585640057667122,0.22436343917961876,0.321,0.328,1,STAG1,-0,Not sig,NA
0.12634101135660475,0.1512629008652677,0.101,0.112,1,CDK8,-0,Not sig,NA
0.12781050047244794,0.1589891704943496,0.099,0.11,1,CSPP1,-0,Not sig,NA
0.1286966846521145,0.275075098623658,0.169,0.165,1,SYT9,-0,Not sig,NA
0.13077000946437844,0.17496817792793537,0.108,0.12,1,TMEM245,-0,Not sig,NA
0.13241941138987048,0.14402032369893325,0.418,0.437,1,FAM107B,-0,Not sig,NA
0.1327409294273223,0.3888530663188422,0.117,0.112,1,EFCAB2,-0,Not sig,NA
0.132799364163187,0.1844158780894864,0.102,0.114,1,PUM3,-0,Not sig,NA
0.13296649950234998,0.44362160468057216,0.102,0.097,1,VPS50,-0,Not sig,NA
0.13349250456952114,0.11049382308556321,0.275,0.304,1,FAM13C,-0,Not sig,NA
0.13373476369836923,0.10843196668700505,0.143,0.157,1,EXT1,-0,Not sig,NA
0.1343242554997319,0.33741037088278136,0.112,0.107,1,ERI3,-0,Not sig,NA
0.13935544514670262,0.1420489321723668,0.25,0.278,1,CDK13,-0,Not sig,NA
0.1402130841997999,0.11135454989752036,0.346,0.385,1,FTO,-0,Not sig,NA
0.14285660755546206,0.16230746764706216,0.156,0.172,1,ASPA,-0,Not sig,NA
0.14652910444834927,0.17229950719153042,0.136,0.149,1,RFX7,-0,Not sig,NA
0.15184958885779293,0.10877752443636468,0.197,0.216,1,FANCL,-0,Not sig,NA
0.15331566684456976,0.15754827201811744,0.094,0.104,1,PDXDC1,-0,Not sig,NA
0.1533170490556191,0.1942125520739175,0.097,0.108,1,C21orf62-AS1,-0,Not sig,NA
0.153857466604134,0.10089647235302668,0.116,0.127,1,FRMD4A,-0,Not sig,NA
0.15406641482236672,0.12828611542211554,0.245,0.269,1,PTPN13,-0,Not sig,NA
0.15433766474595823,0.16362115968943824,0.144,0.158,1,FAM214A,-0,Not sig,NA
0.15447081274216712,0.11016816118980888,0.159,0.174,1,NXPE3,-0,Not sig,NA
0.16377682352669337,0.12517037499789008,0.175,0.192,1,MIB1,-0,Not sig,NA
0.16384319168398287,0.1333361429987291,0.161,0.177,1,EHMT1,-0,Not sig,NA
0.16433136398544124,0.15625750355998713,0.457,0.48,1,TNRC6B,-0,Not sig,NA
0.16434845165404785,0.3245194825531217,0.153,0.149,1,THADA,-0,Not sig,NA
0.16697202259048916,0.13132035669065267,0.144,0.157,1,TMEM117,-0,Not sig,NA
0.16699216336760989,0.20228429554627736,0.358,0.373,1,KIF13A,-0,Not sig,NA
0.16976059614439865,0.10541170786757798,0.105,0.115,1,PRRC2B,-0,Not sig,NA
0.17273619922732997,0.18610453773702376,0.094,0.104,1,NIN,-0,Not sig,NA
0.17429326458561373,0.19053347863462278,0.103,0.113,1,AC091948.1,-0,Not sig,NA
0.1753841516121,0.17999024681350706,0.178,0.196,1,BTRC,-0,Not sig,NA
0.1754748457820582,0.12176755526681793,0.101,0.111,1,PDSS2,-0,Not sig,NA
0.1758870426421664,0.329628409332968,0.135,0.13,1,CALN1,-0,Not sig,NA
0.17609274587778348,0.14474212634032724,0.246,0.271,1,PIK3R1,-0,Not sig,NA
0.17695109908340478,0.3829512905721568,0.203,0.204,1,HMGB1,-0,Not sig,NA
0.17761528460667875,0.3563383016885405,0.114,0.11,1,AC098850.3,-0,Not sig,NA
0.18139523815546835,0.3173657811587314,0.179,0.177,1,ATF7IP,-0,Not sig,NA
0.18313602526074876,0.22838397089680207,0.299,0.307,1,ATP10B,-0,Not sig,NA
0.18455631659397706,0.18815295245748298,0.148,0.163,1,CNKSR3,-0,Not sig,NA
0.1853447038115737,0.16683809929195748,0.104,0.114,1,CSMD2,-0,Not sig,NA
0.18604659987228064,0.41833361816276815,0.104,0.1,1,LGR4,-0,Not sig,NA
0.18731745137688982,0.15737456827285934,0.116,0.127,1,CCDC7,-0,Not sig,NA
0.1873386417037799,0.1985323439773945,0.138,0.152,1,MED27,-0,Not sig,NA
0.18991802438756122,0.3020585324770253,0.178,0.176,1,PRKCE,-0,Not sig,NA
0.19629686910165564,0.18309243131010694,0.126,0.138,1,C2CD5,-0,Not sig,NA
0.1965547168809608,0.10891971504522702,0.236,0.258,1,PAN3,-0,Not sig,NA
0.19663890384230567,0.1309726490029628,0.387,0.402,1,CERCAM,-0,Not sig,NA
0.19666528298689995,0.1084745904575195,0.308,0.34,1,TBL1XR1,-0,Not sig,NA
0.19717542054249215,0.36831990440600504,0.1,0.111,1,SLC39A10,-0,Not sig,NA
0.19790984730519215,0.10028668224283521,0.563,0.579,1,FHIT,-0,Not sig,NA
0.19886983632010893,0.10021416898733226,0.167,0.181,1,AUH,-0,Not sig,NA
0.19930715940211335,0.20239044564475367,0.106,0.117,1,FBXL4,-0,Not sig,NA
0.19981987215159683,0.22989152652807654,0.279,0.286,1,AATK,-0,Not sig,NA
0.19986006282293217,0.15341649713222838,0.137,0.15,1,CUL3,-0,Not sig,NA
0.20252213212751868,0.21309153149625365,0.12,0.132,1,EMSY,-0,Not sig,NA
0.2025510002017311,0.18539322704412342,0.121,0.133,1,PRKAR2A,-0,Not sig,NA
0.20563787214307633,0.2713692947339672,0.242,0.245,1,ZCCHC24,-0,Not sig,NA
0.205916980859441,0.30599218037797926,0.207,0.207,1,TNIK,-0,Not sig,NA
0.20803870947556163,0.25394403870706567,0.115,0.127,1,AHCYL2,-0,Not sig,NA
0.20860796457288924,0.27216012417262125,0.169,0.166,1,SEM1,-0,Not sig,NA
0.21042088483880356,0.1872743556971358,0.156,0.172,1,NFKB1,-0,Not sig,NA
0.21236893468834797,0.10196024118881697,0.338,0.366,1,IMMP2L,-0,Not sig,NA
0.2138328999206214,0.11496545823034454,0.536,0.569,1,RERE,-0,Not sig,NA
0.21921488073542542,0.1525363658606207,0.122,0.133,1,ZSWIM5,-0,Not sig,NA
0.22833797968314495,0.30109959101849393,0.27,0.28,1,FAR1,-0,Not sig,NA
0.2288275134411314,0.25915969352910717,0.091,0.1,1,SHOC2,-0,Not sig,NA
0.22909385521049105,0.15544620299412126,0.237,0.26,1,WDR7,-0,Not sig,NA
0.23019029329837243,0.1140727043157499,0.139,0.15,1,SRRM2,-0,Not sig,NA
0.23205242453216307,0.35545420852916076,0.138,0.136,1,BOK,-0,Not sig,NA
0.23408171655865928,0.14563713971734504,0.131,0.143,1,RTTN,-0,Not sig,NA
0.23457832770637463,0.1885829791500726,0.159,0.174,1,EPC1,-0,Not sig,NA
0.23694541770182778,0.17726673908047882,0.099,0.108,1,RASSF8,-0,Not sig,NA
0.23726884740159165,0.2876382968982163,0.159,0.157,1,TMEM63A,-0,Not sig,NA
0.23972311203249783,0.10839905402088845,0.147,0.159,1,FAM168A,-0,Not sig,NA
0.24180588435772657,0.17528063714629472,0.095,0.104,1,VEZF1,-0,Not sig,NA
0.24222084680903813,0.2371563017369771,0.284,0.293,1,VTI1A,-0,Not sig,NA
0.24695975810193005,0.2547178350806647,0.13,0.143,1,WHRN,-0,Not sig,NA
0.24774299713025233,0.18427692100568693,0.237,0.238,1,JAKMIP2,-0,Not sig,NA
0.2521903949119458,0.12981308578134776,0.35,0.359,1,ANLN,-0,Not sig,NA
0.2602615629057408,0.19848238622386144,0.12,0.131,1,RNF217,-0,Not sig,NA
0.2604759930674615,0.26739527562496623,0.26,0.266,1,BTBD3,-0,Not sig,NA
0.2617733891234934,0.26603610318198134,0.176,0.175,1,RYR2,-0,Not sig,NA
0.26182741668662757,0.19313026219681,0.108,0.117,1,MFSD14C,-0,Not sig,NA
0.2665152992365533,0.22680975638397127,0.337,0.35,1,MOB3B,-0,Not sig,NA
0.2695157157117403,0.140651487510971,0.174,0.189,1,AC016597.1,-0,Not sig,NA
0.27066588264659386,0.162834913221419,0.097,0.106,1,GLTP,-0,Not sig,NA
0.27069670493025283,0.1481406017012269,0.157,0.171,1,FGF1,-0,Not sig,NA
0.2739355571909543,0.21663331205997838,0.305,0.317,1,TNRC6C,-0,Not sig,NA
0.27760515902633576,0.268207613207139,0.114,0.11,1,DPH6-DT,-0,Not sig,NA
0.28151518384934476,0.2948566288891041,0.112,0.109,1,MFSD6,-0,Not sig,NA
0.28273271405420686,0.2924124477965544,0.233,0.237,1,PRR5L,-0,Not sig,NA
0.28478547800722936,0.10128815000144087,0.227,0.246,1,EFHD1,-0,Not sig,NA
0.2851244986491276,0.196629933672544,0.174,0.189,1,AMBRA1,-0,Not sig,NA
0.2866499717079384,0.1461611413428735,0.159,0.172,1,PHACTR4,-0,Not sig,NA
0.28758525317756195,0.10936526682637188,0.102,0.11,1,CWF19L2,-0,Not sig,NA
0.2954742602289483,0.21242452911611454,0.178,0.177,1,SNRNP70,-0,Not sig,NA
0.29613050726283885,0.2382540431792497,0.112,0.121,1,CWC27,-0,Not sig,NA
0.29882963929969636,0.2526546371221855,0.164,0.163,1,AC087564.1,-0,Not sig,NA
0.3015065567849035,0.13906247595063226,0.134,0.144,1,MEIS1,-0,Not sig,NA
0.30519048486231337,0.18539227252002832,0.132,0.143,1,MTX2,-0,Not sig,NA
0.305605093149434,0.12498375609175505,0.278,0.305,1,SRCIN1,-0,Not sig,NA
0.3090878846069845,0.30625161726321093,0.158,0.157,1,FARS2,-0,Not sig,NA
0.3107503025240149,0.20886887403059162,0.132,0.144,1,TMEM123,-0,Not sig,NA
0.311829964469065,0.15377753403965633,0.173,0.17,1,DPP10,-0,Not sig,NA
0.3153740581141853,0.10438103466145349,0.117,0.125,1,PPP6R2,-0,Not sig,NA
0.31630398655171443,0.15567025950792313,0.229,0.248,1,SUPT3H,-0,Not sig,NA
0.31690017427342637,0.1417916129892156,0.2,0.217,1,AMD1,-0,Not sig,NA
0.3172747126216402,0.12176329115262519,0.481,0.512,1,SLCO3A1,-0,Not sig,NA
0.3195727261176219,0.19812984581847765,0.124,0.135,1,MAN1A2,-0,Not sig,NA
0.32002797103746955,0.25770757292092905,0.208,0.211,1,KIAA1958,-0,Not sig,NA
0.3217727109914184,0.1954608043477748,0.336,0.349,1,GTDC1,-0,Not sig,NA
0.3262403044428438,0.11134114701340225,0.254,0.274,1,BIN1,-0,Not sig,NA
0.3271037056358041,0.13363736557712436,0.206,0.221,1,LINC01630,-0,Not sig,NA
0.3334695008101273,0.3015384492433315,0.167,0.167,1,RALGPS1,-0,Not sig,NA
0.33818049884888857,0.3353214385421671,0.114,0.112,1,FTCDNL1,-0,Not sig,NA
0.3396546149794305,0.3360573296019173,0.118,0.116,1,SPATA5,-0,Not sig,NA
0.3416745488536077,0.10316847133794083,0.276,0.3,1,HIBCH,-0,Not sig,NA
0.343236604862414,0.11310940981871864,0.392,0.43,1,EIF4G3,-0,Not sig,NA
0.34496408069883044,0.20705131955583544,0.15,0.162,1,ARID1A,-0,Not sig,NA
0.34725568465287665,0.285355462241466,0.194,0.197,1,CREBBP,-0,Not sig,NA
0.3492375974443537,0.2575392800624072,0.252,0.259,1,FOXO3,-0,Not sig,NA
0.3523771304721742,0.10259488777176684,0.134,0.144,1,SND1,-0,Not sig,NA
0.3544382517613203,0.19413862025697837,0.17,0.184,1,ASXL1,-0,Not sig,NA
0.35531380658616785,0.23680511821603495,0.116,0.126,1,DPF3,-0,Not sig,NA
0.3652205299515034,0.35302046206142623,0.131,0.13,1,AC090517.4,-0,Not sig,NA
0.3660091016790058,0.1874592003682647,0.209,0.226,1,VPS35L,-0,Not sig,NA
0.3700107995228055,0.22418591076759647,0.12,0.129,1,SRGAP2,-0,Not sig,NA
0.3719606136413389,0.29746990514044325,0.147,0.147,1,CDH2,-0,Not sig,NA
0.3770931045274892,0.12363372555791807,0.285,0.31,1,WDPCP,-0,Not sig,NA
0.3773057279306269,0.27558163614490183,0.161,0.161,1,PDE7A,-0,Not sig,NA
0.3808179976887838,0.16788015904231057,0.104,0.111,1,LRRTM4,-0,Not sig,NA
0.3851373833450345,0.1580823445189221,0.382,0.4,1,DPYSL2,-0,Not sig,NA
0.38525011025918515,0.18031934661603505,0.112,0.12,1,TLN2,-0,Not sig,NA
0.3870873357182776,0.1695942774369131,0.095,0.101,1,CLU,-0,Not sig,NA
0.388840794519224,0.27177953158037754,0.1,0.097,1,EDA,-0,Not sig,NA
0.3898153150160917,0.27316967959326666,0.103,0.111,1,LYPLAL1,-0,Not sig,NA
0.3934805165959851,0.23308277217397144,0.251,0.255,1,FIGN,-0,Not sig,NA
0.3936985165761888,0.12215883259788018,0.34,0.37,1,CNTN2,-0,Not sig,NA
0.39403164950546127,0.2974101060455055,0.119,0.117,1,C11orf49,-0,Not sig,NA
0.3943181646327445,0.16086171101719468,0.094,0.101,1,TAB2,-0,Not sig,NA
0.40040972693938165,0.18638088799875685,0.113,0.121,1,MAPK8IP3,-0,Not sig,NA
0.4006516768193865,0.16336702178972928,0.16,0.171,1,ABHD17B,-0,Not sig,NA
0.40208771350005856,0.12135638551795225,0.5,0.527,1,UBE2E2,-0,Not sig,NA
0.4167569778042865,0.21549108037527537,0.126,0.136,1,MAPKAP1,-0,Not sig,NA
0.41864546078975984,0.19925215796484638,0.109,0.117,1,CEP192,-0,Not sig,NA
0.42460437235449733,0.27337130081693495,0.133,0.132,1,ATL1,-0,Not sig,NA
0.4276722435293993,0.1313244218492231,0.288,0.313,1,MOG,-0,Not sig,NA
0.43013845683586316,0.1485703549128199,0.176,0.187,1,PLPPR1,-0,Not sig,NA
0.43454891608065266,0.31887109458019725,0.109,0.108,1,TAF3,-0,Not sig,NA
0.4355686487668162,0.22277815711688498,0.13,0.14,1,RNGTT,-0,Not sig,NA
0.4356031386625013,0.21025291016546932,0.243,0.249,1,HP1BP3,-0,Not sig,NA
0.4407198121141433,0.16402800460770806,0.311,0.322,1,LINC00320,-0,Not sig,NA
0.44330021680232606,0.1130817377514004,0.248,0.269,1,SERINC5,-0,Not sig,NA
0.4469960262382217,0.24926641213917317,0.129,0.138,1,MGA,-0,Not sig,NA
0.44882564204500947,0.21748211884305504,0.104,0.111,1,TBC1D19,-0,Not sig,NA
0.4504356155041674,0.23425569955998737,0.189,0.204,1,PARD3B,-0,Not sig,NA
0.45304643069178147,0.14989754022878277,0.465,0.501,1,TBC1D5,-0,Not sig,NA
0.465228005952886,0.19612442886592163,0.155,0.166,1,CDC42SE2,-0,Not sig,NA
0.46867954516860805,0.19153630888874718,0.287,0.298,1,MAPRE2,-0,Not sig,NA
0.47186056308658814,0.1378119066708492,0.271,0.295,1,DENND5A,-0,Not sig,NA
0.4747528764249768,0.15670745253409424,0.152,0.162,1,NRF1,-0,Not sig,NA
0.47483498943610314,0.20956324091746142,0.113,0.121,1,KMT5B,-0,Not sig,NA
0.4761911753904392,0.17920565891259588,0.222,0.24,1,RBM6,-0,Not sig,NA
0.4771488933788479,0.19277335096958548,0.19,0.204,1,EVI5,-0,Not sig,NA
0.48471340934339224,0.31122868607903514,0.1,0.099,1,SH3YL1,-0,Not sig,NA
0.4954816526431832,0.2539780232644913,0.126,0.125,1,SSBP3,-0,Not sig,NA
0.4965343596992705,0.1826545806549903,0.119,0.126,1,PTPRS,-0,Not sig,NA
0.5007764183366761,0.19911208086876042,0.105,0.112,1,ITSN1,-0,Not sig,NA
0.5074576843641156,0.23291128143345136,0.104,0.111,1,DHX15,-0,Not sig,NA
0.5117140626563326,0.19458496595352015,0.293,0.305,1,YPEL2,-0,Not sig,NA
0.513657305649269,0.14254447104590817,0.111,0.117,1,FAM222B,-0,Not sig,NA
0.5219393761771329,0.16414197262489602,0.109,0.115,1,SMG6,-0,Not sig,NA
0.5370254968164414,0.2217946007717725,0.164,0.166,1,TPD52,-0,Not sig,NA
0.5384400529511006,0.21620339928814802,0.104,0.111,1,ARFIP1,-0,Not sig,NA
0.5451044236663253,0.15488252248358203,0.121,0.127,1,STX8,-0,Not sig,NA
0.5589413208526668,0.2313819946868914,0.107,0.113,1,BMPR1A,-0,Not sig,NA
0.560560182608129,0.2201316615877511,0.139,0.147,1,BCKDHB,-0,Not sig,NA
0.5608264725048908,0.341663344564394,0.13,0.132,1,LRRC37A3,-0,Not sig,NA
0.5713706104811749,0.2713812008337897,0.146,0.148,1,TFEB,-0,Not sig,NA
0.5834876273826092,0.3172631585132414,0.11,0.118,1,C3orf58,-0,Not sig,NA
0.5837743821710586,0.28096424059251335,0.128,0.136,1,RHOBTB3,-0,Not sig,NA
0.5896151921756093,0.2784445550893422,0.129,0.13,1,MTMR3,-0,Not sig,NA
0.6010186234563017,0.33132671462680935,0.109,0.109,1,LINC00877,-0,Not sig,NA
0.6023086365130814,0.20209297527491632,0.207,0.212,1,KANSL1L,-0,Not sig,NA
0.6095494448695894,0.2157544047065416,0.269,0.28,1,PEAK1,-0,Not sig,NA
0.618769324455738,0.1650199781246453,0.373,0.397,1,MYO6,-0,Not sig,NA
0.6211814377384968,0.23751926471955298,0.192,0.198,1,P2RX7,-0,Not sig,NA
0.6281455276574861,0.30853838567586667,0.109,0.109,1,SMG7,-0,Not sig,NA
0.6282612479143557,0.3308221317368993,0.132,0.134,1,ZNF721,-0,Not sig,NA
0.6298263386425944,0.284257500646719,0.121,0.129,1,ZDHHC9,-0,Not sig,NA
0.6334534024363159,0.2203023725734523,0.196,0.2,1,LRRC4C,-0,Not sig,NA
0.6338241166525012,0.1771430532411955,0.13,0.137,1,MFAP3L,-0,Not sig,NA
0.6356638462915216,0.27348130553869665,0.143,0.153,1,PBRM1,-0,Not sig,NA
0.6372236081086551,0.5307706199050919,0.12,0.124,1,ADAMTS18,-0,Not sig,NA
0.6522882722139189,0.25232564729572793,0.103,0.109,1,TSGA10,-0,Not sig,NA
0.6593659274649637,0.24646376331897613,0.107,0.107,1,PLEKHM3,-0,Not sig,NA
0.6621798994642336,0.26496855136791864,0.12,0.12,1,NDUFAF6,-0,Not sig,NA
0.662962119596632,0.30008769090160786,0.101,0.101,1,AL139260.1,-0,Not sig,NA
0.667480189440042,0.16257214022892752,0.308,0.321,1,KIF13B,-0,Not sig,NA
0.6737169620310524,0.19973979039650733,0.099,0.104,1,FANCC,-0,Not sig,NA
0.6737867403161275,0.1771965685733775,0.166,0.174,1,EHBP1,-0,Not sig,NA
0.6794093454054889,0.15697703662914386,0.166,0.175,1,RAB40B,-0,Not sig,NA
0.6859476915081679,0.2119677828337282,0.129,0.136,1,PPP2R5A,-0,Not sig,NA
0.688325954101323,0.25847898580284945,0.152,0.154,1,ACBD6,-0,Not sig,NA
0.6900204210145069,0.19405528575536396,0.133,0.139,1,TFCP2,-0,Not sig,NA
0.692352734054881,0.25287466554952337,0.119,0.125,1,CLEC16A,-0,Not sig,NA
0.6938327435571332,0.19406831460814544,0.225,0.232,1,LDLRAD3,-0,Not sig,NA
0.7005422967522534,0.17485540178884434,0.11,0.11,1,PABPN1,-0,Not sig,NA
0.7016276171208036,0.1567646633247306,0.269,0.28,1,AC118549.1,-0,Not sig,NA
0.7066841175575155,0.23699819862832172,0.107,0.107,1,ESRRG,-0,Not sig,NA
0.7082228256713694,0.2220099053417922,0.166,0.176,1,FUS,-0,Not sig,NA
0.7120294209192182,0.19572423471777511,0.125,0.132,1,PLXNB1,-0,Not sig,NA
0.7143245859330656,0.23185956419427214,0.107,0.112,1,PTPRE,-0,Not sig,NA
0.7159993010761632,0.27135947335356125,0.1,0.105,1,HLCS,-0,Not sig,NA
0.7254585014839914,0.20850075529692247,0.29,0.315,1,CDKAL1,-0,Not sig,NA
0.7288410747231081,0.19009723922597277,0.277,0.298,1,LCOR,-0,Not sig,NA
0.7290503124037024,0.24436622060329816,0.192,0.199,1,ZDHHC14,-0,Not sig,NA
0.7377472013359123,0.23971570368252026,0.175,0.18,1,CARNS1,-0,Not sig,NA
0.7469208106955011,0.29449320816456404,0.106,0.107,1,ZBTB7A,-0,Not sig,NA
0.7524640216328391,0.23528628303345778,0.163,0.172,1,MAPK8,-0,Not sig,NA
0.7534568925192603,0.10841969846683264,0.271,0.287,1,ADAM10,-0,Not sig,NA
0.7535331071599116,0.24644812564684893,0.161,0.169,1,PKN2,-0,Not sig,NA
0.7562398493391445,0.3622878509731642,0.125,0.128,1,PRTFDC1,-0,Not sig,NA
0.7595024344192947,0.38608290625955055,0.099,0.1,1,POC1B,-0,Not sig,NA
0.7609724063478815,0.21137852200049395,0.134,0.14,1,ARMC8,-0,Not sig,NA
0.7611976873719268,0.16580132754499943,0.309,0.335,1,USP47,-0,Not sig,NA
0.7722850511909467,0.1007824152388812,0.436,0.462,1,FOXP1,-0,Not sig,NA
0.7818561000350132,0.25675455818170734,0.167,0.173,1,ZHX3,-0,Not sig,NA
0.7891880202189305,0.33003009285515855,0.103,0.108,1,RAB28,-0,Not sig,NA
0.7893985768674743,0.23793288854461792,0.131,0.137,1,RNF38,-0,Not sig,NA
0.7966509699645281,0.22455866049990036,0.12,0.125,1,SLC27A1,-0,Not sig,NA
0.7981158314612764,0.29418032425299534,0.125,0.131,1,PHTF2,-0,Not sig,NA
0.799810937654958,0.29075135431357413,0.116,0.119,1,MBTD1,-0,Not sig,NA
0.801955776260477,0.26500234057250704,0.153,0.162,1,SNX30,-0,Not sig,NA
0.8133538597546118,0.149005580473335,0.336,0.361,1,KANK1,-0,Not sig,NA
0.8143554161293234,0.17754825752140158,0.15,0.156,1,SH3KBP1,-0,Not sig,NA
0.8155162833078582,0.29898992851088146,0.107,0.109,1,WASHC5,-0,Not sig,NA
0.8184934185012047,0.15358150042977892,0.335,0.36,1,FAM172A,-0,Not sig,NA
0.8270016867313027,0.24938776443365152,0.205,0.213,1,ZNF365,-0,Not sig,NA
0.8273786117366838,0.3618520863871932,0.118,0.121,1,AC105383.1,-0,Not sig,NA
0.832494656988871,0.10509532973187397,0.264,0.28,1,RAB30,-0,Not sig,NA
0.8342301129044118,0.10898578586169361,0.424,0.462,1,HIPK2,-0,Not sig,NA
0.8351507794876294,0.1988027009371811,0.184,0.194,1,MEGF9,-0,Not sig,NA
0.8357645628801319,0.20320301349002734,0.203,0.21,1,RGL1,-0,Not sig,NA
0.8369592829128637,0.1874569587016489,0.129,0.13,1,MAML3,-0,Not sig,NA
0.8396169398452578,0.2388421227038423,0.124,0.129,1,SSFA2,-0,Not sig,NA
0.841582818180983,0.20125389755416,0.105,0.108,1,PLEKHA5,-0,Not sig,NA
0.856262463675316,0.16258881681335513,0.342,0.368,1,FCHSD2,-0,Not sig,NA
0.8638115238207907,0.16631458420776776,0.103,0.106,1,SORL1,-0,Not sig,NA
0.8684752915340961,0.23442403231969916,0.101,0.105,1,SUGT1,-0,Not sig,NA
0.8686889191614932,0.21765681095247053,0.117,0.122,1,SIPA1L3,-0,Not sig,NA
0.8739767052329322,0.257695373030284,0.16,0.168,1,KIF2A,-0,Not sig,NA
0.8745894130120957,0.14450801037554628,0.326,0.348,1,ACYP2,-0,Not sig,NA
0.8758343606290969,0.19756308440454207,0.141,0.146,1,NUBPL,-0,Not sig,NA
0.877495349603197,0.25591815425657904,0.147,0.152,1,BICRAL,-0,Not sig,NA
0.8855671316421865,0.16518999899309517,0.353,0.378,1,NUTM2A-AS1,-0,Not sig,NA
0.8857954622900359,0.11664341543112045,0.342,0.363,1,CPEB2,-0,Not sig,NA
0.8860918380636177,0.10046016327768381,0.439,0.476,1,PTBP2,-0,Not sig,NA
0.900000556497883,0.14520352556562616,0.105,0.107,1,DGKI,-0,Not sig,NA
0.9014976961324005,0.21691126382615922,0.221,0.232,1,TMCC1,-0,Not sig,NA
0.9028638919184245,0.29009570674976304,0.101,0.104,1,PIGU,-0,Not sig,NA
0.9031687903415809,0.26308463595693943,0.152,0.158,1,RHOBTB1,-0,Not sig,NA
0.904225497259191,0.31040914729073754,0.127,0.133,1,FBXW11,-0,Not sig,NA
0.904619935860983,0.29237744801535237,0.141,0.146,1,CSRP1,-0,Not sig,NA
0.9094555202068481,0.10088515098645523,0.385,0.413,1,LPGAT1,-0,Not sig,NA
0.9140435536749426,0.18216526896916097,0.098,0.101,1,EML2,-0,Not sig,NA
0.9180121998612705,0.24593580789679903,0.142,0.146,1,SEPT8,-0,Not sig,NA
0.9342596404390189,0.12536006438234848,0.402,0.425,1,LINC00609,-0,Not sig,NA
0.9462383724700522,0.12396079580302555,0.356,0.38,1,EXOC4,-0,Not sig,NA
0.950864768194084,0.2736314551963499,0.15,0.157,1,CELF1,-0,Not sig,NA
0.9551161231840521,0.2700179530628416,0.121,0.124,1,APBA1,-0,Not sig,NA
0.9726439567862297,0.18781271641013952,0.273,0.291,1,MICAL3,-0,Not sig,NA
0.9727392710818448,0.12736540002631225,0.379,0.408,1,TULP4,-0,Not sig,NA
0.9869915721039384,0.2458223120362792,0.106,0.109,1,GALK2,-0,Not sig,NA
0.998850491852231,0.31505491244056905,0.149,0.155,1,HDAC9,-0,Not sig,NA
