p_val,avg_log2FC,pct.1,pct.2,p_val_adj,gene,neg_log10_pval,Significance,label
1.0108192883172952e-31,-2.872545500123389,0.051,0.216,2.5456472956982763e-27,ADAMTS9,26.59420176884537,Sig Down,ADAMTS9
5.573404215293947e-25,-1.9095035686140642,0.092,0.259,1.4036061175796275e-20,NAMPT,19.852754747591653,Sig Down,NAMPT
2.6945831481911422e-24,0.5444515805766121,0.92,0.838,6.786038200404572e-20,PLXDC2,19.16838369992547,Sig Up,PLXDC2
1.818384193817766e-21,-1.3365586734296226,0.146,0.322,4.5794187537106617e-17,SRGN,16.339189641663264,Sig Down,SRGN
2.0133150869165594e-21,0.8632488858656515,0.561,0.351,5.0703327148906634e-17,KCNMA1,16.294963541356992,Sig Up,KCNMA1
1.1258550887608951e-20,0.9468096517447413,0.58,0.383,2.835353455535438e-16,HDAC9,15.547392794188944,Sig Up,HDAC9
4.8226344223695566e-20,-1.595948638601923,0.104,0.256,1.2145322529295492e-15,FLT1,14.91559094764902,Sig Down,FLT1
1.0265737227035028e-19,0.7120875006783005,0.688,0.477,2.5853232632565012e-15,DOCK8,14.58748514592748,Sig Up,NA
8.557151711168401e-19,-1.7179937449891094,0.059,0.183,2.15503308694065e-14,YBX3,13.666546057584254,Sig Down,NA
1.140522085830061e-18,-0.40985473318301047,0.994,1,2.8722908209544254e-14,MALAT1,13.541771589659039,Sig Down,NA
3.360531033882655e-17,-1.1868161294768433,0.24,0.401,8.463161355730078e-13,ACSL1,12.072467378936484,Sig Down,NA
2.0893995427094812e-16,-2.159437164760316,0.044,0.146,5.2619438083595574e-12,SLC2A3,11.27885379400206,Sig Down,SLC2A3
2.2361793129751605e-16,0.6364931591540515,0.689,0.527,5.631593981796644e-12,EPB41L2,11.249368663848465,Sig Up,NA
3.3127100165360833e-16,1.2466218580893158,0.33,0.163,8.342728905644473e-12,NCAM2,11.078691868449683,Sig Up,NA
3.9859323315240985e-16,0.9440731686798052,0.377,0.203,1.003817198371029e-11,GLDN,10.998345367835421,Sig Up,NA
1.6437543950481347e-15,0.7708406876402845,0.57,0.4,4.1396310684892225e-11,APBB1IP,10.383038362274968,Sig Up,NA
6.199571293056604e-15,0.6787767082621072,0.684,0.552,1.561300034443375e-10,SFMBT2,9.806513630709416,Sig Up,NA
6.7482852935767765e-15,-0.44279732289718954,0.887,0.93,1.6994881683343754e-10,NEAT1,9.769681854584881,Sig Down,NA
2.5202129830414243e-14,-2.1748074307027485,0.037,0.125,6.346904376491523e-10,FOSL2,9.19743804478907,Sig Down,FOSL2
3.2935844129046764e-14,0.596056787137182,0.492,0.314,8.294562985459137e-10,PCDH9,9.08120649065268,Sig Up,NA
5.510090717395525e-14,-1.4233335039513884,0.098,0.215,1.387661246268889e-9,EPAS1,8.857716540244205,Sig Down,NA
8.55245118655222e-14,-1.8312014693428547,0.049,0.143,2.153849306821311e-9,IFITM3,8.666784685209501,Sig Down,NA
1.0497495569715717e-13,0.7216338126973936,0.402,0.235,2.6436892842772063e-9,IL1RAPL1,8.5777895892974,Sig Up,NA
1.3458880141806108e-13,-1.0569046332099326,0.17,0.308,3.3894843749124503e-9,RNF144B,8.469866363791695,Sig Down,NA
1.6247432204063884e-13,0.7528714528581677,0.485,0.327,4.0917533262714484e-9,SHTN1,8.388090555866095,Sig Up,NA
1.8452347574929454e-13,1.1643369843751672,0.259,0.119,4.647039213270234e-9,PLP1,8.33282366278366,Sig Up,NA
1.3988499231042478e-12,0.5728230522795634,0.616,0.45,3.522863646345738e-8,SORL1,7.453104166011388,Sig Up,NA
2.3817857272665925e-12,-1.1673783264778346,0.087,0.193,5.998289175548187e-8,SLC7A5,7.221972600877664,Sig Down,NA
3.068000786408623e-12,0.8483324934448226,0.28,0.138,7.726453180491477e-8,SLC24A2,7.112019822723068,Sig Up,NA
4.657358061033438e-12,-1.3459412122883614,0.07,0.166,1.172909054090661e-7,VWF,6.930735661232999,Sig Down,NA
5.606166804297995e-12,1.4604729952606632,0.202,0.085,1.4118570479944072e-7,SOCS6,6.85020927382961,Sig Up,SOCS6
1.4402671139562164e-11,1.010796638762609,0.27,0.139,3.6271686997873353e-7,RTTN,6.440432244892981,Sig Up,NA
1.552479867941684e-11,0.6713256037659874,0.456,0.305,3.909765299424337e-7,LHFPL2,6.407849312226696,Sig Up,NA
1.5717381039713925e-11,-2.1167603273237616,0.035,0.109,3.958265241041555e-7,HIF1A-AS2,6.402495107334994,Sig Down,NA
1.640896186850199e-11,1.2476391056149279,0.254,0.132,4.132432956963541e-7,TTLL7,6.383794183529527,Sig Up,NA
1.678810023909953e-11,-0.923278711872586,0.161,0.284,4.227915164214826e-7,SEC14L1,6.373873735669959,Sig Down,NA
1.790686219347267e-11,0.44259631957300094,0.783,0.655,4.5096641748041575e-7,FRMD4A,6.345855797913561,Sig Up,NA
1.8036359961378532e-11,0.7879108347710366,0.363,0.219,4.5422768926735694e-7,CDK19,6.342726395150435,Sig Up,NA
2.6505255512932877e-11,-1.5276349241371303,0.087,0.185,6.675083548377016e-7,MAP3K8,6.175543294102408,Sig Down,NA
2.970665095556354e-11,-1.0534289404408104,0.188,0.314,7.481322976649122e-7,HIF1A,6.126021595898444,Sig Down,NA
3.267997381736392e-11,-1.7975790709298152,0.072,0.163,8.230124606164929e-7,AFF3,6.084593589409823,Sig Down,NA
3.3134027941610146e-11,-0.594004897562153,0.56,0.658,8.3444735968151e-7,FP671120.1,6.078601055175178,Sig Down,NA
3.8441708650519e-11,1.0106056921193738,0.273,0.142,9.681159906546704e-7,TIAM1,6.014072606448345,Sig Up,NA
4.74200466002254e-11,-1.3800714771730365,0.081,0.178,1.1942264535800764e-6,CEMIP2,5.922913312892466,Sig Down,NA
1.104837389692053e-10,0.93043420010342,0.362,0.232,2.7824224822004663e-6,SLC44A1,5.55557692619237,Sig Up,NA
1.1961535542459148e-10,0.9391668677325093,0.229,0.109,3.012393111012912e-6,KIRREL3,5.521088354249721,Sig Up,NA
1.3589798020451753e-10,0.8225647399371203,0.272,0.143,3.4224547334705694e-6,NKAIN2,5.465662287279861,Sig Up,NA
1.9752190438044936e-10,0.5992155824693319,0.309,0.175,4.974391639917237e-6,ST18,5.303260025186068,Sig Up,NA
2.345300582644671e-10,0.7455366085371868,0.385,0.248,5.90640498733234e-6,C3,5.2286767778698255,Sig Up,NA
2.3715476729239477e-10,-1.4484097346258227,0.068,0.153,5.97250565949167e-6,PLEKHG1,5.223843430044416,Sig Down,NA
2.861293826994639e-10,0.3519008949987734,0.875,0.818,7.205882373903299e-6,DOCK4,5.142312831414348,Sig Up,NA
3.2208971243417135e-10,1.062675917487726,0.231,0.116,8.111507317942171e-6,SCIN,5.090898435673093,Sig Up,NA
3.241627004800476e-10,0.657122718314866,0.421,0.272,8.163713448889518e-6,SYNDIG1,5.088112247678423,Sig Up,NA
3.804195803044928e-10,0.7361049652848521,0.37,0.234,9.580486710388346e-6,CTNNA3,5.018612427219297,Sig Up,NA
5.11467292289495e-10,1.0568309978358705,0.253,0.136,1.2880792289018643e-5,LRRK1,4.890057422988134,Sig Up,NA
5.454138710327865e-10,0.7707815136477483,0.267,0.145,1.3735702928089696e-5,PTPRD,4.86214911054418,Sig Up,NA
1.0341176463301144e-9,-0.8833974859377145,0.228,0.345,2.60432188051776e-5,IRAK3,4.5843053402675835,Sig Down,NA
1.0867235404020164e-9,1.175887175804006,0.206,0.099,2.736804564148438e-5,NLGN1,4.562756214552741,Sig Up,NA
1.1895150227693554e-9,-1.2050636809981046,0.093,0.183,2.9956746333423447e-5,CLDN5,4.523505358067849,Sig Down,NA
1.2729239698542368e-9,-1.3202961995559885,0.104,0.195,3.20573172568091e-5,ELOVL7,4.494072824755237,Sig Down,NA
1.2978507255832182e-9,-1.0376146123140162,0.191,0.298,3.2685072673087765e-5,PITPNC1,4.48565054507206,Sig Down,NA
1.536480118837215e-9,1.1659085274898142,0.183,0.082,3.869471531279642e-5,MOBP,4.412348344211322,Sig Up,NA
1.683317883293158e-9,1.2237672329263294,0.19,0.09,4.239267757285489e-5,AC007262.2,4.372709152000042,Sig Up,NA
2.1409815695606363e-9,1.204029605513348,0.167,0.072,5.391847984781507e-5,C10orf90,4.26826236059388,Sig Up,NA
2.207538767706842e-9,-0.6535917203171242,0.279,0.397,5.559465632592911e-5,MT-CO3,4.254966950139003,Sig Down,NA
2.8992609224168333e-9,1.3444539680432475,0.159,0.067,7.301498707014552e-5,AC087564.1,4.1365879873614695,Sig Up,AC087564.1
2.920509272765749e-9,1.1608014519145569,0.184,0.085,7.355010552533263e-5,KCNK13,4.133416699836019,Sig Up,NA
4.176496365406153e-9,-1.4397878067598242,0.057,0.13,1.0518088446638855e-4,PDE10A,3.978063181523541,Sig Down,NA
4.5842108084216334e-9,-1.0083916063898397,0.114,0.208,1.1544876499929042e-4,PLSCR1,3.9376107085403267,Sig Down,NA
5.4393123077081274e-9,-1.3220899031411673,0.051,0.122,1.369836411573215e-4,SVIL,3.8633312940064277,Sig Down,NA
5.87688185546073e-9,-1.025013595566663,0.134,0.231,1.4800339264792303e-4,ESYT2,3.8297283292578497,Sig Down,NA
5.993795033064357e-9,-2.277662263830467,0.065,0.139,1.5094773411269277e-4,F13A1,3.8211734018176973,Sig Down,F13A1
7.2133046181294185e-9,-0.7600704794126605,0.24,0.354,1.8165986350297128e-4,MT-ND4,3.7407410164711457,Sig Down,NA
7.817676287508865e-9,0.6021153465876847,0.353,0.221,1.9688035962462327e-4,DSCAM,3.705797606015703,Sig Up,NA
7.865182071682676e-9,0.422620223456061,0.54,0.395,1.9807674529325652e-4,KCNQ3,3.7031665087302095,Sig Up,NA
8.12091349977191e-9,1.0702928794759923,0.211,0.109,2.0451708557825575e-4,GPM6B,3.6892704047109017,Sig Up,NA
8.684144530232103e-9,0.9590183525904276,0.233,0.128,2.1870149584936528e-4,TMEM144,3.660148246514702,Sig Up,NA
1.1735470075871987e-8,-1.5402983382075517,0.049,0.117,2.9554607839076013e-4,TFRC,3.5293747989425763,Sig Down,NA
1.2928642390251372e-8,1.0558824945783989,0.175,0.082,3.2559492995609055e-4,RGS12,3.487322366403341,Sig Up,NA
1.989418369046078e-8,0.4073602805254568,0.631,0.501,5.010151220605643e-4,HS3ST4,3.3001491656929436,Sig Up,NA
1.994136021594063e-8,-1.5101460295085705,0.046,0.112,5.022032156782488e-4,THSD7A,3.2991205107651753,Sig Down,NA
2.2453487957782686e-8,-1.4458386534182428,0.046,0.112,5.654686407287992e-4,MCC,3.2475914747987766,Sig Down,NA
2.6357306001346227e-8,-1.3415128224763195,0.092,0.173,6.637823943379034e-4,CALD1,3.177974270672966,Sig Down,NA
2.7041560291465275e-8,-1.2203144445065393,0.082,0.162,6.810146543802615e-4,ADAMTS9-AS2,3.1668435426422694,Sig Down,NA
3.286229416220997e-8,0.9195611813441081,0.212,0.113,8.276040161810958e-4,CACNA1A,3.0821774104651527,Sig Up,NA
3.73339368252048e-8,-0.6412602805212646,0.231,0.338,9.402178650059576e-4,PRKCH,3.0267715010739575,Sig Down,NA
4.2547123696292204e-8,0.9099643707632452,0.217,0.117,0.0010715067631674228,PEX5L,2.970005083421012,Sig Up,NA
4.272580381201387e-8,-0.8807441884125679,0.095,0.179,0.0010760066432017573,TPT1,2.9681850473527533,Sig Down,NA
4.94559759951695e-8,-1.1006335855893354,0.068,0.14,0.0012454992994623488,SORBS2,2.9046565123986285,Sig Down,NA
5.468695828392663e-8,-1.0805034132944344,0.054,0.122,0.001377236357422408,MRC1,2.8609915209517456,Sig Down,NA
5.608860587657925e-8,-1.468094557246115,0.058,0.126,0.0014125354503957718,LDB2,2.850000643885113,Sig Down,NA
5.7875567378653307e-8,0.46597458440150596,0.603,0.484,0.001457538288864005,ST6GAL1,2.836380027701751,Sig Up,NA
5.9450487900588444e-8,0.550151198325187,0.441,0.314,0.0014972010872884194,PRKN,2.82471986616676,Sig Up,NA
6.067865543389206e-8,1.0226273941713804,0.185,0.093,0.0015281312584471377,CIRBP,2.815839340543694,Sig Up,NA
6.334346682392013e-8,0.9211723351840572,0.192,0.099,0.0015952418684936046,AC026316.5,2.7971734604509764,Sig Up,NA
6.387887529814294e-8,0.40379979555578815,0.586,0.45,0.0016087255955084317,DOCK10,2.7935180283184278,Sig Up,NA
6.56920036978034e-8,0.5688133559952733,0.332,0.209,0.0016543874211254808,IPCEF1,2.7813627806633763,Sig Up,NA
7.080459013628359e-8,-1.3798441847769152,0.047,0.11,0.001783142797992166,LEF1,2.748813876175877,Sig Down,NA
7.319045456788768e-8,-0.9874772684879151,0.089,0.169,0.0018432284078376835,ARHGAP29,2.734420844858403,Sig Down,NA
8.303378809973371e-8,0.642419236335634,0.232,0.129,0.0020911229195036936,P2RY12,2.679620437917304,Sig Up,NA
8.888168086885914e-8,0.6959036523726947,0.269,0.158,0.0022383962510013487,CADM1,2.650063030233766,Sig Up,NA
9.206116089022151e-8,0.8110270715484023,0.149,0.066,0.0023184682758593386,CERCAM,2.634798842279927,Sig Up,NA
9.612484327095885e-8,-0.5591506918382034,0.449,0.543,0.0024208080529358276,ETV6,2.616039644616751,Sig Down,NA
9.88403603637535e-8,0.6622127413476369,0.242,0.138,0.002489195635400768,MAP7,2.6039409691864517,Sig Up,NA
1.0043097674061014e-7,-1.214061831042468,0.101,0.182,0.0025292537182355257,CRIM1,2.597007602880676,Sig Down,NA
1.0118588954694437e-7,1.2139114063750396,0.131,0.054,0.002548265442350247,SLCO1A2,2.5937553353070024,Sig Up,NA
1.0133162027667042e-7,0.7054886601703396,0.223,0.125,0.0025519355250476676,NCAM1,2.5931303023136265,Sig Up,NA
1.1137074267444152e-7,0.6321096069039798,0.376,0.262,0.0028047607835131353,MAGI2,2.55210417356307,Sig Up,NA
1.127051178413807e-7,1.0456944278572209,0.128,0.052,0.0028383656877173317,CNTNAP4,2.54693165189244,Sig Up,NA
1.2012076052002883e-7,-0.7441976952434428,0.209,0.311,0.0030251212329364062,RBMS1,2.519257216138689,Sig Down,NA
1.2211852169585778e-7,0.9426102608065389,0.187,0.096,0.003075432850388482,CDH20,2.512093751008666,Sig Up,NA
1.3200588498540195e-7,-0.8019922576532195,0.106,0.191,0.0033244362074723627,ATP10A,2.47828199629916,Sig Down,NA
1.356425435356198e-7,0.6518524291902228,0.48,0.378,0.003416021816401049,OXR1,2.4664793643553,Sig Up,NA
1.3734906839171378e-7,-1.2396103960496963,0.054,0.119,0.0034589989383769196,EPB41L4A,2.4610495712776643,Sig Down,NA
2.090001941885155e-7,0.772240666241192,0.207,0.112,0.005263460890443574,TAPT1-AS1,2.2787285996934132,Sig Up,NA
2.133680353565723e-7,-1.2496136731693834,0.067,0.135,0.005373460602419917,GALNT18,2.2697459309712866,Sig Down,NA
2.162531448918359e-7,1.043287126978438,0.142,0.063,0.005446119200955995,AK5,2.2639128573495455,Sig Up,NA
2.1766072271875958e-7,0.9351670944909868,0.172,0.086,0.005481567640949241,ABHD12,2.2610952224548537,Sig Up,NA
2.2009478970884626e-7,-1.0489564643908347,0.146,0.231,0.005542867184027584,SLC11A1,2.256265527673999,Sig Down,NA
2.3266167017342734e-7,1.1925746634911711,0.142,0.064,0.005859351501647594,TMEFF2,2.232150447947944,Sig Up,NA
2.4463426308151484e-7,-1.114320202220105,0.07,0.139,0.00616086928144487,RGS1,2.210358005773939,Sig Down,NA
2.5764178032275054e-7,-1.092449305604042,0.131,0.212,0.0064884505956481495,LHFPL6,2.1878589978214937,Sig Down,NA
2.645034201558157e-7,0.8795913262501842,0.178,0.092,0.006661254133204063,CTNND2,2.1764439972780107,Sig Up,NA
2.66870456979685e-7,-0.9599978129400789,0.095,0.172,0.006720865588576387,CADPS2,2.172574790021523,Sig Down,NA
2.8808188928946085e-7,-1.3725858070641177,0.096,0.169,0.007255054299865782,HSPA1B,2.1393593327722376,Sig Down,NA
2.99829578523409e-7,0.6173461548232289,0.322,0.209,0.007550908105533532,CADM2,2.1220008150587595,Sig Up,NA
3.0133567693443823e-7,0.2993597679653206,0.769,0.665,0.007588837687916892,MEF2A,2.119824735880363,Sig Up,NA
3.045557051818796e-7,0.8205279633878229,0.296,0.196,0.0076699308793004555,FMNL3,2.1152085498546254,Sig Up,NA
3.2393737447831175e-7,0.575826954601802,0.218,0.122,0.008158038838861804,ERBB4,2.08841423142108,Sig Up,NA
3.4133367979551667e-7,0.6739180772437923,0.259,0.159,0.008596147391970291,FRMD5,2.0656961465809442,Sig Up,NA
4.114482471729118e-7,0.8570635436229334,0.191,0.105,0.010361912656802611,GAS7,1.9845600728121218,Sig Up,NA
4.1598869571781763e-7,-1.3717216938589079,0.066,0.132,0.01047625931295752,THSD4,1.9797937602665898,Sig Down,NA
4.381765658137717e-7,-1.003768874989782,0.179,0.265,0.011035038633454028,CHSY1,1.9572261420431933,Sig Down,NA
4.4020109619083185e-7,1.6119471971629,0.104,0.04,0.01108602440646991,MTX2,1.9552241696202004,Sig Up,MTX2
5.11893453139227e-7,0.7016001000577341,0.204,0.115,0.012891524723858292,PRUNE2,1.8896957141440784,Sig Up,NA
5.66189549818188e-7,1.070503500666372,0.13,0.057,0.014258917622621246,ARMH4,1.845913440007556,Sig Up,NA
5.671312633590791e-7,-0.7910233760201162,0.091,0.166,0.01428263373643505,CPNE8,1.8451917007017669,Sig Down,NA
5.769297680626183e-7,0.43869290523738425,0.481,0.36,0.01452939927888898,RAD51B,1.8377523413287422,Sig Up,NA
5.817336635741852e-7,0.8926329417640759,0.159,0.079,0.01465038058345228,ABCA2,1.8341510931838414,Sig Up,NA
5.8903779195577e-7,1.4229879198382394,0.108,0.043,0.014834327752614113,PPP1R9A,1.8287321298287902,Sig Up,PPP1R9A
5.949217714041951e-7,0.9089435358866934,0.2,0.112,0.01498250989104325,LRP1B,1.824415426922044,Sig Up,NA
6.385630776533028e-7,-0.8142532314621356,0.233,0.317,0.016081572547620777,RNF149,1.7936714857267566,Sig Down,NA
6.575181988375898e-7,-0.8131772066521874,0.3,0.39,0.016558938319525863,PDE3B,1.7809675115579224,Sig Down,NA
6.989987844372203e-7,0.9775525907482918,0.113,0.046,0.017603585387266956,UGT8,1.7543988688152146,Sig Up,NA
7.327207364071572e-7,1.2512077770940224,0.12,0.052,0.018452839025677847,LINC01608,1.7339368068310639,Sig Up,NA
7.574422131229338e-7,0.9761584448080773,0.137,0.063,0.019075424695287963,KIAA0930,1.7195257841323575,Sig Up,NA
7.867536742759236e-7,0.3708423205015796,0.411,0.294,0.019813604532964862,DLG2,1.7030365095005857,Sig Up,NA
8.000457052950963e-7,0.7555217081599663,0.313,0.219,0.020148351042151704,PHLPP1,1.6957604910910147,Sig Up,NA
8.293528575903493e-7,-1.080360636839269,0.109,0.183,0.020886422365555355,FAM110B,1.6801359439335546,Sig Down,NA
8.474054239551725e-7,-0.9037350807344096,0.051,0.112,0.021341058196887065,MAP3K20,1.6707840498752433,Sig Down,NA
8.532430311619259e-7,0.7496409683980396,0.195,0.107,0.021488072496781942,TRIM2,1.667802539443638,Sig Up,NA
9.74457511049694e-7,0.5916327760993492,0.213,0.122,0.024540737958275494,SPOCK1,1.6101123818539955,Sig Up,NA
9.993004251021501e-7,0.6587180609319205,0.242,0.15,0.02516638190577255,UNC5C,1.5991792171613872,Sig Up,NA
1.042165340992981e-6,-0.5547828756195088,0.164,0.254,0.026245891947567233,P4HA1,1.5809386634626414,Sig Down,NA
1.1317511983022623e-6,1.1265422408640455,0.128,0.059,0.028502022178044175,GCNT2,1.5451243263209278,Sig Up,NA
1.1384295541517434e-6,0.6146875335130115,0.388,0.289,0.028670209891757507,GAB1,1.5425691276151334,Sig Up,NA
1.3092453023768643e-6,0.43199520245836576,0.381,0.269,0.03297203369505895,PLCL1,1.4818542650102258,Sig Up,NA
1.428997065278163e-6,0.6033403621612837,0.244,0.149,0.03598786209196526,GSN,1.4438439524368532,Sig Up,NA
1.447246003878834e-6,0.6350389804668204,0.33,0.228,0.03644744336168455,CYFIP1,1.4383329302501051,Sig Up,NA
1.4836308541769496e-6,-1.1956111413088761,0.056,0.115,0.0373637594315923,ADGRL2,1.4275494328098748,Sig Down,NA
1.743527068730072e-6,0.9984149745385897,0.112,0.047,0.04390898569889813,COL4A5,1.3574465950172097,Sig Up,NA
1.8127569207519063e-6,0.7554897103813228,0.204,0.117,0.04565247029221601,TRPM2,1.3405357174669963,Sig Up,NA
1.9066904669822203e-6,0.49987390150952127,0.399,0.294,0.048018092720480236,TANC2,1.318595094121164,Sig Up,NA
1.910377817765906e-6,-0.9759514612493869,0.095,0.166,0.04811095496261658,PDZD2,1.3177560226260432,Sig Down,NA
1.950863122789847e-6,0.4055554200054261,0.473,0.37,0.04913053688433951,MBP,1.3086484899943849,Sig Up,NA
1.9569573900337795e-6,0.9489362872547688,0.203,0.12,0.049284014910610706,NTM,1.307293919705269,Sig Up,NA
2.2133773230359437e-6,0.47229659320691364,0.241,0.145,0.05574169450333721,PADI2,1.2538198332139738,Not sig,NA
2.2153995480863953e-6,-0.7418971993381824,0.208,0.297,0.05579262221900778,PCNX1,1.2534232265358005,Not sig,NA
2.468537457669751e-6,0.5720394077244377,0.252,0.159,0.06216764733395501,EDIL3,1.206435567716521,Not sig,NA
2.574541416811242e-6,-1.142286528603389,0.05,0.105,0.06483725104097432,ERG,1.1881754065786732,Not sig,NA
2.8791418753541805e-6,-1.1574421568836177,0.07,0.132,0.07250830898891968,GRB10,1.1396122232045671,Not sig,NA
2.948625597945267e-6,0.8382806441444608,0.186,0.106,0.07425818705865361,ITPKB,1.1292556578574207,Not sig,NA
3.2166142710753402e-6,1.0683238899106628,0.142,0.072,0.08100721380276137,QDPR,1.0914763048838996,Not sig,NA
3.2193460659154406e-6,0.4499917104903439,0.303,0.196,0.08107601132401446,LINC02232,1.0911076253290621,Not sig,NA
3.42212999356682e-6,-1.3321412406880222,0.057,0.113,0.0861829217579868,ANO2,1.0645787866242835,Not sig,NA
3.495477268272222e-6,0.5904867924755819,0.323,0.229,0.08803009952416764,MTSS1,1.0553688071432403,Not sig,NA
3.5077562945033694e-6,0.7515343861754156,0.198,0.116,0.08833933452077286,PGM5,1.053845876699144,Not sig,NA
3.5890036844979708e-6,0.5431587082864604,0.243,0.152,0.0903854687903969,ANK3,1.043901385137604,Not sig,NA
3.5954875171071976e-6,-0.8455016966978759,0.101,0.169,0.09054875763082766,ATP1B3,1.0431175040222307,Not sig,NA
3.663441102186585e-6,-0.9700831611624203,0.14,0.218,0.09226010071746696,FYN,1.034986075621788,Not sig,NA
3.6848659043588833e-6,-1.3495499288363912,0.07,0.132,0.09279966293537412,MT2A,1.0324536012118806,Not sig,NA
4.0936710276486954e-6,0.6959291641417207,0.247,0.158,0.10309501116030474,LSAMP,0.9867623500217421,Not sig,NA
4.287046412082797e-6,-0.7344110037897602,0.275,0.354,0.10796497684189316,SIPA1L1,0.966717104060375,Not sig,NA
4.705279836139267e-6,-0.8187174300898545,0.242,0.325,0.1184977673933313,EPB41L3,0.9262898320833337,Not sig,NA
4.8042026940328195e-6,-0.47818979256864846,0.54,0.606,0.12098904064652252,ST6GALNAC3,0.91725396689263206,Not sig,NA
5.0669781393165645e-6,-0.7104697606795216,0.269,0.355,0.12760677746054835,SUSD6,0.894126258721826,Not sig,NA
5.090640651764747e-6,0.7093880119722513,0.289,0.198,0.1282026941740434,MYO1E,0.892102848041649,Not sig,NA
5.105294779920867e-6,-1.0132945377056544,0.05,0.103,0.1285717437375271,ADGRE2,0.8908544659937008,Not sig,NA
5.129468439187967e-6,1.0602891126709602,0.117,0.054,0.12918053317250977,AC066613.2,0.8888029273064081,Not sig,NA
5.457232664069081e-6,0.3823574352182475,0.421,0.311,0.13743494741191575,DST,0.8619028193994678,Not sig,NA
5.632798654602628e-6,-0.6662598035848238,0.097,0.166,0.14185640131751256,PAM,0.8481510617423187,Not sig,NA
5.718875762189103e-6,-0.48805883269534966,0.276,0.368,0.14402416719497038,ATF6,0.8415646273576382,Not sig,NA
5.769905554594322e-6,-1.3391107634678272,0.062,0.119,0.1453093014869034,TMTC1,0.8377065849095306,Not sig,NA
5.876947539353964e-6,-0.9253584319982857,0.076,0.138,0.14800504683109023,GCC2,0.8297234753244762,Not sig,NA
5.925741412039479e-6,-1.312910185485289,0.059,0.115,0.14923387172080224,LIMK2,0.8261325935395784,Not sig,NA
6.006210846502374e-6,-0.7672949415615924,0.358,0.434,0.1512604139583158,ELL2,0.8202747153932605,Not sig,NA
6.1419622791531985e-6,1.0917383240386997,0.148,0.079,0.15467917803819414,CEP128,0.8105681444243219,Not sig,NA
6.2462071035480376e-6,0.729082670834183,0.223,0.138,0.15730447969575378,LPAR1,0.8032589094209327,Not sig,NA
6.360117794300659e-6,-0.6123912799518765,0.269,0.354,0.1601732065316678,ELF2,0.7954101301284277,Not sig,NA
6.493406977257767e-6,1.083118336876551,0.12,0.057,0.1635299613152596,NALCN,0.7864026659895776,Not sig,NA
6.580417611155632e-6,-0.5430465800231514,0.094,0.162,0.16572123711934345,MECOM,0.7806218333263211,Not sig,NA
6.6463147411251985e-6,-0.7590765746156075,0.1,0.168,0.167380790440497,CREM,0.7762943855565926,Not sig,NA
6.832614898017387e-6,-0.5279969192083107,0.373,0.45,0.1720725735916699,FMN1,0.7642883457502759,Not sig,NA
6.906847703730297e-6,1.2128933027940505,0.106,0.047,0.1739420525707438,ADAMTSL2,0.7595954094201022,Not sig,NA
7.1708884362504365e-6,-0.32902571115500745,0.775,0.819,0.180591654378531,CELF2,0.7433023234638124,Not sig,NA
7.594861798857152e-6,-0.8540048430697315,0.1,0.168,0.19126899954241852,SDCBP,0.7183554137607773,Not sig,NA
7.730055467956461e-6,0.4648021161917195,0.401,0.301,0.19467371690501553,SNX29,0.7106926790584632,Not sig,NA
7.818410469428153e-6,-0.5530668539685486,0.283,0.378,0.19689884926207862,ASAP1,0.7057568220060654,Not sig,NA
8.321912491212736e-6,0.5488844764984777,0.21,0.128,0.20957904417870155,GAREM1,0.6786521446489177,Not sig,NA
8.459339891491222e-6,-0.9155839701823427,0.083,0.146,0.21304001582731494,EGFL7,0.6715388143042106,Not sig,NA
8.760500910968361e-6,-0.6746517353099166,0.193,0.272,0.22062445494182722,TBC1D14,0.656346350202036,Not sig,NA
9.481526488056778e-6,1.0336364185719098,0.142,0.076,0.2387827630752219,ZNF846,0.6219970266695556,Not sig,NA
9.838962453779016e-6,0.8639953736867201,0.155,0.085,0.24778443043597073,KLHL32,0.6059259860478391,Not sig,NA
9.989491610448412e-6,-0.8539366761625631,0.186,0.265,0.25157535671753284,AGFG1,0.599331902836299,Not sig,NA
1.0152242439579795e-5,-0.5541991603704153,0.231,0.315,0.25567407359837757,GOLGA4,0.5923133089859074,Not sig,NA
1.140864885320506e-5,-0.9196976127346865,0.106,0.172,0.28731541271911626,HIVEP2,0.5416410761336247,Not sig,NA
1.1574989531864666e-5,-0.8850325193987518,0.117,0.186,0.29150453637047974,FTH1,0.5353546823960899,Not sig,NA
1.1677122646265204e-5,0.7171385509512875,0.174,0.1,0.2940766567235429,CPEB2,0.531539447640182,Not sig,NA
1.2147585463392895e-5,0.3125863139498417,0.608,0.49,0.3059247923100867,MAML3,0.514385326130182,Not sig,NA
1.2292551367843167e-5,0.6160057864319652,0.241,0.158,0.3095756136477623,SPOCK3,0.5092332575348139,Not sig,NA
1.2659709106830146e-5,0.8488272403708872,0.126,0.063,0.31882211414641043,LANCL1,0.49645156268786966,Not sig,NA
1.3027293319351312e-5,-1.0428786153363874,0.057,0.11,0.32807935495454343,CEBPD,0.4840210975975461,Not sig,NA
1.3202435262147942e-5,0.2493367753886866,0.521,0.413,0.33249012964193375,GAB2,0.4782212427087531,Not sig,NA
1.4052190445835243e-5,-1.003882895465024,0.091,0.153,0.35389036418791475,SYNE2,0.4511312622762711,Not sig,NA
1.4469540433844342e-5,-0.6234565061377181,0.082,0.145,0.3644009062859359,PDZRN3,0.4384205515824325,Not sig,NA
1.4834724611565118e-5,-0.9835247352502843,0.087,0.149,0.3735977046176559,TMSB10,0.4275958007367737,Not sig,NA
1.4978443212750991e-5,-0.8698582967392308,0.164,0.234,0.37721711386992096,SYNE1,0.4234086120888253,Not sig,NA
1.5105109971189468e-5,-0.8061834544070797,0.131,0.199,0.3804070895144356,FAM49A,0.419751397864203,Not sig,NA
1.5589182186293574e-5,0.69191382500185306,0.163,0.092,0.3925979641796174,ENOX1,0.4060519567682354,Not sig,NA
1.6046702293655876e-5,-0.9823323192561779,0.082,0.142,0.4041201505634296,SYTL3,0.3934894938772741,Not sig,NA
1.6302349246011272e-5,0.7484913921113732,0.202,0.126,0.4105583634115479,VRK2,0.38662509650827964,Not sig,NA
1.6473848775297628e-5,0.7124715366090499,0.222,0.143,0.41487740755709546,RNF150,0.38208021434054934,Not sig,NA
1.8262200151284963e-5,-0.9879971242861068,0.058,0.11,0.4599152486099605,ARL17B,0.33732219104049194,Not sig,NA
2.005967592273282e-5,-0.7322937547936825,0.155,0.228,0.5051828784381033,GNA13,0.29655137689314837,Not sig,NA
2.032926917538557e-5,-0.402822585543138,0.554,0.61,0.5119723149129102,TCF4,0.29075352301955065,Not sig,NA
2.0717823417891802e-5,-1.017023912190505,0.093,0.153,0.5217576649561871,IL1RAP,0.2825311621499554,Not sig,NA
2.1913011281821884e-5,0.4705757154412008,0.187,0.112,0.5518572761214023,ZNF536,0.25817322699460377,Not sig,NA
2.2040435459238708e-5,-0.6981717543221462,0.227,0.304,0.5550663266054676,PTPRM,0.25565511857521,Not sig,NA
2.2285522870099093e-5,0.8160883001544342,0.113,0.054,0.5612386079605756,RASGRP3,0.25085246122260096,Not sig,NA
2.2326571195788235e-5,1.0391637199526733,0.12,0.06,0.5622723689947309,AMER2,0.25005325792392963,Not sig,NA
2.262297278539963e-5,-0.7292627816392732,0.191,0.266,0.5697369466275043,SAT1,0.24432561625304813,Not sig,NA
2.4929978131291435e-5,-0.660423426909304,0.128,0.199,0.6278365692584434,MT-ND2,0.20215339178250363,Not sig,NA
2.505669037764662e-5,0.4729107488373896,0.33,0.241,0.6310276904706524,NPAS3,0.19995158282441397,Not sig,NA
2.6256419594485734e-5,-0.6486683826652919,0.17,0.244,0.6612416710675287,UBE2H,0.17963978525119007,Not sig,NA
2.6486830571703127e-5,0.2431536178411733,0.642,0.539,0.6670443411177716,ZEB2,0.1758452958245201,Not sig,NA
2.6880712140330596e-5,-0.7210446978335275,0.162,0.234,0.6769638545420857,SIPA1L2,0.16943451919076405,Not sig,NA
2.809844012635437e-5,1.0275904740292519,0.137,0.074,0.7076311161421084,HDAC2-AS2,0.1501930784309121,Not sig,NA
2.8410503371387206e-5,-0.8624111733265809,0.091,0.152,0.7154901169050154,CD163,0.14539636079066157,Not sig,NA
2.9173096843916506e-5,0.9046850471811682,0.116,0.057,0.7346952709171933,PLEKHH1,0.13389275561115274,Not sig,NA
2.918308288807867e-5,0.42313622260323713,0.38,0.284,0.7349467594533732,CLASP2,0.1337441206615067,Not sig,NA
2.966407941210491e-5,-0.8482541320466667,0.104,0.168,0.7470601759144501,PLCB1,0.12664441422876788,Not sig,NA
3.2524556997543854e-5,-0.699593321774612,0.071,0.126,0.8190984434261445,RBPMS,0.08666389937817948,Not sig,NA
3.3185263017817095e-5,-0.32516089507811197,0.249,0.338,0.8357376638407057,MT-ND3,0.07793002522351818,Not sig,NA
3.371034409955854e-5,-1.1499860536831454,0.071,0.125,0.8489613058032822,GK,0.07111210370077585,Not sig,NA
3.900728978158341e-5,0.9695021264039907,0.134,0.073,0.9823595858593965,ARL5A,0.007729512651692158,Not sig,NA
4.0292815770511614e-5,0.25731009209369304,0.805,0.713,1,ARHGAP24,-0,Not sig,NA
4.042362201467837e-5,0.6858382056821293,0.142,0.079,1,TF,-0,Not sig,NA
4.200754131643631e-5,0.9069142616771342,0.116,0.059,1,SUN2,-0,Not sig,NA
4.302365106959474e-5,0.7192236958873889,0.153,0.087,1,SYT17,-0,Not sig,NA
4.360676221090695e-5,0.4970884331829666,0.285,0.201,1,RNF220,-0,Not sig,NA
4.419595030656978e-5,0.350713839628241,0.486,0.383,1,PTPRJ,-0,Not sig,NA
4.4756421448007965e-5,0.6487561215075999,0.264,0.183,1,MITF,-0,Not sig,NA
4.532008883938211e-5,-0.6119153137572348,0.123,0.192,1,MT-CYB,-0,Not sig,NA
4.821297209729616e-5,0.6478872977756323,0.195,0.123,1,CLIP2,-0,Not sig,NA
4.890559753784829e-5,-0.7266505286402947,0.079,0.136,1,HSP90AB1,-0,Not sig,NA
4.912599054344027e-5,-0.9018890429023083,0.084,0.14,1,RBMS2,-0,Not sig,NA
4.9942065425343695e-5,-0.9060279641227716,0.069,0.122,1,HLA-A,-0,Not sig,NA
5.0157241108372126e-5,-1.1353326247694444,0.062,0.112,1,PDE3A,-0,Not sig,NA
5.049998877283328e-5,0.2669334281145228,0.601,0.503,1,FMNL2,-0,Not sig,NA
5.272437242160765e-5,-0.7415077287874247,0.085,0.142,1,CACNA1C,-0,Not sig,NA
5.297776130757329e-5,-0.5853640517530068,0.19,0.264,1,TXNIP,-0,Not sig,NA
5.327515515045264e-5,0.471649217912415,0.286,0.198,1,LPCAT2,-0,Not sig,NA
5.4439116055593174e-5,0.36749424884161286,0.426,0.327,1,BNC2,-0,Not sig,NA
5.5503417633543844e-5,-0.9379194823679602,0.09,0.146,1,IL4R,-0,Not sig,NA
5.632261843167462e-5,-0.44993596914898126,0.134,0.203,1,COBLL1,-0,Not sig,NA
5.658357449970505e-5,0.5726828821179475,0.25,0.173,1,OSBPL1A,-0,Not sig,NA
5.8918684038440305e-5,-0.7658556721743995,0.061,0.112,1,RFTN1,-0,Not sig,NA
5.8991016871659057e-5,-0.5639441232470808,0.297,0.371,1,CAMK2D,-0,Not sig,NA
6.111602490267072e-5,0.4492668152783499,0.349,0.259,1,PALD1,-0,Not sig,NA
6.29950742363367e-5,0.30865897681085075,0.51,0.426,1,MAP4K4,-0,Not sig,NA
6.386928903624862e-5,0.6399785787845668,0.109,0.054,1,ANO4,-0,Not sig,NA
6.455135993387123e-5,-1.562140618262527,0.14,0.199,1,HSPB1,-0,Not sig,NA
6.529850494627868e-5,-0.7936824878679118,0.115,0.178,1,ETS2,-0,Not sig,NA
6.557740744530357e-5,0.6585700364214222,0.172,0.105,1,GRAMD1B,-0,Not sig,NA
6.593661469294963e-5,0.59653082430878,0.195,0.125,1,BICRAL,-0,Not sig,NA
6.741478633200072e-5,-0.6310320763042561,0.319,0.395,1,PELI1,-0,Not sig,NA
6.797109762167342e-5,-0.7288190457112375,0.073,0.126,1,RBMS3,-0,Not sig,NA
6.826887408010672e-5,-0.8256332874018739,0.126,0.189,1,MKL2,-0,Not sig,NA
6.834472266506833e-5,-0.5182913339390609,0.298,0.372,1,ZBTB16,-0,Not sig,NA
6.848424633052018e-5,0.33031142316268003,0.308,0.221,1,PPP2R2B,-0,Not sig,NA
7.145439423469904e-5,0.5953651197965999,0.248,0.17,1,KHDRBS3,-0,Not sig,NA
7.166964788346154e-5,-0.36439894081659796,0.414,0.489,1,UTRN,-0,Not sig,NA
7.190289433703485e-5,0.5251068049951224,0.186,0.115,1,GRM3,-0,Not sig,NA
7.224024976834492e-5,0.6321132144874311,0.232,0.156,1,ITPR1,-0,Not sig,NA
7.44783778553892e-5,0.3503554150013124,0.475,0.381,1,AC074327.1,-0,Not sig,NA
7.757723826596247e-5,-0.8338456847297631,0.103,0.16,1,STK24,-0,Not sig,NA
8.105226362544203e-5,-0.654538502517175,0.184,0.252,1,RASA2,-0,Not sig,NA
8.107738742235369e-5,-0.4457395101367385,0.079,0.135,1,TIMP3,-0,Not sig,NA
8.327592739419375e-5,-0.5546290674378287,0.205,0.278,1,GMDS,-0,Not sig,NA
1.0161366939147493e-4,0.5809720064547286,0.253,0.178,1,GNG7,-0,Not sig,NA
1.0639134188644277e-4,-0.738294761095452,0.109,0.169,1,ATP13A3,-0,Not sig,NA
1.079792806658382e-4,-0.8350470672127981,0.07,0.12,1,AP3S1,-0,Not sig,NA
1.1381682465050023e-4,0.6522365798562837,0.141,0.082,1,DNAJC6,-0,Not sig,NA
1.1585709315982642e-4,-0.5576676188629839,0.377,0.433,1,SRGAP1,-0,Not sig,NA
1.2066670947387787e-4,1.0333895976622494,0.106,0.056,1,METTL9,-0,Not sig,NA
1.2354955584430118e-4,-0.8601188998112792,0.078,0.13,1,PLCB4,-0,Not sig,NA
1.2398420971689296e-4,-0.4494942220267335,0.55,0.603,1,AC016831.7,-0,Not sig,NA
1.2683060975454758e-4,0.46906750451451873,0.185,0.116,1,DLEU7-AS1,-0,Not sig,NA
1.330835362924387e-4,0.8057968304655925,0.105,0.054,1,KIF6,-0,Not sig,NA
1.3895838021638456e-4,-0.7830654267989029,0.093,0.148,1,BSG,-0,Not sig,NA
1.4795612925147492e-4,1.0649207855012701,0.104,0.054,1,ITGAX,-0,Not sig,NA
1.4917106439664565e-4,0.6925253680980819,0.203,0.136,1,APOE,-0,Not sig,NA
1.5375058714610013e-4,0.3872045508585189,0.407,0.322,1,SH3KBP1,-0,Not sig,NA
1.544655034166251e-4,0.5783295051456506,0.207,0.139,1,NPL,-0,Not sig,NA
1.602884070347311e-4,-0.7473657039949351,0.211,0.272,1,TLR2,-0,Not sig,NA
1.612043479919931e-4,-0.5816636825804387,0.276,0.35,1,PTPRG,-0,Not sig,NA
1.6151197383780996e-4,-0.43002125743151565,0.175,0.248,1,CHD1,-0,Not sig,NA
1.6190259404226182e-4,0.3308046220713847,0.514,0.42,1,ABR,-0,Not sig,NA
1.6511654552544576e-4,-0.6224878841310941,0.078,0.129,1,WWTR1,-0,Not sig,NA
1.7267338540409585e-4,0.1843016170142482,0.845,0.795,1,ELMO1,-0,Not sig,NA
1.7419653598719522e-4,-0.9589955318063954,0.067,0.115,1,ITGA1,-0,Not sig,NA
1.7655775593944392e-4,-0.8691119420702565,0.073,0.123,1,B4GALT5,-0,Not sig,NA
1.8221889352985443e-4,0.5895845809119167,0.164,0.102,1,ANKS1B,-0,Not sig,NA
1.8550411892702474e-4,-0.995493609333116,0.061,0.106,1,TNS1,-0,Not sig,NA
1.887866847920476e-4,-0.7810725032680219,0.067,0.115,1,CPD,-0,Not sig,NA
1.9558540194956637e-4,-0.8923380551292341,0.088,0.139,1,PTPN1,-0,Not sig,NA
2.070526264179737e-4,0.6003665501196808,0.138,0.08,1,ATG16L2,-0,Not sig,NA
2.1200194426847842e-4,0.6207781299627253,0.185,0.122,1,SRGAP3,-0,Not sig,NA
2.1866804847919206e-4,-0.8312872549788821,0.07,0.117,1,STOM,-0,Not sig,NA
2.1902561935852608e-4,0.5206932624453771,0.244,0.173,1,ZNF710,-0,Not sig,NA
2.2421797134037665e-4,0.45201594795401207,0.113,0.062,1,PCSK6,-0,Not sig,NA
2.3395091176713265e-4,0.5616415124681562,0.121,0.067,1,STPG2,-0,Not sig,NA
2.4809005976935e-4,-0.8737194427069919,0.062,0.107,1,PDK3,-0,Not sig,NA
2.481137342561031e-4,0.5485933757142184,0.162,0.1,1,OTUD7A,-0,Not sig,NA
2.570969878959234e-4,-0.7995394495853834,0.121,0.178,1,B2M,-0,Not sig,NA
2.603139408773894e-4,0.9121001294412261,0.102,0.054,1,DHRS3,-0,Not sig,NA
2.6225939606513385e-4,-0.6650791807252845,0.12,0.178,1,TSC22D1,-0,Not sig,NA
2.652575396393509e-4,0.7013250505559873,0.132,0.077,1,ROBO1,-0,Not sig,NA
2.6618440412695254e-4,0.4338546981748044,0.398,0.315,1,TAB2,-0,Not sig,NA
2.8029119376812964e-4,-0.478310760269377,0.203,0.275,1,SMCHD1,-0,Not sig,NA
2.841454240740016e-4,-0.6030028576498343,0.101,0.156,1,ABCB1,-0,Not sig,NA
2.861917176235696e-4,0.630495923647401,0.155,0.096,1,PACS2,-0,Not sig,NA
2.868805366142609e-4,0.37321674306159647,0.342,0.259,1,ALCAM,-0,Not sig,NA
2.9064477179285787e-4,0.8677928316106192,0.126,0.074,1,HECTD2,-0,Not sig,NA
2.930360901758271e-4,0.3777028038452588,0.294,0.212,1,RHBDF2,-0,Not sig,NA
2.959502870130682e-4,-0.754369022076109,0.076,0.125,1,SPARCL1,-0,Not sig,NA
3.2962153884909826e-4,-0.5834955130416322,0.162,0.226,1,CBLB,-0,Not sig,NA
3.375545488665034e-4,0.6491700406826658,0.132,0.079,1,SCD5,-0,Not sig,NA
3.446222656875663e-4,-0.6937703817908154,0.109,0.165,1,MT-ND1,-0,Not sig,NA
3.47493069711664e-4,-0.6652040833287589,0.213,0.275,1,PDE4D,-0,Not sig,NA
3.57616896135533e-4,0.6303801085685664,0.17,0.109,1,AKAP6,-0,Not sig,NA
3.5905357654093806e-4,0.5692757403401132,0.148,0.092,1,FAM107B,-0,Not sig,NA
3.627587611796593e-4,0.3363439181024517,0.507,0.431,1,DISC1,-0,Not sig,NA
3.682641033896742e-4,0.34529210817791056,0.341,0.265,1,ARHGAP21,-0,Not sig,NA
3.802137231116818e-4,0.7265405901982547,0.187,0.128,1,ZNRF2,-0,Not sig,NA
3.893204939456306e-4,0.6748781547557325,0.182,0.123,1,TLK1,-0,Not sig,NA
3.931888536459759e-4,0.6910519623042081,0.134,0.082,1,ZNF704,-0,Not sig,NA
3.980421412201768e-4,0.42841791120382167,0.173,0.112,1,MCF2L,-0,Not sig,NA
4.040535771929668e-4,-0.6848634044654178,0.145,0.202,1,TNFRSF1B,-0,Not sig,NA
4.168056806412634e-4,-0.7176707514181855,0.071,0.117,1,CEP112,-0,Not sig,NA
4.1730821504402764e-4,0.6234976546020198,0.207,0.146,1,H2AFY,-0,Not sig,NA
4.190331610639464e-4,0.7787862781026483,0.155,0.099,1,XYLT1,-0,Not sig,NA
4.243697266642504e-4,-0.7273444793758627,0.123,0.178,1,SORBS1,-0,Not sig,NA
4.295123248119634e-4,0.5458677837868087,0.162,0.103,1,P2RX7,-0,Not sig,NA
4.3677365029860007e-4,0.4509280814137253,0.268,0.196,1,CDK6,-0,Not sig,NA
4.4350803531153295e-4,-0.42446631294931314,0.181,0.249,1,MT-ATP6,-0,Not sig,NA
4.4828675143889575e-4,-0.8291522990367379,0.106,0.158,1,MYRIP,-0,Not sig,NA
4.516263422928068e-4,0.590791133808198,0.15,0.093,1,BHLHE41,-0,Not sig,NA
4.7694617262835433e-4,0.25605934005187203,0.713,0.65,1,PICALM,-0,Not sig,NA
4.851396967815858e-4,0.6760664663459142,0.145,0.092,1,ZNF618,-0,Not sig,NA
4.928522249255298e-4,0.3869157913080583,0.283,0.206,1,MYO9B,-0,Not sig,NA
5.056920197516241e-4,0.2014485261850396,0.318,0.236,1,TGFBR1,-0,Not sig,NA
5.117861490514503e-4,-0.6941224249744884,0.201,0.259,1,MIR181A1HG,-0,Not sig,NA
5.132522902216369e-4,0.3083810084340288,0.482,0.408,1,MAN2A1,-0,Not sig,NA
5.438119950586246e-4,-0.8291404818959311,0.066,0.11,1,IGFBP7,-0,Not sig,NA
5.475002497222736e-4,0.36089628864941403,0.275,0.199,1,DPYSL2,-0,Not sig,NA
5.527600807869196e-4,-0.7126659070926182,0.077,0.123,1,RELL1,-0,Not sig,NA
5.62687810853269e-4,-0.441523784536372,0.126,0.185,1,EBF1,-0,Not sig,NA
5.693940104757896e-4,-0.7788505186620449,0.099,0.149,1,AC093152.1,-0,Not sig,NA
5.892466843748663e-4,0.3626616633845128,0.378,0.304,1,CAMK1D,-0,Not sig,NA
5.963515375413402e-4,0.6397298715496372,0.1,0.054,1,HECW2,-0,Not sig,NA
6.043889627570041e-4,0.24022036656174883,0.597,0.521,1,BMP2K,-0,Not sig,NA
6.101352614741728e-4,0.2621569849725933,0.361,0.272,1,ARHGAP22,-0,Not sig,NA
6.202449613784657e-4,0.1628473537576336,0.483,0.395,1,MARCH1,-0,Not sig,NA
6.21976452848119e-4,0.741294770623135,0.103,0.057,1,DSCAML1,-0,Not sig,NA
6.273603570558495e-4,0.9133454565548604,0.106,0.06,1,KDM2B,-0,Not sig,NA
6.517579069703229e-4,0.6926149496179708,0.145,0.093,1,NFASC,-0,Not sig,NA
6.62880447027191e-4,-0.46905050292665673,0.278,0.34,1,RB1,-0,Not sig,NA
6.744476475969468e-4,0.4104943318260761,0.311,0.238,1,SYK,-0,Not sig,NA
6.76586393458676e-4,-0.5950875869037868,0.101,0.152,1,JDP2,-0,Not sig,NA
6.789266960698192e-4,-0.6569677684012314,0.104,0.156,1,NXN,-0,Not sig,NA
6.793119215599226e-4,0.579599556961511,0.107,0.06,1,PHLDB1,-0,Not sig,NA
6.834651927298081e-4,-0.6958640994445868,0.115,0.166,1,SCMH1,-0,Not sig,NA
6.903141796040293e-4,-0.3720102380945949,0.247,0.315,1,MERTK,-0,Not sig,NA
7.278120355262785e-4,0.6232525475864225,0.138,0.086,1,ZNF532,-0,Not sig,NA
7.569317253283248e-4,-0.45180984919868505,0.198,0.259,1,KIF16B,-0,Not sig,NA
7.571764649104527e-4,-0.7202008481675849,0.156,0.211,1,PTPN2,-0,Not sig,NA
7.679550665561241e-4,0.36570723783464665,0.305,0.229,1,MYO1F,-0,Not sig,NA
7.769720285345304e-4,0.3198208664091013,0.126,0.074,1,KCNH8,-0,Not sig,NA
7.799628182696419e-4,0.19684924857423036,0.542,0.451,1,ZFHX3,-0,Not sig,NA
7.893171989557204e-4,0.3231335552754218,0.118,0.07,1,CTNNA2,-0,Not sig,NA
7.89713136852985e-4,-1.0623523467895344,0.079,0.123,1,ETS1,-0,Not sig,NA
7.990724185937202e-4,-0.6225203769242621,0.151,0.208,1,NSF,-0,Not sig,NA
8.034823375029417e-4,0.5945327354184116,0.147,0.093,1,ZNF804A,-0,Not sig,NA
8.124483982265821e-4,-0.6817199651321757,0.072,0.116,1,PGK1,-0,Not sig,NA
8.146756681616675e-4,-0.6757394810372512,0.095,0.142,1,TTTY14,-0,Not sig,NA
8.494564517647172e-4,0.7897025793294541,0.145,0.095,1,LRRC37A3,-0,Not sig,NA
8.813635516927466e-4,-0.5462715885185654,0.159,0.215,1,PPARD,-0,Not sig,NA
9.257024233188719e-4,-0.6888357526746554,0.145,0.198,1,SASH1,-0,Not sig,NA
9.320881568128898e-4,0.45329140508674404,0.151,0.096,1,SLAIN1,-0,Not sig,NA
9.35930663051758e-4,0.40184419585965414,0.305,0.235,1,CPQ,-0,Not sig,NA
9.378695467425549e-4,0.3295714429786597,0.142,0.089,1,SH3GL3,-0,Not sig,NA
9.433408869243347e-4,-0.6896057447702744,0.153,0.206,1,HSPA1A,-0,Not sig,NA
9.448309601892467e-4,-0.4445229784180913,0.272,0.334,1,VMP1,-0,Not sig,NA
9.499266707925238e-4,0.5975022706384726,0.173,0.116,1,ANOS1,-0,Not sig,NA
9.818330923967557e-4,0.43452011394671075,0.355,0.289,1,DOCK5,-0,Not sig,NA
0.001023463473625009,0.23807693679555397,0.43,0.35,1,FRMD4B,-0,Not sig,NA
0.0010532034439414194,0.21327014240035647,0.702,0.643,1,FOXN3,-0,Not sig,NA
0.0010580350744113665,0.28642092566972455,0.427,0.35,1,ATP8B4,-0,Not sig,NA
0.0010620775075790535,0.6226802672073525,0.115,0.069,1,NOL4L,-0,Not sig,NA
0.0010803394050464064,-0.4783923038165069,0.084,0.13,1,SERPINB9,-0,Not sig,NA
0.0010945170794027838,-0.6566442316839896,0.125,0.176,1,TBC1D8,-0,Not sig,NA
0.0011060941191982324,-0.4949321372560996,0.07,0.113,1,DACH1,-0,Not sig,NA
0.0011143736961832127,-0.8124594588982992,0.073,0.115,1,RAB21,-0,Not sig,NA
0.0011177804769447572,-0.3248386568897441,0.664,0.678,1,ARHGAP26,-0,Not sig,NA
0.0011208739887544697,0.567807625448798,0.125,0.076,1,ENPP2,-0,Not sig,NA
0.0011304844325188501,-0.5697296562270748,0.097,0.146,1,GBE1,-0,Not sig,NA
0.0011308062380255186,0.3888801129095132,0.304,0.231,1,FAM149A,-0,Not sig,NA
0.0011321579304972888,-0.6854449381793756,0.124,0.175,1,GLIS3,-0,Not sig,NA
0.0011330882594152332,0.6473927100953976,0.103,0.059,1,RFTN2,-0,Not sig,NA
0.001165987269452239,0.42326813041779676,0.214,0.152,1,CRADD,-0,Not sig,NA
0.0011792204735800375,0.7411599815872545,0.126,0.079,1,CACNA1D,-0,Not sig,NA
0.0012571643506844414,0.5298303627466375,0.187,0.13,1,SNRNP70,-0,Not sig,NA
0.0012598884589348307,0.2881629645647219,0.322,0.249,1,GALNT2,-0,Not sig,NA
0.0012605126476695665,0.38205146111957555,0.273,0.205,1,CREBBP,-0,Not sig,NA
0.0012870684528393586,-0.8639963829792767,0.062,0.1,1,HLA-B,-0,Not sig,NA
0.001298765829605716,0.2676523140956606,0.299,0.229,1,DNM3,-0,Not sig,NA
0.0013071475084925849,0.4169065299312231,0.28,0.216,1,USP6NL,-0,Not sig,NA
0.0013146169277903183,-0.6080343575651916,0.14,0.193,1,KLF6,-0,Not sig,NA
0.00132704451231167,0.8217481803968036,0.111,0.067,1,ERI3,-0,Not sig,NA
0.0013319973667298396,-0.6018326421456915,0.068,0.109,1,KALRN,-0,Not sig,NA
0.001389085276071434,0.7352131908979663,0.122,0.076,1,TPRG1,-0,Not sig,NA
0.001459324110523494,-0.5978430138344389,0.121,0.17,1,HLA-E,-0,Not sig,NA
0.001481693013354347,-0.48573764746406223,0.136,0.189,1,PARD3,-0,Not sig,NA
0.0015143152717329335,-0.45658914393432215,0.189,0.245,1,GPRIN3,-0,Not sig,NA
0.001519265489540615,-0.5586300173306304,0.189,0.245,1,FOXO1,-0,Not sig,NA
0.0015329911804809276,0.5516388753900894,0.162,0.109,1,LAMP2,-0,Not sig,NA
0.00157030158750994,0.6093512199204241,0.113,0.069,1,ABCC5,-0,Not sig,NA
0.0015824868084307042,0.37252829507170665,0.131,0.082,1,GRID1,-0,Not sig,NA
0.0016001039842714455,-0.6122460970497735,0.098,0.145,1,MCTP1,-0,Not sig,NA
0.00163229886082136,0.5712226686321329,0.156,0.105,1,DNMT3A,-0,Not sig,NA
0.0016357556013225063,-0.3110409051512537,0.547,0.593,1,LPP,-0,Not sig,NA
0.001646070623122756,0.836087210799073,0.104,0.062,1,RNF144A,-0,Not sig,NA
0.0016843982200394603,0.30595770814498113,0.407,0.338,1,CHD9,-0,Not sig,NA
0.001711886811460406,0.40529533011339947,0.341,0.272,1,MAP3K5,-0,Not sig,NA
0.0018009763160778435,0.5283922475465807,0.133,0.085,1,SH3D19,-0,Not sig,NA
0.001826006064088435,-0.523202789853058,0.321,0.372,1,PTPRE,-0,Not sig,NA
0.0018564573778648405,0.5648786698130197,0.148,0.097,1,ARRB1,-0,Not sig,NA
0.0018849516879902621,-0.6925696493512133,0.074,0.115,1,RAPGEF4,-0,Not sig,NA
0.0018954934795168841,0.2769766050670467,0.134,0.086,1,GLCCI1,-0,Not sig,NA
0.001917224063537404,-0.35400764887378466,0.372,0.427,1,ANKRD17,-0,Not sig,NA
0.0019461615519013981,0.5647730745503563,0.163,0.112,1,NUAK1,-0,Not sig,NA
0.0020234230797054487,0.36009416958253904,0.176,0.122,1,YPEL2,-0,Not sig,NA
0.0020245296737459533,-0.3576857869912584,0.27,0.332,1,RPS6KA3,-0,Not sig,NA
0.00208419277360892,-1.4134194961796307,0.074,0.112,1,PDE7B,-0,Not sig,NA
0.0022885012058470188,-0.6533341311309756,0.112,0.158,1,UBC,-0,Not sig,NA
0.0023509857041618867,0.4366966354936172,0.151,0.102,1,LINC01094,-0,Not sig,NA
0.0023799065135398866,-0.478946620783688,0.112,0.16,1,GOLPH3,-0,Not sig,NA
0.0023911414698503776,-0.6350995169189573,0.192,0.241,1,DOCK9,-0,Not sig,NA
0.0024159854200952696,0.3468826109837053,0.557,0.507,1,WWOX,-0,Not sig,NA
0.0024397646826758304,0.8168089784358775,0.103,0.063,1,TFEB,-0,Not sig,NA
0.0025762460098117425,0.6023924960815954,0.126,0.082,1,MAPK8IP3,-0,Not sig,NA
0.0025791522547543673,0.34489345461312837,0.421,0.362,1,RTN4,-0,Not sig,NA
0.0026243103507258606,0.5233816853540233,0.128,0.083,1,NEO1,-0,Not sig,NA
0.0027734818776098185,0.3598552483009563,0.286,0.223,1,NCOA3,-0,Not sig,NA
0.002780510482769047,0.15524588582545285,0.664,0.582,1,FP236383.1,-0,Not sig,NA
0.002825479930758079,-0.6897815481051994,0.1,0.143,1,SLC12A2,-0,Not sig,NA
0.0028777785673808247,-0.6986833788252115,0.079,0.117,1,CD55,-0,Not sig,NA
0.002909893131560811,-0.46931427165485096,0.154,0.205,1,RANBP9,-0,Not sig,NA
0.002915022174158824,-0.7174707412495251,0.07,0.107,1,PON2,-0,Not sig,NA
0.0029253691366680433,-0.3953342623806779,0.184,0.236,1,RPL13,-0,Not sig,NA
0.002941498034388809,-0.5937136660080249,0.105,0.149,1,ST3GAL1,-0,Not sig,NA
0.002969022924997383,-0.4921117141410366,0.133,0.181,1,ACSL4,-0,Not sig,NA
0.0030284347852657027,0.4788012187736914,0.186,0.133,1,RYR1,-0,Not sig,NA
0.0030536018396477333,0.3228965466514424,0.345,0.282,1,RBM6,-0,Not sig,NA
0.0031472877039710363,0.4457479395218624,0.281,0.225,1,TMTC2,-0,Not sig,NA
0.00316235657515359,0.41086589134765683,0.163,0.112,1,BLNK,-0,Not sig,NA
0.003163207993469075,0.26394110453926656,0.289,0.223,1,SPTLC2,-0,Not sig,NA
0.0031720568010710787,-0.429272639304465,0.307,0.36,1,RAPGEF2,-0,Not sig,NA
0.0031751817715114593,-0.5273900445654075,0.108,0.153,1,HNRNPDL,-0,Not sig,NA
0.003184249837997445,-0.5313174870193742,0.185,0.238,1,SOX5,-0,Not sig,NA
0.0031995416394948874,-0.47636757452389844,0.137,0.188,1,ITSN1,-0,Not sig,NA
0.003231804096354002,0.591496871673153,0.116,0.074,1,ATP10D,-0,Not sig,NA
0.003338550250446453,0.40683967319978276,0.113,0.07,1,LINC00609,-0,Not sig,NA
0.0033432519119569195,0.3785295085318221,0.162,0.113,1,PBX1,-0,Not sig,NA
0.003377807085485366,0.3520224537576031,0.316,0.255,1,CDK13,-0,Not sig,NA
0.0034767938928551042,0.507405612063263,0.117,0.074,1,ARRB2,-0,Not sig,NA
0.0035679823028562613,-0.24793834933893422,0.686,0.721,1,FKBP5,-0,Not sig,NA
0.003632951436650632,-0.2742368916124094,0.366,0.428,1,AFF1,-0,Not sig,NA
0.0036420619076437707,0.5229344229430924,0.101,0.062,1,TMEM51,-0,Not sig,NA
0.00371963509196812,-0.67352645355860985,0.157,0.202,1,PFKFB3,-0,Not sig,NA
0.003746852508562146,-0.6844968863086146,0.083,0.122,1,ERGIC1,-0,Not sig,NA
0.004000519309241116,-1.081971568758667,0.097,0.135,1,GLUL,-0,Not sig,NA
0.004031440969674521,0.3880567986713741,0.265,0.206,1,ADGRB3,-0,Not sig,NA
0.004041347324256692,0.44534137558465714,0.231,0.179,1,FBXL7,-0,Not sig,NA
0.004088564031010442,0.3650298630795046,0.192,0.14,1,DPP10,-0,Not sig,NA
0.004127350252381862,0.5354932919350098,0.115,0.073,1,ZCCHC24,-0,Not sig,NA
0.00412909860597808,0.2924117542027831,0.25,0.192,1,ENTPD1,-0,Not sig,NA
0.004133740677135224,-0.4339198636660511,0.091,0.133,1,CMTM6,-0,Not sig,NA
0.004211660005114634,0.43777062307589687,0.259,0.202,1,DTNB,-0,Not sig,NA
0.004237393396882152,0.6901045183278148,0.104,0.066,1,ADAP2,-0,Not sig,NA
0.004283722849656379,-0.32999237430497086,0.391,0.453,1,MGAT5,-0,Not sig,NA
0.004312737529211057,-0.35422499858237244,0.117,0.163,1,ZC3HAV1,-0,Not sig,NA
0.0044890346822954,0.22354571367842713,0.415,0.34,1,INPP5D,-0,Not sig,NA
0.004495762090896344,0.405900029657872,0.186,0.133,1,RSRP1,-0,Not sig,NA
0.004506363915554139,0.36756818422517945,0.276,0.218,1,WASF2,-0,Not sig,NA
0.004535794946369199,-0.8028281710777412,0.084,0.12,1,BCL6,-0,Not sig,NA
0.00455259792832946,0.4999330661284237,0.188,0.139,1,AC006978.2,-0,Not sig,NA
0.00458735578590471,0.39548544693219156,0.225,0.169,1,NBEA,-0,Not sig,NA
0.004602567705083424,0.4515878465451861,0.109,0.07,1,FGGY,-0,Not sig,NA
0.004644270987878198,0.24757795118052428,0.206,0.15,1,ATG4C,-0,Not sig,NA
0.004658202151836037,0.47852535251989603,0.262,0.212,1,NUTM2A-AS1,-0,Not sig,NA
0.004674800184039856,-0.7059923519960762,0.129,0.173,1,DNAJC1,-0,Not sig,NA
0.004709428882757475,-0.46907644678051463,0.187,0.238,1,ARHGEF12,-0,Not sig,NA
0.0047410285451469835,-0.49529536582680567,0.078,0.116,1,DARS,-0,Not sig,NA
0.004868972740135739,-0.44294231020229513,0.228,0.277,1,BMPR2,-0,Not sig,NA
0.004937304325388251,0.5324004043636558,0.1,0.062,1,BCAS1,-0,Not sig,NA
0.004940434733426398,0.6187796694898667,0.187,0.142,1,ATXN7L1,-0,Not sig,NA
0.005120479742565875,-0.6107283209269541,0.078,0.115,1,ABLIM1,-0,Not sig,NA
0.00513953505573549,-0.2491504394255475,0.203,0.258,1,RAP1B,-0,Not sig,NA
0.005268266449994849,0.3630808612260128,0.226,0.172,1,LENG8,-0,Not sig,NA
0.0054412085736081596,0.36775163901925645,0.143,0.099,1,SNX30,-0,Not sig,NA
0.005524798872783887,0.22206821374849636,0.103,0.064,1,KAZN,-0,Not sig,NA
0.005614176130653527,0.5392560218996812,0.122,0.08,1,ZMAT3,-0,Not sig,NA
0.005682252165545771,-0.68923458266883,0.136,0.176,1,SLA,-0,Not sig,NA
0.005818075976085826,-0.7071413693379772,0.091,0.129,1,SEC63,-0,Not sig,NA
0.005856097422150373,-0.6283524812573443,0.1,0.139,1,GRK5,-0,Not sig,NA
0.005857422146510811,0.5005335597403145,0.13,0.087,1,VASH1,-0,Not sig,NA
0.005863745695100048,0.4988058015290375,0.127,0.086,1,SNX19,-0,Not sig,NA
0.005891684364814335,-0.3356820415880031,0.156,0.206,1,MT-CO1,-0,Not sig,NA
0.0059124386561976985,-0.5929159373540744,0.118,0.16,1,ATR,-0,Not sig,NA
0.0059742707664348785,-0.6744037302935847,0.086,0.123,1,MOSMO,-0,Not sig,NA
0.005992266608559682,0.39846206576792953,0.189,0.139,1,CSF2RA,-0,Not sig,NA
0.005993827338974448,0.4821362677021962,0.106,0.067,1,ACSS1,-0,Not sig,NA
0.006029590755809528,-0.49863683129977027,0.103,0.143,1,PRKD3,-0,Not sig,NA
0.006048508420070604,-0.5550800482187541,0.068,0.103,1,PVT1,-0,Not sig,NA
0.006082511910459413,0.48022170242883166,0.162,0.116,1,AXL,-0,Not sig,NA
0.006131560819409904,-0.493947967994116,0.114,0.155,1,ADAM9,-0,Not sig,NA
0.0061543188002152974,0.6320294310525071,0.12,0.082,1,WASHC1,-0,Not sig,NA
0.006236857403284105,0.3937831223722563,0.281,0.228,1,C20orf194,-0,Not sig,NA
0.006306570382249098,0.32403922024604115,0.178,0.129,1,PLD1,-0,Not sig,NA
0.006382241910956652,0.6433736671197937,0.175,0.132,1,MOB1B,-0,Not sig,NA
0.0064123867343233555,0.17806976885321602,0.2,0.148,1,TENM4,-0,Not sig,NA
0.006546451560892632,-0.636699425847554,0.077,0.113,1,CD46,-0,Not sig,NA
0.006592551206242029,-0.5071293154895815,0.134,0.179,1,PITPNB,-0,Not sig,NA
0.0066083578111008215,-0.4461706213352652,0.145,0.191,1,KLF7,-0,Not sig,NA
0.006616899136737524,0.3608773716007766,0.204,0.153,1,LPGAT1,-0,Not sig,NA
0.006644249510945339,0.6096768098160055,0.101,0.064,1,AC090517.4,-0,Not sig,NA
0.0067394176572154775,-0.3995773633389206,0.305,0.358,1,NAIP,-0,Not sig,NA
0.006752526172110043,-0.7126677204431404,0.149,0.192,1,TMEM163,-0,Not sig,NA
0.006755989679562698,-0.5154977332415387,0.142,0.185,1,KLHL2,-0,Not sig,NA
0.006783409380141501,-0.42618352859685005,0.256,0.308,1,FNDC3A,-0,Not sig,NA
0.006784328944446765,0.19954861708168958,0.195,0.143,1,PDGFC,-0,Not sig,NA
0.006838163437378462,-0.5231399892362686,0.134,0.176,1,RNGTT,-0,Not sig,NA
0.00684083672307029,-0.28440738945074884,0.379,0.431,1,ZNF638,-0,Not sig,NA
0.007030230466628017,0.2512152530393985,0.263,0.206,1,MAGI1,-0,Not sig,NA
0.007139593990069857,0.3928767357500387,0.236,0.183,1,PBX3,-0,Not sig,NA
0.007145655481001772,-0.7441785113352246,0.104,0.142,1,RASGRF2,-0,Not sig,NA
0.00719801920795995,0.19509745513268584,0.699,0.64,1,GNAQ,-0,Not sig,NA
0.0072385425865755335,-0.3705503895182476,0.128,0.172,1,FUBP1,-0,Not sig,NA
0.007246654425460411,0.6051244449030564,0.112,0.074,1,OTULINL,-0,Not sig,NA
0.007262951176200005,0.42332162376281757,0.133,0.092,1,SECISBP2L,-0,Not sig,NA
0.007295143823940019,0.3017117501852038,0.355,0.292,1,DLG1,-0,Not sig,NA
0.007420549038173038,0.4660811305696502,0.138,0.096,1,CENPP,-0,Not sig,NA
0.007481271810351547,0.7408775407598676,0.116,0.079,1,LIPA,-0,Not sig,NA
0.007498946398215412,-0.6030110355634188,0.115,0.155,1,UBXN2B,-0,Not sig,NA
0.007743453830726789,0.15049147363250936,0.486,0.414,1,FYB1,-0,Not sig,NA
0.007793789871600387,-0.298039685939147,0.298,0.35,1,SMARCA2,-0,Not sig,NA
0.007805676884854978,0.26373079512933106,0.24,0.183,1,ITCH,-0,Not sig,NA
0.007823622821662083,-0.7383444669388092,0.073,0.106,1,PTP4A2,-0,Not sig,NA
0.007826097067950823,-0.4244509050986207,0.147,0.191,1,PTGES3,-0,Not sig,NA
0.007870939326072746,-0.4205359275253867,0.168,0.215,1,CLTC,-0,Not sig,NA
0.007880845289721262,-0.5669499997272578,0.067,0.1,1,WDR43,-0,Not sig,NA
0.007935598893493193,0.30556850709314,0.416,0.364,1,FRYL,-0,Not sig,NA
0.007954918402723901,-0.5212800560894522,0.245,0.288,1,SND1,-0,Not sig,NA
0.008026775884789457,0.41947660972837864,0.106,0.069,1,DAB1,-0,Not sig,NA
0.008127943983393822,0.5754389763957872,0.105,0.069,1,HECA,-0,Not sig,NA
0.008217841308443323,-0.8387872023559709,0.078,0.112,1,COLEC12,-0,Not sig,NA
0.008244560025088894,-0.4698953275144114,0.073,0.107,1,RPL10,-0,Not sig,NA
0.008297280717841493,-0.254891920109376,0.389,0.44,1,MKLN1,-0,Not sig,NA
0.008345328098994903,-0.5323561666431483,0.072,0.106,1,TPM1,-0,Not sig,NA
0.008361534909084237,-0.6780354824410555,0.16,0.199,1,SLC22A23,-0,Not sig,NA
0.008459223873259319,-0.5421048666905813,0.116,0.156,1,SLC2A5,-0,Not sig,NA
0.008502509161325047,-0.4179153053563043,0.292,0.344,1,BTBD9,-0,Not sig,NA
0.008557542076192682,0.2033001707325881,0.488,0.427,1,DIP2B,-0,Not sig,NA
0.008603024285803406,0.3495159846564606,0.314,0.259,1,SLC4A7,-0,Not sig,NA
0.008630445623882939,0.3906260231962177,0.14,0.099,1,VWA8,-0,Not sig,NA
0.008650661123476176,-0.9208873535772844,0.117,0.153,1,SGIP1,-0,Not sig,NA
0.00881078124500514,0.578792502721016,0.116,0.079,1,RPRD1A,-0,Not sig,NA
0.008813480344985027,-0.5746942817054537,0.272,0.312,1,TACC1,-0,Not sig,NA
0.008848040981667285,-0.48452299988307335,0.067,0.1,1,TAF1D,-0,Not sig,NA
0.00887737011084896,-0.6558641228158719,0.1,0.136,1,MSH3,-0,Not sig,NA
0.008922983371304453,0.1871636682103448,0.495,0.431,1,KANSL1,-0,Not sig,NA
0.00893713914489913,0.2726341979992708,0.235,0.182,1,POU2F2,-0,Not sig,NA
0.009011187740751006,0.3960210391533864,0.123,0.083,1,USP22,-0,Not sig,NA
0.0090848987063833,-0.2699317878867684,0.385,0.44,1,CMIP,-0,Not sig,NA
0.009157788569305615,0.4783826469992034,0.112,0.074,1,PCSK5,-0,Not sig,NA
0.009403874153780526,0.4719962541532703,0.232,0.183,1,PKD2,-0,Not sig,NA
0.009407912919591636,-0.2846287025266545,0.228,0.275,1,APP,-0,Not sig,NA
0.009452423074912682,0.6158638062753243,0.172,0.13,1,PI4KA,-0,Not sig,NA
0.009623396590262689,0.7170810598280932,0.131,0.093,1,SHROOM4,-0,Not sig,NA
0.009656658381076147,0.23928400992442977,0.463,0.408,1,ERBIN,-0,Not sig,NA
0.009788958609989944,-0.60111851909846,0.096,0.133,1,HERPUD1,-0,Not sig,NA
0.0098677637170511,-0.4886785807127023,0.205,0.252,1,CPEB4,-0,Not sig,NA
0.009953854573721216,0.46720744841226886,0.137,0.097,1,VAV1,-0,Not sig,NA
0.009983413989976252,-0.8048590145283842,0.085,0.119,1,BASP1,-0,Not sig,NA
0.010066585012531826,-0.45045043296424314,0.144,0.185,1,DNAJC13,-0,Not sig,NA
0.010265046277694867,-0.4992818915086008,0.201,0.245,1,STAT3,-0,Not sig,NA
0.010345908641067748,0.3040875114253567,0.46,0.413,1,SIK3,-0,Not sig,NA
0.0104220992355177,-0.47206398654109394,0.106,0.145,1,E2F3,-0,Not sig,NA
0.010453609545044968,0.3276572110578402,0.206,0.159,1,KCNQ1,-0,Not sig,NA
0.010461814960188009,0.4244454577871505,0.115,0.077,1,WNT2B,-0,Not sig,NA
0.010516355978656609,-0.46725872296923354,0.129,0.169,1,PRKG1,-0,Not sig,NA
0.010575108593955641,0.6271991693723623,0.139,0.1,1,SS18,-0,Not sig,NA
0.010678425276260032,-0.4836477859857883,0.134,0.173,1,GPCPD1,-0,Not sig,NA
0.010793453262245008,0.5472998221132169,0.106,0.072,1,UBXN7,-0,Not sig,NA
0.011282468040841966,0.3671150146504125,0.275,0.225,1,TMCC1,-0,Not sig,NA
0.011410924207542633,0.5159066217245344,0.151,0.11,1,RTN3,-0,Not sig,NA
0.011610706114226437,0.34609524608702746,0.225,0.178,1,SGK1,-0,Not sig,NA
0.011620973527452767,-0.5950815335584835,0.155,0.193,1,FXR1,-0,Not sig,NA
0.011707267729480287,-0.3524950894270744,0.318,0.362,1,USP15,-0,Not sig,NA
0.011866627885186819,0.5692406916963936,0.106,0.072,1,NDRG2,-0,Not sig,NA
0.011980544327587009,0.5381559369583895,0.162,0.122,1,VPS35L,-0,Not sig,NA
0.012080169054560004,-0.5257587730668858,0.084,0.119,1,UBR4,-0,Not sig,NA
0.012250617636821627,-0.53633289675820806,0.134,0.173,1,LDLRAD3,-0,Not sig,NA
0.012358269299319817,-0.5316866474510946,0.113,0.15,1,STK38,-0,Not sig,NA
0.012397479656964326,0.434849323757159,0.101,0.067,1,DYNC1LI2,-0,Not sig,NA
0.012454808486294558,0.3378941333695077,0.21,0.162,1,FAR1,-0,Not sig,NA
0.012639972318628524,0.278154644803168,0.202,0.153,1,EVL,-0,Not sig,NA
0.012699133964087181,0.4339281849884633,0.218,0.173,1,PPP6R2,-0,Not sig,NA
0.01270195043418466,0.5412894915549298,0.142,0.103,1,YLPM1,-0,Not sig,NA
0.012706295340296651,0.1606457149246605,0.287,0.228,1,XIST,-0,Not sig,NA
0.012802342622257238,-0.6115826814219917,0.084,0.117,1,GPR155,-0,Not sig,NA
0.012827128487578486,0.4106833589555437,0.109,0.073,1,BTBD3,-0,Not sig,NA
0.012848896949672551,0.36832224079608356,0.352,0.299,1,FOXO3,-0,Not sig,NA
0.012951710520169824,-0.23018612858071696,0.4,0.448,1,NCOA1,-0,Not sig,NA
0.012957079388160705,0.18743702502931558,0.371,0.305,1,BCL2,-0,Not sig,NA
0.01351108779066472,-0.34468754949763314,0.347,0.388,1,RAPGEF1,-0,Not sig,NA
0.01364425103420884,-0.21986622422471802,0.51,0.547,1,AKAP13,-0,Not sig,NA
0.013707975221436915,0.2934036909123088,0.172,0.129,1,MYO6,-0,Not sig,NA
0.01374913553336585,0.36173631686932883,0.267,0.219,1,BPTF,-0,Not sig,NA
0.01391197299465692,-0.46145186000281435,0.192,0.234,1,ARHGEF7,-0,Not sig,NA
0.013926841733847787,-0.43071098854890266,0.162,0.203,1,PTPN12,-0,Not sig,NA
0.013979070800348584,-0.38222508891883766,0.251,0.297,1,RAB31,-0,Not sig,NA
0.014058239119530101,-0.5546483570515557,0.087,0.12,1,KSR1,-0,Not sig,NA
0.014164210465235253,0.774850841846412,0.105,0.073,1,IREB2,-0,Not sig,NA
0.014529366210667633,0.5146587468126698,0.123,0.087,1,SGPP1,-0,Not sig,NA
0.014723957640607962,0.14401229457929965,0.857,0.822,1,LRMDA,-0,Not sig,NA
0.014932566584980177,0.757696671498055,0.104,0.072,1,ETV5,-0,Not sig,NA
0.014978428449923312,-0.5157709186329638,0.077,0.109,1,NOL10,-0,Not sig,NA
0.01514924749334326,-0.5223135224081819,0.126,0.165,1,ZNF800,-0,Not sig,NA
0.015262441275984943,0.5028507093893575,0.1,0.067,1,USP39,-0,Not sig,NA
0.015572041150772906,-0.5296392579211958,0.164,0.202,1,TOP1,-0,Not sig,NA
0.015590754153564574,0.6604043753982797,0.107,0.074,1,CUEDC1,-0,Not sig,NA
0.01562530896429802,0.14313075891649785,0.446,0.375,1,SH3RF3,-0,Not sig,NA
0.01568409642902602,0.2378759364507561,0.251,0.201,1,ACYP2,-0,Not sig,NA
0.01599275388628532,-0.3245900995863077,0.076,0.109,1,RALGPS2,-0,Not sig,NA
0.01612341117050065,-0.42086714062744474,0.095,0.13,1,AKNA,-0,Not sig,NA
0.016465314661382312,-0.6598087903015855,0.089,0.12,1,MTR,-0,Not sig,NA
0.016589020526130017,0.3182182871229066,0.14,0.1,1,SLF2,-0,Not sig,NA
0.016647647791884282,0.17728886813089995,0.675,0.632,1,ANKRD44,-0,Not sig,NA
0.01671807395970846,-0.32621714587836426,0.28,0.328,1,PTEN,-0,Not sig,NA
0.016850764912938476,0.32262922507969816,0.163,0.123,1,BMPR1A,-0,Not sig,NA
0.017135712268782174,0.1953005521531681,0.224,0.172,1,LY86,-0,Not sig,NA
0.01713787645720423,-0.34565158698338105,0.128,0.166,1,PTMA,-0,Not sig,NA
0.017156223264366565,-0.4628551064806099,0.173,0.213,1,CNOT6L,-0,Not sig,NA
0.01717894557121272,-0.337166670130264,0.214,0.254,1,PRKCB,-0,Not sig,NA
0.01719515014450879,-0.37074582387762134,0.123,0.162,1,TRA2B,-0,Not sig,NA
0.017355611277126183,-0.4629262822859662,0.131,0.169,1,RLF,-0,Not sig,NA
0.017568165519310192,0.3916570443523202,0.131,0.095,1,NAV1,-0,Not sig,NA
0.01767659445969495,0.6192219118871098,0.102,0.07,1,ORC4,-0,Not sig,NA
0.01776601494063179,-0.6672821876831734,0.076,0.106,1,RAB11A,-0,Not sig,NA
0.017875476157533283,0.3627428956664791,0.249,0.203,1,WDR7,-0,Not sig,NA
0.018023153242779897,-0.36675252262636593,0.25,0.295,1,RPS6KA2,-0,Not sig,NA
0.018031806259888865,0.5107589438405531,0.1,0.069,1,AC097376.2,-0,Not sig,NA
0.018064919733783862,0.2307630756808125,0.131,0.093,1,RCOR3,-0,Not sig,NA
0.018098046922734187,0.3623976257486028,0.159,0.117,1,ARHGAP32,-0,Not sig,NA
0.018099650246054214,-0.4608291882871083,0.183,0.223,1,PHC2,-0,Not sig,NA
0.018178342564370495,0.4693154108300362,0.107,0.074,1,PPARG,-0,Not sig,NA
0.018300360666641265,0.48787389815821314,0.145,0.107,1,CSF3R,-0,Not sig,NA
0.01833910566720724,0.5867930696792285,0.127,0.093,1,RAB28,-0,Not sig,NA
0.018457600761146244,0.3189744582834153,0.108,0.074,1,LMCD1-AS1,-0,Not sig,NA
0.018463048719671384,-0.39225808820570385,0.242,0.282,1,MT-CO2,-0,Not sig,NA
0.01848805749886657,-0.25852011077566983,0.403,0.446,1,SBF2,-0,Not sig,NA
0.018522551703571213,0.1896873965127157,0.261,0.206,1,PIK3R5,-0,Not sig,NA
0.01881714239971452,-0.5263543464182983,0.082,0.115,1,PARVB,-0,Not sig,NA
0.01931633503258869,0.42300228179571814,0.137,0.1,1,HAVCR2,-0,Not sig,NA
0.01937339494777283,0.48765297866665475,0.145,0.107,1,DOCK3,-0,Not sig,NA
0.01953873187727405,-0.38083020149963787,0.361,0.395,1,BACH1,-0,Not sig,NA
0.019621911702677384,0.2606724518922236,0.111,0.077,1,FAM69A,-0,Not sig,NA
0.019660253171358995,-0.4015422166997964,0.101,0.136,1,PPP1CB,-0,Not sig,NA
0.019685049727031823,-0.457893576559506,0.138,0.175,1,DNAJB6,-0,Not sig,NA
0.019722336201383632,0.4452759424148546,0.104,0.072,1,CPPED1,-0,Not sig,NA
0.01987657101648597,0.4424252665922122,0.128,0.093,1,SIL1,-0,Not sig,NA
0.01989534366763247,0.20610747485098457,0.584,0.536,1,TBC1D5,-0,Not sig,NA
0.01992805523444152,-0.5124607312933962,0.093,0.125,1,UACA,-0,Not sig,NA
0.020390237427771275,-0.4557586416687096,0.164,0.201,1,UBR2,-0,Not sig,NA
0.020499966065597126,-0.39855677173652426,0.142,0.181,1,MAN1A2,-0,Not sig,NA
0.020663881025153798,-0.33062525640444634,0.108,0.143,1,ITGB1,-0,Not sig,NA
0.020698379627236353,-0.5095938463338787,0.104,0.138,1,B4GALT1,-0,Not sig,NA
0.020865126744278095,-0.530744220091633,0.124,0.159,1,MKNK1,-0,Not sig,NA
0.020867326902177234,0.3152418617904016,0.256,0.212,1,TBC1D4,-0,Not sig,NA
0.02120845077019882,0.22163386863286277,0.128,0.092,1,PRAM1,-0,Not sig,NA
0.021267893534373156,0.5128067369649593,0.135,0.1,1,NIN,-0,Not sig,NA
0.02128915820238884,-0.3662065105264296,0.202,0.241,1,PHKB,-0,Not sig,NA
0.021512985270310998,0.2550901065402912,0.151,0.11,1,PCED1B,-0,Not sig,NA
0.02154803899200922,0.28181173798163417,0.2,0.155,1,PSEN1,-0,Not sig,NA
0.021624779245030284,-0.37712002641713627,0.142,0.179,1,NBEAL1,-0,Not sig,NA
0.02174898458716691,0.24623110869638998,0.312,0.264,1,ARAP2,-0,Not sig,NA
0.02209401974230042,0.7408947610508195,0.101,0.072,1,ZC3H12C,-0,Not sig,NA
0.022429037783688564,0.47137807145441135,0.137,0.102,1,ANKRD36,-0,Not sig,NA
0.02257485242938833,0.42763966445217083,0.134,0.099,1,C1QTNF3-AMACR,-0,Not sig,NA
0.022743469486750573,-0.3756024020120804,0.142,0.181,1,RNF145,-0,Not sig,NA
0.022870208513656818,0.2663001576610393,0.271,0.225,1,NLK,-0,Not sig,NA
0.02307648815094958,-0.6054518573894315,0.101,0.133,1,KCMF1,-0,Not sig,NA
0.023162062816287944,0.14730968968603664,0.689,0.633,1,TCF12,-0,Not sig,NA
0.023290981928493278,0.13180042764411404,0.719,0.652,1,ZBTB20,-0,Not sig,NA
0.023698275829278574,-0.3413129340953891,0.258,0.301,1,CSNK1A1,-0,Not sig,NA
0.024216260029782898,-0.4667061862972375,0.164,0.199,1,USP53,-0,Not sig,NA
0.02426884950494048,-0.40363592962300654,0.096,0.129,1,KPNA4,-0,Not sig,NA
0.024335212545877498,0.3739807880757041,0.14,0.105,1,MGA,-0,Not sig,NA
0.02438628684540288,0.3734467755050449,0.104,0.072,1,MEGF9,-0,Not sig,NA
0.02456340246629735,-0.6068607272949309,0.079,0.107,1,FRMD3,-0,Not sig,NA
0.024712423049659964,0.3229965874115803,0.328,0.281,1,ADK,-0,Not sig,NA
0.024905681569283057,0.35237000523410145,0.229,0.188,1,C9orf3,-0,Not sig,NA
0.025193190135172,-0.4759159242988934,0.072,0.1,1,PRMT3,-0,Not sig,NA
0.025327505221303788,0.5512419913422051,0.156,0.12,1,SESN3,-0,Not sig,NA
0.025349476725099022,-0.30379625155469703,0.177,0.216,1,ARHGAP31,-0,Not sig,NA
0.025480798400526843,0.23375041977106625,0.279,0.232,1,FNBP1,-0,Not sig,NA
0.02561655491329723,-0.3239359432457549,0.256,0.295,1,TRAPPC9,-0,Not sig,NA
0.025646164930183523,0.14263369933987935,0.136,0.099,1,DAAM2,-0,Not sig,NA
0.025689089619009845,0.3318992765614255,0.123,0.09,1,TRERF1,-0,Not sig,NA
0.025783805873023955,0.23355011820567306,0.157,0.119,1,PPP1R21,-0,Not sig,NA
0.02601163617846469,0.11642279517121557,0.188,0.146,1,NRXN3,-0,Not sig,NA
0.026014692242732163,-0.22998844353014392,0.107,0.142,1,TRAF3,-0,Not sig,NA
0.026229604054961744,0.34621114070574727,0.118,0.085,1,DGLUCY,-0,Not sig,NA
0.026725630563776387,0.2844909840907539,0.309,0.261,1,SEPT7,-0,Not sig,NA
0.026781124711702204,0.6094116347394726,0.117,0.086,1,FOXK1,-0,Not sig,NA
0.027016837595449174,-0.34352683802067674,0.098,0.13,1,SLC10A7,-0,Not sig,NA
0.02701800577807662,0.46961514893523154,0.107,0.076,1,SLC7A6,-0,Not sig,NA
0.02704328281054704,0.3840034413166695,0.168,0.132,1,TAF3,-0,Not sig,NA
0.027271203431165732,0.2688297022013988,0.247,0.201,1,ZNF652,-0,Not sig,NA
0.027386852175798563,-0.31354174850456373,0.275,0.315,1,MSI2,-0,Not sig,NA
0.027453375527046533,0.4928551786960195,0.111,0.08,1,LINC01004,-0,Not sig,NA
0.027472346249121694,0.45347245022624394,0.179,0.143,1,KIAA1328,-0,Not sig,NA
0.027873984464332018,-0.5549974590987866,0.101,0.13,1,ARGLU1,-0,Not sig,NA
0.027985489613761915,0.3214237218385263,0.311,0.272,1,AGAP1,-0,Not sig,NA
0.028175796857685845,0.3986640544576814,0.136,0.102,1,SEMA4D,-0,Not sig,NA
0.028223654125238595,-0.378381927053427,0.174,0.213,1,SLC25A37,-0,Not sig,NA
0.02836611401036376,0.10247419111230371,0.311,0.256,1,SRPK2,-0,Not sig,NA
0.028564798401646083,0.7182778061579242,0.1,0.072,1,CCDC146,-0,Not sig,NA
0.02886479577121071,0.3169331809593019,0.198,0.158,1,A2M,-0,Not sig,NA
0.028872368383143658,-0.5294065869401013,0.087,0.116,1,NSMAF,-0,Not sig,NA
0.02912475868666813,-0.3409098357082513,0.141,0.178,1,STT3B,-0,Not sig,NA
0.029687092106534894,0.6535820449633649,0.125,0.095,1,ZDHHC17,-0,Not sig,NA
0.029729708466779952,0.3263083586715005,0.142,0.107,1,LAT2,-0,Not sig,NA
0.029802554859297732,-0.385931248335475,0.087,0.116,1,USP12,-0,Not sig,NA
0.03000645848819427,0.19898999972484632,0.269,0.221,1,CPED1,-0,Not sig,NA
0.03013435970432525,0.2898827230154167,0.15,0.115,1,PCGF5,-0,Not sig,NA
0.030332068326281186,0.2545978650423737,0.213,0.17,1,SLC25A13,-0,Not sig,NA
0.030786075388083995,0.2547102666314604,0.125,0.092,1,AC009690.1,-0,Not sig,NA
0.031294261057733794,0.3805815380384586,0.139,0.105,1,SYNRG,-0,Not sig,NA
0.03175323932486136,-0.33744058529342036,0.156,0.195,1,XRN2,-0,Not sig,NA
0.03216500118611852,0.15362462525264053,0.584,0.553,1,AUTS2,-0,Not sig,NA
0.03237294123824531,-0.5600538410806983,0.075,0.102,1,UBA2,-0,Not sig,NA
0.03243241551888791,-0.2903161343347793,0.148,0.185,1,CCDC50,-0,Not sig,NA
0.03253022997579723,-0.4346049204277578,0.141,0.176,1,REL,-0,Not sig,NA
0.033002585025826855,-0.2952806119515966,0.161,0.199,1,JAK1,-0,Not sig,NA
0.033345409854594436,-0.29095383182187007,0.324,0.358,1,PHIP,-0,Not sig,NA
0.033697656903212074,0.26926287622237466,0.165,0.128,1,RAPGEF5,-0,Not sig,NA
0.03376817971885751,0.2930245654569624,0.148,0.115,1,CNTLN,-0,Not sig,NA
0.03382599365131839,-0.2987608835113662,0.087,0.117,1,FCGR2A,-0,Not sig,NA
0.03403142028035049,0.3522912424991659,0.104,0.074,1,PHYKPL,-0,Not sig,NA
0.034142683866584374,0.12684305587102207,0.647,0.586,1,ARHGAP15,-0,Not sig,NA
0.03418871692707348,0.2528736645377996,0.216,0.175,1,AC118549.1,-0,Not sig,NA
0.034199209561130255,-0.37707228756521793,0.08,0.109,1,SNX25,-0,Not sig,NA
0.03433781899073325,-0.3358263042875749,0.152,0.188,1,PKP4,-0,Not sig,NA
0.03434109847738071,-0.5350568958774902,0.087,0.115,1,UBE2B,-0,Not sig,NA
0.03459824481362035,0.33954176479983667,0.186,0.149,1,ASXL1,-0,Not sig,NA
0.03476982489639522,-0.38133151530284526,0.159,0.195,1,AFF4,-0,Not sig,NA
0.034984671712044925,-0.4507648067067424,0.08,0.107,1,XIAP,-0,Not sig,NA
0.035107588086205566,0.20311530481802298,0.274,0.225,1,OSBPL3,-0,Not sig,NA
0.0351732663781564,0.37214728001511377,0.22,0.183,1,EP300,-0,Not sig,NA
0.03538526074715327,-0.33354743021206423,0.189,0.226,1,PHF20,-0,Not sig,NA
0.03559421764976017,0.3237804892480588,0.126,0.095,1,BANP,-0,Not sig,NA
0.035695238461252034,-0.5083453161442262,0.13,0.162,1,MPZL1,-0,Not sig,NA
0.03571713541842762,0.41342800201430574,0.204,0.168,1,CBL,-0,Not sig,NA
0.035782390042370125,0.49736173981116216,0.173,0.139,1,RAPH1,-0,Not sig,NA
0.03584323267949608,0.41950324976633824,0.165,0.132,1,LINC00278,-0,Not sig,NA
0.03631548657921713,0.1822784115432321,0.258,0.211,1,PSAP,-0,Not sig,NA
0.03713770436036333,-0.26031508076657334,0.084,0.113,1,DIDO1,-0,Not sig,NA
0.03716311584062219,0.1693214297593184,0.197,0.153,1,EPB41,-0,Not sig,NA
0.037220316092927426,0.1746482368878146,0.435,0.391,1,MGAT4A,-0,Not sig,NA
0.037378864931633796,0.29254614376802934,0.153,0.117,1,SPOPL,-0,Not sig,NA
0.03755836013898284,0.34921810420859845,0.131,0.099,1,CACNA2D1,-0,Not sig,NA
0.03763386168919717,0.22447815007599925,0.154,0.117,1,RASSF3,-0,Not sig,NA
0.03769192335344828,0.2740785868671223,0.233,0.191,1,CAB39,-0,Not sig,NA
0.03781639228065214,0.31554877471392234,0.116,0.085,1,MLXIPL,-0,Not sig,NA
0.038269436146768934,-0.3392532864395779,0.096,0.126,1,UBA6,-0,Not sig,NA
0.03877122290729017,0.23805557702306124,0.174,0.138,1,BIN1,-0,Not sig,NA
0.0388760814363325,0.27789332783403486,0.12,0.089,1,PILRA,-0,Not sig,NA
0.03904828827725033,0.6773210434907075,0.115,0.085,1,NRG3,-0,Not sig,NA
0.03909216527343348,-0.3673405562858194,0.148,0.181,1,DHRSX,-0,Not sig,NA
0.03931640895242834,-0.3929577523803637,0.141,0.173,1,PIAS2,-0,Not sig,NA
0.0395504120840276,-0.465621583826906,0.253,0.281,1,ARHGAP6,-0,Not sig,NA
0.03965963734035223,-0.421323197716042,0.126,0.158,1,UST,-0,Not sig,NA
0.03969134015116888,0.42674015125999826,0.103,0.074,1,KLC1,-0,Not sig,NA
0.039835958729905814,0.27208738825978895,0.243,0.203,1,ZDHHC14,-0,Not sig,NA
0.039958805156053025,-0.5632907679936385,0.152,0.183,1,CPVL,-0,Not sig,NA
0.04040884221758403,0.11155251918629094,0.289,0.239,1,NCK2,-0,Not sig,NA
0.04087695366358527,-0.4368570466706903,0.112,0.142,1,RNF19A,-0,Not sig,NA
0.04122026273574417,0.4385889052107529,0.136,0.105,1,RAB3GAP2,-0,Not sig,NA
0.04140958944824245,0.16667103798079275,0.369,0.315,1,CCND3,-0,Not sig,NA
0.04157511887365475,0.3823922597718837,0.114,0.085,1,AMD1,-0,Not sig,NA
0.04162426540717025,-0.22461373222283365,0.344,0.385,1,COP1,-0,Not sig,NA
0.041701273058145014,-0.3447960287732038,0.082,0.11,1,CD47,-0,Not sig,NA
0.04191630067559193,0.40796630314828486,0.144,0.11,1,OGFRL1,-0,Not sig,NA
0.04193002910619611,0.17188841700272128,0.612,0.57,1,UBE2E2,-0,Not sig,NA
0.0428737576230801,-0.40154941710625724,0.225,0.259,1,RORA,-0,Not sig,NA
0.0433349441083378,0.4934680437760889,0.116,0.087,1,ADCY7,-0,Not sig,NA
0.0436063718564105,0.2881847875517609,0.126,0.095,1,ZNF131,-0,Not sig,NA
0.04426562955996788,-0.36593618883763535,0.106,0.136,1,STX12,-0,Not sig,NA
0.044330983336831595,-0.5862385664730568,0.084,0.11,1,C2CD2,-0,Not sig,NA
0.044705311251701615,0.477600150972455,0.104,0.076,1,MXD4,-0,Not sig,NA
0.04476314127389018,0.34712965941055063,0.22,0.182,1,NAALADL2,-0,Not sig,NA
0.044765401135218305,0.3780882479006108,0.16,0.128,1,ARHGAP17,-0,Not sig,NA
0.04484564054593564,-0.2617660943776752,0.195,0.231,1,KLHL5,-0,Not sig,NA
0.045565768158158174,0.40536111181062306,0.156,0.123,1,TET3,-0,Not sig,NA
0.0459947660217589,0.4061176044390938,0.148,0.116,1,SREBF2,-0,Not sig,NA
0.046195690066750346,0.1568754297868573,0.184,0.145,1,KCNIP1,-0,Not sig,NA
0.04634081580699931,-0.4153408017356947,0.082,0.109,1,APOLD1,-0,Not sig,NA
0.04637189693346848,-0.5249991244925386,0.111,0.139,1,ZBTB38,-0,Not sig,NA
0.04637197087118714,-0.3389465640047675,0.144,0.178,1,TMCC3,-0,Not sig,NA
0.046437943692398176,0.4179834869972707,0.176,0.145,1,MFSD14C,-0,Not sig,NA
0.04647511642536333,0.19464254387326685,0.391,0.337,1,RNF130,-0,Not sig,NA
0.04657301570678652,-0.17298108545773294,0.282,0.324,1,LYN,-0,Not sig,NA
0.04663078239628534,0.33972955006500033,0.131,0.1,1,ZBTB44,-0,Not sig,NA
0.04690772421455424,0.5080115447144624,0.112,0.085,1,STK38L,-0,Not sig,NA
0.04717191121514242,0.18771080511948446,0.244,0.201,1,SGK3,-0,Not sig,NA
0.04743172895007174,0.4105586950447999,0.109,0.082,1,CARD11,-0,Not sig,NA
0.047672341371729494,0.33101238456830867,0.106,0.079,1,XRCC4,-0,Not sig,NA
0.04781931453120783,-0.39707446984283656,0.101,0.13,1,NBDY,-0,Not sig,NA
0.04784537860231067,0.30771117521545277,0.122,0.092,1,ZNF124,-0,Not sig,NA
0.04804922055124971,0.3018054409651658,0.163,0.129,1,ARFIP1,-0,Not sig,NA
0.04837205463874649,0.5093091168448091,0.11,0.083,1,CEPT1,-0,Not sig,NA
0.04873621596515665,-0.3785345918002843,0.082,0.109,1,SSFA2,-0,Not sig,NA
0.049029689617848225,-0.3356340955295489,0.191,0.225,1,HIPK3,-0,Not sig,NA
0.04918169575277793,0.3834377936044741,0.111,0.083,1,MSL2,-0,Not sig,NA
0.049352843112513714,0.22337297956550906,0.231,0.193,1,RSRC1,-0,Not sig,NA
0.04947447373304042,0.20336318512857143,0.186,0.15,1,IL17RA,-0,Not sig,NA
0.04952751642351812,-0.27410122574990514,0.243,0.279,1,RALGAPA1,-0,Not sig,NA
0.04955553887725529,-0.279293021237716,0.119,0.15,1,MYH9,-0,Not sig,NA
0.04961293187134462,0.32520985020771576,0.118,0.089,1,LINC00894,-0,Not sig,NA
0.050739009767777496,-0.38600344469175185,0.084,0.11,1,TCERG1,-0,Not sig,NA
0.05075546639594145,0.2055550018378487,0.223,0.183,1,ST8SIA4,-0,Not sig,NA
0.05106668266741819,-0.43198003184214817,0.109,0.138,1,PPFIBP1,-0,Not sig,NA
0.05158102020391869,0.37409484299883766,0.123,0.095,1,PPM1H,-0,Not sig,NA
0.051674239555027326,0.26727445801648453,0.201,0.165,1,SLCO3A1,-0,Not sig,NA
0.05170764507689891,0.36099108071810937,0.195,0.158,1,CCDC26,-0,Not sig,NA
0.051746386811032184,-0.43285596963097034,0.096,0.123,1,EWSR1,-0,Not sig,NA
0.0519873315654057,-0.5450178613800332,0.13,0.159,1,UBE2E3,-0,Not sig,NA
0.05249941020447868,-0.2320743901642741,0.305,0.344,1,ANKRD11,-0,Not sig,NA
0.052895425850454175,0.17841007145945564,0.379,0.331,1,CLASP1,-0,Not sig,NA
0.053542095185065565,-0.37312483577514355,0.436,0.453,1,PTPRC,-0,Not sig,NA
0.053596657715109665,0.31948029963500746,0.113,0.086,1,GLCE,-0,Not sig,NA
0.053784395726166785,0.3338896272580535,0.119,0.09,1,ZNF106,-0,Not sig,NA
0.05392464080409,0.3435477648740929,0.18,0.145,1,SPATA5,-0,Not sig,NA
0.05427850794867191,-0.3300179997668693,0.138,0.169,1,SCFD1,-0,Not sig,NA
0.05464426702834781,0.29354013776284726,0.299,0.264,1,WDR70,-0,Not sig,NA
0.05465967987421536,0.23389830043585125,0.465,0.421,1,DOCK2,-0,Not sig,NA
0.055053128370893184,-0.3899517706677924,0.084,0.11,1,MAP3K7,-0,Not sig,NA
0.055118048295509134,-0.24510551126852054,0.169,0.205,1,ZFAND6,-0,Not sig,NA
0.055677583205795966,-0.230916251614667,0.482,0.507,1,JAZF1,-0,Not sig,NA
0.05598069780760272,-0.27893585051586256,0.22,0.254,1,RREB1,-0,Not sig,NA
0.05621985857603849,-0.27669270993740847,0.131,0.163,1,SRBD1,-0,Not sig,NA
0.0566346249381834,-0.43433959564159724,0.106,0.133,1,TOP2B,-0,Not sig,NA
0.05669579428684596,0.10487922769438285,0.507,0.457,1,ATXN1,-0,Not sig,NA
0.05725711869634485,-0.1921458328985295,0.125,0.156,1,KLF12,-0,Not sig,NA
0.05729996078092331,0.23838257901807566,0.108,0.08,1,RAP1GAP2,-0,Not sig,NA
0.057728707292687746,-0.27264931284722493,0.231,0.268,1,IFI16,-0,Not sig,NA
0.05779303073167244,-0.3091923900080942,0.259,0.291,1,RBPJ,-0,Not sig,NA
0.05806354825215325,0.29464742956662393,0.21,0.175,1,POGZ,-0,Not sig,NA
0.05835972865881685,-0.3948589234219754,0.122,0.15,1,VGLL4,-0,Not sig,NA
0.058519780956318795,-0.3621612741591549,0.104,0.132,1,STAU1,-0,Not sig,NA
0.05877717016942479,-0.3254772065065982,0.12,0.149,1,CBR4,-0,Not sig,NA
0.05974646777481936,-0.27379609011594397,0.36,0.391,1,ANKS1A,-0,Not sig,NA
0.06027245930504869,0.3461682563476757,0.129,0.1,1,PARN,-0,Not sig,NA
0.060275459775020045,0.11414151196017408,0.197,0.159,1,KAT2B,-0,Not sig,NA
0.0612432070808826,0.12359183841350418,0.217,0.179,1,NRIP1,-0,Not sig,NA
0.0618937378183102,0.6728444058648403,0.108,0.083,1,LYPLAL1,-0,Not sig,NA
0.06213787290741739,0.5925417596014567,0.101,0.077,1,DDX60L,-0,Not sig,NA
0.062458100300422,-0.3414750341483367,0.076,0.1,1,ARHGAP10,-0,Not sig,NA
0.06254636271342982,0.3331600466319208,0.156,0.126,1,EDA,-0,Not sig,NA
0.06277241987617839,-0.38770167444823733,0.11,0.138,1,MAX,-0,Not sig,NA
0.06284471128667468,0.5066875573241291,0.101,0.076,1,S100PBP,-0,Not sig,NA
0.06351028696214173,-0.33428051844680684,0.135,0.163,1,PARD3B,-0,Not sig,NA
0.06376713682519733,0.37038141292089266,0.175,0.146,1,APPL2,-0,Not sig,NA
0.06414614686771922,0.19201178071871783,0.179,0.145,1,TFEC,-0,Not sig,NA
0.06457501017808924,0.13625995494841614,0.127,0.097,1,TIMM23B,-0,Not sig,NA
0.06457638960867564,-0.34873691520714434,0.094,0.12,1,AHI1,-0,Not sig,NA
0.06463252356074013,-0.38961755549100174,0.088,0.113,1,MTM1,-0,Not sig,NA
0.06464044969864893,0.2603050835068541,0.118,0.09,1,SRSF5,-0,Not sig,NA
0.06529924986636973,0.4215191668396225,0.156,0.126,1,FBXW4,-0,Not sig,NA
0.06686650447600213,-0.41068624631060224,0.161,0.192,1,LAMA2,-0,Not sig,NA
0.06687182606876609,0.23480971644697957,0.258,0.221,1,CSF1R,-0,Not sig,NA
0.06694034422150981,-0.4523147748999217,0.084,0.107,1,MAP3K4,-0,Not sig,NA
0.06739559919837686,0.1412129342999071,0.216,0.178,1,SPATA6,-0,Not sig,NA
0.06748521236196942,-0.26561764186795256,0.225,0.259,1,PRRC2C,-0,Not sig,NA
0.06807178596921586,-0.23251236723106739,0.254,0.288,1,PLCL2,-0,Not sig,NA
0.06863044302870945,0.20594857882203477,0.253,0.215,1,FNIP2,-0,Not sig,NA
0.06873703011721609,-0.26080492249817544,0.207,0.241,1,ZEB1,-0,Not sig,NA
0.06881867318179011,0.1929266225663956,0.145,0.115,1,TIMP2,-0,Not sig,NA
0.06935112240002811,-0.45638429490314525,0.082,0.106,1,ATL2,-0,Not sig,NA
0.06948189228584066,0.31586831014723116,0.14,0.11,1,TNRC6C,-0,Not sig,NA
0.06953230009267325,-0.22171546211085325,0.244,0.281,1,NFE2L2,-0,Not sig,NA
0.06953792157428884,0.28172759182650564,0.147,0.117,1,SLX4IP,-0,Not sig,NA
0.06989629836368097,0.3453289112441551,0.173,0.142,1,RNF216,-0,Not sig,NA
0.07015053590812174,0.12421039512037124,0.394,0.351,1,FER,-0,Not sig,NA
0.07025514744080978,-0.3551521252057317,0.199,0.228,1,XKR6,-0,Not sig,NA
0.07054872660587198,-0.5138749414265971,0.084,0.107,1,NCKAP1,-0,Not sig,NA
0.07069415253440267,-0.4128557477447443,0.135,0.163,1,HCK,-0,Not sig,NA
0.07098317507755429,0.34976344515843577,0.112,0.086,1,CNNM2,-0,Not sig,NA
0.0726193813117507,0.25627383117789915,0.143,0.115,1,SMG6,-0,Not sig,NA
0.07291985150658377,0.25363822879372866,0.198,0.163,1,SRRM2,-0,Not sig,NA
0.07295223996317682,-0.5009141842073999,0.127,0.153,1,EPN2,-0,Not sig,NA
0.07299634025536894,-0.27973365628347735,0.134,0.163,1,WDR33,-0,Not sig,NA
0.0734172630894581,-0.31680335154659767,0.167,0.196,1,MAPK1,-0,Not sig,NA
0.07359112763436587,0.20419642310539254,0.208,0.173,1,ADNP,-0,Not sig,NA
0.07388182939349536,0.23278414384707746,0.323,0.285,1,FBXO11,-0,Not sig,NA
0.07413919473744988,-0.537170248711522,0.078,0.1,1,FAM126B,-0,Not sig,NA
0.07479688916332346,0.22482933672123284,0.274,0.238,1,FAM168A,-0,Not sig,NA
0.0748786168091547,0.22581239866379588,0.131,0.103,1,PDE4DIP,-0,Not sig,NA
0.07538963189962385,0.2886592960562506,0.191,0.159,1,ST3GAL6,-0,Not sig,NA
0.07601931021310113,0.38993703825778525,0.128,0.102,1,SERGEF,-0,Not sig,NA
0.07690630035239548,-0.4060611665847361,0.12,0.145,1,RASGEF1C,-0,Not sig,NA
0.07737029208981148,-0.23201594428447425,0.283,0.317,1,GRK3,-0,Not sig,NA
0.077527364530929,-0.43506827874856224,0.11,0.136,1,RUBCNL,-0,Not sig,NA
0.07758497593095309,0.29686926479269093,0.1,0.076,1,ZC3H6,-0,Not sig,NA
0.07772216510168115,0.41477937903478695,0.131,0.105,1,PHTF2,-0,Not sig,NA
0.07799907634435091,0.12225505291826133,0.519,0.466,1,SRGAP2B,-0,Not sig,NA
0.0782915157925147,0.2186549859457243,0.2,0.168,1,CHSY3,-0,Not sig,NA
0.07884576288851995,0.3907712875526601,0.206,0.178,1,CBFA2T2,-0,Not sig,NA
0.07885171055199536,-0.22963726499767123,0.278,0.309,1,KAT6A,-0,Not sig,NA
0.07898555564215853,0.2595763864053031,0.255,0.221,1,TAOK1,-0,Not sig,NA
0.07903442896022293,0.18925255540383823,0.264,0.231,1,NCOR1,-0,Not sig,NA
0.07920967054790769,0.2342005785367049,0.112,0.086,1,CSDE1,-0,Not sig,NA
0.07994807461669226,-0.30730529194258827,0.109,0.135,1,PARP4,-0,Not sig,NA
0.08010322691965767,-0.24554081527879879,0.311,0.341,1,PHF21A,-0,Not sig,NA
0.08029356323123851,0.17969154777174623,0.25,0.213,1,BRAF,-0,Not sig,NA
0.08057232618174438,0.43620460854646714,0.12,0.096,1,PRKRIP1,-0,Not sig,NA
0.08061942258075892,-0.14623108894885206,0.189,0.225,1,FTL,-0,Not sig,NA
0.08065077372836413,0.170775427684772,0.112,0.086,1,PAK1,-0,Not sig,NA
0.08065279833362045,-0.3808491166479416,0.11,0.136,1,LINC00623,-0,Not sig,NA
0.08092394261498306,-0.422522588414996,0.101,0.125,1,FOCAD,-0,Not sig,NA
0.08225600829573429,-0.31712974352496587,0.093,0.117,1,USP9Y,-0,Not sig,NA
0.08244487922334452,0.10486953899322815,0.244,0.206,1,ARID1A,-0,Not sig,NA
0.08249190652330347,-0.30253657699675474,0.24,0.268,1,FBXW7,-0,Not sig,NA
0.08363401175720146,-0.3318172747753766,0.083,0.106,1,EIF3A,-0,Not sig,NA
0.08390938269557675,-0.27901692052905336,0.148,0.178,1,FAR2,-0,Not sig,NA
0.08539179252948355,0.4585772085626635,0.102,0.079,1,MTMR10,-0,Not sig,NA
0.08558008788376947,0.10423225466084052,0.152,0.122,1,WWP2,-0,Not sig,NA
0.08596988111365597,-0.23027364688228102,0.231,0.259,1,MS4A6A,-0,Not sig,NA
0.08600899044366545,-0.25057954948895267,0.265,0.294,1,ZNF407,-0,Not sig,NA
0.0860145889463552,0.32274161312149524,0.12,0.095,1,FBXL4,-0,Not sig,NA
0.08688595811767173,-0.41677651659276854,0.112,0.136,1,TBL1X,-0,Not sig,NA
0.08739112010462484,-0.36182474591525327,0.167,0.195,1,NFKB1,-0,Not sig,NA
0.08762750439939081,0.2541584088458096,0.137,0.109,1,WDR20,-0,Not sig,NA
0.08837000577059609,-0.3892299594805344,0.142,0.17,1,THOC2,-0,Not sig,NA
0.08875223303549956,0.32299465723423815,0.15,0.122,1,RNASEH2B,-0,Not sig,NA
0.08897630972652674,-0.1402341726562928,0.387,0.423,1,USP34,-0,Not sig,NA
0.08906035287929477,0.121130313971761,0.424,0.387,1,SDCCAG8,-0,Not sig,NA
0.08947500757577415,-0.3223092344219286,0.106,0.13,1,TM9SF3,-0,Not sig,NA
0.08959539903374905,0.15466953666102246,0.279,0.241,1,WDFY2,-0,Not sig,NA
0.0899178458465863,0.1466641923275469,0.177,0.145,1,RPS6KA5,-0,Not sig,NA
0.09098187781802064,0.30658960005729163,0.233,0.203,1,TULP4,-0,Not sig,NA
0.09104833660449482,0.1298481616075069,0.43,0.385,1,ATG7,-0,Not sig,NA
0.09208108149551819,-0.45421890597368564,0.157,0.182,1,JUND,-0,Not sig,NA
0.09223211181835635,-0.3004297022230189,0.179,0.206,1,PABPC1,-0,Not sig,NA
0.09229806621782631,-0.17259131285781015,0.123,0.15,1,DNAJC3,-0,Not sig,NA
0.0923443969178304,-0.6346345467130594,0.082,0.103,1,SMAD5,-0,Not sig,NA
0.09246164483773965,0.16851729594450404,0.182,0.15,1,APBA1,-0,Not sig,NA
0.09317912690329315,0.47121734314508035,0.148,0.123,1,ZFYVE16,-0,Not sig,NA
0.09341501849130604,0.29470254745112245,0.247,0.213,1,FUS,-0,Not sig,NA
0.09355272078296122,0.36932909784460854,0.143,0.116,1,PPM1L,-0,Not sig,NA
0.09397136431184434,-0.435555549976945,0.19,0.215,1,IGSF21,-0,Not sig,NA
0.09409772103380204,-0.3990798398130816,0.103,0.126,1,ASTN2,-0,Not sig,NA
0.09458006749558658,-0.22089411387243052,0.659,0.659,1,CHST11,-0,Not sig,NA
0.09492904240852283,0.18663434741557583,0.225,0.191,1,AC244021.1,-0,Not sig,NA
0.0956383756444482,-0.26688312590551966,0.092,0.115,1,PPP2R2D,-0,Not sig,NA
0.0956758938343347,0.19536181160773314,0.242,0.208,1,HP1BP3,-0,Not sig,NA
0.09584305195287643,-0.2388917050226944,0.116,0.142,1,RHOQ,-0,Not sig,NA
0.09609138739216397,0.15020222913002024,0.231,0.193,1,CD74,-0,Not sig,NA
0.09643974438192655,-0.2763253962155465,0.158,0.186,1,PLA2G4A,-0,Not sig,NA
0.09659282577449992,-0.21508228402811214,0.214,0.245,1,DCAF6,-0,Not sig,NA
0.096750813051112175,-0.10549516658693603,0.125,0.153,1,WDR26,-0,Not sig,NA
0.09693478497910452,-0.3252166108318383,0.085,0.107,1,CALCOCO2,-0,Not sig,NA
0.09701482118510418,0.2145776671712829,0.181,0.149,1,SAMD4A,-0,Not sig,NA
0.09708427250688083,0.1737943174449904,0.158,0.129,1,CASC4,-0,Not sig,NA
0.09733208404919759,0.2170779527624055,0.13,0.103,1,NUDCD3,-0,Not sig,NA
0.09751431591467868,-0.22108120190401623,0.088,0.112,1,IWS1,-0,Not sig,NA
0.09825847040758783,-0.12714234466754087,0.083,0.105,1,ZFPM2,-0,Not sig,NA
0.09829745772810637,-0.4995518471050049,0.122,0.146,1,IKZF2,-0,Not sig,NA
0.09851007438838547,-0.37073178423119935,0.142,0.168,1,CUL1,-0,Not sig,NA
0.09895492326751419,-0.12201662150503889,0.311,0.345,1,WAC,-0,Not sig,NA
0.09910061153184009,-0.16828630195613353,0.087,0.112,1,KIF5B,-0,Not sig,NA
0.09917105571811231,-0.4460854118286193,0.129,0.153,1,SLMAP,-0,Not sig,NA
0.09921696740949472,-0.24481232011621734,0.09,0.113,1,KCTD8,-0,Not sig,NA
0.1000692363634424,0.24045600353150753,0.27,0.241,1,PTBP2,-0,Not sig,NA
0.10048835150727685,-0.4580336963394762,0.275,0.295,1,FAM13A,-0,Not sig,NA
0.10143484920679795,-0.3260080274694054,0.148,0.173,1,PPM1B,-0,Not sig,NA
0.10144936252005758,0.24251527491189706,0.275,0.245,1,NR3C1,-0,Not sig,NA
0.10164880424183367,0.13663326384501673,0.334,0.294,1,EPS15,-0,Not sig,NA
0.1023951546015053,0.18188029720635424,0.289,0.254,1,PCM1,-0,Not sig,NA
0.10301294157013931,0.31306894340249003,0.24,0.211,1,TLE4,-0,Not sig,NA
0.10325622179726314,-0.23048698100349974,0.106,0.13,1,C22orf34,-0,Not sig,NA
0.10373468919032822,-0.2961598305916877,0.267,0.292,1,DENND3,-0,Not sig,NA
0.10384252342373962,-0.2746253109773913,0.141,0.168,1,EXOC2,-0,Not sig,NA
0.10530411891491911,0.1914813634421716,0.123,0.099,1,PIK3CD,-0,Not sig,NA
0.10612942426983416,-0.3358890871827356,0.265,0.294,1,HSP90AA1,-0,Not sig,NA
0.10659966776227094,0.1897386097401479,0.146,0.119,1,DEPTOR,-0,Not sig,NA
0.10674308788670415,0.14549492189837587,0.242,0.209,1,ATXN2,-0,Not sig,NA
0.10724026166987148,0.21877203317153265,0.129,0.103,1,SNX24,-0,Not sig,NA
0.10727890071356062,-0.3545653239097031,0.114,0.138,1,TNKS2,-0,Not sig,NA
0.10810431580268647,-0.196355124211808,0.383,0.404,1,CCNY,-0,Not sig,NA
0.10812746706379729,-0.23434905363467773,0.156,0.183,1,NAP1L1,-0,Not sig,NA
0.10827172168363397,0.22671619757005823,0.194,0.166,1,AHCYL2,-0,Not sig,NA
0.10829946349107127,0.27519819659751976,0.181,0.155,1,SAMHD1,-0,Not sig,NA
0.1084188338975264,0.3009981406216698,0.138,0.112,1,GARNL3,-0,Not sig,NA
0.10869876262263356,-0.23513499447893627,0.194,0.222,1,MAP4,-0,Not sig,NA
0.10903706525100564,-0.26094760885601087,0.123,0.149,1,EFR3A,-0,Not sig,NA
0.10935542287192351,-0.2659569210097512,0.417,0.433,1,MACF1,-0,Not sig,NA
0.1096466088593638,0.2758826387181602,0.155,0.129,1,ATP6V0A1,-0,Not sig,NA
0.10989166689765356,0.12994065972989022,0.383,0.338,1,RASAL2,-0,Not sig,NA
0.10992437069440304,-0.43068035053146336,0.081,0.102,1,RPS9,-0,Not sig,NA
0.1106403597149781,0.15159251631275195,0.164,0.136,1,MIR29B2CHG,-0,Not sig,NA
0.1108913809440372,-0.30860689263067864,0.253,0.278,1,CFLAR,-0,Not sig,NA
0.1123489185290321,0.11118978113844613,0.135,0.109,1,MICU3,-0,Not sig,NA
0.11240122925249499,0.18606104236442877,0.159,0.133,1,MICU1,-0,Not sig,NA
0.11287869112079733,-0.2287409699669128,0.084,0.106,1,AP1G1,-0,Not sig,NA
0.1136587519892223,-0.5549693273499998,0.095,0.115,1,DHX15,-0,Not sig,NA
0.11519047005686003,-0.3709702607890557,0.093,0.115,1,WDR41,-0,Not sig,NA
0.11539918538923061,-0.23248625549764168,0.206,0.232,1,ZMYM4,-0,Not sig,NA
0.1155566639395079,-0.3631354016226451,0.103,0.125,1,PDCD4,-0,Not sig,NA
0.11582906804000224,-0.3855650409153354,0.109,0.132,1,CD2AP,-0,Not sig,NA
0.11600575723477716,0.2124980476331536,0.138,0.113,1,USP54,-0,Not sig,NA
0.11623336539553265,0.15947779839973664,0.219,0.185,1,UBE2E1,-0,Not sig,NA
0.1162759661539596,0.5470055948621206,0.105,0.085,1,STAMBPL1,-0,Not sig,NA
0.11629518290082345,0.44921047746281284,0.107,0.086,1,TMEM260,-0,Not sig,NA
0.1165546150104927,-0.3202182062754749,0.148,0.173,1,SETBP1,-0,Not sig,NA
0.11707122110787364,-0.38946130506006355,0.091,0.112,1,MAST4,-0,Not sig,NA
0.11708348878831687,-0.32542484755403384,0.084,0.105,1,DDX3X,-0,Not sig,NA
0.1171790334898765,-0.48078119729640406,0.094,0.115,1,AKAP8L,-0,Not sig,NA
0.11719013805815562,0.13121662310377458,0.292,0.255,1,LCOR,-0,Not sig,NA
0.1176970930644491,-0.3035994196291636,0.355,0.378,1,PAG1,-0,Not sig,NA
0.11818676619142196,-0.21735687081921706,0.138,0.163,1,CAPZA1,-0,Not sig,NA
0.11829980144872486,-0.24006942121703392,0.09,0.112,1,RAB14,-0,Not sig,NA
0.11926186919321646,-0.552021290001881,0.113,0.133,1,AGO2,-0,Not sig,NA
0.11929169187292196,0.10063002800032139,0.555,0.506,1,FGD4,-0,Not sig,NA
0.1193294719005394,0.15769796481918802,0.109,0.086,1,HIBADH,-0,Not sig,NA
0.11936842367657371,-0.2644239607857579,0.319,0.35,1,PTK2,-0,Not sig,NA
0.11939720007378017,-0.175190943087552,0.143,0.17,1,UGGT2,-0,Not sig,NA
0.1198195481253108,0.13401154221064848,0.347,0.307,1,NHSL1,-0,Not sig,NA
0.11996722161151324,-0.5451025597729443,0.085,0.105,1,DUSP16,-0,Not sig,NA
0.1202676822154125,0.32054289605815334,0.14,0.115,1,ZNF721,-0,Not sig,NA
0.12048056205605166,-0.3372366888385862,0.094,0.116,1,PABPC4,-0,Not sig,NA
0.12048464925491657,0.41379718500018614,0.115,0.093,1,ATG5,-0,Not sig,NA
0.12072579554172337,0.12911397779947187,0.402,0.362,1,BCAS3,-0,Not sig,NA
0.12080873085325881,0.3953776791026865,0.112,0.09,1,KLHDC10,-0,Not sig,NA
0.12168759397046577,-0.2161281191116231,0.397,0.418,1,VPS13B,-0,Not sig,NA
0.12208550165550996,0.11683299383640078,0.225,0.192,1,TMEM117,-0,Not sig,NA
0.1221391638361101,-0.1533164131757367,0.091,0.113,1,SLC25A36,-0,Not sig,NA
0.12216153148000644,0.23598159854191691,0.242,0.209,1,C6orf62,-0,Not sig,NA
0.12227115360872193,0.15103525978280918,0.14,0.113,1,STK39,-0,Not sig,NA
0.122888153253848,0.46285614556097543,0.126,0.105,1,NUBPL,-0,Not sig,NA
0.12310361087237688,0.11847746880317678,0.145,0.117,1,PXK,-0,Not sig,NA
0.1238502685248368,-0.12474572729333078,0.308,0.337,1,UBE2D3,-0,Not sig,NA
0.12409251470236735,-0.2811440581993696,0.166,0.191,1,PACSIN2,-0,Not sig,NA
0.1245426612026155,-0.3006672548373588,0.203,0.228,1,RBM33,-0,Not sig,NA
0.12470100745331028,-0.3593659060281409,0.091,0.112,1,LITAF,-0,Not sig,NA
0.1254393625024992,0.26086873405025246,0.199,0.172,1,PHF14,-0,Not sig,NA
0.12545947895272036,-0.48026591496346804,0.088,0.107,1,TEAD1,-0,Not sig,NA
0.12595368767339218,0.32960559233997455,0.186,0.162,1,AVL9,-0,Not sig,NA
0.12620492135859138,-0.2503240633543302,0.247,0.272,1,MKL1,-0,Not sig,NA
0.12676802000772006,0.288380766669974,0.132,0.109,1,SLC38A9,-0,Not sig,NA
0.12700778447283995,0.19043356278536794,0.193,0.165,1,PLCG2,-0,Not sig,NA
0.12791136981520318,0.2744487429336785,0.114,0.092,1,PARG,-0,Not sig,NA
0.12795310596023818,0.2682597020428177,0.101,0.08,1,PARVG,-0,Not sig,NA
0.12800710009716673,0.16078072976630553,0.229,0.196,1,TBC1D12,-0,Not sig,NA
0.12836845204046196,0.49928825992882453,0.115,0.095,1,PRPF4B,-0,Not sig,NA
0.1290248639179282,-0.565949735891075,0.095,0.115,1,FAM157C,-0,Not sig,NA
0.12936734738133993,-0.20352277594367907,0.155,0.182,1,MAP3K3,-0,Not sig,NA
0.13003224116272946,0.15551447318456058,0.409,0.372,1,EXOC6B,-0,Not sig,NA
0.13028078965364814,-0.23794650481397306,0.275,0.301,1,ITFG1,-0,Not sig,NA
0.13104026177095504,-0.2397836618698168,0.265,0.294,1,SUCLG2,-0,Not sig,NA
0.13192737609681326,-0.4589923989302038,0.11,0.132,1,ZNF33A,-0,Not sig,NA
0.13217879829087606,0.21056725792803677,0.162,0.135,1,DIP2A,-0,Not sig,NA
0.1332246787568143,-0.19554007157048958,0.197,0.226,1,KTN1,-0,Not sig,NA
0.13328601558398348,-0.30545344191779766,0.156,0.179,1,RNF115,-0,Not sig,NA
0.13365119744132894,0.12585647106844966,0.172,0.145,1,AGO4,-0,Not sig,NA
0.13899194946266075,-0.21394681704974827,0.3,0.331,1,ZCCHC7,-0,Not sig,NA
0.140497830414416,0.19271201734753202,0.118,0.096,1,U2SURP,-0,Not sig,NA
0.14093716733519693,0.10113474609653572,0.265,0.232,1,LIMS1,-0,Not sig,NA
0.14223911890546773,-0.24382573968532495,0.211,0.238,1,CHCHD3,-0,Not sig,NA
0.14278180614973957,0.17001046056243962,0.172,0.145,1,PTPRA,-0,Not sig,NA
0.14311798168283982,0.15097681818447972,0.341,0.302,1,ATM,-0,Not sig,NA
0.14375512360950404,0.24249544835091394,0.121,0.099,1,MARK2,-0,Not sig,NA
0.1446386157921117,0.2876316711597574,0.158,0.133,1,ARPC2,-0,Not sig,NA
0.14621318125782085,-0.1731476613277904,0.081,0.1,1,DGKD,-0,Not sig,NA
0.14651579999520084,0.12233921521011115,0.169,0.143,1,RNF111,-0,Not sig,NA
0.14742421452075735,0.29866452379798225,0.116,0.095,1,RAB12,-0,Not sig,NA
0.1477564361411678,-0.4052870557406788,0.095,0.115,1,AP2A2,-0,Not sig,NA
0.14790799131971405,0.11937778051582665,0.125,0.102,1,KANK1,-0,Not sig,NA
0.1481627205602424,0.16829401772634855,0.216,0.188,1,DIP2C,-0,Not sig,NA
0.14869161159556354,-0.4102050143881366,0.102,0.123,1,MICU2,-0,Not sig,NA
0.1494889349048918,-0.19771781065984761,0.394,0.414,1,DENND1A,-0,Not sig,NA
0.14962173538595608,-0.2230076833543091,0.138,0.162,1,RB1CC1,-0,Not sig,NA
0.15043669282517433,-0.20822318104659798,0.298,0.328,1,ANKRD12,-0,Not sig,NA
0.15089045060456538,0.4781371777749045,0.12,0.1,1,PPP3CB,-0,Not sig,NA
0.15160314628987046,0.10333481165224129,0.114,0.092,1,LIFR,-0,Not sig,NA
0.15225039804383692,0.16996480874192677,0.109,0.087,1,HPS3,-0,Not sig,NA
0.15230085584310937,0.18903329213180708,0.151,0.128,1,RBM5,-0,Not sig,NA
0.1527588947515432,-0.37087289392397915,0.11,0.13,1,PTPN9,-0,Not sig,NA
0.15334317248022314,0.2291379418782198,0.222,0.196,1,AGO3,-0,Not sig,NA
0.15349804668480296,-0.21079415838351467,0.289,0.314,1,SUMF1,-0,Not sig,NA
0.15444449851497946,0.20782597982835177,0.148,0.125,1,ARMC8,-0,Not sig,NA
0.15452778022494984,0.22409896431351584,0.264,0.236,1,ITSN2,-0,Not sig,NA
0.154922929704843,-0.2995864097734886,0.524,0.523,1,RUNX1,-0,Not sig,NA
0.15522473852749633,-0.3417053645139371,0.092,0.112,1,FNBP4,-0,Not sig,NA
0.15555644646401223,-0.1906504868373574,0.102,0.123,1,CAPZA2,-0,Not sig,NA
0.15636238908342226,0.1606797705398353,0.112,0.09,1,GAK,-0,Not sig,NA
0.15669589734057493,0.15668654375895774,0.325,0.297,1,GSK3B,-0,Not sig,NA
0.15669650736945626,-0.3366377527278428,0.208,0.231,1,ATP11A,-0,Not sig,NA
0.15819478263207334,-0.21215701403503384,0.084,0.103,1,AC116366.3,-0,Not sig,NA
0.1590497997071028,0.10320592659325256,0.289,0.256,1,WIPF1,-0,Not sig,NA
0.16028924637154832,0.2913742877459802,0.203,0.181,1,ACTR3,-0,Not sig,NA
0.16032894148374635,-0.2921936822749821,0.144,0.166,1,LMBR1,-0,Not sig,NA
0.16152785422152258,-0.28689949265066017,0.129,0.15,1,YWHAZ,-0,Not sig,NA
0.16170188631522447,0.171587017689097,0.17,0.145,1,FARP1,-0,Not sig,NA
0.16173654407151755,-0.1861137924642995,0.179,0.202,1,MSN,-0,Not sig,NA
0.1618280399453813,0.14917994599130946,0.266,0.236,1,TNRC6A,-0,Not sig,NA
0.16193860809007413,0.3264588239840607,0.156,0.135,1,SH3RF1,-0,Not sig,NA
0.16328527367479378,-0.13688864415853264,0.317,0.347,1,HERC4,-0,Not sig,NA
0.16344092865396534,-0.2136585662208439,0.116,0.138,1,NEDD9,-0,Not sig,NA
0.1652158658854649,-0.30206562316564267,0.185,0.211,1,EML4,-0,Not sig,NA
0.16604432839598243,-0.43226559466282566,0.134,0.153,1,NFIB,-0,Not sig,NA
0.16638188561224646,0.2366737702235142,0.158,0.135,1,ZMYND8,-0,Not sig,NA
0.16692668836516716,-0.32178004146934536,0.095,0.115,1,ATXN3,-0,Not sig,NA
0.16710978081535413,-0.36439150684482374,0.095,0.115,1,EDEM3,-0,Not sig,NA
0.16716404159303289,0.24010296046919566,0.164,0.14,1,WWP1,-0,Not sig,NA
0.1673151828202122,-0.14474713020342256,0.112,0.135,1,TMEM135,-0,Not sig,NA
0.1673844080152283,-0.21112832826586603,0.181,0.205,1,XRN1,-0,Not sig,NA
0.1674029913014058,0.28619786827430527,0.133,0.112,1,BCKDHB,-0,Not sig,NA
0.16830707748412452,0.20947530755651478,0.287,0.262,1,TTC17,-0,Not sig,NA
0.16951632278099668,-0.1357007572368043,0.575,0.582,1,ZFAND3,-0,Not sig,NA
0.16986161415798123,0.24895776945461978,0.137,0.115,1,TTC37,-0,Not sig,NA
0.16999316341097523,-0.21986870940438685,0.102,0.122,1,G3BP1,-0,Not sig,NA
0.17050832757396783,-0.32219877673387065,0.106,0.126,1,ATP6V1H,-0,Not sig,NA
0.17078503449198626,-0.21209019553271502,0.123,0.145,1,PPHLN1,-0,Not sig,NA
0.17131577187723845,0.40165347561154385,0.115,0.096,1,CYB5R4,-0,Not sig,NA
0.1725100610230619,-0.24419213402229478,0.128,0.15,1,RAB6A,-0,Not sig,NA
0.1734391226872204,-0.3270866747654403,0.129,0.149,1,KYNU,-0,Not sig,NA
0.1749859709975138,0.15917017435481162,0.111,0.09,1,AC008014.1,-0,Not sig,NA
0.17558586206771434,-0.15095426521922528,0.133,0.155,1,SLC38A2,-0,Not sig,NA
0.1765080568795629,0.18522052961127006,0.119,0.099,1,APC,-0,Not sig,NA
0.1765531297417196,0.27891722314189027,0.115,0.096,1,TRAPPC12,-0,Not sig,NA
0.17668150384458967,-0.45116798738361186,0.086,0.103,1,MYSM1,-0,Not sig,NA
0.17697448311686934,-0.3800037587668695,0.094,0.112,1,REV1,-0,Not sig,NA
0.17759885313481952,0.17162394745015352,0.223,0.196,1,SPECC1,-0,Not sig,NA
0.17761930210499893,-0.253255584799551,0.16,0.182,1,CHKA,-0,Not sig,NA
0.17901184874058465,-0.11053570245768363,0.178,0.203,1,SLC2A13,-0,Not sig,NA
0.17937032981911116,-0.3428701878998641,0.142,0.162,1,CNTRL,-0,Not sig,NA
0.17943243450671237,-0.14700259611163324,0.247,0.274,1,BRWD1,-0,Not sig,NA
0.1807756875932685,-0.27020077351084476,0.101,0.12,1,UBASH3B,-0,Not sig,NA
0.18080172656461116,0.13367106933955852,0.162,0.138,1,SIPA1L3,-0,Not sig,NA
0.18115091598672098,0.26617797564972745,0.169,0.148,1,RABGAP1,-0,Not sig,NA
0.1813491508929141,-0.32446565420560036,0.15,0.169,1,LAPTM5,-0,Not sig,NA
0.18138766111460328,-0.16694183533167473,0.292,0.315,1,FTO,-0,Not sig,NA
0.18219645051519434,-0.2847378710324766,0.321,0.338,1,RFX3,-0,Not sig,NA
0.18421485320162084,-0.16697977757929505,0.133,0.156,1,ARHGAP18,-0,Not sig,NA
0.18521058568374968,-0.1658258934868695,0.175,0.199,1,SPTBN1,-0,Not sig,NA
0.1872459698743419,-0.24969141622692623,0.09,0.107,1,YEATS2,-0,Not sig,NA
0.18726918107402707,0.10337395744578459,0.186,0.159,1,NR3C2,-0,Not sig,NA
0.18837105055169093,0.155787162437939,0.239,0.215,1,MON2,-0,Not sig,NA
0.1884612537342221,-0.12170077576184118,0.111,0.132,1,RAB8B,-0,Not sig,NA
0.18854879242704245,-0.3187404508760687,0.095,0.113,1,ABI2,-0,Not sig,NA
0.19048422085941757,-0.32679276907523325,0.139,0.159,1,ANKH,-0,Not sig,NA
0.1910273234568184,0.266911771280423,0.185,0.163,1,RSF1,-0,Not sig,NA
0.1913228756920807,0.2596374141141481,0.106,0.087,1,SLC35F5,-0,Not sig,NA
0.19224295837465122,0.19042765260114125,0.256,0.232,1,EHMT1,-0,Not sig,NA
0.1925575757033755,-0.11594633022554146,0.234,0.259,1,PPP2R2A,-0,Not sig,NA
0.19286370404914624,-0.40013224889332377,0.084,0.1,1,ARID3A,-0,Not sig,NA
0.19360048875857483,-0.2331665422562546,0.114,0.133,1,EVA1C,-0,Not sig,NA
0.19485217240955238,-0.21590215861511952,0.148,0.169,1,ZNF451,-0,Not sig,NA
0.19578358539387605,-0.10228398655894466,0.634,0.556,1,DPYD,-0,Not sig,NA
0.1958166333303499,0.22207859685550466,0.109,0.09,1,NSL1,-0,Not sig,NA
0.19678353675834864,-0.15762811046138736,0.12,0.142,1,CDC14A,-0,Not sig,NA
0.1972493637747803,0.19702168586392277,0.175,0.153,1,CTTNBP2NL,-0,Not sig,NA
0.1983123148821668,-0.31949952146505317,0.095,0.112,1,DDHD1,-0,Not sig,NA
0.1984148647792996,-0.3281849932590615,0.117,0.136,1,PSMA1,-0,Not sig,NA
0.19910588851594102,0.2275255903995292,0.109,0.09,1,SLC2A9,-0,Not sig,NA
0.19993463095682557,-0.2837854404016611,0.1,0.117,1,CMC1,-0,Not sig,NA
0.20005112684119622,-0.2496413683670955,0.131,0.15,1,ELOVL5,-0,Not sig,NA
0.2006486111697946,0.20331793747368054,0.145,0.123,1,ARSB,-0,Not sig,NA
0.20226187595925307,-0.150264806075469,0.192,0.218,1,WASHC4,-0,Not sig,NA
0.20381703018188146,-0.13894579379502447,0.452,0.471,1,ARL15,-0,Not sig,NA
0.2043630786600754,-0.42645126713537085,0.114,0.132,1,GPC5,-0,Not sig,NA
0.20545194285052953,0.30424431675111746,0.14,0.122,1,FOXN2,-0,Not sig,NA
0.20556025622056195,0.1465509163467919,0.123,0.103,1,APPBP2,-0,Not sig,NA
0.20564787414991106,0.3330230375284403,0.101,0.085,1,PANK2,-0,Not sig,NA
0.2059086526485153,0.21694455440707816,0.137,0.117,1,LINC01684,-0,Not sig,NA
0.20656070314401032,0.3492747880620173,0.117,0.099,1,ASCC1,-0,Not sig,NA
0.20660240842154126,0.16928870419692887,0.191,0.168,1,DENND4C,-0,Not sig,NA
0.20704671524635765,-0.2654068565996628,0.097,0.115,1,SEC31A,-0,Not sig,NA
0.20797565937492313,0.16874082334178864,0.128,0.107,1,ACIN1,-0,Not sig,NA
0.2080334293997896,0.15742200864761902,0.241,0.211,1,CPM,-0,Not sig,NA
0.20841251691299084,-0.23644503976165399,0.233,0.251,1,ADIPOR2,-0,Not sig,NA
0.20914879748555856,0.27520331739819603,0.107,0.089,1,KIZ,-0,Not sig,NA
0.20992407062857688,-0.2733420609585907,0.115,0.133,1,UBE2G1,-0,Not sig,NA
0.21016701486954592,-0.29746895387180117,0.195,0.213,1,SCFD2,-0,Not sig,NA
0.21086227995556472,0.26796073148102456,0.101,0.083,1,LINC02256,-0,Not sig,NA
0.21168603142421438,-0.27228013093791537,0.108,0.126,1,PPIG,-0,Not sig,NA
0.21435009510176145,-0.1995169713367888,0.241,0.261,1,HNRNPA2B1,-0,Not sig,NA
0.2150213229875757,0.17756182725419678,0.188,0.163,1,GALNT10,-0,Not sig,NA
0.21727061369903358,0.14231690222386506,0.209,0.185,1,ABL1,-0,Not sig,NA
0.2174181001326483,-0.3077194698801281,0.095,0.112,1,ZNF516,-0,Not sig,NA
0.2181458280837793,-0.18656224258646592,0.214,0.239,1,MED13,-0,Not sig,NA
0.21867205334875273,0.27350317280297765,0.167,0.146,1,GPD2,-0,Not sig,NA
0.2194378554666328,0.2575331494125911,0.119,0.1,1,ZKSCAN1,-0,Not sig,NA
0.21969093778548335,-0.16611648615190644,0.383,0.398,1,FLI1,-0,Not sig,NA
0.22050631059334405,0.15400744153227974,0.173,0.152,1,WDPCP,-0,Not sig,NA
0.22061230902751985,0.1597914303345756,0.111,0.093,1,TTC7B,-0,Not sig,NA
0.22085953740386952,0.22706499066156333,0.119,0.1,1,MED27,-0,Not sig,NA
0.221093766755385,-0.33560502784452706,0.182,0.201,1,KDM5A,-0,Not sig,NA
0.22352834997371762,-0.1868040220070215,0.249,0.271,1,NKTR,-0,Not sig,NA
0.22359101942504644,0.13897767166798625,0.194,0.169,1,CNOT4,-0,Not sig,NA
0.2239381304188089,-0.2195257844458791,0.239,0.258,1,PRKAG2,-0,Not sig,NA
0.22435022298353338,-0.19040770800457718,0.312,0.331,1,KMT2E,-0,Not sig,NA
0.22540007076210822,0.22486865248176907,0.127,0.109,1,QSER1,-0,Not sig,NA
0.22589357621766334,-0.33980253518280007,0.095,0.112,1,SH3TC1,-0,Not sig,NA
0.2261137973475751,-0.28694682133838534,0.177,0.196,1,TRIM44,-0,Not sig,NA
0.22652896616804238,-0.2753298112920042,0.206,0.225,1,ABI1,-0,Not sig,NA
0.22665389940018468,0.136012884407259,0.305,0.277,1,IKZF1,-0,Not sig,NA
0.22763086858354267,-0.20443140768189805,0.263,0.285,1,RALGAPA2,-0,Not sig,NA
0.22800621091542309,0.1776294145649175,0.101,0.083,1,USP10,-0,Not sig,NA
0.2280637785778019,-0.4654381679718096,0.195,0.213,1,CTSB,-0,Not sig,NA
0.22832912407193645,-0.2612416208176329,0.2,0.219,1,LARP4B,-0,Not sig,NA
0.2293729692420883,0.21085329763433291,0.275,0.254,1,ATF7IP,-0,Not sig,NA
0.22968921783894744,0.25978250933250324,0.202,0.181,1,RNF213,-0,Not sig,NA
0.23165821232268038,-0.37001172153911877,0.131,0.15,1,ERP44,-0,Not sig,NA
0.23203295492662462,-0.18220973489521586,0.171,0.191,1,ARHGAP5,-0,Not sig,NA
0.23336892884902308,-0.18119828040294972,0.142,0.163,1,ABL2,-0,Not sig,NA
0.23376645710536811,0.1429962333444179,0.237,0.212,1,GMDS-DT,-0,Not sig,NA
0.23492969658716492,-0.21355265580368288,0.198,0.218,1,IQGAP1,-0,Not sig,NA
0.23498285338015568,-0.35536607243206025,0.095,0.11,1,BOD1L1,-0,Not sig,NA
0.23580393313651365,0.17209918039768313,0.162,0.14,1,PPA2,-0,Not sig,NA
0.2361054348691544,0.17604340780857225,0.112,0.095,1,DNAJB14,-0,Not sig,NA
0.23764945533268064,0.23678769743400263,0.123,0.105,1,NAP1L4,-0,Not sig,NA
0.2377097974419244,0.13126602967594114,0.149,0.129,1,NPEPPS,-0,Not sig,NA
0.23816012712127388,0.17581039800208148,0.114,0.096,1,MUM1,-0,Not sig,NA
0.23826607471007544,0.17282082510881436,0.26,0.241,1,JAK2,-0,Not sig,NA
0.2386523848629967,0.1124545718022083,0.225,0.199,1,AC245297.3,-0,Not sig,NA
0.23987173166150305,-0.125445838951583,0.159,0.179,1,STAU2,-0,Not sig,NA
0.24046306134057654,-0.289690724406995,0.096,0.112,1,NAA16,-0,Not sig,NA
0.24149445191535002,0.22540238173524096,0.162,0.143,1,AKAP9,-0,Not sig,NA
0.24249401161073147,-0.12986464233570272,0.137,0.156,1,OLA1,-0,Not sig,NA
0.24272263645162898,-0.23273285480093464,0.275,0.289,1,UBR5,-0,Not sig,NA
0.243333091833725,-0.4748516571320005,0.178,0.191,1,MIR646HG,-0,Not sig,NA
0.24368533045303975,0.19714529080783838,0.325,0.304,1,ATRX,-0,Not sig,NA
0.24412180935667166,-0.10439148291418521,0.254,0.279,1,GNB1,-0,Not sig,NA
0.24492435802196078,0.19928756291898642,0.145,0.126,1,RNF217,-0,Not sig,NA
0.24506235408590718,-0.16265967699185424,0.238,0.259,1,ZNF292,-0,Not sig,NA
0.24512011972903325,0.1003722587743423,0.156,0.135,1,VPS41,-0,Not sig,NA
0.24515557709824368,0.17942261234924572,0.198,0.176,1,XRCC5,-0,Not sig,NA
0.24641568932859018,0.15139202244916383,0.277,0.252,1,ADAM10,-0,Not sig,NA
0.24695720822679895,-0.34601561295170113,0.109,0.126,1,TTLL5,-0,Not sig,NA
0.2474795624344348,-0.34336546321547934,0.09,0.106,1,EXOC1,-0,Not sig,NA
0.24774665613857927,0.11436185710267588,0.175,0.153,1,TMEM65,-0,Not sig,NA
0.2483115786921408,-0.14049420401144808,0.404,0.418,1,PIAS1,-0,Not sig,NA
0.24839610567220494,-0.24591707526563744,0.234,0.251,1,TTC7A,-0,Not sig,NA
0.24928281353472426,-0.3949039925059152,0.12,0.136,1,YTHDC1,-0,Not sig,NA
0.25051211320687794,-0.25898309360571403,0.092,0.107,1,MORF4L1,-0,Not sig,NA
0.2505149802119568,0.17584329194023163,0.162,0.142,1,HECTD1,-0,Not sig,NA
0.25059589407593863,-0.1738999213364738,0.16,0.181,1,IRS2,-0,Not sig,NA
0.251416275871349,-0.16715484296031358,0.298,0.321,1,STK3,-0,Not sig,NA
0.2514429447163089,-0.26434299174141973,0.257,0.271,1,DLC1,-0,Not sig,NA
0.2519956406726649,-0.1679660295268578,0.144,0.163,1,MNAT1,-0,Not sig,NA
0.25317693288189025,0.10404322104423369,0.263,0.238,1,GTF2I,-0,Not sig,NA
0.2535857785233612,0.14644700845609093,0.208,0.188,1,KIAA2026,-0,Not sig,NA
0.25363895355023386,0.22805026809867934,0.219,0.201,1,MTMR3,-0,Not sig,NA
0.25410023359932415,-0.4140850226537549,0.269,0.275,1,SPP1,-0,Not sig,NA
0.25426678631742244,0.18643455633033257,0.12,0.103,1,C1GALT1,-0,Not sig,NA
0.2551651209357411,-0.3084021400587815,0.123,0.139,1,USO1,-0,Not sig,NA
0.25517758979176264,0.35685429789455503,0.121,0.105,1,ZBTB1,-0,Not sig,NA
0.25576293026903296,-0.2992342849970689,0.108,0.123,1,FBXO34,-0,Not sig,NA
0.25597626812332014,-0.36399205082549796,0.104,0.119,1,CMTM7,-0,Not sig,NA
0.25662726246716755,-0.2629528683316245,0.09,0.105,1,ANAPC10,-0,Not sig,NA
0.25744841301919685,-0.5411181897430859,0.106,0.119,1,RASSF2,-0,Not sig,NA
0.2576487067141344,0.21113099761528176,0.206,0.186,1,PBRM1,-0,Not sig,NA
0.2578335444089192,0.18375390203671493,0.25,0.228,1,FARS2,-0,Not sig,NA
0.25816208200589214,-0.24878788891449266,0.137,0.155,1,TPTEP2-CSNK1E,-0,Not sig,NA
0.2584007840756707,0.16784674602670946,0.22,0.199,1,TNRC18,-0,Not sig,NA
0.2586241165172893,-0.14689454530630885,0.231,0.251,1,RUNX2,-0,Not sig,NA
0.25958386031705843,0.19580135396958664,0.104,0.089,1,DUSP22,-0,Not sig,NA
0.2619010505300496,0.2176218082444923,0.153,0.135,1,ATRN,-0,Not sig,NA
0.2619715524589635,-0.10568658623417776,0.12,0.139,1,LRPPRC,-0,Not sig,NA
0.26204355414311675,0.23202453964979286,0.193,0.173,1,PSME4,-0,Not sig,NA
0.2620979443005057,0.21234901371485027,0.177,0.156,1,MACROD2,-0,Not sig,NA
0.2621010390389115,-0.386650569034766,0.095,0.109,1,ZMIZ1,-0,Not sig,NA
0.26282876277058353,-0.20491154043963555,0.171,0.191,1,MYO9A,-0,Not sig,NA
0.26306153250306014,0.24153294193653974,0.181,0.162,1,GPATCH2L,-0,Not sig,NA
0.26314008038196496,-0.22034769906572071,0.328,0.341,1,NUMB,-0,Not sig,NA
0.2631668600697222,0.2836866495174482,0.107,0.092,1,TOM1L2,-0,Not sig,NA
0.2642537993528114,0.14036019454088522,0.295,0.274,1,CCDC88A,-0,Not sig,NA
0.26552246223785614,0.14932833965677672,0.173,0.155,1,PCBP2,-0,Not sig,NA
0.2658431396903262,-0.24169336663206065,0.175,0.193,1,HERC2,-0,Not sig,NA
0.2663504247362472,0.2938499519807448,0.175,0.159,1,ZFR,-0,Not sig,NA
0.2664890780917782,-0.15398767681459924,0.142,0.162,1,BTAF1,-0,Not sig,NA
0.2688029122046227,0.11278621664546007,0.212,0.189,1,TMEM131,-0,Not sig,NA
0.26891112434497394,-0.3607345439937741,0.121,0.136,1,CTDSPL2,-0,Not sig,NA
0.2690320165054204,0.13601483496294975,0.121,0.105,1,TDRD3,-0,Not sig,NA
0.26947514535662576,-0.3518355570515761,0.086,0.1,1,PIP5K1B,-0,Not sig,NA
0.2699257751412587,0.13220003244683906,0.106,0.09,1,SH2B3,-0,Not sig,NA
0.271327913592974,-0.12563471919916636,0.131,0.11,1,RASSF4,-0,Not sig,NA
0.27218238090744373,-0.2390894084095066,0.12,0.136,1,AFDN,-0,Not sig,NA
0.27292239172057325,-0.2758663339410493,0.097,0.112,1,N4BP1,-0,Not sig,NA
0.2731455909030757,-0.23898020991661528,0.149,0.166,1,CDC73,-0,Not sig,NA
0.273921052802213,-0.1494295409941646,0.401,0.411,1,SPIDR,-0,Not sig,NA
0.2764915007998884,0.14375831272450293,0.12,0.103,1,ZC3H13,-0,Not sig,NA
0.27790176458306337,0.1615787773855034,0.124,0.107,1,CRLF3,-0,Not sig,NA
0.28025746761446957,0.1676864740484605,0.175,0.156,1,BTBD7,-0,Not sig,NA
0.2836397781416329,-0.3281469304115486,0.117,0.132,1,ANP32A,-0,Not sig,NA
0.2848885932765449,0.20748723843394976,0.119,0.103,1,PMS1,-0,Not sig,NA
0.2876580968286435,-0.20026326089465085,0.283,0.299,1,TTC28,-0,Not sig,NA
0.28783361500576915,-0.10423848020830229,0.17,0.191,1,RIC1,-0,Not sig,NA
0.2889497248219833,-0.22757840686979594,0.1,0.115,1,ZNF277,-0,Not sig,NA
0.2895376343472838,-0.37549746136432116,0.139,0.153,1,RGL1,-0,Not sig,NA
0.29311917878533256,0.2383460078135422,0.183,0.166,1,TSC22D2,-0,Not sig,NA
0.29355824553934434,-0.23552462018392484,0.164,0.179,1,CAST,-0,Not sig,NA
0.293795763228309,0.1472165664383116,0.263,0.241,1,RICTOR,-0,Not sig,NA
0.2966788332369252,0.11258045558335672,0.286,0.265,1,MAF,-0,Not sig,NA
0.2973007114497919,-0.2407892686625095,0.189,0.206,1,HMBOX1,-0,Not sig,NA
0.29794417392884265,0.26852295391734804,0.134,0.119,1,HNRNPM,-0,Not sig,NA
0.2980590422295974,0.22122619779791997,0.229,0.212,1,FAM13B,-0,Not sig,NA
0.3012310836090071,-0.28259357800323026,0.137,0.152,1,CEP192,-0,Not sig,NA
0.30141474755097336,0.3271661825870938,0.116,0.102,1,CARMIL1,-0,Not sig,NA
0.3035255525255552,-0.24773037689272104,0.166,0.182,1,PRDM2,-0,Not sig,NA
0.30382956994665333,-0.2754981998356727,0.095,0.109,1,FOXK2,-0,Not sig,NA
0.3058660976416439,-0.20275889983346584,0.128,0.145,1,PIKFYVE,-0,Not sig,NA
0.30691492303966283,0.151903659924717,0.156,0.139,1,SPIN1,-0,Not sig,NA
0.3075824181720224,0.207785168108108,0.228,0.206,1,EPC1,-0,Not sig,NA
0.3083075916207356,-0.4325940072923987,0.101,0.115,1,MLLT3,-0,Not sig,NA
0.3094638299175971,0.23868861839577604,0.14,0.125,1,HEATR5B,-0,Not sig,NA
0.30987176455014653,-0.2668935807131386,0.13,0.145,1,LCP2,-0,Not sig,NA
0.3101802487852203,-0.3001783595381189,0.098,0.112,1,PPP4R1,-0,Not sig,NA
0.3106498065248769,-0.15365591121310107,0.266,0.281,1,ZNF148,-0,Not sig,NA
0.31110452220262236,-0.2620590784952834,0.153,0.169,1,PHACTR1,-0,Not sig,NA
0.3111130350010724,0.2602623641243535,0.138,0.123,1,ANAPC16,-0,Not sig,NA
0.31271498313845403,-0.40247094157523555,0.13,0.143,1,BNIP3L,-0,Not sig,NA
0.3138242522090913,0.34788834247175426,0.185,0.17,1,UBE2D2,-0,Not sig,NA
0.31400382978950275,0.16120552714959946,0.156,0.139,1,VPS50,-0,Not sig,NA
0.3142792535040679,0.1616789653162054,0.157,0.14,1,FEZ2,-0,Not sig,NA
0.31442262845802743,0.20344990886164632,0.13,0.115,1,ZRANB2,-0,Not sig,NA
0.31458565599575833,-0.23430920800786137,0.09,0.105,1,CMKLR1,-0,Not sig,NA
0.31584087277740175,0.17877205232859994,0.151,0.136,1,CCM2,-0,Not sig,NA
0.3167496472907686,0.19577581580101822,0.146,0.129,1,KATNBL1,-0,Not sig,NA
0.31777010754997365,-0.22121840030990347,0.093,0.106,1,ENSA,-0,Not sig,NA
0.31852062923376184,-0.16542686379342442,0.183,0.201,1,TSPAN14,-0,Not sig,NA
0.31945692054687563,0.12840931643523934,0.343,0.319,1,ABCC4,-0,Not sig,NA
0.31950755088966304,-0.1849873952259543,0.146,0.163,1,GPBP1L1,-0,Not sig,NA
0.31982835737428666,0.22623296431317236,0.115,0.1,1,CBWD5,-0,Not sig,NA
0.32009707651088914,0.2416805784478649,0.123,0.109,1,RAF1,-0,Not sig,NA
0.3214616407743929,-0.18731952728766657,0.092,0.106,1,ZNF654,-0,Not sig,NA
0.32226312975929444,0.18897489140526214,0.154,0.138,1,NUCKS1,-0,Not sig,NA
0.3236417564193276,0.1036788935245676,0.405,0.38,1,DLEU2,-0,Not sig,NA
0.323734244258799,0.19851981702191407,0.105,0.092,1,YWHAE,-0,Not sig,NA
0.32487767093831893,-0.318253969052268,0.101,0.113,1,LINGO1,-0,Not sig,NA
0.325310139352706,-0.33776420332244306,0.158,0.17,1,USP9X,-0,Not sig,NA
0.3270005704650214,-0.3150480417443581,0.107,0.12,1,BAZ1A,-0,Not sig,NA
0.327896733263198,0.1528325783864818,0.142,0.126,1,CYTH3,-0,Not sig,NA
0.32864450952524077,0.13240021895355691,0.203,0.183,1,RYBP,-0,Not sig,NA
0.32934326163378796,-0.17374347937193924,0.139,0.155,1,IGF2R,-0,Not sig,NA
0.32975972533446585,-0.2145671433793439,0.119,0.133,1,SEPT6,-0,Not sig,NA
0.3301150415735943,-0.19520311304105986,0.255,0.266,1,BABAM2,-0,Not sig,NA
0.3308442533656784,0.11510439320569499,0.196,0.178,1,CHD2,-0,Not sig,NA
0.33150687765087733,0.170466494006557,0.173,0.156,1,SOS2,-0,Not sig,NA
0.33177037139057547,-0.2770263276454883,0.314,0.321,1,TMEM165,-0,Not sig,NA
0.3318568956182228,0.10258474820925789,0.223,0.202,1,LIMCH1,-0,Not sig,NA
0.332029623515331,0.2852350012925299,0.156,0.143,1,UBE3A,-0,Not sig,NA
0.3320493628983802,0.1258010688786566,0.319,0.298,1,ACAP2,-0,Not sig,NA
0.33221522843109497,-0.1816116991470509,0.127,0.143,1,EMSY,-0,Not sig,NA
0.33299476532587213,-0.22079767095063105,0.094,0.107,1,VEZT,-0,Not sig,NA
0.33336813265594195,0.3819226030880638,0.107,0.095,1,PSMD1,-0,Not sig,NA
0.33475596307044697,-0.19857234654154343,0.32,0.334,1,PIK3R1,-0,Not sig,NA
0.3350946108477809,0.2695137160750508,0.106,0.093,1,RPAP2,-0,Not sig,NA
0.3359515001238922,-0.15190978709446334,0.145,0.16,1,HSD17B12,-0,Not sig,NA
0.33601272823310785,-0.2455726013349815,0.182,0.195,1,VAPA,-0,Not sig,NA
0.33679158750715926,-0.1451124532869249,0.123,0.138,1,SHOC2,-0,Not sig,NA
0.3390877178173458,-0.32714832342854483,0.135,0.148,1,SMC5,-0,Not sig,NA
0.3393216837834518,0.12275612836897887,0.372,0.357,1,FAM172A,-0,Not sig,NA
0.339373422274612,0.12160604061029123,0.267,0.248,1,SLC39A11,-0,Not sig,NA
0.33946462630284074,-0.206981992192469,0.109,0.122,1,IBTK,-0,Not sig,NA
0.3395614718761819,0.11244006352006819,0.349,0.332,1,LRBA,-0,Not sig,NA
0.33963423907358803,-0.29246249760637033,0.162,0.173,1,SERINC5,-0,Not sig,NA
0.3396769958581364,-0.22615521318895737,0.152,0.166,1,OGA,-0,Not sig,NA
0.3411762831462838,-0.161058980610587,0.135,0.15,1,CACUL1,-0,Not sig,NA
0.3411960693698044,0.24660193068336983,0.106,0.093,1,VPS45,-0,Not sig,NA
0.34168640674769657,-0.2030493434899282,0.153,0.169,1,DDX10,-0,Not sig,NA
0.34261016760607366,-0.14035915314889502,0.115,0.129,1,TMOD3,-0,Not sig,NA
0.3458202333875833,-0.18586139781951072,0.543,0.547,1,FCHSD2,-0,Not sig,NA
0.34614230179759653,0.18461508532540005,0.106,0.093,1,CREB3L2,-0,Not sig,NA
0.3466480187226741,0.12446213452128707,0.19,0.17,1,LNPEP,-0,Not sig,NA
0.34813094912110737,0.10172743678593632,0.12,0.106,1,CWF19L2,-0,Not sig,NA
0.3484544882901912,-0.14712502346489842,0.239,0.254,1,PDS5A,-0,Not sig,NA
0.3527907023190507,-0.18610768604060768,0.203,0.219,1,TAF15,-0,Not sig,NA
0.35296495685456525,-0.27764559858399107,0.097,0.109,1,TMEM87A,-0,Not sig,NA
0.35328998336296413,0.1734944227111279,0.112,0.097,1,C1QB,-0,Not sig,NA
0.3539242237941514,-0.2132327401456704,0.152,0.165,1,EHBP1,-0,Not sig,NA
0.35431570060453227,-0.1570648167589611,0.109,0.123,1,XAF1,-0,Not sig,NA
0.35513500700748224,-0.23741247796071208,0.199,0.213,1,RC3H1,-0,Not sig,NA
0.3567888179411732,0.13646675246739565,0.134,0.119,1,STK10,-0,Not sig,NA
0.3595004390664232,0.1072615904110259,0.228,0.209,1,PRRC2B,-0,Not sig,NA
0.35957082336662016,0.30364981012810544,0.111,0.099,1,MICAL3,-0,Not sig,NA
0.36132781837566597,0.23180133612578868,0.152,0.138,1,TRIM33,-0,Not sig,NA
0.3632017298615622,-0.12623327479409752,0.168,0.148,1,MARCH3,-0,Not sig,NA
0.36396054817512463,-0.12587051758620493,0.194,0.211,1,VOPP1,-0,Not sig,NA
0.3646488844019937,0.1979600963304447,0.128,0.115,1,CORO1C,-0,Not sig,NA
0.3659051262887795,-0.3291832786935192,0.096,0.107,1,GNAI3,-0,Not sig,NA
0.36674222437329757,0.12860326125802368,0.145,0.13,1,ENTPD1-AS1,-0,Not sig,NA
0.36769105983489825,-0.2461129175110306,0.14,0.155,1,FAM208B,-0,Not sig,NA
0.3679006275935482,0.2485813279555169,0.234,0.221,1,IL6ST,-0,Not sig,NA
0.3687738234851037,0.1693379632245573,0.102,0.089,1,SUFU,-0,Not sig,NA
0.3690887809740215,-0.17373602742591754,0.153,0.169,1,PDCD6IP,-0,Not sig,NA
0.36985076089038704,-0.3437793212615567,0.089,0.1,1,TSC22D3,-0,Not sig,NA
0.370316778942832,-0.11134101867191215,0.199,0.216,1,SPAG9,-0,Not sig,NA
0.3703450761518477,-0.17807555891495142,0.231,0.248,1,RAB1A,-0,Not sig,NA
0.3712782195673185,-0.101329991570825,0.311,0.33,1,ARID4B,-0,Not sig,NA
0.37188804952966875,0.18352834827731868,0.14,0.126,1,PIK3C3,-0,Not sig,NA
0.3719499492693431,0.19281908483449328,0.272,0.256,1,ROCK1,-0,Not sig,NA
0.3762322172037627,-0.21735943871277322,0.101,0.113,1,CUL4A,-0,Not sig,NA
0.3784289642470865,0.33143008838627175,0.116,0.105,1,KMT5B,-0,Not sig,NA
0.3793677702144354,-0.1851224733109822,0.175,0.191,1,ZFP36L2,-0,Not sig,NA
0.3800979081473013,-0.24728282939940793,0.131,0.143,1,ATP2A2,-0,Not sig,NA
0.38043146196120264,-0.24475323882845249,0.104,0.116,1,STAT6,-0,Not sig,NA
0.38322640343842845,0.18586587171376417,0.12,0.107,1,SNAP23,-0,Not sig,NA
0.3833723659479939,-0.14953707135559524,0.12,0.135,1,TBCA,-0,Not sig,NA
0.3835725620231259,0.13880528758072164,0.135,0.122,1,FNBP1L,-0,Not sig,NA
0.3842084312149707,-0.1644557735242147,0.294,0.312,1,DYM,-0,Not sig,NA
0.3849442869219549,-0.14280283932897953,0.159,0.173,1,ABCA1,-0,Not sig,NA
0.38539379818367037,-0.11834829111774825,0.147,0.163,1,GSAP,-0,Not sig,NA
0.38581359626718376,-0.13859530283568366,0.279,0.294,1,LYST,-0,Not sig,NA
0.3868232778297019,0.2057461690163549,0.108,0.096,1,TAF1,-0,Not sig,NA
0.3869857083894981,-0.326708246025033,0.181,0.193,1,REV3L,-0,Not sig,NA
0.3870551496937896,-0.1309908991830282,0.186,0.201,1,ZHX2,-0,Not sig,NA
0.3874166584934644,-0.11398376950012726,0.101,0.113,1,NUP98,-0,Not sig,NA
0.38761438436656376,-0.17571485746208215,0.214,0.228,1,DENND5A,-0,Not sig,NA
0.3877899843571967,0.14442233361802737,0.135,0.12,1,XPO6,-0,Not sig,NA
0.38784965120217624,-0.21591360448700925,0.13,0.142,1,COPA,-0,Not sig,NA
0.3888118165074486,0.18818724932800857,0.167,0.152,1,COMMD1,-0,Not sig,NA
0.38927011616277885,0.13896151424696657,0.151,0.136,1,SLTM,-0,Not sig,NA
0.38948900066211023,-0.16654454967204035,0.357,0.367,1,ASH1L,-0,Not sig,NA
0.39059302486497205,-0.15595694752758438,0.157,0.172,1,AUH,-0,Not sig,NA
0.39173365983607655,-0.1148741731331846,0.178,0.193,1,CUL3,-0,Not sig,NA
0.3941708912356247,-0.24378608952089498,0.151,0.162,1,ALOX5,-0,Not sig,NA
0.39473379938589076,-0.23640122885950643,0.138,0.15,1,TTC14,-0,Not sig,NA
0.3957774585639285,-0.17014498201027917,0.222,0.241,1,CTNNB1,-0,Not sig,NA
0.39693672288428533,-0.21461825282464964,0.105,0.117,1,SLC30A7,-0,Not sig,NA
0.3985306122920491,-0.18979164350390043,0.11,0.096,1,TNIK,-0,Not sig,NA
0.399189692609785,0.24678080564569838,0.128,0.116,1,KIAA0319L,-0,Not sig,NA
0.39936225270502346,0.22602899550422784,0.101,0.09,1,HERC3,-0,Not sig,NA
0.3998448405111253,0.1873054752783859,0.109,0.097,1,COA1,-0,Not sig,NA
0.400079412572232,0.2119229394687412,0.164,0.152,1,MYOF,-0,Not sig,NA
0.40158540576167906,0.1670635614725965,0.126,0.113,1,PTAR1,-0,Not sig,NA
0.4019873267410946,-0.18260661224851243,0.13,0.142,1,FAM120B,-0,Not sig,NA
0.40312803080459075,-0.19955253767121883,0.117,0.129,1,ERCC6L2,-0,Not sig,NA
0.4035477047611114,0.12172005415226006,0.275,0.256,1,HERC1,-0,Not sig,NA
0.40445700295051135,-0.13273443558426723,0.206,0.221,1,ADD1,-0,Not sig,NA
0.40495003108054217,-0.14062425245390964,0.201,0.216,1,ITGAV,-0,Not sig,NA
0.40518981135794047,0.22056081936190963,0.14,0.128,1,GIT2,-0,Not sig,NA
0.40529751908485495,0.23986506221869552,0.133,0.12,1,LRMP,-0,Not sig,NA
0.4055598336592795,-0.226613353110864,0.104,0.115,1,MPDZ,-0,Not sig,NA
0.4060092799565026,0.2874156568723706,0.127,0.115,1,DIRC3,-0,Not sig,NA
0.40679050441678355,0.2396176339983332,0.126,0.115,1,EYA3,-0,Not sig,NA
0.40799473164790123,-0.22015037302372686,0.192,0.203,1,KIF1B,-0,Not sig,NA
0.40891647241695495,-0.19317755574930606,0.186,0.198,1,ATAD2B,-0,Not sig,NA
0.4096335918181084,-0.11800367950553425,0.11,0.123,1,SOAT1,-0,Not sig,NA
0.4107994959336045,0.16105911375644366,0.25,0.232,1,GPATCH8,-0,Not sig,NA
0.41535608207290803,-0.2938413495338558,0.12,0.13,1,ARFGEF2,-0,Not sig,NA
0.415393660302556,-0.20455150195432292,0.115,0.128,1,NAA15,-0,Not sig,NA
0.41551751925846736,0.12369322345798883,0.184,0.169,1,PRKACB,-0,Not sig,NA
0.41581457203690947,-0.19600692110994977,0.184,0.196,1,DNM2,-0,Not sig,NA
0.41585647771051776,-0.2127131848104234,0.103,0.115,1,POM121,-0,Not sig,NA
0.41757102557623454,-0.3214782401601719,0.131,0.142,1,NEBL,-0,Not sig,NA
0.4177652801574072,0.10357746505820742,0.142,0.129,1,MYO1D,-0,Not sig,NA
0.4179415444579066,-0.21723374642265325,0.175,0.188,1,FOXJ3,-0,Not sig,NA
0.4187492026986338,0.30887011096515504,0.103,0.093,1,CLIP1,-0,Not sig,NA
0.420045860326374,-0.19055101152353865,0.124,0.136,1,DOCK7,-0,Not sig,NA
0.4210103616548617,-0.1197970406159593,0.147,0.159,1,CDK8,-0,Not sig,NA
0.421408638598996,0.13269057251382138,0.125,0.113,1,SRSF4,-0,Not sig,NA
0.4228966510584503,-0.254756949581888,0.097,0.107,1,INO80,-0,Not sig,NA
0.4230500274804407,-0.25134045978088904,0.189,0.198,1,CAMTA1,-0,Not sig,NA
0.42311026710374167,0.22600989061656296,0.102,0.092,1,CTNNBL1,-0,Not sig,NA
0.4239897681245692,-0.11401147936241329,0.09,0.1,1,MALT1,-0,Not sig,NA
0.42586153122020076,0.13793093532024536,0.142,0.129,1,KIAA1551,-0,Not sig,NA
0.42671661260790456,-0.15309808963211458,0.228,0.241,1,ARID2,-0,Not sig,NA
0.42935250021157434,-0.28925628355945365,0.104,0.115,1,MAGI3,-0,Not sig,NA
0.4297449928510117,-0.23368295183196638,0.099,0.11,1,IL18,-0,Not sig,NA
0.4342083409111186,0.2701989279572511,0.12,0.109,1,RSU1,-0,Not sig,NA
0.4372944539596422,0.1680250452563552,0.186,0.175,1,RPS6KC1,-0,Not sig,NA
0.4382855599400922,-0.10908912029730605,0.103,0.115,1,LCP1,-0,Not sig,NA
0.4383455662164223,-0.12278264778878856,0.184,0.165,1,TLN2,-0,Not sig,NA
0.4390189774076434,-0.25101952480145107,0.12,0.13,1,MGAT1,-0,Not sig,NA
0.43941831884904525,-0.30277540842291906,0.148,0.156,1,ADGRL3,-0,Not sig,NA
0.4396878229823453,0.24565982777047737,0.105,0.095,1,EHBP1L1,-0,Not sig,NA
0.44137304739797734,0.2972412755889287,0.141,0.13,1,SPEN,-0,Not sig,NA
0.4415808889967646,0.1656326365600076,0.109,0.099,1,ZNF254,-0,Not sig,NA
0.44175824299194844,0.18349722237941152,0.115,0.103,1,C6orf106,-0,Not sig,NA
0.442423692358135,0.11336575753446732,0.222,0.205,1,RAP1GDS1,-0,Not sig,NA
0.4435864788429653,-0.16965744625720047,0.193,0.205,1,MAPKAP1,-0,Not sig,NA
0.44443494636396397,-0.13274575220522689,0.206,0.221,1,LRRFIP1,-0,Not sig,NA
0.4449328352887179,-0.15582397670218784,0.161,0.172,1,ACBD6,-0,Not sig,NA
0.4449976967059741,-0.31980967054487813,0.128,0.138,1,SMG7,-0,Not sig,NA
0.446255969065492,-0.28039447704269993,0.092,0.102,1,CTIF,-0,Not sig,NA
0.44787029585148974,-0.23022644911971812,0.241,0.251,1,CYTH1,-0,Not sig,NA
0.4489235953581826,0.14276579134626477,0.17,0.156,1,NRF1,-0,Not sig,NA
0.4494091188479727,0.1487420707829471,0.1,0.09,1,ZNF83,-0,Not sig,NA
0.4517146553327727,0.1782697395945052,0.157,0.145,1,CD53,-0,Not sig,NA
0.4531417235047418,-0.23315057718821514,0.103,0.113,1,PRPF40A,-0,Not sig,NA
0.45374186183524673,-0.21164012201155202,0.251,0.262,1,PPP2R5C,-0,Not sig,NA
0.4544830024214131,-0.3301680498873313,0.104,0.113,1,ZNF280D,-0,Not sig,NA
0.45475366890638114,0.21617387805621166,0.104,0.095,1,MAT2A,-0,Not sig,NA
0.4552869993597081,-0.2913353985279318,0.139,0.149,1,TMEM131L,-0,Not sig,NA
0.4560779972638512,-0.35131200248178995,0.119,0.128,1,ARL8B,-0,Not sig,NA
0.45711411877003977,0.12269836128075129,0.236,0.222,1,ACER3,-0,Not sig,NA
0.46046924522515414,-0.14257506868846193,0.147,0.158,1,NCOR2,-0,Not sig,NA
0.46221928747608776,0.15736042589430438,0.104,0.093,1,DENND1B,-0,Not sig,NA
0.4624878844181667,-0.10899414038596622,0.226,0.239,1,ARHGAP12,-0,Not sig,NA
0.4649299749535195,-0.24889848488664124,0.128,0.138,1,ENOX2,-0,Not sig,NA
0.4654112517519695,-0.15659257321278403,0.113,0.123,1,CCAR1,-0,Not sig,NA
0.4666228138687434,0.18528000367345188,0.175,0.162,1,SIK2,-0,Not sig,NA
0.468352206566015,0.11371864386643071,0.112,0.1,1,CFDP1,-0,Not sig,NA
0.4686869208214048,-0.1822244798956288,0.102,0.112,1,DOPEY1,-0,Not sig,NA
0.47170333801645997,0.22929621235117081,0.111,0.102,1,INPP4B,-0,Not sig,NA
0.4726311241261923,0.20620986742238623,0.269,0.256,1,ACTB,-0,Not sig,NA
0.47648711316594367,-0.13242039736512262,0.098,0.107,1,NHLRC2,-0,Not sig,NA
0.4782120356968817,0.290064683212083,0.341,0.335,1,GRID2,-0,Not sig,NA
0.4796836934691605,-0.14057916565916856,0.109,0.12,1,SESTD1,-0,Not sig,NA
0.4800561094434969,-0.18230603617389707,0.154,0.165,1,CHST15,-0,Not sig,NA
0.4830672599659946,0.23049366838194196,0.161,0.15,1,SPG11,-0,Not sig,NA
0.48393395850174376,-0.1817026411094366,0.098,0.107,1,SUCO,-0,Not sig,NA
0.4861027678715061,-0.1959552495124407,0.125,0.135,1,MIS18BP1,-0,Not sig,NA
0.4869047000156418,-0.17731000424731763,0.091,0.1,1,UGP2,-0,Not sig,NA
0.4882934568127793,-0.2760742786185364,0.195,0.203,1,ALPK1,-0,Not sig,NA
0.49030959332891927,-0.12253005304652559,0.101,0.11,1,ST7,-0,Not sig,NA
0.49152116748957325,-0.14498353042682832,0.1,0.109,1,PIK3C2A,-0,Not sig,NA
0.4927847160200934,-0.1509196808956359,0.14,0.15,1,ATP2B1,-0,Not sig,NA
0.4948891814360072,-0.28439530705173044,0.215,0.219,1,THADA,-0,Not sig,NA
0.4966459632549372,-0.15637497970335457,0.128,0.138,1,OPA1,-0,Not sig,NA
0.4972467432401964,0.1631605510598465,0.157,0.145,1,SLC20A2,-0,Not sig,NA
0.4979638697491283,-0.544485779631437,0.142,0.15,1,PLPP1,-0,Not sig,NA
0.49902049993579417,0.10088086705343158,0.2,0.188,1,KIF13A,-0,Not sig,NA
0.499351637217776,-0.18329040961142007,0.135,0.145,1,SMAD3,-0,Not sig,NA
0.5002397997178286,-0.11648397262098653,0.16,0.172,1,POLK,-0,Not sig,NA
0.5010999432232872,-0.15039836613687152,0.307,0.318,1,RNF13,-0,Not sig,NA
0.5023753521705577,0.16299998272223204,0.145,0.135,1,GALNT1,-0,Not sig,NA
0.5035369622520256,-0.13403139695992727,0.117,0.128,1,NSRP1,-0,Not sig,NA
0.5062652215695034,-0.273086855525128,0.105,0.093,1,COBL,-0,Not sig,NA
0.5070138022558048,-0.20152590485999744,0.162,0.172,1,TRPC4AP,-0,Not sig,NA
0.5070914706959273,0.12599584012949938,0.349,0.331,1,FAF1,-0,Not sig,NA
0.509547783990139,-0.11937966802350086,0.482,0.474,1,TBXAS1,-0,Not sig,NA
0.5114533300217992,-0.15456120447164298,0.1,0.109,1,TNPO3,-0,Not sig,NA
0.5118258847741033,-0.1645341958099854,0.131,0.142,1,HNRNPD,-0,Not sig,NA
0.5118340590283417,-0.1553858003232926,0.107,0.116,1,SENP5,-0,Not sig,NA
0.5136026928080251,-0.22651954036468702,0.141,0.15,1,RBFOX2,-0,Not sig,NA
0.5189524141435127,0.11164694311210965,0.303,0.288,1,ATP2C1,-0,Not sig,NA
0.5219218891826038,0.13697749100391388,0.255,0.245,1,CEP350,-0,Not sig,NA
0.5219856772109874,-0.17893302469555017,0.151,0.16,1,TLK2,-0,Not sig,NA
0.522886529616567,-0.502644588918507,0.102,0.109,1,ANKRD28,-0,Not sig,NA
0.5243047329648585,0.2437839790300963,0.175,0.165,1,LONP2,-0,Not sig,NA
0.5248913813757861,0.12936899164606347,0.102,0.093,1,POLA1,-0,Not sig,NA
0.5261160906483358,0.14194096260779646,0.106,0.096,1,NOVA1,-0,Not sig,NA
0.5282750875184361,-0.11636895447690754,0.269,0.278,1,SETD5,-0,Not sig,NA
0.5306477837196037,-0.2668284454483925,0.112,0.12,1,OSTF1,-0,Not sig,NA
0.5314649753497549,0.14466791871462065,0.13,0.12,1,PRR14L,-0,Not sig,NA
0.5363674634383518,-0.1778623100732766,0.093,0.1,1,PITPNA,-0,Not sig,NA
0.5375481305786358,0.1816679531259081,0.182,0.172,1,KMT2A,-0,Not sig,NA
0.5407576602731796,-0.10804576685663614,0.315,0.327,1,PPP6R3,-0,Not sig,NA
0.5459907556063447,-0.10141913750437226,0.128,0.138,1,TBC1D9,-0,Not sig,NA
0.5483750106217342,0.16742719302599507,0.135,0.126,1,CARD8,-0,Not sig,NA
0.5484545684169924,0.13886368683744338,0.115,0.106,1,INTS10,-0,Not sig,NA
0.5490743973214816,-0.23613544555127808,0.117,0.123,1,ADD3,-0,Not sig,NA
0.5526561595683719,-0.10313303337156066,0.164,0.175,1,MUC20-OT1,-0,Not sig,NA
0.5541074466668402,-0.21508939308197056,0.105,0.113,1,REEP3,-0,Not sig,NA
0.555053003326633,-0.14928172974408144,0.104,0.112,1,CLOCK,-0,Not sig,NA
0.5579455425431638,0.1379121287933106,0.152,0.142,1,BICD1,-0,Not sig,NA
0.5613331457231343,-0.12662983959741494,0.11,0.1,1,WBP1L,-0,Not sig,NA
0.5624839892804245,0.13851292236610263,0.126,0.117,1,GBF1,-0,Not sig,NA
0.5635140024401941,0.20921825971288976,0.242,0.234,1,SCAF8,-0,Not sig,NA
0.5655614144603138,-0.24290169512787907,0.379,0.381,1,WDFY3,-0,Not sig,NA
0.5662930705444745,-0.127098176773077,0.149,0.138,1,LARGE1,-0,Not sig,NA
0.5664473042487399,-0.187663285434093,0.109,0.117,1,SP110,-0,Not sig,NA
0.5668190483604176,-0.23381108599255795,0.138,0.125,1,TMEM156,-0,Not sig,NA
0.5672127785002123,0.10364177180951342,0.109,0.1,1,ZNF718,-0,Not sig,NA
0.5677530552023772,-0.2021894619185871,0.207,0.211,1,TBCK,-0,Not sig,NA
0.5688138539908871,0.14343570987225918,0.291,0.282,1,TENT2,-0,Not sig,NA
0.569072994855679,0.2521179560116354,0.104,0.097,1,NUP214,-0,Not sig,NA
0.5698068543939885,-0.16194197308035663,0.257,0.265,1,SUPT3H,-0,Not sig,NA
0.574405976393068,0.23660110700860393,0.133,0.126,1,NPTN,-0,Not sig,NA
0.5781019080657015,-0.2371059351185879,0.137,0.143,1,VSIR,-0,Not sig,NA
0.5783118347180397,0.2224312729883693,0.13,0.122,1,HMGB1,-0,Not sig,NA
0.5792535149969382,0.14090236966818548,0.151,0.142,1,NT5DC1,-0,Not sig,NA
0.5806456466862682,-0.16940026223408805,0.124,0.132,1,SF1,-0,Not sig,NA
0.5811002902113042,0.11727117178148873,0.1,0.092,1,GOLGB1,-0,Not sig,NA
0.5811246545422595,0.10001894533846645,0.143,0.135,1,LRRFIP2,-0,Not sig,NA
0.5823650161926837,-0.18365452228589563,0.212,0.195,1,MAP3K2,-0,Not sig,NA
0.5840791231189961,0.17938748818057193,0.181,0.173,1,EPC2,-0,Not sig,NA
0.5920465027576429,0.1187916092827519,0.161,0.152,1,DMTF1,-0,Not sig,NA
0.5938400208725101,-0.24287921951984526,0.172,0.178,1,MAPRE2,-0,Not sig,NA
0.596749054457406,-0.2655547371790581,0.448,0.434,1,AOAH,-0,Not sig,NA
0.597412251008969,-0.2053738961048463,0.101,0.107,1,KDM7A,-0,Not sig,NA
0.5977710217176391,-0.17851407871387492,0.122,0.129,1,STIM1,-0,Not sig,NA
0.598334454182146,0.10090071846401036,0.098,0.107,1,DHX36,-0,Not sig,NA
0.5995302123021795,-0.20372718853905702,0.155,0.162,1,WWC2,-0,Not sig,NA
0.6068910553023308,-0.13716663144133467,0.209,0.215,1,TANK,-0,Not sig,NA
0.6071081175245352,-0.14730812026744378,0.692,0.67,1,LDLRAD4,-0,Not sig,NA
0.6076522572198564,-0.21779667409192616,0.172,0.178,1,KANSL1L,-0,Not sig,NA
0.6125175664731126,-0.20079294067328235,0.112,0.119,1,PDXK,-0,Not sig,NA
0.6140266429002235,-0.34170952423849693,0.095,0.102,1,NUP153,-0,Not sig,NA
0.614795968486329,-0.19622396006504428,0.12,0.126,1,ANO10,-0,Not sig,NA
0.6150963990001177,-0.1271222940938086,0.116,0.123,1,NCOA6,-0,Not sig,NA
0.6188526621608432,-0.1570203437921096,0.267,0.271,1,CCDC91,-0,Not sig,NA
0.6212610951359692,-0.1634035391002044,0.115,0.122,1,TBC1D15,-0,Not sig,NA
0.6286251949707098,-0.20350013931676258,0.258,0.259,1,CTTNBP2,-0,Not sig,NA
0.6290204155961693,-0.1621108719307609,0.176,0.181,1,RCSD1,-0,Not sig,NA
0.6333527787327282,-0.27192637277582615,0.104,0.11,1,PRKX,-0,Not sig,NA
0.6335336452497231,-0.12369477271351853,0.113,0.12,1,PIP5K1A,-0,Not sig,NA
0.6339537827703658,-0.19790541135810713,0.181,0.185,1,SMARCC1,-0,Not sig,NA
0.6342901452715286,0.1104636049343739,0.14,0.133,1,AIG1,-0,Not sig,NA
0.6381952449647861,-0.2554100960935046,0.145,0.15,1,USP33,-0,Not sig,NA
0.6384444501859763,-0.11067711004251857,0.295,0.279,1,TJP1,-0,Not sig,NA
0.641125487009931,-0.12602449724832043,0.202,0.212,1,PELI2,-0,Not sig,NA
0.6451494490773979,-0.22930342001561543,0.195,0.201,1,ANKRD10,-0,Not sig,NA
0.6469368729267142,-0.15654387479312004,0.121,0.128,1,OGT,-0,Not sig,NA
0.6481581154805318,0.15917663380778996,0.111,0.105,1,PIGN,-0,Not sig,NA
0.6579079347168737,-0.10970767006930582,0.195,0.201,1,ARFGEF1,-0,Not sig,NA
0.6582027898323755,-0.13091625946695096,0.153,0.159,1,TRAF3IP2-AS1,-0,Not sig,NA
0.658236803540144,-0.3035381789380235,0.167,0.17,1,DMXL1,-0,Not sig,NA
0.6593348638949457,0.18233979414903156,0.101,0.096,1,THRAP3,-0,Not sig,NA
0.6607415387952771,-0.2892668759681156,0.187,0.191,1,FCHO2,-0,Not sig,NA
0.6614198185855413,-0.16742501565803355,0.111,0.116,1,CUL5,-0,Not sig,NA
0.662307193938337,-0.10596162121467478,0.177,0.183,1,MDM4,-0,Not sig,NA
0.6643700119825082,-0.2885572394176765,0.119,0.123,1,TYW1,-0,Not sig,NA
0.6651106927661203,-0.18905390426859436,0.101,0.106,1,RBM17,-0,Not sig,NA
0.6659713641277905,-0.1357804753927626,0.097,0.103,1,GTF2F2,-0,Not sig,NA
0.6661957544891066,0.15268520204619318,0.119,0.113,1,PUM3,-0,Not sig,NA
0.6667367689658525,-0.20593948516036192,0.113,0.117,1,CLIC4,-0,Not sig,NA
0.6694038304068197,-0.40451961979706813,0.096,0.1,1,AGPAT3,-0,Not sig,NA
0.6704451327932008,0.10622289299018561,0.208,0.203,1,ITM2B,-0,Not sig,NA
0.672707899645801,0.17450511078719866,0.184,0.179,1,XPO1,-0,Not sig,NA
0.6764266121041754,-0.1595968821129814,0.225,0.231,1,NEDD4L,-0,Not sig,NA
0.6780015442306432,0.15660640101670564,0.2,0.195,1,NFATC3,-0,Not sig,NA
0.679746647215331,0.12097364863788587,0.101,0.096,1,ANKRD13C,-0,Not sig,NA
0.6815117452415651,-0.12795557821285897,0.275,0.278,1,SP100,-0,Not sig,NA
0.6818518583682979,-0.18806743086776312,0.156,0.162,1,UBR1,-0,Not sig,NA
0.6818775078471129,-0.17605908371551704,0.16,0.165,1,METTL15,-0,Not sig,NA
0.6835331173993262,-0.10628871878956941,0.12,0.126,1,CREB1,-0,Not sig,NA
0.6873994705600509,0.23984283730464373,0.117,0.113,1,IKBKB,-0,Not sig,NA
0.6995078135744568,-0.12111771922635811,0.109,0.115,1,SPRED2,-0,Not sig,NA
0.701170219515659,-0.12243656852003026,0.133,0.139,1,CLK1,-0,Not sig,NA
0.7011792571361117,0.16631821172068587,0.105,0.1,1,PPP4R3B,-0,Not sig,NA
0.7036682664969804,-0.22940585399303637,0.133,0.136,1,IRF2,-0,Not sig,NA
0.7059867814831526,-0.28685714679614976,0.105,0.109,1,FGD2,-0,Not sig,NA
0.7080302634028732,-0.15541674687604767,0.189,0.191,1,SNCA,-0,Not sig,NA
0.7106507472090919,-0.21759631724356332,0.153,0.156,1,TBC1D2B,-0,Not sig,NA
0.7117458870303779,-0.18470640552462203,0.111,0.116,1,PIK3CB,-0,Not sig,NA
0.7126010817049967,0.10038020941697812,0.175,0.169,1,IFNGR2,-0,Not sig,NA
0.7168216331582933,-0.15861325895737255,0.261,0.262,1,MTUS1,-0,Not sig,NA
0.7196885931205521,0.10062804475783516,0.233,0.226,1,TRIP12,-0,Not sig,NA
0.7252062421006791,0.26814140907530365,0.123,0.119,1,DTNBP1,-0,Not sig,NA
0.7258761820746609,0.1171039061754951,0.131,0.126,1,RPTOR,-0,Not sig,NA
0.7294416130256145,0.15881563099616425,0.142,0.138,1,MCPH1,-0,Not sig,NA
0.7300884152247382,-0.19536368697902673,0.114,0.117,1,FAM214A,-0,Not sig,NA
0.7316360655218708,-0.326268860318801,0.103,0.106,1,AATF,-0,Not sig,NA
0.7359894919510314,-0.25514728285297505,0.215,0.212,1,NT5C2,-0,Not sig,NA
0.7403019689987405,-0.3067478038613056,0.112,0.115,1,ARID4A,-0,Not sig,NA
0.7416489628919662,-0.12318860005964494,0.57,0.543,1,SLC9A9,-0,Not sig,NA
0.7457870985822119,-0.10860594439898685,0.371,0.371,1,NAV3,-0,Not sig,NA
0.7463053941086962,0.12169273377260748,0.177,0.188,1,CPSF6,-0,Not sig,NA
0.7484055280455342,-0.26488507566356967,0.196,0.196,1,SAMSN1,-0,Not sig,NA
0.7524483471188365,0.12055853576527997,0.183,0.178,1,KIDINS220,-0,Not sig,NA
0.753364956653865,-0.136775312309738,0.105,0.109,1,PCF11,-0,Not sig,NA
0.7542290876871852,0.10831801978267941,0.283,0.279,1,PUM2,-0,Not sig,NA
0.7632699891666275,-0.12388221906386099,0.164,0.168,1,AEBP2,-0,Not sig,NA
0.76531520942740106,-0.1542513154763042,0.106,0.1,1,TMEM245,-0,Not sig,NA
0.7669004007153739,-0.2137123494118338,0.153,0.158,1,PSD3,-0,Not sig,NA
0.7731085400843912,-0.15876317026571912,0.13,0.133,1,KPNA1,-0,Not sig,NA
0.7743465165892873,-0.1729608160392785,0.109,0.112,1,NDFIP1,-0,Not sig,NA
0.7814896656101498,-0.1320556103506294,0.424,0.418,1,NFIA,-0,Not sig,NA
0.7826821542081219,-0.1121219197845359,0.165,0.168,1,KIF13B,-0,Not sig,NA
0.7839418429483882,0.2138940934859083,0.115,0.113,1,CD81,-0,Not sig,NA
0.78594853228761,-0.15252704366204445,0.104,0.107,1,RANBP2,-0,Not sig,NA
0.7903171580503061,-0.160929697405504,0.167,0.17,1,PCMTD1,-0,Not sig,NA
0.7946814672382257,-0.13867791631968474,0.275,0.277,1,RIN3,-0,Not sig,NA
0.7999594634918796,-0.10792920877812584,0.14,0.143,1,SKIL,-0,Not sig,NA
0.804098895911195,0.2860763741403327,0.163,0.163,1,SLC39A10,-0,Not sig,NA
0.8052992380543071,0.12261798370216243,0.112,0.109,1,RALGAPB,-0,Not sig,NA
0.8061522670472231,-0.12225235566705384,0.165,0.168,1,RTN1,-0,Not sig,NA
0.8069143244981356,-0.10982099553856917,0.239,0.226,1,ARMH3,-0,Not sig,NA
0.8119278061412949,0.20143586913043832,0.153,0.152,1,SFPQ,-0,Not sig,NA
0.8160793361786859,-0.29722208673504824,0.114,0.115,1,ZNF706,-0,Not sig,NA
0.8207311034085005,-0.2759105451042839,0.122,0.123,1,TCF25,-0,Not sig,NA
0.822879484214138,-0.20332889934188825,0.164,0.158,1,ZDHHC20,-0,Not sig,NA
0.8232740104391717,0.15028044063435186,0.137,0.143,1,VPS53,-0,Not sig,NA
0.8235579550914538,-0.10825810192717444,0.175,0.168,1,CD86,-0,Not sig,NA
0.8262971776178005,-0.10641419660259427,0.123,0.125,1,KDM4B,-0,Not sig,NA
0.828665903998108,-0.14452523498774883,0.223,0.212,1,PSPC1,-0,Not sig,NA
0.8316992362556046,-0.10717719116644364,0.228,0.231,1,GIGYF2,-0,Not sig,NA
0.8335503698764519,-0.19113080224058426,0.102,0.103,1,PPP2R5A,-0,Not sig,NA
0.8378672090963181,0.11791218220181016,0.117,0.115,1,PDXDC1,-0,Not sig,NA
0.83906537090216,-0.131121355132928,0.255,0.255,1,NEK7,-0,Not sig,NA
0.8497776826339323,-0.10641728205324674,0.233,0.231,1,HIVEP3,-0,Not sig,NA
0.8622174253111303,0.14792615364511363,0.116,0.12,1,EGLN1,-0,Not sig,NA
0.8629005437993048,-0.19315566460510952,0.124,0.125,1,MTREX,-0,Not sig,NA
0.8762797010806398,-0.12762759588313966,0.217,0.215,1,DICER1,-0,Not sig,NA
0.8765621706213612,-0.11404789304209739,0.178,0.172,1,CHD6,-0,Not sig,NA
0.8802762723949672,-0.10057454834648127,0.195,0.196,1,ZNF207,-0,Not sig,NA
0.880455608549185,-0.10260714229145762,0.137,0.132,1,ASAH1,-0,Not sig,NA
0.8815368371598675,-0.12739545711648198,0.12,0.116,1,STXBP3,-0,Not sig,NA
0.8827192034849195,-0.10230586662045393,0.246,0.242,1,CDC42SE2,-0,Not sig,NA
0.8831426571492199,0.11229839019947008,0.123,0.126,1,BCLAF1,-0,Not sig,NA
0.884916532447016,-0.1398003917474695,0.148,0.148,1,CDC14B,-0,Not sig,NA
0.8895107318188373,0.11116150249240175,0.17,0.169,1,ROCK2,-0,Not sig,NA
0.8928928025338944,0.12472572985532793,0.143,0.148,1,BRD4,-0,Not sig,NA
0.8940034011567534,0.22378155648778808,0.114,0.113,1,BRWD3,-0,Not sig,NA
0.8975828641498906,-0.10711273728501425,0.327,0.318,1,SLCO2B1,-0,Not sig,NA
0.902653905727177,-0.20241719058347174,0.378,0.367,1,RBM47,-0,Not sig,NA
0.9026931522023804,-0.14647286816369942,0.108,0.105,1,AC013394.1,-0,Not sig,NA
0.9064687593241622,-0.15100383804707537,0.102,0.103,1,TMLHE,-0,Not sig,NA
0.9124733889444884,-0.14545136319939012,0.144,0.145,1,NRDC,-0,Not sig,NA
0.9143919000079367,-0.10001901760942056,0.136,0.132,1,MBTD1,-0,Not sig,NA
0.9151361397944001,0.12527132590988727,0.103,0.102,1,XPO4,-0,Not sig,NA
0.928572627852754,0.12531629145011958,0.151,0.15,1,VPS54,-0,Not sig,NA
0.9289961132414586,-0.3262000984183513,0.159,0.155,1,UGCG,-0,Not sig,NA
0.9308034783528855,-0.4534311860134077,0.121,0.117,1,HIST1H2AC,-0,Not sig,NA
0.9388535067032912,-0.11555954499971799,0.133,0.133,1,HOOK3,-0,Not sig,NA
0.9484021103332206,-0.12007823699753911,0.106,0.105,1,SLC12A6,-0,Not sig,NA
0.952544520591433,-0.2577596854725408,0.134,0.132,1,ITGA9,-0,Not sig,NA
0.9566380647837935,-0.15136174965404936,0.15,0.149,1,SCLT1,-0,Not sig,NA
0.958714341933258,0.15836029104661464,0.104,0.105,1,TENT4B,-0,Not sig,NA
0.9608671401736452,0.1071733910171837,0.129,0.132,1,SEL1L,-0,Not sig,NA
0.969479121503961,-0.19297274964215383,0.19,0.185,1,LRRK2,-0,Not sig,NA
0.9709416509946993,-0.12441276395141676,0.112,0.112,1,SEM1,-0,Not sig,NA
0.9742433294041017,0.17180197716637163,0.115,0.117,1,FAM208A,-0,Not sig,NA
0.974895663298063,-0.23078764320591771,0.164,0.162,1,NCOA7,-0,Not sig,NA
0.9753822636004347,-0.169666917548005,0.279,0.269,1,SORT1,-0,Not sig,NA
0.9765580638307618,-0.11736786794896392,0.156,0.155,1,R3HDM1,-0,Not sig,NA
0.9828483045877594,0.12641328063274115,0.146,0.148,1,SON,-0,Not sig,NA
0.9851139788513966,-0.11029789180689598,0.153,0.153,1,ARID5B,-0,Not sig,NA
0.9888679333060947,-0.11686283979939183,0.216,0.212,1,CDC42BPA,-0,Not sig,NA
0.989108519270862,-0.18677913112377714,0.117,0.115,1,HLCS,-0,Not sig,NA
0.9910450471139854,-0.10985859441906864,0.775,0.749,1,SSH2,-0,Not sig,NA
