p_val,avg_log2FC,pct.1,pct.2,p_val_adj,gene,neg_log10_pval,Significance
1.1401005140933746e-268,1.6668710552760273,0.564,0.245,2.8476290540510215e-264,PCDH9,263.54551658465283,Sig Up
2.818245060991862e-257,3.565799608499237,0.203,0.02,7.039130688839374e-253,ARL17B,252.15248097158963,Sig Up
3.3849191358292684e-169,-0.6109381628880728,0.957,0.983,8.4545125255607635e-165,NEAT1,164.07291142810908,Sig Down
3.6763847993602013e-155,2.368929247150981,0.208,0.049,9.182506313361975e-151,PLP1,150.03703876438672,Sig Up
9.4538481255009e-149,-2.29106466757999,0.07,0.301,2.3612876463063597e-144,AC092957.1,143.62685110500328,Sig Down
1.3794520986542688e-134,1.7956620488757893,0.291,0.108,3.445457506808767e-130,CADM2,129.46275310191598,Sig Up
6.093567425590349e-129,1.5231274515000495,0.32,0.13,1.5219903358897014e-124,IL1RAPL1,123.81758810517589,Sig Up
4.839924769159118e-125,-1.4247003425956128,0.341,0.556,1.208868009592873e-120,ADAMTS9,119.91762111504887,Sig Down
5.468378629787203e-120,-1.2671085773986224,0.285,0.51,1.3658369303619498e-115,BACE2,114.86460114873024,Sig Down
7.261036877971672e-112,2.1163231006333474,0.186,0.054,1.8135891810109847e-107,ST18,106.741461083663,Sig Up
1.5246316967172935e-98,1.6430435097796123,0.486,0.313,3.808072588890784e-94,RIMKLB,93.4192947817544,Sig Up
1.0463356400544014e-96,1.2305776413588085,0.394,0.214,2.6134325281638782e-92,KLF2,91.58278870774315,Sig Up
1.292697283592365e-93,1.854529285666435,0.18,0.058,3.22877000522865e-89,MBP,88.49096288995266,Sig Up
1.810542088245581e-92,-1.1175843899406799,0.237,0.438,4.5221909738109876e-88,CMIP,87.34465110118548,Sig Down
5.835357048627132e-91,1.538448612860326,0.245,0.102,1.4574971300355987e-86,CTNNA3,85.8363922917394,Sig Up
2.6660215847306112e-90,1.259643489393612,0.479,0.308,6.658922112181648e-86,INPP5D,85.17659606491637,Sig Up
5.29306448270443e-83,1.5255148820219466,0.248,0.11,1.3220487158450856e-78,PDE4B,77.87875254134592,Sig Up
7.064821041971786e-82,2.0235096435539095,0.141,0.041,1.764580351653293e-77,SLC24A2,76.75335856088853,Sig Up
1.1962786774606115e-81,1.6562475630675886,0.212,0.085,2.9879452526933694e-77,GPR85,76.52462736424319,Sig Up
1.8617105646338235e-81,-1.0682322214635205,0.219,0.404,4.649994477285901e-77,CNKSR3,76.33254756291342,Sig Down
9.819855699529967e-77,1.061547543523274,0.556,0.403,2.4527053580716e-72,PLXNA2,71.61035462017898,Sig Up
4.0639132553476126e-76,-0.8254838849209305,0.418,0.587,1.0150436137881731e-71,PDZD2,70.99351529684377,Sig Down
7.463873688947505e-73,0.706065531281745,0.751,0.65,1.864251731288418e-68,THSD4,67.72949544491766,Sig Up
3.073121748669928e-70,1.5023980011541302,0.209,0.091,7.67573619165288e-66,PPP2R2B,65.114879960002,Sig Up
7.384819078211185e-69,0.9031639312858051,0.483,0.331,1.8445062611648077e-64,APOLD1,63.73411986622481,Sig Up
2.5744384879728225e-66,1.8859524021708876,0.121,0.037,6.430175011409719e-62,ANK3,61.19177720663174,Sig Up
7.233046023412873e-66,1.4652554462464351,0.186,0.077,1.8065979052678334e-61,NCAM2,60.7431384976634,Sig Up
2.3620185448263036e-64,1.6204808711430845,0.143,0.05,5.899613719412659e-60,NKAIN2,59.22917642310692,Sig Up
3.825604419511864e-62,1.1493990938848144,0.413,0.278,9.555212158614784e-58,KLF6,57.01975966566886,Sig Up
6.472450052852592e-62,1.4847528287771397,0.173,0.071,1.616623849700992e-57,PTPRD,56.79139101843792,Sig Up
1.5269944298819274e-61,-0.7635270201984867,0.364,0.529,3.81397398751609e-57,PDZRN3,56.418622273302795,Sig Down
2.5276650359358977e-61,1.9274853214200098,0.105,0.03,6.313348960257092e-57,PEX5L,56.19974020507696,Sig Up
4.033355914928083e-61,1.5911687029688795,0.157,0.061,1.0074113068715873e-56,FRMD5,55.99679317906459,Sig Up
2.151290046888383e-58,-0.8066091729850686,0.208,0.368,5.373277150113115e-54,MCTP1,53.26976075822889,Sig Down
2.4732539448185366e-57,1.3683747000063322,0.192,0.087,6.177446377973259e-53,SLCO1A2,52.20919101571162,Sig Up
2.6696878864680287e-57,1.824904891304508,0.122,0.042,6.668079434031195e-53,NCKAP5,52.175999235245364,Sig Up
9.105339211663794e-57,0.8863591587097426,0.38,0.24,2.274240574897266e-52,SPOCK3,51.64316359645388,Sig Up
9.14680815412498e-57,-1.122707917677806,0.161,0.302,2.284598272655796e-52,SULF2,51.641190155903665,Sig Down
1.1298846440276725e-56,1.2848569290804295,0.257,0.139,2.8221128753879177e-52,NRG3,51.549425619859576,Sig Up
2.089638595480736e-56,1.021867862678424,0.307,0.178,5.2192903199322344e-52,DUSP1,51.28238854509936,Sig Up
4.591010721911411e-56,-1.6239744077472964,0.06,0.176,1.146696748011813e-51,ZIC1,50.94055141913286,Sig Down
4.624999849091732e-56,2.0003502988831934,0.117,0.039,1.1551862123076418e-51,TRPM3,50.93734800325301,Sig Up
1.910467472005785e-55,-1.0759437332231414,0.22,0.369,4.771774604828849e-51,TMTC1,50.32132007845327,Sig Down
1.3677849010701546e-54,-0.6637817650515254,0.311,0.473,3.416316347402925e-50,SLCO4A1,49.46644192089572,Sig Down
2.7746535785336907e-52,0.9135831956474305,0.384,0.251,6.9302522431036e-48,MT2A,47.15925095791426,Sig Up
1.587977435946743e-51,1.0431210035572906,0.285,0.165,3.96629124176418e-47,ZNF385B,46.4016153990447,Sig Up
3.1866045808176765e-51,1.8186713705568798,0.117,0.042,7.959182261508311e-47,KLF4,46.09913155004597,Sig Up
1.0244254124709912e-50,0.7724475379864377,0.533,0.417,2.5587073527287946e-46,SORT1,45.591979382875174,Sig Up
3.1355138761274144e-50,-0.29107924527130447,0.998,1,7.831573008403443e-46,MALAT1,45.10615099908405,Sig Down
8.019794215639727e-50,-1.6262473863049467,0.053,0.156,2.0031040012403344e-45,SNTG2,44.69829650153407,Sig Down
1.405549865381925e-49,-0.8054744417898183,0.202,0.348,3.510641898764434e-45,CACNA1C,44.45461346826243,Sig Down
3.460818100849377e-49,0.7333051768964176,0.51,0.385,8.644085370491489e-45,PRICKLE2,44.06328095259973,Sig Up
5.621437767522124e-49,-0.44046542866906213,0.715,0.794,1.404066511194001e-44,FP671120.1,43.852612319015066,Sig Down
1.0873655033172793e-48,0.2902122132434801,0.965,0.953,2.7159128176355684e-44,PTPRG,43.56608417527058,Sig Up
5.547332866411167e-48,-1.2958910058398287,0.069,0.177,1.3855573300435172e-43,ARRDC3,42.85837549975801,Sig Down
1.6165627343774068e-47,-1.0752280822535882,0.108,0.227,4.037688741654449e-43,PLOD2,42.39386716310216,Sig Down
5.960441065067316e-47,-1.0591954534224417,0.104,0.223,1.4887393648218635e-42,MTUS2,41.82718132798821,Sig Down
4.0758799699839994e-46,-0.8172258122693212,0.214,0.35,1.0180325401029035e-41,MYOF,40.99223834011196,Sig Down
5.426435895315457e-46,-0.6363070162630295,0.344,0.481,1.3553608935729418e-41,HIPK3,40.867945049277736,Sig Down
6.392182091892828e-45,-0.4169817030108218,0.614,0.722,1.5965753210920716e-40,MKL2,39.79681058807785,Sig Down
7.690851508827693e-45,1.1948574052942444,0.179,0.087,1.920943981359893e-40,NCALD,39.71648529986554,Sig Up
9.30436830441718e-45,-0.41535950575704783,0.661,0.785,2.323952071394279e-40,GALNT18,39.63377283297002,Sig Down
1.3931769506983142e-44,-0.9083831867916747,0.165,0.294,3.4797380697591797e-40,RFTN1,39.45845344546131,Sig Down
2.4626542619525543e-44,1.2966967737111896,0.163,0.077,6.150971550078895e-40,ABLIM3,39.21105628170204,Sig Up
3.4148165832011667e-44,-0.8368213852079411,0.204,0.335,8.529187379861554e-40,PLSCR4,39.06909234436045,Sig Down
8.411473761857018e-44,-0.4071128091499703,0.6,0.723,2.1009338014990274e-39,EGFL7,38.677587631600055,Sig Down
1.1751410965453767e-43,0.5929542228771405,0.589,0.473,2.9351499168413876e-39,LEF1,38.53236971165855,Sig Up
9.561777564543115e-43,1.1403700288402594,0.377,0.268,2.388245182295934e-38,AKAP12,37.621921089664866,Sig Up
1.5428867931130706e-42,0.4161218444063488,0.811,0.744,3.853668343158516e-38,EPAS1,37.414125664598586,Sig Up
1.9955162524372915e-42,1.1447628571554491,0.187,0.096,4.984200943712623e-38,NET1,37.302404456921444,Sig Up
1.3002279437349342e-41,-0.8074086623912304,0.239,0.364,3.2475793350667453e-37,TSHZ2,36.488440230751976,Sig Down
3.1206853736076807e-41,0.8830595503300693,0.314,0.204,7.794535857659903e-37,HERPUD1,36.108209740700744,Sig Up
5.282114146506078e-41,0.5297666766238787,0.586,0.487,1.3193136503728231e-36,SLC39A10,35.87965194407988,Sig Up
1.6534269828284066e-40,-1.288550163258756,0.077,0.176,4.129764575010511e-36,ISYNA1,35.38407470541093,Sig Down
2.3843407218188758e-40,1.6175058490746503,0.304,0.211,5.955367820887006e-36,SAMD4A,35.225091410058894,Sig Up
2.9841356098426367e-40,-0.759006866043483,0.247,0.373,7.453475512703954e-36,CFH,35.127641171007,Sig Down
4.0517067926884234e-40,-0.8387162788371906,0.156,0.276,1.0119948056097875e-35,ABCC4,34.9948217166472,Sig Down
5.046372658138779e-40,-1.214773187197088,0.112,0.217,1.2604324988233228e-35,ABCA1,34.89948040756272,Sig Down
2.2917493528212087e-39,-0.9959167240891672,0.092,0.196,5.724102358541532e-35,ADAMTS1,34.24229260877804,Sig Down
6.11883164346411e-39,-1.078785730758284,0.204,0.314,1.5283005795880306e-34,SLC16A1,33.815791222187954,Sig Down
7.88077145609875e-39,1.4270719276334345,0.107,0.042,1.968380286589785e-34,DOCK10,33.705890993093426,Sig Up
9.60995831482876e-39,1.056678354784888,0.186,0.099,2.4002792882947793e-34,NRXN3,33.619738222326575,Sig Up
1.2017994453890373e-38,-0.6760764226947544,0.277,0.401,3.0017344747481985e-34,RALGAPA2,33.52262772690014,Sig Down
1.0177748581408818e-37,-0.5757097862323568,0.352,0.48,2.5420962631784804e-33,CAMK2D,32.59480800776484,Sig Down
1.2866619043931006e-37,0.5280017857876755,0.79,0.723,3.213695438602648e-33,TACC1,32.49299528364039,Sig Up
2.194228536196695e-37,-0.9266445850621321,0.137,0.246,5.480524614858485e-33,BCR,32.261177867349005,Sig Down
3.784932146478312e-37,-1.459141503392003,0.098,0.193,9.45362502225888e-33,FAM13A,32.02440162796853,Sig Down
6.8766347336667985e-37,-0.41745861654761196,0.655,0.765,1.7175770574279563e-32,CCNY,31.765083769630834,Sig Down
9.51171431844814e-37,1.355211421407162,0.127,0.058,2.375740885318792e-32,MAP7,31.624200928258507,Sig Up
1.1421042150612217e-36,0.6629496377595001,0.478,0.372,2.8526336979584134e-32,NEDD9,31.544753991809003,Sig Up
1.5932354109098164e-36,-0.6422950885446128,0.13,0.242,3.9794240858294484e-32,CP,31.400179775776625,Sig Down
1.824226586285016e-36,-1.3682544133297831,0.067,0.155,4.556370744564085e-32,TFPI,31.34138094531121,Sig Down
5.369438596140872e-36,1.2162571211571955,0.147,0.072,1.3411246781581055e-31,AIF1L,30.872530845922373,Sig Up
9.606534840144777e-36,0.5581661767941375,0.532,0.424,2.3994242070229607e-31,SLC7A1,30.619892964002688,Sig Up
1.0743236290124713e-35,0.697426855525453,0.38,0.274,2.6833381281844497e-31,SLC2A1,30.57132459831123,Sig Up
1.2384762217802315e-35,0.6719427038876704,0.755,0.714,3.0933420591404845e-31,PLEKHG1,30.509572053426055,Sig Up
1.7289326498331864e-35,0.8678694301130297,0.27,0.171,4.3183550794883495e-31,MFSD2A,30.364681650394033,Sig Up
3.5604933220886703e-35,0.6751138221107298,0.405,0.295,8.893044170580871e-31,HEG1,30.0509495505954,Sig Up
5.20586821065031e-35,0.6667283366198826,0.545,0.45,1.300269702974128e-30,ZSWIM6,29.885966556643222,Sig Up
8.569605539457709e-35,-1.197493717415991,0.064,0.15,2.140430375590352e-30,NRG2,29.669498894430323,Sig Down
8.596824104146143e-35,-0.4592647672826464,0.457,0.574,2.1472287564925823e-30,PPP3CA,29.66812168523762,Sig Down
1.3827053552678954e-34,-0.46407355588337174,0.508,0.618,3.453583165852622e-30,SYNE2,29.461730081271853,Sig Down
1.5350310908144072e-34,-1.3348379221523934,0.058,0.14,3.834047155527145e-30,PTP4A3,29.416342549971443,Sig Down
2.365488722013277e-34,0.7346811948911558,0.479,0.38,5.908281180972562e-30,SMCHD1,29.228538844362294,Sig Up
3.305129648902211e-34,-0.7990085584101028,0.184,0.293,8.255222324063053e-30,C22orf34,29.083271226118498,Sig Down
5.792642371097074e-34,-0.528702588386285,0.432,0.551,1.4468282850289163e-29,MGAT5,28.8395830095096,Sig Down
7.020883522374523e-34,0.8317785983802863,0.324,0.224,1.7536060773834845e-29,JUND,28.756067958080795,Sig Up
1.1457063579983338e-33,1.0553672265988179,0.158,0.082,2.861630770372438e-29,ERBB4,28.543386402978214,Sig Up
1.718805301536997e-33,0.5350051302347079,0.558,0.465,4.2930600016489577e-29,DNM3,28.367233041592087,Sig Up
1.8353415297634006e-33,1.2372063815583956,0.347,0.256,4.5841325388900454e-29,GPCPD1,28.338742834304963,Sig Up
2.2382155939038335e-33,1.0276876366597127,0.193,0.11,5.590391088893605e-29,ACTG1,28.252557808963804,Sig Up
2.535355974805656e-33,1.3554308443757423,0.132,0.064,6.332558618272086e-29,JUN,28.198420781407247,Sig Up
3.6520172228805426e-33,-1.125290521253294,0.074,0.161,9.121643417588731e-29,IL6R,28.03992690916156,Sig Down
4.260582639765227e-33,1.2446177026291996,0.15,0.078,1.0641657259341607e-28,EXPH5,27.972990732704446,Sig Up
5.372703970969248e-33,1.3210584000774506,0.119,0.055,1.3419402708289892e-28,SLC1A2,27.872266813993154,Sig Up
5.56713200126237e-33,0.9902456186294967,0.177,0.097,1.3905025599553022e-28,ROBO4,27.856828207250423,Sig Up
7.865576193720051e-33,1.0835211189492446,0.161,0.086,1.964584965905457e-28,ANK2,27.706729183738947,Sig Up
1.3712310143948772e-32,-0.4348249433171092,0.47,0.588,3.424923704654085e-28,LDLRAD3,27.465349098629012,Sig Down
3.5531785973388654e-32,0.48074733683518867,0.743,0.7,8.874774182573285e-28,PICALM,27.051842688696535,Sig Up
4.7969984092697503e-32,-0.76995138746235,0.239,0.345,1.1981462926833055e-27,HIF1A-AS2,26.921490151707797,Sig Down
8.456504791558994e-32,-0.5374370660132524,0.312,0.43,2.11218120178769e-27,IL4R,26.67526882687647,Sig Down
8.860891772713729e-32,-0.9422942000609915,0.097,0.188,2.2131849380707082e-27,ASRGL1,26.65498229405839,Sig Down
2.08824256587803e-31,-0.7164178347196813,0.131,0.232,5.215803456793556e-27,PTH1R,26.282678782160765,Sig Down
2.152508928955944e-31,1.095233919284846,0.158,0.085,5.376321551853262e-27,UNC5C,26.269514764504205,Sig Up
3.2133025591328863e-31,1.2416987390822445,0.284,0.198,8.02586580194621e-27,COL4A2,26.09550810624702,Sig Up
4.329251707796789e-31,1.2262130465808778,0.106,0.047,1.081317199056404e-26,GPM6B,25.96604688921727,Sig Up
5.662347127222764e-31,-0.549114088276949,0.261,0.377,1.4142844419664296e-26,SHC2,25.84946323611675,Sig Down
6.491948019828225e-31,-0.6986761417107092,0.26,0.367,1.6214938569124956e-26,CCSER1,25.79008469232808,Sig Down
1.7301103792875294e-30,-0.8322185546220819,0.152,0.25,4.3212966943464625e-26,RPS6KA5,25.364385914597367,Sig Down
2.55485998541444e-30,-0.5682563061510395,0.38,0.484,6.381273785569647e-26,SCARB1,25.195092621776084,Sig Down
2.6938944592801346e-30,1.0081645418849983,0.253,0.166,6.728540190943992e-26,AC019197.1,25.172079149117312,Sig Up
4.3239904649449636e-30,-1.5147999785311965,0.04,0.108,1.0800030984293036e-25,PGGHG,24.96657499856044,Sig Down
4.9987515890953215e-30,-1.096491773181062,0.082,0.164,1.2485381844083384e-25,SMAD7,24.903598170954407,Sig Down
5.751591526359959e-30,0.48014899657932686,0.739,0.687,1.4365750155389271e-25,SORBS1,24.842671690950144,Sig Up
1.2144891529784212e-29,0.34017162804447265,0.72,0.656,3.0334295573942028e-25,QKI,24.518066085832906,Sig Up
3.570187471311128e-29,-1.1196645668797705,0.059,0.133,8.917257247093805e-25,PCBP3,24.049768704550036,Sig Down
5.630773607613823e-29,-0.4611014574821328,0.347,0.464,1.4063983239737047e-24,NPAS2,23.85189165982534,Sig Down
5.70983898566369e-29,-0.5213902199930018,0.563,0.647,1.4261464834492198e-24,BSG,23.845835864605867,Sig Down
5.883821259061665e-29,0.9944326788286177,0.161,0.089,1.469602035875832e-24,IFI27,23.83280025506301,Sig Up
5.97593000422546e-29,0.7087836402251182,0.507,0.425,1.4926080371553934e-24,IRAK3,23.82605422419034,Sig Up
8.853933096524849e-29,0.5791699999081987,0.501,0.406,2.2114468695190115e-24,NLK,23.65532349018626,Sig Up
1.3899935375152584e-28,1.3458871636706247,0.1,0.045,3.471786858651861e-24,PRUNE2,23.45944694506027,Sig Up
1.822660415546982e-28,-0.5233850715519728,0.276,0.385,4.552458919911697e-24,OSMR,23.341753964464655,Sig Down
2.1361346528756195e-28,0.9229887944795132,0.2,0.122,5.335423522487435e-24,NPAS3,23.272831100854543,Sig Up
2.1854424185962543e-28,0.762046459960551,0.251,0.165,5.4585795289278644e-24,SLC44A1,23.26292035784633,Sig Up
5.292488870532481e-28,1.0824788318567113,0.103,0.047,1.3219049451928977e-23,LINC02043,22.87879977273419,Sig Up
7.407209996837516e-28,0.9157592176697371,0.179,0.105,1.8500988409101062e-23,SLC38A5,22.732805068940138,Sig Up
1.0021785270573492e-27,1.2577083929985675,0.112,0.055,2.503141307031141e-23,TTLL7,22.601514632960033,Sig Up
1.0988718247058074e-27,0.6505554748918134,0.406,0.316,2.7446521565676955e-23,HLA-E,22.561512688028284,Sig Up
1.6984859798616102e-27,1.2033580728765674,0.142,0.077,4.2423084319003436e-23,NR4A1,22.372397759816888,Sig Up
1.7203572119170876e-27,-0.3902072431238093,0.471,0.583,4.2969362082053096e-23,CPNE8,22.366841093751535,Sig Down
1.7958658122013657e-27,-0.5541713513848676,0.377,0.481,4.485534039135351e-23,THSD7A,22.34818584326817,Sig Down
2.7861218755547103e-27,0.6466352826387378,0.355,0.263,6.958896608573e-23,CCDC50,22.157459615963642,Sig Up
3.132932709628432e-27,0.9796047550989174,0.211,0.135,7.825126028838934e-23,MCL1,22.10650865912483,Sig Up
7.848514887665438e-27,0.7705127137074511,0.181,0.106,1.9603235634921964e-22,FRMD4B,21.707672239744763,Sig Up
8.750156500124015e-27,1.4743852478495088,0.16,0.094,2.1855265890359754e-22,DCLK1,21.66044390553152,Sig Up
1.0952092829415983e-26,0.8806563360081681,0.246,0.165,2.73550422600323e-22,IQCJ-SCHIP1,21.562962609956713,Sig Up
1.3605652281657135e-26,-0.5498041703144743,0.295,0.399,3.3982837703895025e-22,RPGR,21.468740358613346,Sig Down
1.581796123926238e-26,-0.8210885713747048,0.149,0.237,3.9508521787305643e-22,HSD17B4,21.403309219157478,Sig Down
1.9648976158909247e-26,-0.8636925919909302,0.104,0.186,4.907724775210763e-22,ATOH8,21.309119800459857,Sig Down
2.096695396880285e-26,-0.6983734018373685,0.166,0.26,5.236916092787888e-22,DISC1,21.280924384420288,Sig Down
2.2215494603747993e-26,1.1987495875510472,0.135,0.074,5.548764087178136e-22,EDN1,21.255803739380234,Sig Up
2.935815548683441e-26,0.8765558383457726,0.223,0.145,7.332786495946631e-22,CYLD,21.1347309598949,Sig Up
2.9814884023772397e-26,-0.8694149688433331,0.127,0.213,7.446863582617631e-22,FRMD3,21.12802660182456,Sig Down
1.081569625006127e-25,1.4829937606071888,0.125,0.067,2.7014364523778034e-21,CTGF,20.568405244192252,Sig Up
2.1957753031126104e-25,-0.8358433125207805,0.085,0.162,5.484387974584367e-21,SEMA3F,20.26087183009311,Sig Down
2.8513537588243963e-25,-1.2111817581733715,0.048,0.112,7.121826283415695e-21,IER3,20.147408623904408,Sig Down
3.1813564201820214e-25,0.8772166280765163,0.173,0.103,7.946073930688634e-21,ITM2A,20.09984739856322,Sig Up
4.199123682882991e-25,1.288373476475721,0.113,0.059,1.0488151222736847e-20,NAALADL2,19.979301059425648,Sig Up
4.510170626592386e-25,-0.4798373244656142,0.328,0.431,1.1265053174039804e-20,LDB2,19.948266753950133,Sig Down
4.510713040312338e-25,-0.7702600723979013,0.089,0.167,1.1266407960788128e-20,EHD2,19.94821452685255,Sig Down
4.749708584587275e-25,-0.8683733173794774,0.2,0.285,1.1863347131723637e-20,SLC16A1-AS1,19.925792761582805,Sig Down
5.603948912426446e-25,0.49821585464122986,0.415,0.322,1.3996983198567534e-20,DLG2,19.853965558707337,Sig Up
6.687429563404011e-25,-0.5998056589182394,0.206,0.302,1.6703192820514198e-20,BACH1,19.777200505391594,Sig Down
2.259544180120416e-24,0.5683954781551097,0.405,0.322,5.643663498686763e-20,USP54,19.248438888790865,Sig Up
3.2818142362297145e-24,0.877722829599652,0.653,0.616,8.196987417830958e-20,CRIM1,19.08634573154395,Sig Up
4.652502335013828e-24,-0.9484129483297562,0.057,0.122,1.1620555082164038e-19,ANKRD33B,18.93477312638948,Sig Down
8.610367888561468e-24,0.9151048306997991,0.137,0.077,2.1506115875259977e-19,KIAA1217,18.66743801854141,Sig Up
1.037279508131303e-23,0.9241866609112788,0.429,0.35,2.5908130274595553e-19,TIMP3,18.586563927837236,Sig Up
1.2300727943520556e-23,-0.989748666701593,0.082,0.153,3.072352818453129e-19,RNF152,18.51252891288892,Sig Down
1.8756054432215415e-23,1.087207212674643,0.12,0.064,4.684699715534444e-19,IER2,18.32931824171664,Sig Up
1.899464522971101e-23,-1.0297928755080796,0.052,0.115,4.744292539024918e-19,RNF24,18.323828539676,Sig Down
2.1455264918345573e-23,0.6300617664595789,0.34,0.257,5.358881518655174e-19,NOSTRIN,18.27092584481552,Sig Up
2.5224533157536803e-23,0.8600339485938506,0.136,0.076,6.300331646757967e-19,PER3,18.200636588869283,Sig Up
2.6137975425511788e-23,0.3800659621939073,0.547,0.462,6.528482122030079e-19,SAMD12,18.18518778084646,Sig Up
3.1646903358882216e-23,-0.5082015718596951,0.172,0.265,7.904447051948011e-19,PRKG1,18.102128505325325,Sig Down
5.052594875070863e-23,0.26006858315041637,0.826,0.813,1.2619866219464493e-18,ABCB1,17.89894524893153,Sig Up
7.280241934950446e-23,1.2218512922566158,0.102,0.052,1.818386028092573e-18,BTG2,17.740313914252734,Sig Up
8.778179386060322e-23,-0.9917334912975807,0.064,0.128,2.1925258652562867e-18,CD99,17.65905527455402,Sig Down
1.0696288680142713e-22,-0.7171644410085946,0.109,0.185,2.6716120236392455e-18,ADAMTS6,17.57322661065257,Sig Down
1.261773709414764e-22,0.9210484578378146,0.131,0.073,3.151532194005256e-18,IFI44L,17.50147825204545,Sig Up
1.4180084701697722e-22,0.7811817134385444,0.312,0.234,3.54175975594304e-18,EXT1,17.450780901137712,Sig Up
1.8702679614257396e-22,-0.4256874265468511,0.354,0.451,4.67136828725307e-18,FNDC3B,17.330555891903693,Sig Down
1.9251779734162487e-22,-0.4527285596452786,0.343,0.44,4.8085170242017646e-18,PARVB,17.317988842027404,Sig Down
3.089917146670936e-22,-0.9781333453496661,0.066,0.13,7.717686057239998e-18,CARMN,17.112512891789677,Sig Down
3.9194319023461886e-22,-0.40118173336092466,0.426,0.52,9.789565062490075e-18,RPS6KA2,17.00923660290131,Sig Down
4.1792056628684086e-22,0.9804063458097694,0.129,0.072,1.0438401984146425e-17,EDIL3,16.98136598242451,Sig Up
7.516901100139014e-22,0.4811954422884601,0.601,0.534,1.8774963877817217e-17,ANKS1A,16.726420889885965,Sig Up
8.779960708724666e-22,0.9363388625404494,0.166,0.104,2.19297078621816e-17,RHOB,16.658967153761946,Sig Up
9.565940836200417e-22,-1.0066215550936284,0.063,0.125,2.3892850426577782e-17,BCL6,16.621732035654542,Sig Down
1.5511894130716543e-21,0.8939814516568845,0.186,0.121,3.874405797029071e-17,IL18R1,16.411794894153584,Sig Up
2.7075558567140236e-21,-0.703456412417685,0.18,0.261,6.762662263314617e-17,IQSEC1,16.1698823012988,Sig Down
4.158485486734076e-21,-0.5920986062374602,0.184,0.271,1.0386649200215701e-16,KCNT2,15.983524536039063,Sig Down
4.7816579478789384e-21,-0.828345218440466,0.097,0.166,1.1943147056417225e-16,RAMP3,15.922881220179088,Sig Down
1.5002722221484254e-20,-0.5925659203950142,0.111,0.185,3.747229929260122e-16,SDK1,15.426289657868242,Sig Down
1.8884598725399456e-20,-0.7527940125408965,0.082,0.148,4.716806223643022e-16,EHBP1L1,15.326351965121944,Sig Down
1.9151044065555334e-20,0.5452329526092892,0.309,0.23,4.783356276253756e-16,SRGAP2B,15.320267270591845,Sig Up
2.0432124312897004e-20,-0.46416662755597815,0.299,0.389,5.103331689632285e-16,MYO9A,15.292146203900646,Sig Down
2.604965381126058e-20,-0.5105930317386815,0.199,0.286,6.506422032438555e-16,DHRSX,15.18665777007126,Sig Down
3.101014921166498e-20,-0.3601400045220968,0.453,0.545,7.745404968597562e-16,SPIDR,15.110955870218609,Sig Down
3.3216425231833764e-20,1.1722015936787953,0.104,0.056,8.296466530155119e-16,CNTNAP2,15.08110683451496,Sig Up
3.672353006538131e-20,0.2850953113712418,0.77,0.738,9.172436104430289e-16,COBLL1,15.037515304874821,Sig Up
3.833782192307711e-20,0.4730961469155748,0.616,0.558,9.57563778172697e-16,WWTR1,15.018832290376547,Sig Up
9.32582711166689e-20,-0.41292845627575847,0.308,0.399,2.3293118376810393e-15,ATP11A,14.632772366201952,Sig Down
1.2566262248216766e-19,-0.3110593829912345,0.551,0.65,3.1386753217371017e-15,MBNL1,14.50325360729163,Sig Down
1.7497499738050976e-19,-0.33479688058020374,0.461,0.554,4.370350509572992e-15,PARD3,14.359483730473762,Sig Down
1.7984797364431517e-19,0.9115912521710953,0.154,0.097,4.49206283771406e-15,CAVIN2,14.347554177192059,Sig Up
1.9820490881431647e-19,-1.1003528269521325,0.066,0.123,4.950564007455183e-15,PDE3A,14.305345319981189,Sig Down
2.157150991693517e-19,1.083422259618052,0.125,0.074,5.387916031952897e-15,SOX18,14.268579181164284,Sig Up
2.3694800881118976e-19,0.6086653111636411,0.352,0.277,5.9182504160770864e-15,KLF7,14.227806662693535,Sig Up
2.6667036996238786e-19,-0.8719906861872309,0.075,0.136,6.660625830550561e-15,NTRK3,14.176484962723778,Sig Down
3.092870374601386e-19,0.5197132508259996,0.327,0.249,7.725062334641881e-15,XAF1,14.112098007504192,Sig Up
3.9744166065624247e-19,-0.41438260633808954,0.289,0.378,9.926900358210969e-15,PON2,14.003186337352512,Sig Down
4.922842904524702e-19,-0.8242501781116818,0.093,0.158,1.2295784722631347e-14,SLC26A2,13.910243749167366,Sig Down
5.060694949912275e-19,0.8374977254624356,0.127,0.074,1.2640097776395889e-14,CTNND2,13.8982495665928,Sig Up
5.407135101335781e-19,1.0025235176083,0.126,0.075,1.3505401342606381e-14,NRXN1,13.869492505272206,Sig Up
5.825791689603997e-19,-0.6161504915465346,0.158,0.234,1.4551079903123905e-14,SELENOW,13.837104774474357,Sig Down
6.848749044709155e-19,0.502909929228623,0.347,0.269,1.7106120488970056e-14,STXBP6,13.7668484732919,Sig Up
7.8777552084701315e-19,-0.5476089776564805,0.233,0.317,1.9676269184195848e-14,AKAP13,13.706057244640293,Sig Down
8.437287233103344e-19,-0.7631371874348025,0.143,0.212,2.1073812322122222e-14,CHST15,13.676256891981184,Sig Down
8.687098858104526e-19,-0.5786020183659031,0.152,0.228,2.1697766817887676e-14,LRRFIP1,13.663584962399247,Sig Down
1.710546406540804e-18,-0.3940563785862887,0.239,0.324,4.272431759616966e-14,PAPSS2,13.369324865215411,Sig Down
2.510626266254456e-18,0.6801730503927866,0.177,0.116,6.270791225223754e-14,LRRC37A3,13.202677658041843,Sig Up
2.6386675916228305e-18,0.22271430940532877,0.827,0.804,6.590600043596343e-14,ZBTB20,13.181075043105622,Not sig
3.1269536684741793e-18,0.3236236747461674,0.676,0.632,7.810192177747958e-14,SPTBN1,13.107338279732348,Sig Up
3.642562662927119e-18,0.634338812368096,0.255,0.186,9.098028763193065e-14,LSAMP,13.041052694492622,Sig Up
5.736209742119022e-18,0.38144586068174835,0.408,0.325,1.4327331072890682e-13,MT-CO3,12.843834703410707,Sig Up
5.991960574964867e-18,-0.543044626783902,0.221,0.297,1.496611992808975e-13,ZMYND8,12.82489077896472,Sig Down
6.4648778450187504e-18,-1.1251758778500953,0.055,0.106,1.6147325393503333e-13,AC004889.1,12.7918994029327,Sig Down
1.0195948509390546e-17,-0.5813660269296015,0.168,0.241,2.546642059190477e-13,SLC19A3,12.594032092587463,Sig Down
1.0207616712604761e-17,-0.818637164813284,0.074,0.131,2.5495564263072913e-13,UPP1,12.593535371865674,Sig Down
1.222628599902937e-17,0.43375302955103945,0.348,0.267,3.053759453977566e-13,MT-ND3,12.515165175506372,Sig Up
1.414972115483268e-17,0.4355936662198592,0.484,0.414,3.5341758528425586e-13,SMARCA2,12.451711844750287,Sig Up
1.6903944872784623e-17,0.5959410950772217,0.301,0.232,4.2220983108754153e-13,GNAI2,12.374471658433949,Sig Up
1.745862632021713e-17,-0.5210989664121033,0.207,0.284,4.3606410960006326e-13,MIR29B2CHG,12.36044965660581,Sig Down
1.8185957963117567e-17,-0.7529117386240961,0.067,0.123,4.5423067204478746e-13,PDLIM1,12.342723543277781,Sig Down
1.9435426206210703e-17,-0.6501317095437243,0.177,0.248,4.854386403525247e-13,FAT4,12.313865657291318,Sig Down
2.341206835269128e-17,-0.45892654215432727,0.171,0.248,5.847632312451701e-13,B4GALT5,12.233019942769333,Sig Down
2.3860288108457292e-17,0.522660682138858,0.319,0.244,5.959584160849378e-13,FMNL3,12.22478404276799,Sig Up
2.4211102898631918e-17,0.6132365320864783,0.315,0.248,6.047207170991294e-13,UBR1,12.218445152664586,Sig Up
2.7391179178892615e-17,0.5269382864143353,0.468,0.405,6.841494823512008e-13,TEAD1,12.164848997303983,Sig Up
4.176219893513443e-17,-0.4646243187565964,0.355,0.434,1.0430944428028526e-12,BTNL9,11.981676368341192,Sig Down
4.191053755664666e-17,-0.7185720424658606,0.113,0.178,1.0467994965523636e-12,VEGFC,11.980136494901647,Sig Down
4.263903451298711e-17,-0.7438391707777446,0.169,0.237,1.064995165030879e-12,P4HA1,11.972652363873296,Sig Down
4.364290624880959e-17,-0.7118311433594253,0.122,0.186,1.0900688693765172e-12,TNFAIP8,11.962546062935205,Sig Down
4.736437192768177e-17,-0.752688313807074,0.118,0.181,1.1830199176377077e-12,HACE1,11.92700794341321,Sig Down
4.854812938981762e-17,0.5581292690432544,0.18,0.119,1.2125866277694747e-12,HLF,11.916287225411583,Sig Up
5.092042363276214e-17,-0.3573326026870136,0.393,0.476,1.2718394210755e-12,CCDC85A,11.895567718045413,Sig Down
5.2518529468326067e-17,-0.5337986185483021,0.136,0.207,1.3117553105303801e-12,SGIP1,11.882147168921602,Sig Down
5.97628324600254e-17,0.41633509443369876,0.346,0.269,1.4926962663540546e-12,MT-CO2,11.826028553471218,Sig Up
1.0317465568436984e-16,0.4844151185592138,0.399,0.33,2.5769933750285057e-12,ZBTB38,11.588886697938138,Sig Up
1.284088197227857e-16,-0.7549414308104256,0.1,0.16,3.2072670902160183e-12,TNFRSF1B,11.493864872008889,Sig Down
1.6129941541051696e-16,-0.3157343878495378,0.522,0.601,4.028775498708482e-12,RALGAPA1,11.394826932757711,Sig Down
1.7193998004689864e-16,1.1829787052033782,0.113,0.068,4.294544881631387e-12,GNA14,11.36708285415383,Sig Up
1.788603620226776e-16,-0.2997361014699469,0.43,0.523,4.467395262240418e-12,STAT3,11.349945620705753,Sig Down
1.842036255541171e-16,0.6932728624014526,0.263,0.2,4.600853955465183e-12,ITPKB,11.337161552291004,Sig Up
2.0069339676270656e-16,0.8530624398822085,0.119,0.071,5.012718970942122e-12,RNASE1,11.299926642642136,Sig Up
2.5095747298683836e-16,-0.44863717597599595,0.33,0.403,6.2681648027922614e-12,TNS1,11.202859593568736,Sig Down
2.679375357618718e-16,-0.7759860129152605,0.076,0.131,6.692275830724271e-12,ARHGAP42,11.174426167337144,Sig Down
3.3193537291869307e-16,0.4939582820970527,0.384,0.318,8.290749809390197e-12,KLHL5,11.081406190396052,Sig Up
4.940683640895762e-16,-0.7033215281862341,0.101,0.16,1.2340345529865345e-11,ADCY9,10.908672679880333,Sig Down
5.141765166342742e-16,-0.28758530992225095,0.491,0.565,1.2842586855974267e-11,RERE,10.89134748840738,Sig Down
5.733779616604053e-16,-0.4259107979608787,0.273,0.352,1.4321261348391943e-11,SLC2A3,10.844018729757073,Sig Down
6.241471633045265e-16,0.42636775608108923,0.434,0.362,1.5589323697857158e-11,SLCO2B1,10.807172725135704,Sig Up
6.684138208517099e-16,-0.249477322842119,0.647,0.723,1.6694972003413157e-11,FLI1,10.777414304897922,Not sig
7.014507772117103e-16,0.43716692419297054,0.462,0.396,1.752013606241689e-11,ACTB,10.75646252539811,Sig Up
8.301004691785626e-16,0.4781482993596773,0.345,0.276,2.0733419418672958e-11,CLASP2,10.683329066830595,Sig Up
9.429876900292563e-16,-0.7180514550993878,0.07,0.123,2.3553003533860733e-11,GRM8,10.627953702759834,Sig Down
1.2840611402058943e-15,-0.34240547307662306,0.3,0.379,3.207199509892262e-11,STAU2,10.49387402312418,Sig Down
1.402137415306884e-15,-0.4958738753148988,0.244,0.315,3.502118622212004e-11,TPST2,10.455669147772957,Sig Down
1.4271765348608208e-15,0.765807559699856,0.197,0.14,3.564658831121872e-11,ICAM2,10.447982029585303,Sig Up
1.4578245686489472e-15,-0.6797007796869484,0.105,0.164,3.641208425114475e-11,EVL,10.438754461058803,Sig Down
2.113740703710817e-15,0.4830241403009139,0.365,0.301,5.2794901556585075e-11,EMCN,10.277408015586504,Sig Up
2.2488247639569264e-15,0.43982856625330236,0.392,0.323,5.616889612935215e-11,MCF2L,10.250504111100568,Sig Up
2.4592285512199515e-15,0.7982232996602485,0.306,0.249,6.142415152382072e-11,CREM,10.211660833888462,Sig Up
2.673821726992231e-15,-0.6414170916055353,0.114,0.174,6.678404527508495e-11,HIF1A,10.17532727819213,Sig Down
2.970695720068769e-15,0.7075490603058902,0.144,0.094,7.419906700015764e-11,LRP1B,10.129601555627046,Sig Up
3.135072778894426e-15,0.4035048348125707,0.401,0.331,7.830471279844607e-11,SRGAP2,10.106212098979524,Sig Up
3.3520588905600696e-15,-0.3268667869198576,0.334,0.413,8.372437490951886e-11,KCTD8,10.077148086240888,Sig Down
3.3648046889580975e-15,-0.586251813589777,0.159,0.226,8.40427267161064e-11,FAM222B,10.075499865612251,Sig Down
3.558689655583052e-15,0.7380095961861339,0.2,0.144,8.88853915274979e-11,ZEB2,10.05116961023702,Sig Up
4.2495528132769985e-15,-0.6286117148370292,0.074,0.126,1.0614108061721959e-10,ARID5B,9.974116495152963,Sig Down
4.886927284049892e-15,-0.49309094968587064,0.178,0.247,1.2206078277371415e-10,ECE1,9.913423849247405,Sig Down
5.012292600907185e-15,-0.6742226895666508,0.11,0.168,1.2519203229285877e-10,PIK3C2B,9.902423310433552,Sig Down
5.369193460867963e-15,-0.7051264569795057,0.084,0.138,1.3410634507209912e-10,ERO1A,9.872550673568167,Sig Down
8.36111806815045e-15,0.391443296923657,0.516,0.458,2.0883564598819379e-10,LMBR1,9.680195369967228,Sig Up
8.511349195829147e-15,-0.7134761188696271,0.088,0.142,2.125879688642246e-10,WNT2B,9.672461317440794,Sig Down
1.2901328037858498e-14,-0.5969076567318383,0.113,0.172,3.222364704015917e-10,TTC7A,9.491825308119733,Sig Down
1.2927851995189463e-14,0.6328290434405703,0.167,0.113,3.228989592838472e-10,HMCN1,9.490933354728924,Sig Up
1.584936898552631e-14,-0.5199097581478112,0.162,0.229,3.958696891514907e-10,GALNT17,9.402447749922963,Sig Down
1.6437161153061514e-14,-0.31400230788081274,0.613,0.66,4.1055097412001744e-10,BMPR2,9.386632913076403,Sig Down
1.8360792634172782e-14,0.5185530901773873,0.188,0.131,4.5859751762373356e-10,CALM1,9.338568300424292,Sig Up
2.853898875848896e-14,-0.2589282842161196,0.57,0.647,7.128183222207788e-10,ZBTB16,9.147021145759743,Sig Down
2.883092458649509e-14,-0.30208660882248806,0.408,0.483,7.201100033968879e-10,PECAM1,9.142601156042168,Sig Down
3.422754556881872e-14,-0.20478258421771023,0.262,0.357,8.549014056723851e-10,LINGO1,9.068083968829084,Not sig
3.727088903526673e-14,-0.5328301839006688,0.202,0.267,9.309149954338572e-10,EMP2,9.031089973905297,Sig Down
4.0087138415410985e-14,0.3178291549429899,0.314,0.241,1.00125645620172e-9,MT-ND2,8.999454670524443,Sig Up
4.137947197961215e-14,-0.6876427278999484,0.082,0.133,1.0335350716347726e-9,COLEC12,8.985674781582391,Sig Down
4.161844460117032e-14,-0.26938343128652376,0.452,0.528,1.0395038908034312e-9,SRPK2,8.983173880790138,Sig Down
5.741142050566906e-14,-0.4977630079218638,0.237,0.304,1.433965049970096e-9,SMAD6,8.843461433598556,Sig Down
5.847342619064757e-14,-0.4453940643366865,0.283,0.352,1.4604907659638042e-9,DNM2,8.835501184533392,Sig Down
5.887518360997313e-14,-0.3529830705117627,0.344,0.416,1.4705254610262988e-9,RBMS1,8.83252745161424,Sig Down
6.059311026438724e-14,0.303697831073078,0.39,0.313,1.5134341150736e-9,MT-ND4,8.820036480609481,Sig Up
7.227999167776009e-14,-0.3678194637669021,0.397,0.464,1.8053373521354138e-9,ADD1,8.743441632272841,Sig Down
7.65913305063387e-14,-0.43119438007391875,0.187,0.256,1.9130216620568214e-9,RNF145,8.718280112221278,Sig Down
9.255423669342863e-14,0.4523452965808743,0.347,0.283,2.311727169891767e-9,ENG,8.636063422674624,Sig Up
9.273686867696446e-14,-0.5107598923506009,0.214,0.278,2.3162887689445413e-9,MOB3B,8.635207298596834,Sig Down
9.295177463222783e-14,-0.26957365690814017,0.614,0.679,2.3216564749891546e-9,NXN,8.634202040434491,Sig Down
9.559180379643639e-14,-0.360369662682102,0.275,0.349,2.3875964834235917e-9,EPS8,8.622039069431416,Sig Down
9.7717639158469094e-14,0.8533471091276201,0.141,0.095,2.4406934732610824e-9,STARD4,8.612486760210166,Sig Up
1.0309623264906763e-13,-0.29503270636978707,0.339,0.416,2.5750346028757622e-9,SVIL,8.58921693060841,Sig Down
1.0942355111178764e-13,-0.4364974479579222,0.206,0.273,2.73307203611912e-9,RHOJ,8.563348921371102,Sig Down
1.263439109145608e-13,-0.26391343059256345,0.523,0.598,3.1556918629129847e-9,MAGI1,8.50090541001581,Sig Down
1.4924890278587245e-13,-0.5000905839931784,0.094,0.148,3.727789844882736e-9,PLA1A,8.428548579091764,Sig Down
1.5694040001558351e-13,0.3591300702920379,0.39,0.324,3.919900371189229e-9,MAGI2,8.40672497093684,Sig Up
1.575713755365625e-13,-0.4791431287798321,0.111,0.167,3.935660246776722e-9,CACHD1,8.404982399905021,Sig Down
1.5895098617592283e-13,-0.2925836209041366,0.463,0.535,3.9701187817160245e-9,DLC1,8.401196499415194,Sig Down
1.7400617177675819e-13,-0.3796913245502902,0.224,0.295,4.34615215246809e-9,CRIP2,8.361895073730953,Sig Down
1.7552788313999696e-13,0.4712872351719849,0.241,0.181,4.384159937187704e-9,SPOCK2,8.358113610871523,Sig Up
1.9456587009795274e-13,-0.5313441914799809,0.187,0.249,4.8596717374365656e-9,LHFPL2,8.313393065600822,Sig Down
2.0325793285377697e-13,0.2984128513688784,0.524,0.463,5.0767733888887875e-9,BCAS3,8.294412221695177,Sig Up
2.0352319042761183e-13,-0.5078079077268797,0.162,0.224,5.08339872731046e-9,NACC2,8.293845824139662,Sig Down
2.0712308933253577e-13,-0.46875115295374303,0.149,0.211,5.173313402258746e-9,SETBP1,8.286231210988031,Sig Down
2.7510580196527877e-13,0.49920941184632994,0.468,0.415,6.8713176156867676e-9,CMTM8,8.162959976426043,Sig Up
2.837761656510953e-13,-0.5593494467316175,0.081,0.131,7.087877289467408e-9,HES4,8.14948380988067,Sig Down
3.679336253739083e-13,1.0254070286980357,0.108,0.069,9.189878160964109e-9,CREB5,8.036690246434535,Sig Up
3.8644427318527727e-13,0.6178319338222691,0.191,0.139,9.652218611348671e-9,ID1,8.01537285039491,Sig Up
4.35097273649987e-13,-0.48216150919340706,0.159,0.219,1.0867424603955725e-8,GNB4,7.963873364175964,Sig Down
4.387426153116613e-13,-0.18216588383015786,0.697,0.773,1.0958474302639365e-8,SYNE1,7.960249906441807,Not sig
4.4342579444526727e-13,-0.4861337883574901,0.165,0.226,1.107544606785944e-8,PRKX,7.9556387733749885,Sig Down
4.914057977573768e-13,-0.4055627170900702,0.193,0.258,1.2273842610586e-8,ANO6,7.91101945004282,Sig Down
4.96165629738824e-13,-0.3292744139733843,0.508,0.58,1.2392728933986608e-8,INSR,7.90683304951793,Sig Down
5.379745982147779e-13,-0.3609670658307227,0.475,0.536,1.3436991539610509e-8,NR3C2,7.871697956282224,Sig Down
5.910227241932402e-13,-0.6715433411871019,0.099,0.149,1.4761974582174561e-08,MFAP3,7.8308555467957435,Sig Down
6.773795226455987e-13,0.4903605192738256,0.217,0.161,1.691890833711912e-8,SLC39A8,7.77162766248259,Sig Up
6.969503135856381e-13,-0.35318161891010313,0.265,0.336,1.7407727982428482e-8,VGLL4,7.75925790832459,Sig Down
7.842439257686288e-13,0.3864814929121785,0.533,0.487,1.9588060533923042e-8,SIK3,7.708008562530677,Sig Up
7.916168676354269e-13,0.8147417262538378,0.174,0.127,1.9772214502930056e-8,CDH5,7.703944686652817,Sig Up
8.204702518506795e-13,0.39015707242639364,0.464,0.402,2.049288548047442e-8,ATXN1,7.688396886888245,Sig Up
8.872166652538394e-13,-0.43951718006331164,0.182,0.245,2.2160010648045146e-8,STAT5B,7.654430035261923,Sig Down
1.0194659896572147e-12,0.6407037774725426,0.359,0.307,2.5463202023668254e-8,CCNH,7.594086984273472,Sig Up
1.2356865900653284e-12,-0.3898139228212588,0.139,0.198,3.086374396006171e-8,LIMK2,7.510551392512321,Sig Down
1.475886988063814e-12,0.6160634759787407,0.149,0.103,3.686322930086988e-8,SKIL,7.43340662228795,Sig Up
1.5223621172498952e-12,0.2839857012367153,0.528,0.467,3.8024038602550634e-8,ELMO1,7.419941757811072,Sig Up
1.6307557688970235e-12,-0.5313932844201933,0.19,0.25,4.073138683974095e-8,CBLB,7.39007080261734,Sig Down
1.7668248237748063e-12,-0.42222776753575864,0.204,0.269,4.412998362342333e-8,ANGPT2,7.355266233718867,Sig Down
1.8346873110947944e-12,-0.35533248023169994,0.24,0.307,4.582498496921468e-8,TGM2,7.338897668816116,Sig Down
1.8746015463261963e-12,0.7779361722133837,0.262,0.213,4.6821922822589405e-8,VCL,7.329550755225187,Sig Up
1.9479456854043984e-12,0.24529628229134826,0.689,0.655,4.865383938434566e-8,ESYT2,7.312882882884973,Not sig
1.9714861080644034e-12,0.751164178176625,0.131,0.088,4.9241808521124603e-8,NTM,7.307666004962467,Sig Up
2.1605393692280024e-12,-0.5560351195340077,0.152,0.209,5.3963791825207815e-8,CALCRL,7.267897541748341,Sig Down
2.327465187635917e-12,-0.5141953792948358,0.086,0.135,5.81330979915823e-8,ARHGAP10,7.235576532285339,Sig Down
2.7996840990308973e-12,-0.6040005628586954,0.082,0.13,6.992770974149473e-8,NUAK1,7.155350695453727,Sig Down
2.9740154596671282e-12,-0.347292661790894,0.3,0.369,7.428198413610586e-8,AFF3,7.129116504395724,Sig Down
3.165382756342753e-12,0.5633754485384141,0.258,0.206,7.906176510517295e-8,GRASP,7.102033493978889,Sig Up
3.649559341169344e-12,-0.8029645034221295,0.103,0.15,9.11550436643867e-8,ABHD3,7.040219296564556,Sig Down
3.730473667789332e-12,-0.6371752745486956,0.071,0.116,9.317604080037414e-8,SYTL4,7.030695747365808,Sig Down
5.208856724869209e-12,-0.6242967754399354,0.083,0.13,1.3010161441705823e-7,GRAMD1A,6.8857173142910675,Sig Down
5.616408106342312e-12,0.6522997634074206,0.126,0.084,1.4028102527211192e-7,NKD1,6.853001068650291,Sig Up
5.80920069312671e-12,0.3331868439689756,0.481,0.429,1.4509640571222583e-7,ADGRL4,6.838343345651035,Sig Up
6.3394975541357496e-12,-0.6736575910198004,0.081,0.127,1.5834163040964862e-7,COL5A3,6.800404887536586,Sig Down
6.468118118650476e-12,0.3086499757999204,0.496,0.443,1.6155418624953295e-7,PTPRB,6.791681783907453,Sig Up
6.6897688760546406e-12,-0.28409677049674187,0.339,0.406,1.6709035721721675e-7,RBPMS,6.7770486125134894,Sig Down
7.13036650084843e-12,0.7214177128166797,0.159,0.114,1.7809516409169123e-7,DPP10,6.749347872994966,Sig Up
7.150487148958195e-12,-0.5333650546050809,0.151,0.206,1.7859771751952885e-7,EFNB2,6.748124095699476,Sig Down
9.238555526980189e-12,-0.31605345416719777,0.481,0.54,2.3075140139738418e-7,GRB10,6.636855652740608,Sig Down
9.841897123530997e-12,0.7707082404537292,0.135,0.094,2.458210644544337e-7,VPS37B,6.60938090507707,Sig Up
1.1021262980259516e-11,0.6714528643239541,0.109,0.071,2.752780854579419e-7,SHLD1,6.560228360867883,Sig Up
1.136714369001809e-11,-0.4598181471297009,0.289,0.349,2.8391714794558183e-7,SERINC5,6.5468083762897855,Sig Down
1.1942417434445097e-11,0.5663974720339455,0.251,0.199,2.982857602601352e-7,ALG13,6.525367478746747,Sig Up
1.223028045504218e-11,0.401036158566328,0.388,0.334,3.054757149255885e-7,MYO10,6.515023310112204,Sig Up
1.4591111565773777e-11,0.8079689955335538,0.12,0.081,3.644421935783316e-7,STPG2,6.43837134800684,Sig Up
1.5049483951940388e-11,-0.6863925490637037,0.147,0.198,3.7589096066761506e-7,DEPTOR,6.42493811796636,Sig Down
1.707916686480698e-11,-0.38491831886717986,0.223,0.286,4.265863507822839e-7,UBE2E2,6.369993044514272,Sig Down
1.7714614217029045e-11,0.3811490283794268,0.156,0.107,4.4245791929873447e-7,HSPA1A,6.354128027306006,Sig Up
1.8651557596746123e-11,0.17905009890839452,0.771,0.744,4.658599540939279e-7,FP236383.1,6.331744620445781,Not sig
2.0233917148792124e-11,0.5016499437237643,0.181,0.132,5.053825486253809e-7,ARFGEF3,6.296379758788389,Sig Up
2.052239374069373e-11,-0.39736879656048973,0.211,0.272,5.125878284613073e-7,PELI2,6.290231710471028,Sig Down
2.1025545799745e-11,0.33370917931327115,0.512,0.457,5.251550574402309e-7,WWOX,6.279712447740348,Sig Up
2.2143352854046353e-11,-0.41643252956321797,0.112,0.162,5.530745242355158e-7,DIAPH2,6.257216345578473,Sig Down
2.2572104911953987e-11,-0.3586731112534174,0.208,0.27,5.637834643858747e-7,PPP2R5C,6.248887666015466,Sig Down
2.289093897691687e-11,-0.3871757928418651,0.434,0.494,5.717469828264526e-7,PLPP1,6.242796118536308,Sig Down
2.3206511817955615e-11,-0.7199459729206988,0.062,0.103,5.796290456770774e-7,PDGFRB,6.236849859810224,Sig Down
2.3842370756833574e-11,-0.4771295150138629,0.104,0.153,5.955108943934322e-7,CERK,6.225110289039856,Sig Down
2.8017686987434054e-11,-0.42659492328331305,0.242,0.3,6.997977678851403e-7,SHANK3,6.155027447101344,Sig Down
3.897593514756989e-11,-0.46810765926005815,0.171,0.227,9.73501932180853e-7,CHIC2,6.011663182166908,Sig Down
3.901791488798057e-11,-0.4869897916947934,0.15,0.204,9.745504601570905e-7,FAM219A,6.011195669116472,Sig Down
4.082063200303053e-11,-0.3775656983914166,0.275,0.336,1.0195769255396936e-6,DENND4C,5.991580001786704,Sig Down
4.2441202751820724e-11,0.4260694313155492,0.247,0.193,1.0600539211322261e-6,SRGAP2C,5.974672043174298,Sig Up
4.570512795180665e-11,0.4826877508540729,0.144,0.101,1.1415769808522747e-6,CLIC5,5.942494797067225,Sig Up
4.892216930961923e-11,0.4015790950786209,0.409,0.355,1.2219290228463595e-6,MYH9,5.912954019855659,Sig Up
5.6534956384501714e-11,0.7259757685868536,0.15,0.109,1.4120736056156992e-6,ZNF160,5.850142664700944,Sig Up
6.613761565518384e-11,0.4231042107019345,0.703,0.683,1.6519192262195267e-6,VWF,5.782011192163803,Sig Up
6.96023382911291e-11,0.595499944754191,0.223,0.176,1.7384576034975315e-6,TSC22D2,5.759835896175195,Sig Up
7.247876725310082e-11,0.7272583780977722,0.108,0.071,1.8103021696806994e-6,CLU,5.742248928074448,Sig Up
7.515566191185641e-11,-0.5154126131511492,0.124,0.175,1.8771629675724376e-6,UBAP2,5.7264980220802455,Sig Down
7.595605295722585e-11,0.4667051139392877,0.269,0.216,1.89715433471263e-6,ATP9A,5.721897337541672,Sig Up
8.62424896041976e-11,0.39511685497638616,0.361,0.304,2.1540786628440435e-6,CXorf36,5.66673844114235,Sig Up
9.188030460459223e-11,0.5031828742300442,0.194,0.146,2.2948943681089002e-6,TIE1,5.639237299844891,Sig Up
9.215799037533236e-11,-0.3001400612117433,0.222,0.287,2.3018301256046765e-6,BHLHE40,5.6379267303303555,Sig Down
9.389984986184745e-11,0.33509551163168005,0.448,0.399,2.3453365499993635e-6,USP6NL,5.6297948282921055,Sig Up
9.580307172341474e-11,-0.5220597216881897,0.139,0.189,2.39287332243573e-6,SNX25,5.621080292119267,Sig Down
9.853207994861304e-11,-0.391579999877242,0.266,0.328,2.461035760876508e-6,SFMBT2,5.608882075594842,Sig Down
1.0535617763204272e-10,-0.25807534069096016,0.393,0.46,2.631481248715531e-6,CDYL2,5.5797997203107315,Sig Down
1.0772886896114964e-10,0.4463252939642157,0.214,0.163,2.6907439600426347e-6,TMEM50B,5.570127625919253,Sig Up
1.084728468168825e-10,-0.6716671233523447,0.075,0.116,2.7093262949452743e-6,ZNF608,5.567138688004621,Sig Down
1.1064442437598867e-10,-0.5035834581014358,0.071,0.112,2.7635657876390688e-6,HSPG2,5.55853019242885,Sig Down
1.304942968299901e-10,0.4696017849941939,0.224,0.174,3.259356051922663e-6,JCAD,5.486868194631814,Sig Up
1.351526526415937e-10,0.6409765252646834,0.104,0.068,3.375707805029086e-6,MBOAT2,5.471635152139808,Sig Up
1.3577908376762934e-10,-0.45821983346638434,0.136,0.187,3.391354175264078e-6,ATP1A1,5.469626852412817,Sig Down
1.3666138672529663e-10,-0.16316409601457238,0.682,0.739,3.413391456237734e-6,ANO2,5.4668139028918405,Not sig
1.4577465389743781e-10,-0.4663707379320391,0.162,0.215,3.6410135303963044e-6,CRYBG3,5.438777707178241,Sig Down
1.712160531772153e-10,-0.48386552002686356,0.345,0.394,4.276463360207307e-6,NAMPT,5.368915244558032,Sig Down
1.7900567725219676e-10,-0.26565399616977237,0.339,0.405,4.471024800728118e-6,PTPN12,5.349592921098307,Sig Down
1.8767005307356524e-10,-0.2082301328010998,0.495,0.562,4.687434915618439e-6,PDE10A,5.329064749340812,Not sig
1.8980427821341917e-10,0.37196858422894774,0.423,0.374,4.740741456936571e-6,CDK17,5.324153728901146,Sig Up
2.004410270027718e-10,-0.34069370054989045,0.198,0.258,5.006415531448231e-6,PITPNM2,5.300473106880089,Sig Down
2.0377859821102708e-10,-0.4452593578740647,0.201,0.254,5.0897780475168236e-6,MGLL,5.293301155745831,Sig Down
2.517635225564649e-10,-0.34917757262471594,0.293,0.352,6.288297502892824e-6,HIP1,5.20146691976631,Sig Down
2.634610409182648e-10,-0.26098469208033803,0.355,0.421,6.5804664190155e-6,AAK1,5.181743322795506,Sig Down
3.5222929828628584e-10,-0.34353525611994096,0.242,0.303,8.797631183296561e-6,LYST,5.055634248589724,Sig Down
3.657158848746729e-10,0.3267521967234732,0.308,0.252,9.134485656514705e-6,PALMD,5.039315901822804,Sig Up
3.8130660593835805e-10,-0.40818347211025685,0.156,0.209,9.523895096522369e-6,MIR4435-2HG,5.021185396892985,Sig Down
3.8179558888525973e-10,0.2112585987199509,0.668,0.637,9.536108423587132e-6,APBB2,5.020628819737028,Not sig
3.9644780451092905e-10,-0.5888678243490515,0.07,0.109,9.902076813269474e-6,ARHGAP35,5.004273709043751,Sig Down
4.061831488452829e-10,-0.29343790787696333,0.309,0.367,1.0145236508708631e-5,ETS2,4.993737824113157,Sig Down
4.247588580100769e-10,-0.3809844001753211,0.173,0.227,1.060920199651769e-5,KANK3,4.974317281654049,Sig Down
4.282903477468669e-10,-0.6343530562319968,0.08,0.12,1.0697408015673495e-5,CHD1L,4.970721439217217,Sig Down
4.408760107935277e-10,-0.3267514231882628,0.123,0.172,1.101176012158994e-5,DEPP1,4.958143257776755,Sig Down
4.756391928993895e-10,-0.43672996304055256,0.192,0.245,1.1880040121048051e-5,FBXO34,4.925182092661193,Sig Down
5.116686554198396e-10,0.3984529055089483,0.332,0.279,1.2779948006421334e-5,PHLPP1,4.8934709130454,Sig Up
5.131125630130217e-10,0.6377342599408029,0.163,0.122,1.2816012486376244e-5,KLF9,4.8922470781354885,Sig Up
5.172546298877683e-10,-0.7002988821760903,0.079,0.119,1.2919468890706789e-5,N4BP2L1,4.888755339481519,Sig Down
5.242495036011717e-10,-0.6672464385496019,0.092,0.133,1.3094179851446467e-5,NGLY1,4.88292169824262,Sig Down
5.788106695640555e-10,-0.5444001211761926,0.12,0.166,1.4456954093701415e-5,IL3RA,4.839923198026222,Sig Down
5.800527698403471e-10,0.6187992386054605,0.148,0.107,1.4487978032302351e-5,TBX3,4.838992221201528,Sig Up
5.869962058876e-10,-0.43619683911514273,0.225,0.28,1.4661404234454587e-5,WDR60,4.833824432009425,Sig Down
6.125498652861548e-10,0.6937837558115854,0.136,0.098,1.529965798525229e-5,MYL6,4.815318277468536,Sig Up
6.167849856159828e-10,-0.23980606058118648,0.529,0.594,1.5405438585730402e-5,HERC2,4.8123259330074655,Not sig
7.673167190548581e-10,0.27909437154633165,0.633,0.595,1.916526969183319e-5,SEC14L1,4.717485065016419,Sig Up
7.818354586364669e-10,-0.2752247019291929,0.288,0.351,1.9527904250363035e-5,RELL1,4.709344363027621,Sig Down
7.943678333549787e-10,-0.4108272471143706,0.269,0.325,1.98409253737073e-5,SAT1,4.7024380763692015,Sig Down
9.186674155776242e-10,-0.3826638946567428,0.123,0.171,2.294555603888232e-5,LAMA5,4.639301413598333,Sig Down
9.242800272216323e-10,-0.6308088585207839,0.078,0.117,2.308574223991471e-5,PARP4,4.636656157694294,Sig Down
9.374579946810946e-10,0.37799712501480265,0.478,0.435,2.3414888333149702e-5,MEF2C,4.6305079090504915,Sig Up
1.0196099182174787e-9,-0.6479515935192451,0.079,0.118,2.5466796927317966e-5,BNIP3L,4.594025674756379,Sig Down
1.088431487145803e-9,0.5764765034617008,0.152,0.111,2.718575325444072e-5,CCDC85B,4.565658629198413,Sig Up
1.10732787279964e-9,-0.23898129038567717,0.458,0.525,2.765772827891661e-5,AFF1,4.55818349438028,Not sig
1.1523968008759269e-9,0.834529234158189,0.187,0.147,2.8783414895478026e-5,ATP13A3,4.540857682175565,Sig Up
1.1544577012563245e-9,0.40194835064364487,0.197,0.15,2.8834890004279217e-5,GTDC1,4.540081700942027,Sig Up
1.169660180167281e-9,-0.21289267965327197,0.576,0.636,2.9214602320038177e-5,TJP1,4.53440002109044,Not sig
1.2142606445673287e-9,-0.6024162562623162,0.077,0.116,3.0328588119358167e-5,MINK1,4.518147806842125,Sig Down
1.3569465493964103e-9,-0.41266396080417733,0.208,0.259,3.389245396427414e-5,ZNF292,4.469896985173839,Sig Down
1.4188501359831683e-9,0.5175884407948826,0.121,0.084,3.543861984645159e-5,PLXDC2,4.450523200011334,Sig Up
1.4562560243575986e-9,-0.6400910122856766,0.094,0.135,3.637290672037974e-5,ETFA,4.439221991159225,Sig Down
1.4736766742813645e-9,0.688171777056684,0.157,0.118,3.680802229352564e-5,B4GALT1,4.4340575167039145,Sig Up
1.5201372418346992e-9,0.3962761668979313,0.142,0.101,3.796846788930528e-5,RASGRP3,4.420576927238531,Sig Up
1.6107854992461899e-9,-0.4194314713384696,0.177,0.229,4.023258941467208e-5,IFI16,4.395422014848241,Sig Down
1.6154978304109135e-9,0.19972064826742741,0.883,0.866,4.0350289310173384e-5,TCF4,4.394153347054391,Not sig
1.8932533741779583e-9,-0.5733966805545763,0.064,0.1,4.7287789526842867e-5,PGS1,4.325250986655577,Sig Down
2.1502213979192037e-9,-0.5381408840812931,0.122,0.166,5.370607985582795e-5,SEPT9,4.269976546732962,Sig Down
2.29212919908751e-9,-0.526830652556521,0.073,0.111,5.7250511005608734e-5,CASC15,4.242220632552692,Sig Down
2.3038900651155486e-9,-0.6229219744361367,0.083,0.122,5.754426215639106e-5,SLC6A12,4.239997974172328,Sig Down
2.460693519161774e-9,0.5295888043121711,0.115,0.079,6.146074202810363e-5,CCDC7,4.2114022007219205,Sig Up
2.55381715484424e-9,0.40161487654888806,0.195,0.148,6.378669107654458e-5,LRP8,4.19526992621559,Sig Up
2.729014762395789e-9,-0.20588580526541111,0.568,0.622,6.816260172035962e-5,TTC28,4.166453841198643,Not sig
2.8858905816917307e-9,-0.6218203366182888,0.097,0.137,7.208088905891435e-5,RAB27A,4.142179865328114,Sig Down
3.183944200047347e-9,0.324875544907512,0.422,0.376,7.952537428458258e-5,MAP4K4,4.0994942782175015,Sig Up
3.4239392333934726e-9,0.2138681581940216,0.65,0.602,8.551973023246876e-5,LRMDA,4.067933677756423,Not sig
3.885144677732747e-9,0.4523720580518662,0.359,0.315,9.703925861573082e-5,SPAG9,4.013052530158044,Sig Up
4.243461661424441e-9,0.2484493130652048,0.548,0.509,1.0598894191739826e-4,FRYL,3.9747394433651544,Not sig
4.992449200035708e-9,-0.30741319713699533,0.192,0.245,1.2469640366929188e-4,ITPR2,3.9041460716947056,Sig Down
5.219082470374871e-9,-0.5797678021648717,0.077,0.115,1.3035702286255316e-4,RAB8B,3.8848655666567966,Sig Down
5.568141894729791e-9,0.3724966474276845,0.37,0.324,1.39075480104666e-4,STOM,3.8567494321496922,Sig Up
5.766173122649334e-9,-0.47962507110602126,0.087,0.126,1.440217060844124e-4,INPP5F,3.8415720487223157,Sig Down
6.001437314639954e-9,-0.22724796678940695,0.524,0.585,1.4989789980776215e-4,NFIB,3.8242044519301692,Not sig
6.08691250893195e-9,-0.6810527096439941,0.159,0.203,1.520328137355933e-4,NDRG1,3.8180626667507056,Sig Down
6.10006643571806e-9,-0.4673549532710791,0.089,0.129,1.5236135936492999e-4,WBP1L,3.817125161227327,Sig Down
6.439705088468925e-9,0.4881282214835737,0.22,0.176,1.6084451399468833e-4,LIFR,3.793593747211283,Sig Up
6.491535494802709e-9,-0.2593295642111806,0.311,0.367,1.6213908205368725e-4,MAGI3,3.790112290059009,Sig Down
7.020023948778443e-9,-0.5432886085677571,0.123,0.165,1.7533913816863918e-4,XPO1,3.7561211324316424,Sig Down
8.304618203704061e-9,-0.2814957409365664,0.301,0.356,2.0742444887391633e-4,TGFBR2,3.6831400551541145,Sig Down
8.90764194855319e-9,-0.3117426948322684,0.13,0.177,2.2248617294901303e-4,SEMA6B,3.65269697433941,Sig Down
9.040498148292958e-9,0.541693561495415,0.222,0.178,2.2580452224991323e-4,ALPL,3.646267364587684,Sig Up
9.183383045307946e-9,0.2201840598942595,0.586,0.545,2.2937335832265657e-4,DDX17,3.639457026737188,Not sig
1.0831801589939178e-8,-0.7861086319532016,0.073,0.107,2.7054590831191084e-4,ANKRD37,3.567759029874058,Sig Down
1.0950439944553415e-8,-0.46084076404312035,0.11,0.151,2.7350913849511063e-4,PLEKHA7,3.5630281584285544,Sig Down
1.1736026160095036e-8,-0.4424244833669311,0.144,0.189,2.931307254006937e-4,MAN1A1,3.532938657260604,Sig Down
1.1765684376205319e-8,0.500398884312263,0.128,0.092,2.938714986644802e-4,LINC01376,3.5318425322430285,Sig Up
1.2183381386958793e-8,-0.3748255773999043,0.193,0.242,3.043043169020698e-4,TMEM87B,3.5166918866380548,Sig Down
1.224887942153158e-8,0.5469344063548617,0.212,0.169,3.0594026131159426e-4,FAM49B,3.514363366706427,Sig Up
1.2718000655102691e-8,0.3283558292650066,0.444,0.397,3.176575023624999e-4,ACTN4,3.4980408831394905,Sig Up
1.4029776873608732e-8,-0.2675456491752637,0.252,0.308,3.504217369721253e-4,PACS1,3.455408961995259,Sig Down
1.521152901650482e-8,0.20175674676955957,0.523,0.476,3.799383602452409e-4,AGAP1,3.4202868559536004,Not sig
1.547023492933541e-8,-0.4012066914984066,0.085,0.123,3.8640005783001054e-4,MAPK11,3.4129628172584785,Sig Down
1.6961188884229604e-8,-0.5466495581677542,0.079,0.114,4.236396147614028e-4,CEBPD,3.373003435562063,Sig Down
2.074382504560522e-8,-0.23755219904951685,0.391,0.451,5.181185181640815e-4,UBR5,3.2855708852408605,Not sig
2.2456226852360115e-8,-0.22923683744109868,0.288,0.346,5.608891780913986e-4,CELF1,3.2511229392747216,Not sig
2.2547083583835237e-8,0.8767245693044877,0.1,0.07,5.631585066734527e-4,HYAL2,3.249369351356364,Sig Up
2.5187244585623516e-8,-0.15896280562289133,0.29,0.351,6.291018080151185e-4,LAMA2,3.201279066667067,Not sig
2.642833746052676e-8,0.25851965463973325,0.522,0.48,6.601005847515769e-4,FCHSD2,3.180389882527508,Sig Up
2.747118463110453e-8,-0.26540598148974803,0.242,0.297,6.861477785310978e-4,PXN,3.163582338391193,Sig Down
2.7972162258975972e-8,-0.37932114098762026,0.169,0.216,6.986606967424429e-4,PDE7B,3.1557336873567685,Sig Down
2.807260605991255e-8,0.2916277678644239,0.312,0.261,7.011694815584358e-4,ADK,3.15417699485891,Sig Up
2.845946315512619e-8,-0.3570320696420669,0.095,0.135,7.108320112255869e-4,PLA2G4A,3.1482330226427737,Sig Down
2.9475677960685183e-8,-0.4005421096626802,0.117,0.159,7.362140084240338e-4,ITPR3,3.132995923206416,Sig Down
2.9502423859710778e-8,-0.21263095346921723,0.398,0.46,7.368820407439961e-4,ETV6,3.132602027953836,Not sig
2.960227071767518e-8,-0.5359546688367104,0.095,0.132,7.39375915715373e-4,ZBTB8OS,3.131134700154943,Sig Down
3.230508868694399e-8,-0.47346350334992193,0.1,0.138,8.068842001338001e-4,UGP2,3.093188788513981,Sig Down
3.24519416665153e-8,-0.5121482171705024,0.081,0.117,8.105521470045526e-4,FAM129B,3.0912190395103396,Sig Down
3.282422637896154e-8,0.7847676363393109,0.156,0.121,8.198507022673223e-4,PLAT,3.086265226988024,Sig Up
3.30437267399486e-8,0.31115107669034936,0.397,0.352,8.253331627836962e-4,RNF115,3.0833707041156537,Sig Up
3.3765353002391904e-8,-0.40829793797876074,0.101,0.141,8.433572219407426e-4,WASHC1,3.073988431713676,Sig Down
3.600999762533796e-8,-0.49289282532096756,0.09,0.127,8.994217106880662e-4,TOX2,3.0460366334255977,Sig Down
3.623955435608357e-8,-0.38619494692389944,0.152,0.197,9.051553491518993e-4,CLIP1,3.0432768777124743,Sig Down
3.627481133555389e-8,-0.14356341326089872,0.384,0.452,9.060359627281296e-4,GLIS3,3.042854563797347,Not sig
4.064864796371765e-8,-0.25884434989069105,0.162,0.21,0.0010152812801897757,GGT5,2.99341362128679,Sig Down
4.3997793523445223e-8,-0.49788709752580845,0.126,0.167,0.0010989328888350914,NHSL1,2.959028828867265,Sig Down
4.5731932050318985e-8,0.4386555317447023,0.314,0.276,0.0011422464668208172,AFF4,2.942240176623184,Sig Up
4.589243551699979e-8,0.4031986122969037,0.113,0.08,0.0011462553619081036,ANKRD29,2.94071861979158,Sig Up
4.7384989819400916e-8,0.6003710295972982,0.116,0.084,0.0011835348907191768,SERF2,2.9268189345042672,Sig Up
4.855454286065377e-8,0.5081012915426799,0.135,0.1,0.0012127468170305493,ATP8A1,2.916229856547607,Sig Up
5.24834960218833e-8,-0.5974945101881151,0.07,0.103,0.0013108802801385792,PNPLA6,2.8824369696747913,Sig Down
5.54753087241048e-8,0.4017949098561422,0.269,0.226,0.0013856067860019655,PALD1,2.8583599983665735,Sig Up
6.233282058290963e-8,-0.6024074602667637,0.086,0.121,0.0015568868596993338,SORBS3,2.807742946836891,Sig Down
6.301848028361823e-8,-0.2080577319275161,0.454,0.507,0.0015740125820439326,PLCB1,2.8029918003820296,Not sig
6.486847705889943e-8,-0.4924903735327288,0.092,0.129,0.001620219951500131,RGS6,2.7904260241989545,Sig Down
6.54797173299344e-8,-0.2848041012888811,0.244,0.295,0.0016354868997497714,GFOD1,2.7863529302239103,Sig Down
7.678961154204683e-8,0.38164048980825127,0.198,0.158,0.0019179741274857037,CPQ,2.7171572555417773,Sig Up
7.873766777613069e-8,0.5540211735268512,0.145,0.11,0.001966630728044416,TSC22D3,2.7062771793934206,Sig Up
8.457737484771241e-8,-0.3665186283853268,0.271,0.318,0.002112489091571313,CCND3,2.6752055249735913,Sig Down
8.657638711148615e-8,-0.5182627291727315,0.074,0.107,0.00216241842088359,SAMHD1,2.6650602676913047,Sig Down
9.235152812267327e-8,-0.5446465019978821,0.072,0.105,0.00230666411792001,IGF2BP2,2.637015640135977,Sig Down
9.2667333309431e-8,-0.339992619973031,0.152,0.196,0.002314551984069658,TCF7L1,2.635533060661655,Sig Down
9.505112767639298e-8,0.3889385945768923,0.141,0.105,0.0023740920159732674,RHOBTB1,2.624502452502323,Sig Up
9.588569114033963e-8,0.5166892320834007,0.155,0.12,0.002394936907612263,BMP2K,2.6207059231833485,Sig Up
9.668863179533766e-8,-0.3212460260681783,0.108,0.148,0.002414991956352149,COL18A1,2.6170843114208306,Sig Down
9.851298632202356e-8,0.7653320258589518,0.104,0.075,0.0024605588593651826,RGCC,2.608966241687911,Sig Up
9.92791729307792e-8,-0.14961179223826138,0.36,0.419,0.0024796959022920723,FOXO1,2.605601575647277,Not sig
1.098075868931415e-7,-0.20130791014259763,0.273,0.327,0.002742664097829995,ELL2,2.5618273784660985,Not sig
1.1099198788963934e-7,0.389962119671994,0.246,0.203,0.002772246881519522,RUNDC3B,2.557168096388051,Sig Up
1.1100356553287269e-7,0.2901189481355795,0.257,0.212,0.002772536056314561,UBC,2.5571227972233004,Sig Up
1.2091805990765454e-7,0.7432916731169392,0.109,0.08,0.0030201703823134873,PER1,2.5199685557146094,Sig Up
1.2240247428297114e-7,0.3777569222480268,0.311,0.27,0.0030572466001657704,ITFG1,2.514669529290973,Sig Up
1.2406801015108075e-7,0.3984195996881774,0.247,0.204,0.003098846689543544,NRP1,2.508799909250309,Sig Up
1.247584356208123e-7,-0.5109803826509103,0.074,0.107,0.003116091446501029,AL359915.2,2.506389805772247,Sig Down
1.3731341732438094e-7,-0.3430351127193275,0.162,0.206,0.003429677224511063,UBE2E1,2.4647467505723486,Sig Down
1.3870944698223182e-7,-0.4533391752754621,0.21,0.251,0.0034645458572752042,TULP4,2.460353685902293,Sig Down
1.4004001087713982e-7,-0.3757805239079881,0.084,0.119,0.0034977793516783214,NR2F2-AS1,2.456207590332174,Sig Down
1.4259540296153128e-7,-0.35242563660364934,0.252,0.296,0.0035616053797701665,MTSS1,2.448354201347314,Sig Down
1.5000372220207402e-7,0.37502650516209224,0.167,0.129,0.0037466429694412028,PCDH11Y,2.426357690356763,Sig Up
1.510512004564386e-7,0.5883693728841997,0.106,0.076,0.003772805833800467,DNAJB2,2.4233355450451954,Sig Up
1.5355931258455636e-7,-0.2518828325142788,0.236,0.289,0.003835450950424464,MOSMO,2.416183566847381,Sig Down
1.5402986868416358e-7,-0.4779196130936758,0.103,0.14,0.003847204030124354,LARP4,2.4148547809904324,Sig Down
1.6763815761273159e-7,-0.4627884538574135,0.084,0.118,0.004187098262693196,RFC3,2.3780868469796363,Sig Down
1.815911178062224e-7,0.31125175805003313,0.226,0.183,0.004535601349446017,PLCL1,2.34336512416457,Sig Up
1.8197548050997972e-7,-0.24141370325115985,0.262,0.314,0.004545201576697764,ASXL1,2.342446851340531,Not sig
1.8318707388680452e-7,0.34730396789452733,0.415,0.374,0.004575463544470716,ITGA6,2.3395649005903834,Sig Up
1.9685734405850232e-7,-0.2549744753262364,0.242,0.292,0.004916905882549213,RASA2,2.308308104721986,Sig Down
2.0796948065390088e-7,0.6457393305530076,0.1,0.071,0.005194453718292483,STAT1,2.284460118868288,Sig Up
2.0855517563973665e-07,0.33352982775837714,0.363,0.323,0.005209082621953702,MPDZ,2.2832387541100156,Sig Up
2.1184492246993198e-7,-0.4551378619559582,0.134,0.172,0.0052912506285314916,PAWR,2.276441666929416,Sig Down
2.3921029133771466e-7,-0.25175875151558463,0.119,0.16,0.005974755446742099,MID1,2.2236798661629233,Sig Down
2.4336792153935005e-7,0.4003939244523895,0.253,0.212,0.006078600576288346,ANXA3,2.216196393087519,Sig Up
2.443260269659835e-7,0.36844148626586737,0.245,0.202,0.006102531175529369,TLE4,2.2144899932584523,Sig Up
2.4774334370834636e-7,-0.3671896872086414,0.128,0.168,0.006187885495803367,FBXL5,2.208457731333506,Sig Down
2.527342083718826e-7,-0.4573990646401855,0.106,0.143,0.006312542322504512,FRAS1,2.199795697131729,Sig Down
2.5435025863338374e-7,0.6362390429862138,0.135,0.103,0.0063529064098860255,FGFR1,2.197027542582171,Sig Up
2.859058106611467e-7,-0.36973442635353554,0.076,0.109,0.007141069432883461,OPA3,2.1462367442433163,Sig Down
3.0409991525654747e-7,-0.31800357907745014,0.114,0.153,0.007595503583362786,PPP2R2D,2.1194434270381355,Sig Down
3.080210343834224e-7,0.3973491937462226,0.343,0.303,0.007693441375794741,FLNB,2.1138793512001812,Sig Up
3.2280318901896896e-7,-0.33307462913427843,0.122,0.161,0.008062655252126788,MIA2,2.093521909628886,Sig Down
3.229188819511393e-7,-0.34402661121450395,0.136,0.178,0.008065544914493605,DNAJC5,2.0933662860105113,Sig Down
3.290323084402798e-7,0.21802167428154795,0.25,0.204,0.008218239967912868,PPM1H,2.0852211817381967,Not sig
3.698698430204505e-7,0.6447215775848084,0.127,0.096,0.009238239069121792,GPM6A,2.034410803178782,Sig Up
3.7947988450663376e-7,-0.23194107463441105,0.322,0.374,0.009478269075322192,RAPGEF5,2.0232709664248736,Not sig
3.917358103638075e-7,-0.27853563193149466,0.206,0.252,0.00978438533545682,SRSF4,2.00946645194814,Sig Down
3.982453449431798e-7,0.22166698262515894,0.251,0.205,0.009946973980645802,MT-ND1,2.002309018086898,Not sig
4.341973673628488e-7,0.4465386738299142,0.258,0.22,0.010844947644621874,SRGN,1.9647725402571372,Sig Up
4.353803193424099e-7,-0.12399551991025737,0.652,0.701,0.010874494236215372,ASAP1,1.9635909325828524,Not sig
4.426910454379685e-7,0.39000973709995557,0.109,0.078,0.011057094241904139,TM4SF18,1.9563589888098434,Sig Up
4.6706055910651616e-7,-0.1749257497788399,0.447,0.504,0.011665771584803454,PTK2,1.933086531285962,Not sig
5.142148930009591e-7,-0.30173398287078845,0.191,0.235,0.012843545382484955,SND1,1.8913150753705952,Sig Down
5.143517657108627e-7,0.4380077501234578,0.146,0.113,0.012846964052160218,TMBIM6,1.8911994911010066,Sig Up
5.369853191801669e-7,0.5842283389964087,0.114,0.084,0.013412282317163028,SLC16A14,1.8724973136166416,Sig Up
5.398325604976232e-7,-0.3243605905452262,0.084,0.118,0.013483397863549136,FES,1.8702006502757291,Sig Down
5.490588074920929e-7,0.5739668665450236,0.156,0.123,0.013713841834730005,NUP214,1.862840863671876,Sig Up
5.626486087269741e-7,0.37974711501857983,0.149,0.115,0.014053274300173633,H3F3B,1.8522224768388929,Sig Up
5.632891420099556e-7,-0.37562157735831053,0.107,0.143,0.01406927289998266,GRAMD2B,1.851728346323948,Sig Down
5.722871236444041e-7,-0.40857791683078626,0.11,0.146,0.014294015487266281,RNF169,1.8448457516856254,Sig Down
5.802987769131702e-7,-0.509922983215307,0.11,0.145,0.014494122550960253,CA5B,1.8388080709478647,Sig Down
5.897654944245143e-7,-0.2256638634895849,0.261,0.313,0.014730572754241094,UBE2K,1.8317803665877495,Not sig
5.954576350768818e-7,-0.2742396080728928,0.253,0.299,0.014872745351315277,PPP1R12A,1.8276088579152887,Sig Down
6.033127665673085e-7,-0.36489005965408156,0.145,0.184,0.015068942970551665,CNOT8,1.8219172107349355,Sig Down
6.09616528164641e-7,-0.37192050589252273,0.136,0.175,0.015226392023968237,ZCCHC2,1.8174029929024567,Sig Down
6.291335819191179e-7,0.1478574134965882,0.321,0.269,0.015713869475593806,MT-ATP6,1.803716858564472,Not sig
6.946776148070193e-7,-0.15724267196362796,0.324,0.38,0.01735096278503492,MKL1,1.7606764217015298,Not sig
7.574044101089652e-7,0.2967450555742306,0.3,0.254,0.018917689951291623,MBNL2,1.7231318966159195,Sig Up
7.685025320336918e-7,-0.48526118237034643,0.096,0.129,0.01919488774260552,CARHSP1,1.7168144234220404,Sig Down
7.780078464949577e-7,-0.3038576844777754,0.207,0.25,0.019432301981904557,ZNF83,1.7114757491263648,Sig Down
8.08677462842698e-7,-0.17556052678821565,0.484,0.534,0.02019833698942207,SBF2,1.6946843862983683,Not sig
8.112358840014334e-7,-0.36232375443706255,0.146,0.185,0.0202622386747038,EFCAB2,1.6933125732719163,Sig Down
8.230829759231079e-7,-0.6051762161003867,0.071,0.1,0.020558143489631465,PHYKPL,1.6870161070217473,Sig Down
8.274216836029033e-7,-0.3217648010465439,0.099,0.134,0.020666511391349715,TIMM23B,1.68473282822786,Sig Down
8.322427495479831e-7,-0.3339193367359835,0.143,0.182,0.020786927155459975,CCDC149,1.682209705861452,Sig Down
9.23283153841396e-7,0.3574508894207873,0.312,0.273,0.023060843333496547,B2M,1.637124814630786,Sig Up
9.620532554514565e-7,-0.2639426338773958,0.189,0.232,0.02402920416141103,LIMS1,1.6192606126347664,Sig Down
9.90437814758264e-7,-0.4177319998404828,0.117,0.152,0.024738165299217157,HK1,1.6066325128707004,Sig Down
1.0508259431984197e-6,-0.15390365856873078,0.495,0.547,0.02624647958326693,CFLAR,1.5809289398805544,Not sig
1.0851902679402675e-6,-0.3089040677847702,0.162,0.203,0.02710479732234406,ST3GAL1,1.5669538358328121,Sig Down
1.1314663792403359e-6,-0.3014637967173721,0.106,0.141,0.02826063575428587,ANXA2,1.5488180724424305,Sig Down
1.1841005439383636e-6,-0.5597989204338198,0.1,0.132,0.029575279285948507,YPEL2,1.529071145541161,Sig Down
1.2070335985022801e-6,0.6692771410936407,0.253,0.219,0.03014807818979145,GBE1,1.5207403670452349,Sig Up
1.243055087044055e-6,0.6318349888325088,0.274,0.244,0.031047786909099363,CALD1,1.5079693509598693,Sig Up
1.2667594673750532e-6,-0.41410740986515016,0.164,0.202,0.031639851216626706,RNF217,1.4997655673978108,Sig Down
1.3008231314348176e-6,-0.23551498765447243,0.326,0.374,0.03249065935384744,ARFGEF2,1.4882414751483393,Not sig
1.3197674030766942e-6,-0.12798012251027302,0.65,0.705,0.03296383042664659,NCOA1,1.4819623286345036,Not sig
1.4388248046128547e-6,-0.15453841503820342,0.185,0.229,0.03593752714481527,GPC5,1.4444518099290342,Not sig
1.5289982182916074e-6,-0.3902929545386572,0.111,0.146,0.03818978849826948,OTUD7B,1.4180527468188484,Sig Down
1.605502415527228e-6,-0.2620766547707656,0.239,0.284,0.04010063383262357,REV3L,1.3968487628452693,Sig Down
1.6456876397377514e-6,-0.5655489061096577,0.138,0.171,0.04110434017772982,AL136164.2,1.3861123188606312,Sig Down
1.6657034449840824e-6,-0.3275219593189541,0.114,0.149,0.04160427494536743,LIMA1,1.380862042214704,Sig Down
1.682249190263385e-6,-0.23262315486267982,0.257,0.302,0.042017538025208565,HIVEP1,1.3765693982268508,Not sig
1.6897760867435268e-6,-0.5412196589241207,0.081,0.11,0.04220553731859307,CNNM2,1.3746305663571097,Sig Down
1.7628934820261483e-6,-0.22722362746760494,0.215,0.262,0.0440317905005671,VMP1,1.356233654111091,Not sig
1.8149692068560378e-6,-0.39158163021621745,0.079,0.11,0.04533248587964326,SBNO2,1.343590465053152,Sig Down
1.8748418109333224e-6,0.27004844557046326,0.47,0.44,0.04682792391168159,KANSL1,1.3294950959801886,Sig Up
1.8806092391138084e-6,0.46299381278124185,0.196,0.162,0.046971976965345594,DUSP16,1.328161160764758,Sig Up
1.9017123378246733e-6,0.5852947721527135,0.279,0.247,0.047499069061846866,CD46,1.3233149020649195,Sig Up
1.9075993754000364e-6,-0.21405551921424149,0.238,0.282,0.04764610959936671,PNISR,1.3219725545955254,Not sig
1.929317814119307e-6,0.24989959372632597,0.395,0.355,0.04818857104325793,CNTNAP3B,1.317055951831789,Not sig
1.9351080820289056e-6,0.4532364574483124,0.13,0.099,0.04833319456483597,SLFN12L,1.3157544993773602,Sig Up
1.947747518548988e-6,0.5423192433117137,0.101,0.074,0.04864888977079808,JAG2,1.3129270664319668,Sig Up
1.9935512968382795e-6,0.5828105821405838,0.121,0.093,0.049792930741129705,CLEC1A,1.3028323110163251,Sig Up
2.02122224037301e-6,0.6012389218921315,0.121,0.093,0.05048406789779667,POMP,1.2968456578370784,Not sig
2.021272839663707e-6,-0.4283736354757033,0.075,0.105,0.05048533171628041,NTNG1,1.296834785842281,Not sig
2.0732394565848317e-6,0.7334227856840131,0.191,0.162,0.05178330190711934,SLC4A7,1.2858102606929203,Not sig
2.1301401340823653e-6,0.24707573455500698,0.332,0.287,0.05320451012897524,TMSB10,1.2740515511428452,Not sig
2.1363647358379173e-6,-0.3414278174822273,0.174,0.213,0.05335998200702366,SH3BP4,1.272784325535504,Not sig
2.143973885875421e-6,0.30007607613659104,0.404,0.369,0.05355003574751039,SESTD1,1.271240234917255,Not sig
2.1647343693252927e-6,0.6288326002072501,0.1,0.074,0.05406857034263784,PPP1R10,1.2670551136962822,Not sig
2.2104137536346893e-6,-0.38519803319365337,0.111,0.145,0.055209504324533636,PTPN9,1.2579861519739028,Not sig
2.2613058632405002e-6,0.5257231937731603,0.539,0.535,0.056480636546157974,PITPNC1,1.2481004173577033,Not sig
2.2651139347919695e-6,-0.3545745496969177,0.216,0.254,0.05657575074929902,PIAS2,1.2473696743309968,Not sig
2.3571477236891454e-6,-0.20758997327969642,0.159,0.201,0.05887447869458379,LINC02147,1.2300729253164313,Not sig
2.46906460818276e-6,-0.1558146737953976,0.416,0.468,0.06166982671858079,NFAT5,1.209927271863462,Not sig
2.5514815442281352e-6,-0.3457545468824109,0.091,0.123,0.06372835453018613,KCTD12,1.1956672948841067,Not sig
2.6797377413913753e-6,-0.16792056646073972,0.558,0.603,0.06693180956673238,PTPRK,1.1743674332630047,Not sig
2.817904557122837e-6,-0.3823958763801355,0.11,0.144,0.07038280212325711,SUN1,1.152533446758529,Not sig
2.891551463674981e-6,0.31609089423937903,0.127,0.097,0.07222228090821,SLC30A1,1.1413287998996806,Not sig
2.915521474858981e-6,-0.28345025556217096,0.192,0.232,0.07282097987755276,PPP2R5E,1.1377434815054674,Not sig
2.945122231651494e-6,-0.2004334956555356,0.37,0.419,0.07356031797995936,RBM6,1.1333564021005829,Not sig
2.9787995512345306e-6,0.21024068604376422,0.642,0.636,0.07440147639118487,TBC1D4,1.1284184464140279,Not sig
3.0588864590423633e-6,-0.19301629619245686,0.39,0.438,0.0764018070875011,SLCO3A1,1.116896369188071,Not sig
3.13434923269238e-6,-0.1868777236190231,0.26,0.308,0.07828664078495758,RTN1,1.106312341752707,Not sig
3.158606206796083e-6,-0.5182233276939009,0.085,0.115,0.07889250722714576,DUSP22,1.102964241713604,Not sig
3.415962568213855e-6,-0.48755740994973457,0.085,0.114,0.08532049706627745,IL1R1,1.0689466230712656,Not sig
3.473107796847994e-6,-0.1437607915453687,0.464,0.519,0.08674781344187235,ELF2,1.0617414631895037,Not sig
3.531141289707728e-6,0.3945922056667943,0.245,0.21,0.08819731599302992,GMDS-DT,1.0545446310490505,Not sig
3.653631287714936e-6,-0.3271661636290145,0.188,0.227,0.09125674867325596,SLMAP,1.0397350084804926,Not sig
3.7349626161644546e-6,0.28707388154894,0.419,0.383,0.09328816126393959,ABCG2,1.0301734669069929,Not sig
3.967135224058346e-6,0.4005295315001193,0.103,0.076,0.0990871364913053,NR1D2,1.0039827220379518,Not sig
4.03315900849992e-6,-0.3317822066069602,0.101,0.133,0.1007362125553025,CPM,0.996814381622578,Not sig
4.188318038290415e-6,-0.11287422574876693,0.567,0.605,0.1046116196423797,ARHGAP29,0.9804200739171424,Not sig
4.310767968258359e-6,-0.2882973263912578,0.152,0.19,0.10767005154318902,NSRP1,0.9679050790440865,Not sig
4.3237691661692035e-6,-0.21611902053086518,0.162,0.204,0.1079947824634082,HLA-B,0.9665972260138583,Not sig
4.325862901739496e-6,-0.419383427724665,0.094,0.124,0.10804707769674739,CLIC2,0.9663869747996187,Not sig
4.3825883672419135e-6,-0.2592382676843168,0.496,0.536,0.10946390964860127,CGNL1,0.9607290445135276,Not sig
4.598584252604815e-6,-0.3607560028943546,0.108,0.14,0.11485883887731047,KIAA1551,0.9398355783711132,Not sig
4.624779987089139e-6,-0.28082534291976735,0.213,0.252,0.11551312973752542,SLC38A2,0.9373686491183593,Not sig
4.951980257529685e-6,-0.13968172390502254,0.493,0.538,0.12368561089231896,MTUS1,0.9076808215798526,Not sig
4.9895896421987605e-6,-0.2565609285777162,0.218,0.261,0.12462498049319844,ABL2,0.9043948966577959,Not sig
5.0465024859173844e-6,-0.4946341666516211,0.095,0.125,0.1260464925907585,SH3RF1,0.8994692346338848,Not sig
5.14904990937178e-6,-0.35755653321309566,0.208,0.245,0.12860781958637896,CYYR1,0.8907326247246155,Not sig
5.211945512969589e-6,-0.2568172977341048,0.287,0.329,0.13017876307744142,PUM1,0.8854598593204365,Not sig
5.237603473112227e-6,-0.4812803337149205,0.077,0.105,0.1308196219479241,OSMR-AS1,0.8833271102580794,Not sig
5.238663032994151e-6,-0.3662152653690857,0.099,0.131,0.13084608657509492,ARSB,0.8832392619752457,Not sig
5.266371623593426e-6,-0.4521914319544927,0.1,0.13,0.13153816404249302,PPM1D,0.880948224144535,Not sig
5.347848875898322e-6,-0.1420034568413997,0.257,0.304,0.13357322137331237,ACER2,0.8742806000602624,Not sig
5.487087779886754e-6,-0.5041262921750456,0.073,0.101,0.13705099147823147,NCK2,0.8631178182640865,Not sig
5.571878216622515e-6,0.13859687982840274,0.797,0.814,0.13916880221658054,ATP10A,0.8564581105855927,Not sig
5.573947117954076e-6,-0.3982128807289178,0.118,0.15,0.13922047716513894,CDK5RAP2,0.8562968820690411,Not sig
5.6822436974873014e-6,-0.43573815115234293,0.146,0.18,0.14192540083214034,SEM1,0.8479398705466863,Not sig
5.916568477998342e-6,-0.48609513584161074,0.076,0.104,0.14777813087496458,SPATA6L,0.8303898307791644,Not sig
6.032963084391445e-6,-0.6140823812870674,0.091,0.119,0.15068531895884513,MRPS6,0.8219290582742795,Not sig
6.339167390409481e-6,0.2999554350148552,0.258,0.221,0.1583333839102576,SPTAN1,0.8004275063667393,Not sig
6.447642339972076e-6,0.39300565432130896,0.295,0.26,0.16104276272548254,SLC12A2,0.793058787634179,Not sig
6.476374362757586e-6,-0.3036273800040078,0.113,0.145,0.16176040245859621,CLIP2,0.7911277812305093,Not sig
6.586663774217087e-6,-0.34673355838594777,0.117,0.15,0.1645151010886202,SMG7,0.783794231340449,Not sig
6.8173609379972545e-6,-0.23058690321157704,0.325,0.368,0.17027722414835741,NCOA2,0.7688434382862872,Not sig
6.8673885719221155e-6,-0.3469710458503483,0.166,0.203,0.17152676436089867,SIPA1L3,0.765668104732865,Not sig
6.872169705173013e-6,-0.23448155683304162,0.301,0.344,0.17164618272610635,PIK3C2A,0.7653658504929476,Not sig
6.886918363196424e-6,-0.327122116735278,0.17,0.207,0.1720145599575571,RDX,0.7644347912226723,Not sig
6.9262994393020895e-6,-0.19322349192739696,0.144,0.181,0.1729981810954483,UBA6,0.7619584630235897,Not sig
7.0213254066028e-6,0.23385395798592645,0.481,0.443,0.17537164468071814,CSNK1A1,0.7560406250759945,Not sig
7.079910134936265e-6,-0.12913098306677417,0.489,0.542,0.17683491544030308,DENND1A,0.7524319809181952,Not sig
7.38394729400668e-6,0.41130580892568946,0.19,0.158,0.18442885156240485,ACTR3,0.7341711380860243,Not sig
7.511720588770983e-6,0.4395446139201658,0.102,0.076,0.18762024514573283,FZD4,0.7267203009212886,Not sig
7.567447613135577e-6,-0.3604681908788588,0.113,0.144,0.1890121390332873,JAG1,0.7235103029914219,Not sig
7.704993039040893e-6,-0.38477332990991037,0.082,0.111,0.19244761113612438,SH3GL1,0.7156874754596904,Not sig
8.109474018055417e-6,-0.26894657399435207,0.189,0.227,0.20255033254897015,ARID1A,0.6934670394511946,Not sig
8.579986794396627e-6,-0.3757823003131814,0.076,0.103,0.21430233016364456,NR2C1,0.6689731067383347,Not sig
8.957718057333585e-6,-0.31096613888868263,0.175,0.212,0.22373692391802094,CYFIP1,0.6502623371793941,Not sig
8.988127822721758e-6,-0.33379671096768115,0.17,0.206,0.22449646862812137,TTC3,0.6487904861412046,Not sig
9.006513577552727e-6,-0.2593042154287394,0.144,0.18,0.22495568962653445,AHI1,0.6479030180922817,Not sig
9.287259674525781e-6,-0.24764102112925312,0.173,0.212,0.23196788489063044,NAV1,0.6345721374376554,Not sig
9.356890178037704e-6,-0.2028062893776128,0.398,0.448,0.23370704597684772,FKBP5,0.6313281939717608,Not sig
9.453828291377276e-6,-0.13683401209675417,0.416,0.466,0.23612826923373023,KAT6A,0.6268520161517815,Not sig
9.557088262814871e-6,0.30220210894164734,0.23,0.195,0.23870739354032705,MUC20-OT1,0.6221341292796378,Not sig
9.738699044963334e-6,-0.24715924228868924,0.155,0.192,0.2432434860460492,GBF1,0.6139587811197758,Not sig
9.924322159231965e-6,0.3293007154541763,0.451,0.42,0.2478797945711368,CNOT6L,0.6057588724411045,Not sig
9.999358683089595e-6,-0.16177437737985123,0.413,0.461,0.2497539818275288,STK3,0.602487579090214,Not sig
1.0076250089330704e-5,-0.3240107563132407,0.116,0.148,0.251674498481213,MORC3,0.5991607881464301,Not sig
1.0473766624014536e-5,-0.1955482887958555,0.228,0.27,0.26160326896801106,SWAP70,0.5823568334139075,Not sig
1.0589096631020671e-5,-0.22201923422480574,0.261,0.305,0.2644838665530033,PLSCR1,0.5776008146711501,Not sig
1.0612675319575245e-5,-0.44603544877270607,0.094,0.123,0.2650727914570309,TMEM181,0.5766348483759521,Not sig
1.0621014526069975e-5,-0.3845541422408666,0.115,0.146,0.26528107981764976,DLL4,0.5762937233452445,Not sig
1.0735621068943615e-5,-0.34519480710962913,0.09,0.119,0.26814360743900467,KLHL29,0.5716325521861202,Not sig
1.101679311098475e-5,-0.3856696022023901,0.088,0.117,0.27516644153306613,TNFRSF1A,0.5604045324484832,Not sig
1.1053517475442488e-5,-0.6385723762432428,0.151,0.18,0.276083705984127,HSPH1,0.5589592239655774,Not sig
1.112971989016623e-5,0.27446383486750664,0.145,0.114,0.27798701369668194,FAXDC2,0.5559754918934496,Not sig
1.2056150378683431e-5,-0.3508003841128652,0.15,0.185,0.30112646800837606,AEBP2,0.5212510697785464,Not sig
1.216969600652626e-5,-0.3127193593592168,0.141,0.175,0.3039624971550064,CTIF,0.5171799962707069,Not sig
1.2281100046009696e-5,-0.14615923589874757,0.496,0.555,0.30674503584918417,VTI1A,0.5132224568674664,Not sig
1.2630831473730988e-5,-0.23420044763059078,0.253,0.294,0.31548027771937887,KDM2A,0.5010277855335341,Not sig
1.2905278657754492e-5,-0.3408886583606408,0.102,0.133,0.3223351450347339,NDUFAF2,0.4916923396551407,Not sig
1.3335673288981236e-5,0.6552823474623879,0.165,0.138,0.33308511173888433,COL4A1,0.47744477899946236,Not sig
1.3441321436768648e-5,-0.26164897961609146,0.142,0.177,0.33572388552617055,PIK3CB,0.4740177591893082,Not sig
1.3489695854088486e-5,-0.1835804795065319,0.338,0.383,0.3369321333475681,BTBD9,0.47245756821137047,Not sig
1.3525709798643616e-5,0.426301367954095,0.191,0.16,0.3378316536407216,PSME4,0.47129966098924186,Not sig
1.369629460800454e-5,-0.5554793394641673,0.084,0.111,0.3420923504241294,STIP1,0.4658566370272525,Not sig
1.3804085306900556e-5,0.24646151871356792,0.369,0.333,0.3447846387104552,PDXK,0.4624520916637306,Not sig
1.3926557819444827e-5,-0.24390784939215138,0.213,0.252,0.34784363465627344,BRD4,0.4586159395794362,Not sig
1.4068234560015531e-5,0.17421798839743063,0.555,0.534,0.3513822946055079,NFIA,0.4542201254498575,Not sig
1.4093484235394148e-5,-0.55066755706394,0.092,0.119,0.3520129557474396,FAM117B,0.45344135212960274,Not sig
1.411583198093435e-5,-0.4018386098516159,0.174,0.206,0.3525711353877972,MIB1,0.45275324579430215,Not sig
1.413131530117309e-5,-0.49318526104939686,0.088,0.116,0.3529578622774003,KLHL20,0.4522771395774498,Not sig
1.4204915930828664e-5,-0.2975440921820497,0.166,0.202,0.35479618520430756,OSBPL10,0.45002105838266043,Not sig
1.4759283580985924e-5,-0.29919659172720325,0.261,0.3,0.3686426260022854,NEK7,0.4333944489127792,Not sig
1.4854525600903116e-5,-0.41951566000544105,0.13,0.161,0.3710214859337571,CPT1A,0.43060093957019,Not sig
1.5509891063550464e-5,-0.4025595772690176,0.087,0.115,0.38739054909429993,ALPK1,0.41185097867695236,Not sig
1.6151759333019102e-5,0.21841326529265004,0.429,0.395,0.4034224928608181,CTNNB1,0.3942398913165902,Not sig
1.6711571961450647e-5,-0.36144365453122007,0.099,0.128,0.4174049328811528,SHISA5,0.3794424227588121,Not sig
1.778952001833067e-5,-0.20231475619363914,0.402,0.444,0.4443288414978452,ZNF638,0.3522954956791563,Not sig
1.829653510268587e-5,0.28417430273180155,0.43,0.399,0.456992557259785,SGPP2,0.34009087294399437,Not sig
1.903391109998629e-5,-0.30523608376152545,0.118,0.15,0.4754099975443576,TAPBP,0.3229316895983867,Not sig
1.942835733850254e-5,0.2353918744997936,0.301,0.262,0.4852620812437779,ANKRD44,0.3140236434672791,Not sig
1.9882950153892902e-5,0.37439550881922784,0.175,0.144,0.496616445993783,RAPH1,0.3039789024091552,Not sig
2.0017501688589565e-5,0.48637809012229677,0.125,0.099,0.49997713967590157,CNN3,0.3010498523431357,Not sig
2.063104564604799e-5,0.3149065905984535,0.207,0.174,0.5153016271013406,ACYP2,0.2879384862212111,Not sig
2.1090652382482498e-5,-0.4054885249214733,0.077,0.103,0.5267812245572654,BCAR1,0.27836971248110837,Not sig
2.1435121792072366e-5,-0.3874913001325436,0.132,0.164,0.5353850370005915,INPP5A,0.27133377068902503,Not sig
2.1791222068060245e-5,-0.2525701434917671,0.161,0.195,0.5442793535939408,TTTY14,0.2641781396683902,Not sig
2.3137170737874592e-5,-0.21933886162016947,0.201,0.239,0.5778971135198937,USP47,0.23814947474197995,Not sig
2.331702540645487e-5,-0.22873837219232507,0.241,0.28,0.5823893435770233,LEPR,0.23478658024041174,Not sig
2.3320015476125498e-5,-0.3095058420063779,0.111,0.141,0.5824640265471865,TNFRSF10B,0.23473089185471388,Not sig
2.4620583656743936e-5,-0.4704902230219012,0.092,0.119,0.6149483179944932,ZBTB1,0.21116138203427187,Not sig
2.5121874505423082e-5,-0.20719608683037438,0.281,0.322,0.6274690595219523,ZHX2,0.20240768436512982,Not sig
2.5557759545059117e-5,0.4316944216884019,0.18,0.151,0.6383561601569415,TTC7B,0.19493694630596303,Not sig
2.5691234937420736e-5,-0.28097464783751236,0.23,0.267,0.6416899750319577,FGD4,0.19267474553397856,Not sig
2.573487553608105e-5,0.4733559627915973,0.128,0.102,0.6427799862646963,LY6E,0.19193765398417373,Not sig
2.590895532205412e-5,-0.2584254277622655,0.224,0.262,0.6471279770789458,RUFY3,0.18900982405608446,Not sig
2.655959246128787e-5,-0.2648949865507443,0.151,0.185,0.6633789409055871,PKD2,0.17823831936110118,Not sig
2.818274052601463e-5,0.35679258006340997,0.146,0.118,0.7039203101182674,GSN,0.15247650397555607,Not sig
2.8890038017043838e-5,-0.45480174490486447,0.123,0.152,0.721586479551704,SNAP23,0.1417116128151977,Not sig
3.0205318172992374e-5,-0.39618568943959503,0.095,0.123,0.7544382320068306,PRR14L,0.1223763113512164,Not sig
3.0577976312450985e-5,-0.13158055504445487,0.589,0.639,0.7637461143560882,PRKCH,0.11705098626559524,Not sig
3.067009328387873e-5,-0.2846759498345377,0.116,0.146,0.7660469199514391,TET2,0.11574462925519487,Not sig
3.109181739445594e-5,0.3571606115502878,0.167,0.137,0.776580323061326,ADGRB3,0.10981361777419693,Not sig
3.13086804197572e-5,-0.3119189977735848,0.257,0.291,0.7819969108442756,ZSWIM5,0.10679496254876421,Not sig
3.149291191591525e-5,-0.4350598754608952,0.088,0.115,0.7865984609238151,ZFX,0.10424690767576132,Not sig
3.24402619558973e-5,-0.18474190523384104,0.381,0.425,0.8102604228724469,MCC,0.09137537366585427,Not sig
3.2942742898692864e-5,-0.2402536045253656,0.187,0.223,0.8228108893806516,TNXB,0.08469996932705323,Not sig
3.361861208373494e-5,0.2907805067825189,0.258,0.225,0.8396920740154477,TMCC3,0.07587994616823077,Not sig
3.401504084356161e-5,0.3641757032508379,0.136,0.109,0.8495936751496383,LAMA4,0.07078872938152733,Not sig
3.4880656224234876e-5,0.4174627114213869,0.142,0.115,0.8712141505127144,IFI44,0.05987507925815921,Not sig
3.505977943854754e-5,0.26058012355510385,0.14,0.111,0.8756881110366019,PRTG,0.05765054654246545,Not sig
3.681432224155127e-5,-0.1642333243205385,0.157,0.192,0.9195113266272261,NPEPPS,0.036442916712574915,Not sig
3.804324462134022e-5,0.4564012800626405,0.175,0.146,0.9502061209072147,CALCOCO2,0.022182176329288917,Not sig
3.873678572911587e-5,-0.23024012749676714,0.308,0.347,0.967528697156127,ZFHX3,0.014336144829234695,Not sig
3.8827716421740115e-5,-0.17193550463538632,0.227,0.268,0.9697998730658028,LSM14A,0.013317877063993087,Not sig
3.9451939283519994e-5,-0.3603233667537214,0.079,0.104,0.9853910874844789,ZNF586,0.006391370084059765,Not sig
3.986920335173197e-5,0.4773161080776993,0.13,0.104,0.9958130921162095,IL13RA1,0.0018221682830439636,Not sig
4.081605488503221e-5,0.34903989683507053,0.38,0.356,1,PDLIM5,-0,Not sig
4.089733110019267e-5,-0.1309499236528613,0.247,0.293,1,YBX3,-0,Not sig
4.212493234575497e-5,0.3053816555487431,0.177,0.146,1,PHLDB2,-0,Not sig
4.4067764371507946e-5,-0.1939022988175032,0.315,0.357,1,CDH2,-0,Not sig
4.540938667337917e-5,-0.32004311778239763,0.144,0.175,1,KDM4B,-0,Not sig
4.636769716116933e-5,-0.18185347200715318,0.289,0.327,1,KIAA1109,-0,Not sig
4.6463040324714995e-5,-0.14409977169264288,0.213,0.253,1,FAM155A,-0,Not sig
4.7229711403633205e-5,0.27393372521566617,0.318,0.286,1,LIMS2,-0,Not sig
4.804416120754844e-5,0.15251465030517952,0.765,0.731,1,CLDN5,-0,Not sig
4.8672846747542306e-5,-0.3936707310602036,0.086,0.112,1,INPP4A,-0,Not sig
4.885935386624316e-5,-0.15790250202634248,0.232,0.271,1,SLC7A11,-0,Not sig
4.895042182167559e-5,0.33990747165477986,0.21,0.179,1,SPRED2,-0,Not sig
5.055385519766466e-5,-0.3587338085498699,0.124,0.153,1,ANAPC16,-0,Not sig
5.202348938052912e-5,0.28179167944204186,0.545,0.528,1,RASGRF2,-0,Not sig
5.252825881781252e-5,0.27978776965535945,0.16,0.13,1,MGMT,-0,Not sig
5.415746469292637e-5,0.478341643368966,0.102,0.079,1,RANBP17,-0,Not sig
5.646658716291435e-5,-0.5515245662994647,0.093,0.118,1,SNX3,-0,Not sig
5.824322864062606e-5,-0.15550177364592543,0.161,0.197,1,ATP1A2,-0,Not sig
5.853196655044204e-5,0.32545600971600347,0.114,0.089,1,RCSD1,-0,Not sig
6.001013231442119e-5,0.42722545680880164,0.171,0.143,1,CNST,-0,Not sig
6.0153786032240386e-5,-0.21808000372804281,0.181,0.216,1,SSH1,-0,Not sig
6.177455881619764e-5,0.23967339672418708,0.434,0.407,1,MAP4,-0,Not sig
6.392833066738334e-5,0.33374597374711124,0.1,0.077,1,MAP4K2,-0,Not sig
6.549500535975013e-5,0.2350733453246714,0.346,0.312,1,PHKB,-0,Not sig
6.592752812136634e-5,-0.3461605097035775,0.136,0.166,1,MXI1,-0,Not sig
6.706534860969083e-5,0.34064935974500743,0.171,0.142,1,ZDHHC21,-0,Not sig
6.741218401086775e-5,-0.2042221178241701,0.178,0.214,1,CAST,-0,Not sig
7.051785900590527e-5,0.3024223883849363,0.174,0.145,1,EEPD1,-0,Not sig
7.18254733836317e-5,-0.4100018599921912,0.089,0.115,1,MCM9,-0,Not sig
7.184518773671783e-5,-0.2482219990598713,0.223,0.257,1,CDH11,-0,Not sig
7.23246949253592e-5,0.2443003216980668,0.409,0.381,1,DPYD,-0,Not sig
7.390524254702628e-5,-0.414218738122023,0.112,0.138,1,UBE2J1,-0,Not sig
7.417098826943745e-5,0.22875042949422397,0.226,0.192,1,BST2,-0,Not sig
7.524847079108599e-5,0.35992452212469395,0.189,0.16,1,NPIPB4,-0,Not sig
7.534306365079817e-5,-0.35086254474365086,0.183,0.214,1,CD34,-0,Not sig
7.802673948331593e-5,-0.11971129630680788,0.265,0.308,1,XKR6,-0,Not sig
7.807003718847148e-5,0.2577036998937079,0.266,0.232,1,SEPT7,-0,Not sig
7.897740061200224e-5,-0.21379666166873035,0.578,0.608,1,MEF2A,-0,Not sig
8.02174318971366e-5,0.2336795005820138,0.227,0.194,1,TBL1X,-0,Not sig
8.089468572735293e-5,-0.18979180243238436,0.25,0.291,1,ATG7,-0,Not sig
8.192055753862267e-5,-0.19054410600443572,0.221,0.258,1,MAP3K20,-0,Not sig
8.378808073487841e-5,-0.17207218979788363,0.267,0.305,1,ROCK2,-0,Not sig
8.43627175405367e-5,0.22332084220459092,0.285,0.251,1,TRPS1,-0,Not sig
8.563520232867972e-5,-0.27609094208836105,0.09,0.116,1,PATJ,-0,Not sig
8.577032792639645e-5,0.27533330499416997,0.189,0.159,1,PAQR5,-0,Not sig
8.629339112694683e-5,0.2164858512801202,0.379,0.345,1,DACH1,-0,Not sig
8.636824886426781e-5,-0.3736157574311838,0.206,0.235,1,PTGES3,-0,Not sig
8.706531422005862e-5,-0.36008212220773783,0.079,0.103,1,TRIM22,-0,Not sig
9.015238181724887e-5,-0.2800795877746137,0.086,0.111,1,PPA1,-0,Not sig
9.245738178870877e-5,-0.21080688497273126,0.171,0.206,1,SRRM2,-0,Not sig
9.434887526544862e-5,-0.25189774888393757,0.108,0.137,1,ZBTB7A,-0,Not sig
9.609657150667054e-5,0.4121822184171042,0.165,0.138,1,COPA,-0,Not sig
9.767970046064176e-5,-0.16035395210944126,0.177,0.212,1,MARCH3,-0,Not sig
9.840499356657975e-5,-0.16348655415160263,0.519,0.565,1,FOXN3,-0,Not sig
9.898228221862561e-5,0.30529589108509014,0.148,0.12,1,SLC9A3R2,-0,Not sig
9.950253926154775e-5,-0.3239025888027783,0.078,0.102,1,MFGE8,-0,Not sig
1.0230411229859336e-4,-0.22994739293835642,0.183,0.216,1,RAB10,-0,Not sig
1.024351892485188e-4,-0.2125290810540782,0.175,0.208,1,PPP4R1,-0,Not sig
1.0325640547418544e-4,-0.13674786511484238,0.197,0.236,1,LENG8,-0,Not sig
1.033040258683943e-4,0.32227318463306875,0.113,0.089,1,LRRK2,-0,Not sig
1.0332729778995862e-4,0.2151946071138322,0.342,0.31,1,NR3C1,-0,Not sig
1.0393148170235853e-4,-0.10079970988745868,0.144,0.178,1,ATP11C,-0,Not sig
1.0521192991225014e-4,0.38478252946362335,0.282,0.254,1,FNDC3A,-0,Not sig
1.0522130070607006e-4,0.34571607764329326,0.152,0.125,1,NOD1,-0,Not sig
1.0804611350016214e-4,0.3463835974837277,0.147,0.121,1,ESAM,-0,Not sig
1.0847460277313793e-4,-0.2624948824645621,0.197,0.229,1,DCAF5,-0,Not sig
1.103934310709513e-4,-0.2013743302968214,0.26,0.298,1,PCAT19,-0,Not sig
1.1194523691675986e-4,-0.19109837831060505,0.221,0.256,1,SEMA6A,-0,Not sig
1.1242032040245026e-4,0.3208848327835865,0.195,0.165,1,TPT1,-0,Not sig
1.1505035021601173e-4,-0.3278625694086793,0.106,0.133,1,SNX6,-0,Not sig
1.175490126523256e-4,-0.1700041765826188,0.345,0.384,1,RAP1B,-0,Not sig
1.1952807310143473e-4,0.30847303994961867,0.11,0.086,1,LMO2,-0,Not sig
1.196268419442028e-4,-0.4323766717422518,0.078,0.101,1,PANK2,-0,Not sig
1.2025328596926692e-4,0.45818568061471865,0.183,0.158,1,HLA-A,-0,Not sig
1.2066660842159403e-4,-0.3080395459639794,0.08,0.104,1,SEC63,-0,Not sig
1.2349595522129954e-4,-0.25851313712759866,0.126,0.155,1,CYSTM1,-0,Not sig
1.3054757255845056e-4,-0.39187515767465836,0.077,0.101,1,RALB,-0,Not sig
1.3293050895574443e-4,-0.2752603340545826,0.118,0.146,1,CDR2,-0,Not sig
1.335752842916145e-4,-0.15778471163903118,0.457,0.499,1,TBC1D22A,-0,Not sig
1.337869480232831e-4,0.2169403673871677,0.319,0.285,1,MAN2A1,-0,Not sig
1.348099023081043e-4,-0.2887870711266197,0.163,0.194,1,CBFA2T2,-0,Not sig
1.4210912430073487e-4,-0.263296663317509,0.157,0.187,1,CSNK1G3,-0,Not sig
1.4678329788738416e-4,-0.10521917093131816,0.32,0.36,1,ITGAV,-0,Not sig
1.479534302329222e-4,-0.18019745415664135,0.4,0.437,1,N4BP2L2,-0,Not sig
1.4809919146657565e-4,0.20404746800603757,0.574,0.56,1,RASAL2,-0,Not sig
1.4872860959405572e-4,0.27802692875872026,0.125,0.1,1,C2CD5,-0,Not sig
1.494298738811364e-4,-0.37424276558382324,0.085,0.108,1,LGALS3,-0,Not sig
1.558946767150093e-4,0.5568970798196552,0.137,0.113,1,MIR222HG,-0,Not sig
1.5639094842941485e-4,-0.2720291482961029,0.186,0.217,1,TAF3,-0,Not sig
1.5838134225085786e-4,-0.23299948462292042,0.091,0.118,1,RIMS2,-0,Not sig
1.5933556287556162e-4,-0.10900024849152168,0.082,0.107,1,SLC38A11,-0,Not sig
1.5983160249679202e-4,-0.3946493854735158,0.077,0.1,1,FBH1,-0,Not sig
1.614886184929155e-4,-0.40857568268213684,0.077,0.1,1,TCERG1,-0,Not sig
1.667211017938595e-4,-0.27132561548380485,0.091,0.116,1,GAK,-0,Not sig
1.6734393668413905e-4,-0.24879189290563486,0.193,0.226,1,WWP1,-0,Not sig
1.6993579445527158e-4,-0.2496446400447644,0.121,0.149,1,DOCK7,-0,Not sig
1.70103432365735e-4,-0.25104973465132707,0.089,0.113,1,KSR1,-0,Not sig
1.739153111856018e-4,0.5118355564557378,0.147,0.124,1,MYEF2,-0,Not sig
1.740842742346016e-4,0.15907706787143194,0.75,0.746,1,JMJD1C,-0,Not sig
1.792112818557799e-4,0.4057465279058155,0.145,0.121,1,FAM171A1,-0,Not sig
1.7994496819365196e-4,-0.32597438549414093,0.117,0.143,1,DEAF1,-0,Not sig
1.8369654699453052e-4,-0.2028797952345609,0.14,0.17,1,SLC25A29,-0,Not sig
0.00018522937511784875,-0.3229649906549581,0.08,0.103,1,AC008014.1,-0,Not sig
1.9020752044704661e-4,0.23404200282490084,0.366,0.338,1,BRAF,-0,Not sig
1.9432616519228976e-4,-0.15587362386664294,0.393,0.434,1,NKTR,-0,Not sig
2.0148591882076342e-4,0.24073523523314455,0.194,0.165,1,ELP4,-0,Not sig
2.022185471542448e-4,-0.14025396875811857,0.547,0.578,1,SORBS2,-0,Not sig
2.0474884786702026e-4,-0.36903161339625107,0.148,0.175,1,RGS3,-0,Not sig
2.098726151723579e-4,-0.2405004538689386,0.22,0.253,1,ROCK1,-0,Not sig
2.1045823179084147e-4,0.16933241161193102,0.466,0.439,1,TSC22D1,-0,Not sig
2.1258198903275073e-4,-0.35482375671292504,0.082,0.106,1,LAMB2,-0,Not sig
2.14623937914168e-4,-0.2532951165155626,0.16,0.19,1,EGLN1,-0,Not sig
2.1949352562335522e-4,-0.2655901635797613,0.198,0.228,1,ZKSCAN1,-0,Not sig
2.2741606754193066e-4,-0.1840791651096696,0.136,0.165,1,WDR13,-0,Not sig
2.2853182303674254e-4,-0.2823160097023496,0.193,0.224,1,ZNRF1,-0,Not sig
2.290200383646792e-4,0.27506540258588996,0.191,0.163,1,MAP3K1,-0,Not sig
2.485856420675905e-4,-0.2666789390427312,0.117,0.144,1,NCK1,-0,Not sig
2.5146188872719467e-4,-0.4374624939513753,0.081,0.104,1,AL158152.2,-0,Not sig
2.522745320937751e-4,-0.4036463502952127,0.096,0.119,1,ADCY4,-0,Not sig
2.5528640928046805e-4,0.22966275354286525,0.286,0.256,1,CPD,-0,Not sig
2.561571231317608e-4,0.2615801474952876,0.193,0.165,1,NPTN,-0,Not sig
2.584860691860398e-4,-0.3376172587991647,0.122,0.148,1,HNRNPR,-0,Not sig
2.7049249989500327e-4,-0.21829539640461335,0.117,0.145,1,ITGA5,-0,Not sig
2.783885546542584e-4,-0.22830554732388897,0.152,0.181,1,ZNF721,-0,Not sig
2.7927238373340123e-4,-0.22010321370835972,0.094,0.119,1,CTTN,-0,Not sig
2.867038046541974e-4,-0.2542787119422604,0.105,0.131,1,LARP1,-0,Not sig
2.992310371898783e-4,-0.36198467862232986,0.08,0.102,1,RAI1,-0,Not sig
2.998676267643204e-4,-0.1957286670060417,0.087,0.112,1,EXD3,-0,Not sig
2.9990083657276454e-4,0.3423917505483203,0.176,0.15,1,WDPCP,-0,Not sig
3.038368898314751e-4,0.2756157411606184,0.227,0.198,1,HNRNPA3,-0,Not sig
3.0872743999956257e-4,-0.21439812459151597,0.158,0.188,1,CMSS1,-0,Not sig
3.229162808460081e-4,-0.3016712735857492,0.219,0.248,1,DNAJB6,-0,Not sig
3.275769538782782e-4,-0.14737780451414006,0.316,0.355,1,PDS5B,-0,Not sig
3.293083917783779e-4,-0.2468570441484742,0.169,0.199,1,ST7,-0,Not sig
3.38293031678087e-4,-0.32652648972765075,0.115,0.14,1,DCUN1D4,-0,Not sig
3.3829824946289804e-4,0.20939444924367168,0.287,0.258,1,PRKN,-0,Not sig
3.399452308287957e-4,0.29687562631664555,0.187,0.161,1,CDK6,-0,Not sig
3.4000446226279025e-4,-0.19890944630757662,0.099,0.124,1,TUBB6,-0,Not sig
3.406334222773867e-4,-0.29028515026801177,0.088,0.111,1,USP4,-0,Not sig
3.4697319951402703e-4,0.3047657467000141,0.1,0.079,1,RAP2A,-0,Not sig
3.49010862113639e-4,-0.31893255086432243,0.14,0.166,1,NRDC,-0,Not sig
3.523153820049846e-4,-0.14933618004685112,0.126,0.155,1,MAP2K1,-0,Not sig
3.5395360460584754e-4,-0.21039561861706546,0.254,0.286,1,PRELID2,-0,Not sig
3.637607217202048e-4,-0.18144364984619976,0.139,0.167,1,PTTG1IP,-0,Not sig
3.6517393285974924e-4,0.4272962341468184,0.121,0.099,1,RHEB,-0,Not sig
3.685386608035151e-4,0.42048250511146856,0.116,0.095,1,VWA8,-0,Not sig
3.7919799773320005e-4,0.35232040666809095,0.3,0.276,1,STX12,-0,Not sig
3.7959905130973066e-4,0.396352988374081,0.128,0.106,1,FRMD4A,-0,Not sig
3.964178451844717e-4,-0.37957620137941134,0.11,0.133,1,FAM126A,-0,Not sig
4.037911117363086e-4,0.3654449358264745,0.108,0.087,1,DTNA,-0,Not sig
4.0485760825679926e-4,-0.5004040842358369,0.16,0.184,1,TSHZ1,-0,Not sig
4.199524949492064e-4,-0.14504661315697764,0.256,0.292,1,GATAD2B,-0,Not sig
4.206556220471611e-4,0.39661774123734317,0.212,0.189,1,ACSL5,-0,Not sig
4.2907719793006365e-4,0.30848341022955206,0.199,0.173,1,DCLK2,-0,Not sig
4.3106873148321124e-4,0.49305080666467926,0.127,0.105,1,LARP1B,-0,Not sig
4.419356171548915e-4,0.1983117174166007,0.262,0.232,1,LCOR,-0,Not sig
4.4316192040018366e-4,-0.2560332745776334,0.145,0.171,1,CAPZA2,-0,Not sig
4.5442943309307807e-4,0.5398049747467433,0.157,0.135,1,RASSF1,-0,Not sig
4.589956666265382e-4,-0.26387215972308786,0.16,0.187,1,FAM120A,-0,Not sig
4.6043485629872406e-4,-0.23658105663656503,0.133,0.16,1,YWHAE,-0,Not sig
4.610593175541894e-4,-0.3761527516197529,0.09,0.112,1,ATP10D,-0,Not sig
4.651403580495441e-4,-0.1861476708265709,0.112,0.138,1,FOXK1,-0,Not sig
4.657290087961976e-4,0.37600141808701204,0.107,0.087,1,SPCS3,-0,Not sig
4.66187222936245e-4,-0.13783388633416882,0.275,0.312,1,RAP1A,-0,Not sig
4.7075879149886845e-4,0.30179888215978556,0.141,0.118,1,VSIR,-0,Not sig
4.743067677653008e-4,0.3135031534737348,0.22,0.193,1,CPEB4,-0,Not sig
4.7837879521741715e-4,-0.27766893438020623,0.12,0.146,1,AK3,-0,Not sig
4.8223718664010316e-4,0.23341129662265359,0.258,0.231,1,MT-CO1,-0,Not sig
4.8229472433235476e-4,0.26558623848892926,0.19,0.163,1,NBEA,-0,Not sig
4.824412820128473e-4,0.3552985195101808,0.114,0.093,1,PKN1,-0,Not sig
5.014774774571215e-4,-0.1590896564182902,0.209,0.242,1,STK24,-0,Not sig
5.11111916290116e-4,-0.1535445246619893,0.302,0.339,1,SP100,-0,Not sig
5.167675014221709e-4,-0.16346453335051336,0.526,0.544,1,USP34,-0,Not sig
5.231548533466208e-4,-0.16882970646739626,0.366,0.402,1,CTBP2,-0,Not sig
5.446879186970079e-4,-0.34150602265368213,0.106,0.129,1,GALNT2,-0,Not sig
5.506002540233692e-4,0.16709326806160796,0.408,0.377,1,TSPAN5,-0,Not sig
5.722942417809995e-4,-0.35527052425325245,0.094,0.116,1,MFSD11,-0,Not sig
5.75804470057558e-4,-0.31963742862367045,0.112,0.136,1,ACVR2A,-0,Not sig
5.837753674358639e-4,-0.3593156115666155,0.14,0.164,1,KAT2B,-0,Not sig
5.859713058341472e-4,-0.2999352186326339,0.089,0.111,1,SOCS5,-0,Not sig
5.961494740010651e-4,-0.2098550131424649,0.112,0.137,1,MAPK8IP3,-0,Not sig
5.977763030320975e-4,-0.2573268518360085,0.111,0.135,1,PPM1L,-0,Not sig
6.067804735698381e-4,-0.244513090834795,0.139,0.166,1,KCMF1,-0,Not sig
6.122834678361084e-4,-0.2348559376426309,0.181,0.209,1,INVS,-0,Not sig
6.1964735550484e-4,-0.21165700549675082,0.223,0.252,1,HP1BP3,-0,Not sig
6.313452789280827e-4,-0.16066963844719762,0.145,0.174,1,LUC7L,-0,Not sig
6.314042317771379e-4,-0.214002697701708,0.159,0.186,1,RASSF3,-0,Not sig
6.467997182663999e-4,0.6085580838191764,0.134,0.115,1,NPC1,-0,Not sig
6.619919436577008e-4,-0.19115167197770772,0.125,0.15,1,TEAD4,-0,Not sig
6.750663875412478e-4,0.31165591067776566,0.31,0.287,1,KIAA0355,-0,Not sig
6.826712172058604e-4,-0.25176136731400056,0.083,0.105,1,NFATC2IP,-0,Not sig
6.849064331745057e-4,-0.18820868490173814,0.189,0.217,1,UMAD1,-0,Not sig
7.020540222298907e-4,0.2530058733446129,0.125,0.103,1,CCM2L,-0,Not sig
7.158917162959942e-4,-0.24957550024783143,0.103,0.126,1,DPY19L1,-0,Not sig
7.274201301863979e-4,0.4465979437241271,0.125,0.105,1,CFL1,-0,Not sig
7.341117083623126e-4,0.3339124214761196,0.147,0.124,1,DENND1B,-0,Not sig
7.435664503536831e-4,-0.37022368441408415,0.093,0.114,1,LATS1,-0,Not sig
7.534987421414769e-4,0.3389020869183974,0.255,0.23,1,FN1,-0,Not sig
7.660851883726146e-4,0.26217965462500326,0.284,0.257,1,LAMA3,-0,Not sig
7.663972478970106e-4,-0.30865632031146734,0.131,0.156,1,GULP1,-0,Not sig
7.757846739768136e-4,-0.17610126540205417,0.227,0.256,1,TMOD3,-0,Not sig
7.896949345810602e-4,0.30468016886516147,0.169,0.145,1,FOCAD,-0,Not sig
7.898358546991258e-4,0.2459790382756748,0.369,0.347,1,DNAJC1,-0,Not sig
7.900667350453914e-4,-0.146140036535241,0.118,0.143,1,PIP5K1A,-0,Not sig
7.933524743080415e-4,-0.22897101848904933,0.125,0.15,1,CRBN,-0,Not sig
8.051358999790581e-4,0.3026559390288952,0.175,0.151,1,KIF13B,-0,Not sig
8.15876164349836e-4,-0.12563347666375213,0.43,0.466,1,HERC4,-0,Not sig
8.209881619074044e-4,0.4488284154324319,0.104,0.085,1,DAAM1,-0,Not sig
8.497877202264688e-4,-0.10188786731924449,0.322,0.364,1,DOCK6,-0,Not sig
8.521859436801775e-4,0.3673753430195046,0.158,0.136,1,SREBF2,-0,Not sig
8.56359106845863e-4,-0.14678266891191516,0.197,0.228,1,GOLPH3,-0,Not sig
8.715027539751975e-4,0.14936531080613324,0.626,0.615,1,SOX5,-0,Not sig
8.837421764264649e-4,-0.3816000058112359,0.084,0.104,1,XPO6,-0,Not sig
8.928435483837278e-4,-0.22693575621034168,0.153,0.18,1,MTDH,-0,Not sig
8.968453015435153e-4,-0.15457412283330463,0.196,0.226,1,RBM33,-0,Not sig
8.981506424156351e-4,0.3450620076047161,0.116,0.096,1,RBMS3-AS3,-0,Not sig
8.982737686160031e-4,0.1282816448161026,0.714,0.719,1,AKT3,-0,Not sig
9.013754667069397e-4,-0.12655898060146398,0.33,0.367,1,MAP4K3,-0,Not sig
9.043410655938461e-4,-0.14565797543235637,0.173,0.202,1,HECTD4,-0,Not sig
9.114325280414618e-4,-0.10069891529050468,0.46,0.503,1,ANKRD17,-0,Not sig
9.240396495334709e-4,-0.2497783192463035,0.11,0.132,1,SYNRG,-0,Not sig
9.327478858244494e-4,0.1717281105977837,0.41,0.382,1,EXOC6,-0,Not sig
9.337113183314917e-4,-0.1464936822670606,0.255,0.288,1,STRN3,-0,Not sig
9.388710485564675e-4,-0.12799802619569656,0.437,0.475,1,SMYD3,-0,Not sig
9.410823073045355e-4,0.35551696283414413,0.315,0.296,1,HIVEP2,-0,Not sig
9.462522274805169e-4,-0.14486497558296918,0.367,0.4,1,ASH1L,-0,Not sig
9.511121370824489e-4,0.11227845566440342,0.674,0.654,1,MYRIP,-0,Not sig
9.519153365009549e-4,-0.3178205613856287,0.112,0.134,1,CWF19L2,-0,Not sig
9.636388039092294e-4,-0.25790671955898986,0.102,0.125,1,GSPT1,-0,Not sig
9.638517754612356e-4,-0.3220289582364879,0.079,0.1,1,PFKFB3,-0,Not sig
9.885816015184979e-4,-0.33921678792784854,0.099,0.12,1,ABCG1,-0,Not sig
0.0010145063027713675,-0.2703141529373091,0.094,0.116,1,TCAF2,-0,Not sig
0.001022085439938609,0.2714380726229739,0.306,0.283,1,SNED1,-0,Not sig
0.0010247192146035072,-0.34849204952548984,0.082,0.102,1,XXYLT1,-0,Not sig
0.0010379777063889723,0.27919569389006393,0.121,0.1,1,ZNF518A,-0,Not sig
0.0010384333399060094,-0.2778965738284942,0.144,0.168,1,ECHDC2,-0,Not sig
0.001086081327245795,-0.20644298618548507,0.227,0.255,1,TAF15,-0,Not sig
0.0010966584737833677,0.30691791851411776,0.213,0.189,1,WDFY1,-0,Not sig
0.0010989079366383757,-0.2721884427907223,0.16,0.183,1,FNBP1L,-0,Not sig
0.0011026140327261332,-0.17996287411678624,0.24,0.268,1,TRA2A,-0,Not sig
0.0011061665713652186,-0.20744500059092091,0.137,0.162,1,WTAP,-0,Not sig
0.0011102037403623358,0.24613948113073275,0.114,0.094,1,TAPT1-AS1,-0,Not sig
0.0011181705106882048,-0.25941645893624377,0.151,0.176,1,ATF7IP,-0,Not sig
0.001129567283719197,0.13584389325401114,0.492,0.465,1,AGFG1,-0,Not sig
0.001141586121603089,-0.10869502121230035,0.272,0.305,1,ARID2,-0,Not sig
0.0011427908694291518,0.39060263126060646,0.105,0.086,1,PCAT1,-0,Not sig
0.0011546228580354135,-0.27657544441902093,0.119,0.141,1,TBC1D19,-0,Not sig
0.0011756979064020743,0.21991599866479639,0.216,0.19,1,VEZT,-0,Not sig
0.0011757776392150809,0.47855621437209767,0.101,0.083,1,LCP2,-0,Not sig
0.001182124959401512,-0.17195564906866156,0.262,0.292,1,COG5,-0,Not sig
0.001197883305714124,0.2908030136412883,0.165,0.142,1,RAB30,-0,Not sig
0.00120372106690148,-0.39488211168299125,0.088,0.108,1,SLC2A13,-0,Not sig
0.0012050558856213072,0.23729226296654193,0.223,0.198,1,PTMA,-0,Not sig
0.001211149858104799,0.5792728141922175,0.106,0.088,1,TINAGL1,-0,Not sig
0.001218184098972517,0.23425358720738299,0.408,0.387,1,CCSER2,-0,Not sig
0.0012485656908765342,0.2516799199002764,0.248,0.222,1,ITGB1,-0,Not sig
0.0012516659750923303,0.33232041340266744,0.111,0.091,1,EIF4G2,-0,Not sig
0.001254500576167682,0.1966971529602366,0.268,0.241,1,PIP4K2A,-0,Not sig
0.0012744444717768496,-0.3514562803245844,0.113,0.134,1,PHACTR2,-0,Not sig
0.0012979644059168262,-0.10069000013446594,0.656,0.692,1,TCF12,-0,Not sig
0.0013068542969373903,0.37176370111361834,0.182,0.16,1,PDXDC1,-0,Not sig
0.0013076324878843813,-0.15196297530903768,0.254,0.285,1,ZNF148,-0,Not sig
0.0013430128970062596,-0.27133978585485574,0.097,0.119,1,FAM193B,-0,Not sig
0.0013716472054525048,-0.20988372670227412,0.119,0.142,1,MYO1D,-0,Not sig
0.001380709603100415,-0.15290720005498248,0.255,0.286,1,PDS5A,-0,Not sig
0.001392899395577962,-0.14391144934283592,0.113,0.138,1,NFIC,-0,Not sig
0.0014032906851161528,0.19838722892685734,0.388,0.366,1,PTPN14,-0,Not sig
0.0014189147388342376,-0.20885140847853223,0.168,0.194,1,RNF216,-0,Not sig
0.001435908175265873,-0.24566075191596448,0.174,0.198,1,MICAL3,-0,Not sig
0.0014406284966519208,-0.11303505074127784,0.453,0.488,1,TNRC6B,-0,Not sig
0.0014600610571738233,0.4079357079770555,0.115,0.096,1,PXK,-0,Not sig
0.0014708314573432316,0.20864236858331364,0.303,0.278,1,KLF12,-0,Not sig
0.0014841146655497188,0.18676936514726172,0.423,0.4,1,PREX2,-0,Not sig
0.0015129236556720334,-0.15611511340548703,0.096,0.118,1,PLEC,-0,Not sig
0.0015366458718430462,0.36901463433112497,0.132,0.112,1,PSAP,-0,Not sig
0.0015518617663557673,-0.20620826739774667,0.159,0.185,1,GPBP1L1,-0,Not sig
0.0015697110490870817,-0.24450957906463966,0.153,0.177,1,NHS,-0,Not sig
0.0016310763959183638,-0.2307293017187216,0.102,0.123,1,ASCC1,-0,Not sig
0.0016410917226978568,-0.10902653817389041,0.224,0.256,1,NT5C2,-0,Not sig
0.0017005028306735107,-0.20412995579181303,0.208,0.234,1,BBX,-0,Not sig
0.0017116544365061274,-0.22294075515106515,0.145,0.168,1,SPATS2,-0,Not sig
0.0017244342365407908,-0.2083062821867187,0.139,0.164,1,RLF,-0,Not sig
0.0017432379570323183,-0.1431344153792531,0.282,0.313,1,VPS13D,-0,Not sig
0.0017942923988364724,-0.259589133552371,0.086,0.106,1,DDX46,-0,Not sig
0.0018102351087112907,-0.27987106216355384,0.119,0.141,1,MALT1,-0,Not sig
0.0018164399961717393,-0.24157125805550006,0.147,0.171,1,IRF2,-0,Not sig
0.0018237050605119684,-0.10478348103106852,0.11,0.134,1,DIAPH1,-0,Not sig
0.0018428538631402916,-0.2720568506808241,0.101,0.123,1,TMEM65,-0,Not sig
0.0018485024775170308,-0.18694801355620871,0.183,0.209,1,FAM208B,-0,Not sig
0.001853927238979984,-0.2766794752607158,0.123,0.145,1,KPNA3,-0,Not sig
0.0018668951687735797,-0.11236945118916353,0.528,0.568,1,AUTS2,-0,Not sig
0.0018810884389477839,-0.2864610948057313,0.089,0.109,1,SMARCA4,-0,Not sig
0.0019116062307067156,-0.23497610257366508,0.165,0.191,1,UBAC2,-0,Not sig
0.0019623821201523793,-0.2234816652900346,0.138,0.161,1,SNRNP70,-0,Not sig
0.0019628691666469487,-0.15684013169646138,0.314,0.345,1,FBXO11,-0,Not sig
0.0019635658031552073,-0.14462492439046937,0.269,0.299,1,ZFYVE28,-0,Not sig
0.0019690764665420213,-0.2639236407885159,0.088,0.109,1,INPP4B,-0,Not sig
0.0020029417742811993,0.4640352972640007,0.136,0.118,1,PHF10,-0,Not sig
0.002005196772060057,-0.223737961973428,0.197,0.222,1,PHACTR4,-0,Not sig
0.0020515689962991366,0.1645926562336335,0.225,0.198,1,MEF2C-AS1,-0,Not sig
0.002052535835106625,0.3152581246848605,0.192,0.171,1,MYO9B,-0,Not sig
0.0020535347371951423,-0.23264821411323944,0.112,0.134,1,MPZL1,-0,Not sig
0.002055018896281627,-0.158303280909039,0.204,0.232,1,MCPH1,-0,Not sig
0.002080069079922544,-0.1119452838010524,0.345,0.378,1,UNC13B,-0,Not sig
0.00208140359732474,0.2317314653826783,0.243,0.219,1,NBAS,-0,Not sig
0.0020856806398568766,-0.1026238737041237,0.089,0.111,1,IL17RA,-0,Not sig
0.002139111085768335,0.22556618498439635,0.163,0.14,1,CPEB2,-0,Not sig
0.0021755027285119515,-0.2252217837722107,0.113,0.136,1,DAP,-0,Not sig
0.0021958754790982284,0.18522678426721306,0.372,0.347,1,CAMTA1,-0,Not sig
0.0022091821809017784,-0.27094454687571823,0.1,0.121,1,IP6K1,-0,Not sig
0.0022118379845578752,0.3306498109081046,0.113,0.094,1,MAP1B,-0,Not sig
0.0022256386903407206,-0.19560544917470968,0.192,0.218,1,PACSIN2,-0,Not sig
0.002230580694508604,0.3401480763852859,0.11,0.091,1,PPP6C,-0,Not sig
0.002260453960884279,0.28075126035075326,0.131,0.111,1,ZNF521,-0,Not sig
0.0022863530103696393,0.3087277304907683,0.231,0.209,1,SUMF1,-0,Not sig
0.002296656677841343,-0.3618338181152906,0.099,0.118,1,BANP,-0,Not sig
0.0023499684012280885,0.3017598795406755,0.185,0.163,1,CCDC91,-0,Not sig
0.0023554926552226832,-0.1563964617954966,0.126,0.15,1,UBAP1,-0,Not sig
0.0023769615199772183,-0.39617491695670876,0.133,0.153,1,MGST2,-0,Not sig
0.0023835499999928385,0.25115233593154884,0.241,0.218,1,RASIP1,-0,Not sig
0.00238800363415114,-0.13463128369394717,0.096,0.117,1,TANGO6,-0,Not sig
0.002428208524400268,-0.1451600249079401,0.218,0.245,1,CAMSAP2,-0,Not sig
0.0024519994651950004,-0.15753799507841615,0.352,0.38,1,SPARCL1,-0,Not sig
0.0024890540069492585,-0.23186467396159613,0.094,0.113,1,CASP4,-0,Not sig
0.002537652580462379,0.33979735444881676,0.111,0.093,1,GLCCI1,-0,Not sig
0.0025501455992864353,-0.2544036345590958,0.091,0.111,1,NFX1,-0,Not sig
0.002606348762442594,0.306214417197734,0.172,0.151,1,FEZ2,-0,Not sig
0.002634922704224736,-0.22615212487849068,0.167,0.191,1,ARHGAP5,-0,Not sig
0.0026510075690926184,-0.15489610210795865,0.125,0.147,1,UBXN4,-0,Not sig
0.0026570569986037163,-0.136288140604355,0.226,0.255,1,GIGYF2,-0,Not sig
0.0026710671492889524,-0.22673223526374287,0.126,0.148,1,RFX7,-0,Not sig
0.0027371494922186212,-0.22924583503094387,0.105,0.125,1,GGNBP2,-0,Not sig
0.002738498662524382,0.3144616816111968,0.112,0.094,1,LINC00623,-0,Not sig
0.0027738909691983286,0.3184479504383103,0.143,0.123,1,SLK,-0,Not sig
0.0027938665688500355,-0.2755746040664673,0.101,0.121,1,SMIM14,-0,Not sig
0.002806489040146099,0.37770779827296874,0.103,0.085,1,IVNS1ABP,-0,Not sig
0.002810126868018998,-0.27212904606350585,0.088,0.107,1,UPF2,-0,Not sig
0.0028103486223012234,-0.18572526790433408,0.092,0.112,1,USO1,-0,Not sig
0.0028398969615189523,-0.10460942670227613,0.167,0.193,1,USP32,-0,Not sig
0.0028664641407274427,-0.2036334822406758,0.164,0.187,1,PBX3,-0,Not sig
0.0028758356373299195,0.22186715319872752,0.583,0.572,1,CADPS2,-0,Not sig
0.0028806934323588112,-0.2711731116943158,0.123,0.144,1,NSD2,-0,Not sig
0.0028898904781810026,0.16437654006049685,0.217,0.191,1,PRKACB,-0,Not sig
0.0028981422646279513,0.21815895453892714,0.125,0.105,1,HMGB1,-0,Not sig
0.002918880185644869,-0.1734842334850133,0.146,0.17,1,TNFRSF10D,-0,Not sig
0.0029756227136864648,-0.14249698696169188,0.286,0.314,1,AHCYL2,-0,Not sig
0.0029937952673260958,-0.1359916559034653,0.174,0.201,1,NECTIN2,-0,Not sig
0.0030083593709041368,0.37692213642835726,0.143,0.124,1,ADAM17,-0,Not sig
0.003040775684221876,-0.21570322264031366,0.115,0.136,1,CUL5,-0,Not sig
0.0032180015092808734,-0.13636200283663297,0.145,0.169,1,MBD2,-0,Not sig
0.003259838231189275,0.4359645246204167,0.113,0.097,1,CSNK1D,-0,Not sig
0.003266829243855733,0.2344131937040196,0.133,0.113,1,NAIP,-0,Not sig
0.003324576224493218,-0.2230859387531164,0.107,0.127,1,LRRC1,-0,Not sig
0.003327059727032709,0.3889897205974471,0.177,0.156,1,ZNF385D,-0,Not sig
0.003347114820041467,-0.16935564550038212,0.112,0.134,1,PLCG2,-0,Not sig
0.003372862648752666,-0.2318100428823284,0.106,0.126,1,NOL10,-0,Not sig
0.0033870142799396936,0.10239895035249114,0.303,0.276,1,NPIPB5,-0,Not sig
0.003392433623043022,-0.24362068961963423,0.168,0.19,1,ZNRF3,-0,Not sig
0.0034008822716287196,0.1961744333216271,0.171,0.149,1,KIF5B,-0,Not sig
0.003425022586764886,0.18537544369391923,0.202,0.179,1,ST3GAL6,-0,Not sig
0.0034513629759898882,0.2398156217655688,0.198,0.176,1,SFPQ,-0,Not sig
0.0035837300637735175,0.24867871048879486,0.153,0.132,1,TTN-AS1,-0,Not sig
0.0036263213090279582,-0.1629590471970659,0.239,0.266,1,AP3B1,-0,Not sig
0.0036380675011012933,-0.2088226468801624,0.099,0.118,1,SREK1,-0,Not sig
0.003665658980953457,-0.15522075949717662,0.216,0.242,1,AGTPBP1,-0,Not sig
0.003679218050400216,0.19860063482215518,0.528,0.514,1,LRCH1,-0,Not sig
0.0036792838940677033,-0.14271774121702577,0.096,0.116,1,TPST1,-0,Not sig
0.003688098475711028,-0.19115602625068207,0.097,0.116,1,AC139887.2,-0,Not sig
0.003701847177589398,-0.10712087406001647,0.369,0.401,1,FTO,-0,Not sig
0.0037313245559471467,-0.20863478462344875,0.153,0.175,1,MIPOL1,-0,Not sig
0.003746188975639422,0.21773852497675675,0.133,0.114,1,SECISBP2L,-0,Not sig
0.0038019805505134906,0.2809463747895369,0.23,0.208,1,RHOA,-0,Not sig
0.00385798574636615,0.4482063594448092,0.14,0.123,1,PRKAR1A,-0,Not sig
0.0038831650439966774,-0.1293799534704393,0.179,0.205,1,MERTK,-0,Not sig
0.003910562601113852,0.24149178661955079,0.109,0.091,1,STARD9,-0,Not sig
0.00399060910010091,0.34121947177326756,0.103,0.086,1,NDE1,-0,Not sig
0.004150387355532802,-0.16657232884380516,0.116,0.137,1,SMAD1,-0,Not sig
0.0041524019084120106,-0.29548497835042753,0.204,0.225,1,KANSL1L,-0,Not sig
0.004251761167307146,0.3834874517627638,0.174,0.156,1,TPM4,-0,Not sig
0.004331152856257012,-0.20640589689786676,0.132,0.153,1,TCF25,-0,Not sig
0.004333136207964617,-0.2427073344735023,0.094,0.113,1,YWHAG,-0,Not sig
0.004345092629590159,-0.22255161792616254,0.085,0.103,1,NDUFV2,-0,Not sig
0.004361770087041638,-0.28523667759767096,0.082,0.1,1,RPH3AL,-0,Not sig
0.004400764488803852,0.22302255506136506,0.118,0.099,1,MT-ND5,-0,Not sig
0.00442253523724465,-0.24967975540738052,0.127,0.148,1,NRIP1,-0,Not sig
0.004432952319494649,-0.10597865184342115,0.313,0.344,1,PTEN,-0,Not sig
0.0044935295514973855,-0.22070176617218262,0.336,0.358,1,ITIH5,-0,Not sig
0.0045646939188978405,-0.2271828232716709,0.111,0.131,1,SMTN,-0,Not sig
0.004624510185423095,-0.14581835330884868,0.122,0.144,1,ATP2B4,-0,Not sig
0.004635215715680269,-0.1790808068376677,0.251,0.278,1,NEDD4,-0,Not sig
0.004913255147563523,-0.13871555112906853,0.209,0.235,1,BTRC,-0,Not sig
0.0049401788737639465,-0.21976917840487742,0.128,0.148,1,ARHGAP32,-0,Not sig
0.005052173530692811,-0.19454295214115203,0.167,0.19,1,RSRP1,-0,Not sig
0.005075671282673047,-0.20359474978403125,0.171,0.193,1,CDYL,-0,Not sig
0.005077932282318145,-0.20546557145630834,0.108,0.128,1,RAB28,-0,Not sig
0.005114222979050747,-0.1959823044134989,0.13,0.151,1,PALM,-0,Not sig
0.005210113073888413,-0.22578118572433106,0.103,0.122,1,TCAIM,-0,Not sig
0.005222806709008378,0.2674250461891894,0.276,0.259,1,RAB1A,-0,Not sig
0.005349601928261057,0.20073551156033131,0.295,0.276,1,FBXW7,-0,Not sig
0.005367416283837211,-0.2764585279881748,0.088,0.106,1,NDST1,-0,Not sig
0.005479895933614494,-0.10426339779043103,0.204,0.231,1,ARHGEF3,-0,Not sig
0.005523809899549714,0.15307161448175188,0.314,0.289,1,GNAS,-0,Not sig
0.005523944633248725,0.19280389864339703,0.134,0.115,1,PTPN4,-0,Not sig
0.005528657358245715,-0.2206275246383671,0.159,0.181,1,KDM5A,-0,Not sig
0.005529722280828347,-0.15506917816533772,0.172,0.196,1,PPA2,-0,Not sig
0.005635800718747779,-0.26507053437021766,0.121,0.141,1,GNA13,-0,Not sig
0.0057398603758282915,0.20309061299408876,0.118,0.1,1,ATG5,-0,Not sig
0.00574978067375632,-0.15930210139184608,0.084,0.101,1,DGKB,-0,Not sig
0.005762912199006224,0.3297055619000825,0.197,0.179,1,TBC1D8,-0,Not sig
0.00589020506913498,-0.14403747814354761,0.17,0.194,1,CHD1,-0,Not sig
0.005934780465638608,0.19851583621641333,0.206,0.183,1,EML1,-0,Not sig
0.0059469577321008505,-0.17978513861544976,0.158,0.18,1,SHOC2,-0,Not sig
0.006022880568674527,0.23119315273224883,0.393,0.375,1,PHACTR1,-0,Not sig
0.0060232062150512855,-0.14282612305069647,0.123,0.144,1,CTDSPL2,-0,Not sig
0.006044306221946807,-0.25406035370352154,0.096,0.114,1,RAD23B,-0,Not sig
0.006068917577740299,0.22391515129017936,0.395,0.376,1,NAV2,-0,Not sig
0.006204817669139593,0.25567149747759293,0.159,0.14,1,TPK1,-0,Not sig
0.006259323618068895,-0.16816714669017718,0.16,0.183,1,SON,-0,Not sig
0.0063134919372631595,-0.2752616798948758,0.084,0.1,1,ECT2,-0,Not sig
0.006460866674310451,0.19990828484433631,0.246,0.224,1,RYBP,-0,Not sig
0.0064824852734715705,0.25498919022327543,0.106,0.09,1,FOXN2,-0,Not sig
0.0064971856115026184,0.3326704774712277,0.129,0.112,1,ADAM15,-0,Not sig
0.006575777050661261,0.14166404100615004,0.335,0.312,1,MYO6,-0,Not sig
0.0066973293275654384,-0.13912168521220325,0.348,0.376,1,FOXO3,-0,Not sig
0.006709183046062069,-0.3002542195483444,0.1,0.118,1,SCAF4,-0,Not sig
0.006712558314476917,0.1827673291707712,0.283,0.26,1,PPARD,-0,Not sig
0.006817829090866154,0.19166365961650356,0.134,0.116,1,SKAP2,-0,Not sig
0.006869767659327926,0.4645587586382044,0.111,0.096,1,BCL2L13,-0,Not sig
0.006917128580543865,0.29444838318468336,0.313,0.293,1,KIF13A,-0,Not sig
0.006937548470687167,-0.13843221937487582,0.196,0.218,1,OGA,-0,Not sig
0.006980542128605204,0.12073210016515068,0.215,0.191,1,EPSTI1,-0,Not sig
0.007123018353356685,0.23737180591216767,0.243,0.222,1,SIPA1L2,-0,Not sig
0.0071362795384878695,0.26329809537885174,0.154,0.136,1,MIR99AHG,-0,Not sig
0.0072212497109176025,-0.10642101119830083,0.197,0.222,1,ZMYM4,-0,Not sig
0.007256311623211893,-0.22972463594375053,0.088,0.106,1,CABIN1,-0,Not sig
0.007295692016152381,0.3214148619272641,0.188,0.171,1,CHD2,-0,Not sig
0.007415650157447138,-0.20934214253572903,0.098,0.115,1,DCP1A,-0,Not sig
0.007425215742205717,-0.12062173741146331,0.197,0.221,1,RPL13,-0,Not sig
0.007439011313317988,0.15828865996498487,0.284,0.262,1,HNRNPA2B1,-0,Not sig
0.007450004548672988,0.3189802003575819,0.276,0.258,1,SIK2,-0,Not sig
0.0075465472675415235,0.3840751972895077,0.11,0.094,1,EIF1,-0,Not sig
0.007564557484656992,0.24008104394415564,0.252,0.231,1,DDX5,-0,Not sig
0.007887076421483508,-0.1768311523597016,0.155,0.176,1,USP25,-0,Not sig
0.007897639947749262,0.2832074655505835,0.169,0.151,1,CHKA,-0,Not sig
0.00791722610057657,0.16626812949574843,0.389,0.373,1,STARD13,-0,Not sig
0.008073318915372982,-0.1960858444671566,0.186,0.207,1,TMEM135,-0,Not sig
0.00813994871958359,-0.20711014213140522,0.155,0.176,1,SLTM,-0,Not sig
0.008141511731842136,0.12422248085446852,0.209,0.186,1,NT5DC1,-0,Not sig
0.00815189354816169,-0.12317746350902092,0.156,0.178,1,VRK2,-0,Not sig
0.008352437965939884,-0.14997057282054455,0.105,0.124,1,AKAP8L,-0,Not sig
0.008486402864542377,-0.20031342215507797,0.206,0.229,1,IL6ST,-0,Not sig
0.008543927711615868,-0.20282257848384988,0.113,0.132,1,AKAP10,-0,Not sig
0.0086926015478888,-0.10944794739994324,0.208,0.232,1,SMG6,-0,Not sig
0.008739802190056139,0.25871024202113535,0.11,0.093,1,MXD4,-0,Not sig
0.008742786797166545,0.27797187910538473,0.101,0.086,1,VIM,-0,Not sig
0.008901387534067572,-0.11119622079642655,0.267,0.294,1,COMMD10,-0,Not sig
0.008908608531861689,-0.24477105555410955,0.092,0.109,1,SERBP1,-0,Not sig
0.009047833164624255,0.1187788732661117,0.343,0.32,1,RNF220,-0,Not sig
0.009055957410568473,0.346694472163022,0.112,0.097,1,CDC37,-0,Not sig
0.00906154880636831,-0.1403738526800289,0.233,0.257,1,MLLT10,-0,Not sig
0.009082567373386034,-0.3713402695610491,0.086,0.101,1,EEF1D,-0,Not sig
0.009164518303139742,0.22581264136998702,0.166,0.148,1,CCDC88A,-0,Not sig
0.009346830369482145,0.24838165951772084,0.261,0.243,1,PIP5K1C,-0,Not sig
0.009406470342610218,-0.16491822288163488,0.093,0.109,1,OXSR1,-0,Not sig
0.009441525207950163,-0.1317139685303481,0.242,0.267,1,VPS13C,-0,Not sig
0.009451753281907622,-0.11661171266556969,0.2,0.224,1,RAB7A,-0,Not sig
0.009526441486473662,-0.20538053166086145,0.18,0.2,1,NRF1,-0,Not sig
0.00957371513342078,0.23417822750295425,0.179,0.16,1,KIDINS220,-0,Not sig
0.009610970884470141,-0.25207147182347583,0.113,0.131,1,PPHLN1,-0,Not sig
0.009723129196142547,-0.21962786082986466,0.121,0.139,1,EPB41,-0,Not sig
0.009754720499942613,-0.23400588501481948,0.085,0.101,1,POM121C,-0,Not sig
0.00975691964423506,-0.206354605712863,0.092,0.109,1,ARHGAP23,-0,Not sig
0.009821452853539943,-0.21526519700829477,0.098,0.114,1,LINC00894,-0,Not sig
0.00983567129627504,-0.13733561087826462,0.207,0.229,1,UBE3C,-0,Not sig
0.009850223261906314,0.14330133570069908,0.115,0.097,1,LMCD1,-0,Not sig
0.009867547855247733,0.18275772090762676,0.132,0.114,1,DSTN,-0,Not sig
0.009946354005486846,-0.13228154364351552,0.179,0.2,1,CAPZB,-0,Not sig
0.009953943402583479,-0.2905199150220389,0.087,0.103,1,XPO4,-0,Not sig
0.009965649464749014,0.3586528516928932,0.123,0.107,1,BACH2,-0,Not sig
0.010043058918088228,-0.18835935760792055,0.177,0.198,1,RPRD2,-0,Not sig
0.010086527491199062,-0.22414713997064634,0.121,0.139,1,MLEC,-0,Not sig
0.0101151383413418,-0.1342097059391143,0.233,0.256,1,SCAF11,-0,Not sig
0.010174012021439681,-0.24686164177353306,0.094,0.111,1,CDK12,-0,Not sig
0.01021081359519464,-0.30609020983766017,0.088,0.104,1,ST5,-0,Not sig
0.010280867211638825,-0.16547390576439636,0.205,0.226,1,HELZ,-0,Not sig
0.010481250946807777,-0.18222674663486704,0.132,0.151,1,WIPF1,-0,Not sig
0.010518165764523694,-0.1664435814693872,0.266,0.29,1,ANKRD10,-0,Not sig
0.01058012280528466,0.22483864442500612,0.232,0.212,1,MSRB3,-0,Not sig
0.010611686978498947,-0.1618112403123736,0.184,0.206,1,EP300,-0,Not sig
0.010632525515249897,-0.1958051105173197,0.086,0.102,1,DARS,-0,Not sig
0.01072629206484433,0.26100889423228046,0.172,0.155,1,KIAA0232,-0,Not sig
0.010931301046917944,-0.13241097917960193,0.091,0.108,1,PUM3,-0,Not sig
0.011232789360514523,0.3530380604766749,0.102,0.087,1,STK38L,-0,Not sig
0.01128901769663091,0.30100074991399534,0.131,0.115,1,ADAR,-0,Not sig
0.011371620289814999,-0.13052732135864337,0.132,0.152,1,THRAP3,-0,Not sig
0.011514769764921346,-0.15147707258077725,0.157,0.178,1,TRPC4AP,-0,Not sig
0.011572152041545544,-0.16628788460581784,0.119,0.138,1,FAM126B,-0,Not sig
0.01161501758233079,0.43696218648328566,0.114,0.1,1,PRKAG2,-0,Not sig
0.011615273638568088,-0.10624384834457179,0.109,0.128,1,PHC2,-0,Not sig
0.011688685288388099,0.25895876332181234,0.198,0.18,1,NUTM2B-AS1,-0,Not sig
0.011785900671692431,-0.13014433280544166,0.104,0.122,1,PLXND1,-0,Not sig
0.011808040970532856,-0.18249837491303578,0.167,0.186,1,FAM214A,-0,Not sig
0.011879222567467642,0.28765130540339623,0.208,0.191,1,USP12,-0,Not sig
0.01192631073979132,0.22871964784141674,0.182,0.164,1,KDM7A,-0,Not sig
0.011940098809746905,-0.27561191836090415,0.085,0.1,1,TRAPPC12,-0,Not sig
0.011942617601557709,0.2490491952613797,0.171,0.152,1,FNIP2,-0,Not sig
0.011995769911926493,-0.10089674661686338,0.13,0.15,1,CCAR1,-0,Not sig
0.01202668672874609,0.32066292222265,0.102,0.088,1,HABP4,-0,Not sig
0.012030136249608728,-0.18961029889305356,0.11,0.127,1,YIPF4,-0,Not sig
0.012203668326957755,0.14514539565136353,0.435,0.419,1,TMEM132C,-0,Not sig
0.012295439789821139,-0.14499161417285378,0.28,0.302,1,STOX2,-0,Not sig
0.01244058334832071,-0.10082537928327368,0.113,0.132,1,MAP3K13,-0,Not sig
0.012564851852997981,-0.126017130112057,0.109,0.127,1,POM121,-0,Not sig
0.01265452291883688,0.1295461184909774,0.47,0.457,1,RIN2,-0,Not sig
0.012658617698523517,0.29058877805743405,0.163,0.146,1,NUCKS1,-0,Not sig
0.012721580571541047,-0.1555218077342484,0.182,0.203,1,C20orf194,-0,Not sig
0.012842249927315034,-0.14767728888718157,0.156,0.176,1,TNPO1,-0,Not sig
0.012948689483786809,0.2453070392530712,0.131,0.115,1,SHLD2,-0,Not sig
0.013006311154426301,0.21291353151421966,0.214,0.194,1,MAP2K4,-0,Not sig
0.013064801027964087,-0.14140208455178283,0.147,0.167,1,AGO2,-0,Not sig
0.013073896304659084,0.20658781445649765,0.182,0.164,1,PREX1,-0,Not sig
0.013198515285318044,-0.12340485626446407,0.326,0.351,1,KTN1,-0,Not sig
0.01344958996958225,0.14369435390297958,0.367,0.348,1,IQGAP1,-0,Not sig
0.013487940536818989,0.2945936950392749,0.136,0.12,1,LPGAT1,-0,Not sig
0.013500434144443147,-0.14219999871659095,0.148,0.168,1,EEA1,-0,Not sig
0.013574941001245908,-0.16784919193403003,0.203,0.224,1,NUFIP2,-0,Not sig
0.01358939383200519,-0.15391721019204274,0.265,0.287,1,TSPAN14,-0,Not sig
0.013744382677782366,-0.30429043862121713,0.104,0.119,1,MUM1,-0,Not sig
0.013800636098213177,-0.1716465577399141,0.154,0.174,1,CRK,-0,Not sig
0.014323007310287052,0.1919896928825977,0.292,0.272,1,LDLRAD4,-0,Not sig
0.014871957040467502,0.2942411103988022,0.17,0.154,1,NBDY,-0,Not sig
0.014918519342142724,-0.177106103035376,0.169,0.188,1,CHN1,-0,Not sig
0.015199744842767158,0.2625953523669783,0.201,0.183,1,TOP1,-0,Not sig
0.015233752264381365,0.22514956050352009,0.15,0.133,1,PSEN1,-0,Not sig
0.015310796005005746,-0.21718718693148376,0.137,0.154,1,DGLUCY,-0,Not sig
0.01546464592285479,-0.11024792613322698,0.166,0.187,1,OLA1,-0,Not sig
0.01558268543236692,-0.14203910854482882,0.165,0.184,1,HDAC4,-0,Not sig
0.01575630427959683,0.3033262990249035,0.115,0.101,1,HIVEP3,-0,Not sig
0.0157812589530279,-0.17344720164673597,0.085,0.1,1,NOS3,-0,Not sig
0.0158357366349189,0.16413385384377888,0.31,0.288,1,FUT8,-0,Not sig
0.015857431006150214,0.12353185721831883,0.435,0.418,1,CDKAL1,-0,Not sig
0.015897250296268935,-0.23198417883660982,0.086,0.101,1,BCL2,-0,Not sig
0.015991152433055444,-0.16207119325708325,0.146,0.165,1,AP2A2,-0,Not sig
0.015998787134698697,-0.1979128956933227,0.168,0.186,1,FBXL20,-0,Not sig
0.016177962488747467,0.23172095138078186,0.248,0.231,1,KIF1B,-0,Not sig
0.016194178184883355,-0.15274890632053306,0.166,0.186,1,SCFD1,-0,Not sig
0.016199299779608874,-0.10838683960653595,0.216,0.238,1,TMEM131,-0,Not sig
0.016347655920660373,-0.1888613636609692,0.118,0.135,1,DENND6A,-0,Not sig
0.016370442841358274,-0.1638772094775528,0.141,0.159,1,MYO1B,-0,Not sig
0.01641827195189944,-0.18589228043973416,0.163,0.182,1,OSBPL9,-0,Not sig
0.016450278906389774,0.1506902410276041,0.505,0.5,1,SGMS1,-0,Not sig
0.01653393585414572,-0.12520328687301946,0.124,0.142,1,ZFC3H1,-0,Not sig
0.016732877216152398,0.32309089829029114,0.118,0.103,1,INF2,-0,Not sig
0.016902324172505256,-0.12850872946703729,0.166,0.186,1,TAOK3,-0,Not sig
0.017040954840775422,0.20028172043612813,0.159,0.142,1,RAB3GAP2,-0,Not sig
0.017066206729425385,-0.11021552919755928,0.346,0.369,1,EPHA4,-0,Not sig
0.017370429260556753,0.16783977478310796,0.11,0.095,1,TMPO,-0,Not sig
0.017372321869697917,-0.14643185122469804,0.168,0.187,1,R3HDM2,-0,Not sig
0.017463219784272146,-0.1728242842183212,0.209,0.229,1,RAC1,-0,Not sig
0.017468366638094708,0.3191755181796584,0.152,0.138,1,WWC3,-0,Not sig
0.017750188732525988,0.1451926892590798,0.405,0.392,1,WWC2,-0,Not sig
0.01776923070096628,-0.17604138654643947,0.139,0.157,1,FBXO42,-0,Not sig
0.017945858640268934,-0.20351814517465228,0.145,0.162,1,CAB39,-0,Not sig
0.018204202990651164,-0.2504253332559894,0.117,0.132,1,TTC37,-0,Not sig
0.018273739846510637,-0.15480763730721442,0.123,0.14,1,SHE,-0,Not sig
0.018624853512858995,-0.23114205856255138,0.115,0.131,1,AGO4,-0,Not sig
0.018785881004587737,0.19521671413207342,0.207,0.189,1,CPSF6,-0,Not sig
0.018868944119712593,0.15180976658467643,0.12,0.104,1,ID3,-0,Not sig
0.018898445830102244,0.314454411143675,0.137,0.123,1,SRSF5,-0,Not sig
0.019336874017340345,-0.14795754791208549,0.165,0.184,1,APPBP2,-0,Not sig
0.01934879415444645,-0.2579329662056463,0.149,0.165,1,PLEKHA5,-0,Not sig
0.019608211323180174,0.21088225717174652,0.138,0.122,1,PSD3,-0,Not sig
0.019617179745380214,-0.24477618107164295,0.087,0.101,1,VAPB,-0,Not sig
0.019783382777358194,-0.1658287225685442,0.175,0.193,1,PRKD3,-0,Not sig
0.019956563937883556,0.15116291910337754,0.184,0.166,1,NRP2,-0,Not sig
0.019963848018158967,0.23193929410305025,0.313,0.3,1,TRIP12,-0,Not sig
0.020012871389598952,-0.11702698466397288,0.19,0.211,1,PI4KA,-0,Not sig
0.020065271793925234,-0.22761116505342885,0.121,0.138,1,NSF,-0,Not sig
0.020075597231784523,0.24077966301583809,0.208,0.191,1,WDR7,-0,Not sig
0.020096403061010574,-0.10241682766454352,0.172,0.192,1,VPS54,-0,Not sig
0.02017833830526793,-0.12518229806825443,0.239,0.261,1,CHD9,-0,Not sig
0.02019633262269189,-0.17104326521044608,0.085,0.1,1,CUEDC1,-0,Not sig
0.020346439432416485,-0.15049987229826578,0.226,0.247,1,GLG1,-0,Not sig
0.020460062306717455,-0.12610029574028353,0.146,0.165,1,KATNBL1,-0,Not sig
0.020606422036513555,0.31395260441898776,0.174,0.159,1,NFKB1,-0,Not sig
0.02061218380606274,0.14254548522687704,0.346,0.33,1,ARIH1,-0,Not sig
0.020725364456906783,0.29387450565281886,0.157,0.143,1,LATS2,-0,Not sig
0.020871308945455736,-0.22322477998169266,0.131,0.148,1,PRKRIP1,-0,Not sig
0.021002284361138997,-0.1571375800181648,0.194,0.213,1,CEP170,-0,Not sig
0.021313265605266914,0.21886351229050383,0.147,0.132,1,TRA2B,-0,Not sig
0.022497345385654705,-0.2087297386868271,0.14,0.156,1,TMEM245,-0,Not sig
0.022689259279370936,0.2586039450904427,0.196,0.181,1,DST,-0,Not sig
0.022861832391043082,-0.11058142637076473,0.135,0.153,1,SESN1,-0,Not sig
0.022898486021393927,0.3652040111449357,0.119,0.105,1,SPECC1,-0,Not sig
0.023511463834831586,-0.15046173001251556,0.119,0.136,1,MAPK14,-0,Not sig
0.02358036772920459,-0.121748842364368,0.259,0.282,1,NCOA3,-0,Not sig
0.02373370717221346,0.1412187103470144,0.423,0.41,1,KMT2C,-0,Not sig
0.023841432113766162,-0.13170474510659155,0.111,0.127,1,UBA2,-0,Not sig
0.02391151462220697,-0.3710115029347586,0.088,0.101,1,ADAMTS10,-0,Not sig
0.023919417907107537,-0.10562095325894039,0.158,0.176,1,USP24,-0,Not sig
0.024396838212569612,-0.1037837995641509,0.129,0.147,1,PITPNA,-0,Not sig
0.02476440764247833,0.2320684077206111,0.139,0.124,1,TNS2,-0,Not sig
0.024814967216400075,0.18539934079854903,0.219,0.203,1,R3HDM1,-0,Not sig
0.02485252499265531,-0.312536835285566,0.106,0.12,1,KDM3A,-0,Not sig
0.024971174099126033,-0.1968421432702545,0.232,0.25,1,CEP350,-0,Not sig
0.02503912130338874,-0.18216145108103537,0.131,0.147,1,ASPH,-0,Not sig
0.02541499119226206,0.33442473331247724,0.225,0.213,1,RREB1,-0,Not sig
0.02549907797755554,0.2309246266533984,0.247,0.232,1,MARCH6,-0,Not sig
0.025615169173861026,-0.1844966337208166,0.119,0.135,1,ATP2A2,-0,Not sig
0.025694623469244695,-0.21491832707626152,0.132,0.148,1,FGR,-0,Not sig
0.025710439532485578,-0.17065257401801143,0.115,0.131,1,MIER1,-0,Not sig
0.02583607104357729,-0.1030318725394268,0.348,0.37,1,CLASP1,-0,Not sig
0.025959202502540666,-0.18342322908251005,0.094,0.108,1,MAST2,-0,Not sig
0.026117879887659717,-0.13985514452665437,0.148,0.166,1,RAI14,-0,Not sig
0.026320560168163146,0.2607273478115533,0.119,0.105,1,AF117829.1,-0,Not sig
0.02641923288288174,0.21900141273272933,0.231,0.217,1,POGZ,-0,Not sig
0.026557435604926398,-0.20166042124167008,0.092,0.106,1,SPART,-0,Not sig
0.026746672456641016,-0.15907733696715648,0.092,0.106,1,UHRF2,-0,Not sig
0.02696691423235638,0.10776658814075635,0.192,0.175,1,ATP2C1,-0,Not sig
0.02720871045705431,-0.11472650259047867,0.212,0.232,1,NOVA1,-0,Not sig
0.02726751737583495,-0.16030887252735482,0.11,0.126,1,HNRNPDL,-0,Not sig
0.02750395553082327,-0.14174898320351104,0.261,0.283,1,WASF2,-0,Not sig
0.02750621323090708,0.20307818604195427,0.165,0.15,1,SGK3,-0,Not sig
0.027561369237718895,0.22355425213817448,0.163,0.148,1,STK10,-0,Not sig
0.02787701087684307,0.15942694222334675,0.252,0.234,1,FRY,-0,Not sig
0.02789815112265338,-0.11409364173678149,0.212,0.233,1,SDCCAG8,-0,Not sig
0.028066754233999645,-0.20584903758635092,0.1,0.115,1,LRPPRC,-0,Not sig
0.02846350192446542,0.11445769489452307,0.421,0.406,1,ADGRF5,-0,Not sig
0.028699135357033088,-0.17139352311300693,0.139,0.155,1,PIK3C3,-0,Not sig
0.0289222548229277,-0.14972049870167137,0.17,0.188,1,CUL1,-0,Not sig
0.029004539750356457,0.2774744451661709,0.177,0.163,1,PHLDB1,-0,Not sig
0.029337291916252093,0.1312227478945105,0.422,0.406,1,SOS1,-0,Not sig
0.029550968318922424,0.2224472594559691,0.188,0.172,1,SMAD2,-0,Not sig
0.029607646207730886,0.11599045422654986,0.102,0.089,1,NHSL2,-0,Not sig
0.029719272719449477,-0.12912830171856227,0.114,0.13,1,CNOT1,-0,Not sig
0.02978018180167537,-0.23512142544837086,0.096,0.11,1,RC3H2,-0,Not sig
0.029893990246164435,0.33280422933903264,0.143,0.13,1,PLS3,-0,Not sig
0.029900644054235384,-0.12110287589443525,0.151,0.168,1,ZNF131,-0,Not sig
0.030420253501993646,0.19971906749973156,0.241,0.225,1,YES1,-0,Not sig
0.030798184809005473,-0.17273370949142872,0.098,0.112,1,RPAP2,-0,Not sig
0.030817191748365273,0.24863213747023838,0.193,0.179,1,ENSA,-0,Not sig
0.031222261521140243,-0.16010471816156852,0.139,0.156,1,RANBP9,-0,Not sig
0.03146371644482789,0.33474220335084665,0.139,0.126,1,LDLR,-0,Not sig
0.03179628443688061,-0.22277695891717283,0.134,0.149,1,DDX6,-0,Not sig
0.03192274835553273,-0.10626226729154309,0.183,0.202,1,JAK2,-0,Not sig
0.032101347795551544,0.38052063104749256,0.17,0.157,1,FENDRR,-0,Not sig
0.03214279538351187,-0.20097797459104494,0.11,0.124,1,SS18,-0,Not sig
0.03218090557323473,0.19159865875773063,0.154,0.139,1,PGM5,-0,Not sig
0.03228091716472063,0.19498957452672427,0.115,0.101,1,TM9SF2,-0,Not sig
0.03300288320716835,-0.15811006019520907,0.091,0.105,1,GLRX3,-0,Not sig
0.03376116396910587,-0.18415323570267145,0.102,0.116,1,KLHL24,-0,Not sig
0.034063698057849597,-0.1379475590845406,0.164,0.18,1,ZMIZ1,-0,Not sig
0.03411405886340778,-0.10797578997280954,0.219,0.239,1,HMBOX1,-0,Not sig
0.03421892231816355,0.1719848047237369,0.285,0.268,1,EFR3B,-0,Not sig
0.03446951979906453,-0.17265376727670012,0.19,0.206,1,SCAMP1,-0,Not sig
0.035148384067978315,-0.2533223968778045,0.087,0.1,1,ATP6V1H,-0,Not sig
0.035280607413289575,0.24518268853901842,0.132,0.118,1,ME3,-0,Not sig
0.03543283316626177,-0.24817166393278095,0.103,0.116,1,KDM3B,-0,Not sig
0.03573908657654557,-0.12018212211404555,0.18,0.199,1,CLEC16A,-0,Not sig
0.035751058292618626,-0.25269069664959354,0.102,0.115,1,BAZ1B,-0,Not sig
0.035936552350629994,-0.19344191981349268,0.159,0.174,1,MCU,-0,Not sig
0.037456334355012,0.17999942768750676,0.383,0.371,1,ARID4B,-0,Not sig
0.03748782889684259,-0.23851899151652575,0.104,0.117,1,MLLT6,-0,Not sig
0.03872799379070951,-0.11697631681982756,0.135,0.151,1,CASK,-0,Not sig
0.03918844991254315,-0.18688689721523905,0.108,0.122,1,TNPO3,-0,Not sig
0.03932968283628821,0.24352691309157692,0.232,0.218,1,DENND5B,-0,Not sig
0.039429933593384085,0.1958564166568717,0.263,0.248,1,RAB3GAP1,-0,Not sig
0.039432801238636656,0.15386042853721238,0.158,0.143,1,ATL2,-0,Not sig
0.03949385545197335,-0.1966545608971201,0.116,0.131,1,FNBP4,-0,Not sig
0.0398608099909516,-0.18648665288153965,0.09,0.103,1,EPS15L1,-0,Not sig
0.04027527540970827,-0.13154601148907585,0.114,0.129,1,GAPVD1,-0,Not sig
0.04106628382817994,-0.16426766528523973,0.088,0.1,1,USP8,-0,Not sig
0.0412130964096664,-0.14582850908869616,0.093,0.106,1,DCP2,-0,Not sig
0.04124265627662838,-0.10582873236347357,0.183,0.2,1,ATE1,-0,Not sig
0.04162939812777874,0.1776135760435925,0.117,0.104,1,PLLP,-0,Not sig
0.04179728335943465,0.17079002276380906,0.304,0.288,1,CAMK1D,-0,Not sig
0.04191579964325034,-0.148959492594762,0.111,0.125,1,UBE2G2,-0,Not sig
0.04194441878935449,-0.2101743610015482,0.116,0.13,1,NUDCD3,-0,Not sig
0.04200129970877966,0.1839598418669408,0.477,0.48,1,ST6GAL1,-0,Not sig
0.04222844288309882,0.3716020887766971,0.151,0.14,1,SLC30A7,-0,Not sig
0.04259944384721822,0.14486673067604802,0.105,0.092,1,VPS50,-0,Not sig
0.0435653414480453,-0.2260541376951124,0.137,0.151,1,PDE3B,-0,Not sig
0.04370842088524907,0.2989973045146006,0.134,0.122,1,ICA1,-0,Not sig
0.04377442640380573,-0.13017258934323775,0.129,0.144,1,RAF1,-0,Not sig
0.044206177844239004,0.13057467312041338,0.192,0.176,1,TANK,-0,Not sig
0.04435615882989427,0.14566647213914075,0.179,0.165,1,DMTF1,-0,Not sig
0.04443349428283487,-0.14909328817089884,0.215,0.231,1,YAP1,-0,Not sig
0.044658985758658676,0.2717153493312852,0.11,0.098,1,SCLT1,-0,Not sig
0.045212035806231426,0.1675463724126627,0.131,0.117,1,VPS35L,-0,Not sig
0.04562237840510289,-0.24134284485170557,0.099,0.111,1,TUT7,-0,Not sig
0.04585049853303239,0.15548570022274366,0.196,0.181,1,MAP4K5,-0,Not sig
0.045974523334363526,-0.15894797018731893,0.13,0.145,1,CHST11,-0,Not sig
0.046217044111949254,-0.1324440252796113,0.188,0.205,1,GATAD2A,-0,Not sig
0.04634133951619438,-0.1417325212866185,0.141,0.156,1,OGT,-0,Not sig
0.04699321277515513,-0.14251252573558543,0.131,0.146,1,ARAP3,-0,Not sig
0.04743151301513833,0.2335949952258578,0.126,0.113,1,MSH3,-0,Not sig
0.047793729410913394,0.21279920127381136,0.201,0.188,1,AP2B1,-0,Not sig
0.04818060377381477,-0.21873057818004327,0.106,0.118,1,AFAP1L1,-0,Not sig
0.04840834349259732,-0.17289677929708308,0.1,0.113,1,WIPF2,-0,Not sig
0.04867641083024656,0.11117258284885434,0.37,0.354,1,DLG1,-0,Not sig
0.04934338703080164,0.2817320884284742,0.207,0.195,1,MAP3K3,-0,Not sig
0.04975105941131849,0.20162815255013922,0.136,0.124,1,SEC23A,-0,Not sig
0.05026865224021002,-0.10902151890922918,0.243,0.263,1,RICTOR,-0,Not sig
0.05050947908967657,0.18095741081396638,0.115,0.103,1,CPLANE1,-0,Not sig
0.0507989959108829,0.2649708913300216,0.105,0.093,1,TIPARP,-0,Not sig
0.05104086433431971,-0.14011798054286384,0.168,0.184,1,TFCP2,-0,Not sig
0.05115655452649228,0.11345651018534908,0.215,0.198,1,PHF14,-0,Not sig
0.05138186315779931,0.22509579116882045,0.143,0.13,1,AC124312.1,-0,Not sig
0.051567057713454954,0.19420107610271525,0.12,0.107,1,CSDE1,-0,Not sig
0.05165899176977486,-0.24725167566470302,0.107,0.12,1,ZFYVE9,-0,Not sig
0.05229928626702242,0.16097136795163078,0.118,0.105,1,NLRC5,-0,Not sig
0.05284248822263743,-0.16078629259819271,0.133,0.148,1,FAM168A,-0,Not sig
0.05316957780780021,0.23029219139912138,0.186,0.174,1,DLGAP4,-0,Not sig
0.05323744231733996,-0.1494564638152952,0.158,0.172,1,RYK,-0,Not sig
0.05385802057710623,-0.12775239524732568,0.105,0.119,1,SP110,-0,Not sig
0.05395962508384614,-0.12025584665382116,0.165,0.181,1,HDAC7,-0,Not sig
0.05419866123174044,-0.2176293964130221,0.096,0.108,1,BDP1,-0,Not sig
0.0544181915454006,-0.1372175566363461,0.142,0.157,1,CLOCK,-0,Not sig
0.05475679928328098,-0.20708163864301957,0.093,0.105,1,SPRED1,-0,Not sig
0.05490129658993047,-0.1335988468323791,0.168,0.183,1,HOOK3,-0,Not sig
0.055063040955708145,-0.20559770303812502,0.107,0.12,1,KLHDC10,-0,Not sig
0.05527353199863809,0.16875160756558036,0.113,0.101,1,ARMCX4,-0,Not sig
0.05529483202371356,-0.24116809003054981,0.093,0.105,1,APC,-0,Not sig
0.05555195616857494,0.20889147938337221,0.117,0.105,1,TTC14,-0,Not sig
0.055979369487947406,-0.13880366722184145,0.102,0.116,1,SPTLC2,-0,Not sig
0.056042930243135565,0.19813934431103847,0.113,0.101,1,AIG1,-0,Not sig
0.056269477674178975,-0.14174067194395248,0.092,0.104,1,PML,-0,Not sig
0.056551513671451295,0.1335009654135184,0.161,0.147,1,MYO5C,-0,Not sig
0.05667440547894607,0.23783287919264118,0.191,0.178,1,STK38,-0,Not sig
0.05753236937623685,0.1379406628583364,0.14,0.126,1,RTN3,-0,Not sig
0.05798588745237116,-0.1523125442213627,0.145,0.159,1,YLPM1,-0,Not sig
0.058001137057555066,-0.12227910788545451,0.088,0.1,1,CD58,-0,Not sig
0.05804799843653365,0.19639939109631505,0.144,0.131,1,EFR3A,-0,Not sig
0.058336278413808576,-0.14049882359418042,0.155,0.169,1,ZDHHC20,-0,Not sig
0.05878576721007332,-0.13370837034531236,0.141,0.156,1,DDX10,-0,Not sig
0.05943734632268211,-0.19761819286222615,0.171,0.184,1,ARHGEF28,-0,Not sig
0.05982929479602975,0.15963924798693596,0.216,0.202,1,ACER3,-0,Not sig
0.05999125782780581,0.20068409625466654,0.291,0.281,1,DENND5A,-0,Not sig
0.060081560691093085,-0.10518325346356933,0.125,0.139,1,GATA2-AS1,-0,Not sig
0.06056031972504894,0.17716035104173766,0.459,0.454,1,FYN,-0,Not sig
0.06056791650251792,0.25897028805070854,0.223,0.211,1,IFNGR1,-0,Not sig
0.06178696256761548,-0.12103812039514811,0.125,0.139,1,FGFR1OP2,-0,Not sig
0.061879689148199364,0.16962278652506657,0.174,0.161,1,HUWE1,-0,Not sig
0.06190013404809521,-0.11507313451521783,0.203,0.218,1,ATXN10,-0,Not sig
0.06211124823316554,0.10948312516762071,0.409,0.395,1,GNB1,-0,Not sig
0.06350646728236573,-0.10476516413090985,0.113,0.126,1,CUL4A,-0,Not sig
0.06449259690759543,0.17465533803916244,0.172,0.159,1,ZRANB2,-0,Not sig
0.06491221145542742,0.11101809643434896,0.119,0.106,1,TMEM117,-0,Not sig
0.0651493252258735,-0.22148668472075128,0.149,0.162,1,JAM2,-0,Not sig
0.06552639091124023,-0.2100069582107631,0.154,0.167,1,CPEB3,-0,Not sig
0.06597876282459358,-0.19238984907991408,0.092,0.103,1,TCF20,-0,Not sig
0.06602223531235646,0.24142533062576121,0.113,0.102,1,GPD2,-0,Not sig
0.06610627715262915,-0.14862546502541396,0.167,0.181,1,KIAA1671,-0,Not sig
0.06744776747165858,0.20786047131653201,0.131,0.119,1,AMOTL1,-0,Not sig
0.06760513217929312,0.1396739268480065,0.668,0.671,1,TRIO,-0,Not sig
0.06773449039022078,0.163693261117124,0.263,0.249,1,ARNT2,-0,Not sig
0.06781850091580854,0.26291542816923624,0.15,0.138,1,GLUD1,-0,Not sig
0.06910494674161578,0.16349076602207102,0.275,0.264,1,PSPC1,-0,Not sig
0.07115218943452503,0.255457611398263,0.136,0.125,1,POLA1,-0,Not sig
0.07116287419700361,-0.1728366037609153,0.126,0.139,1,TRPM6,-0,Not sig
0.0713477809670895,0.22609425507554914,0.127,0.116,1,CHM,-0,Not sig
0.07224009112376689,0.21162688086499454,0.158,0.146,1,PHF20L1,-0,Not sig
0.07267759238445325,-0.1338067914741588,0.11,0.122,1,DTNBP1,-0,Not sig
0.07301717997931526,-0.10769383939675925,0.224,0.241,1,RNF38,-0,Not sig
0.07346516049657419,-0.14348888333161966,0.126,0.139,1,TRRAP,-0,Not sig
0.07359186538747048,0.16898697164615667,0.15,0.138,1,TBC1D9,-0,Not sig
0.07437819635155644,-0.14648797341274883,0.101,0.113,1,RAB5A,-0,Not sig
0.074474758778259,0.21410902310282087,0.216,0.204,1,LARP4B,-0,Not sig
0.0745201237985765,-0.10662195117622719,0.222,0.237,1,GPATCH8,-0,Not sig
0.07468722472297043,0.14129696296301042,0.152,0.14,1,VPS41,-0,Not sig
0.07519376722768654,0.2453179839444113,0.113,0.102,1,XPO7,-0,Not sig
0.07537297571023374,-0.14320036346328172,0.092,0.103,1,DNAJC13,-0,Not sig
0.07576657014341044,0.23065176769746096,0.132,0.122,1,CCDC93,-0,Not sig
0.07706384977386667,-0.11168669317428978,0.11,0.122,1,RCOR1,-0,Not sig
0.0772876675991689,-0.12868216891317258,0.133,0.147,1,CASC4,-0,Not sig
0.0774251339226822,0.17720229448792502,0.26,0.247,1,MSN,-0,Not sig
0.07863217440005243,-0.1772944898016422,0.16,0.172,1,OSBPL1A,-0,Not sig
0.07898918524045896,-0.19946248962719038,0.163,0.175,1,PIK3CA,-0,Not sig
0.07935844270800539,0.1352438658727766,0.144,0.131,1,PRR5L,-0,Not sig
0.08044606996721267,-0.1832245590204033,0.125,0.137,1,MBTD1,-0,Not sig
0.08079322549183242,0.27584877394467067,0.136,0.125,1,SLC1A3,-0,Not sig
0.08204217346586988,0.1491147743260819,0.306,0.296,1,CTTNBP2NL,-0,Not sig
0.08229206509266626,0.2283021690926921,0.132,0.121,1,AC116366.3,-0,Not sig
0.08296172705961936,0.14112991786247925,0.145,0.132,1,KIAA1324L,-0,Not sig
0.08325135443660223,0.1198667632874062,0.411,0.405,1,BIRC6,-0,Not sig
0.0832534130127168,-0.18015132071750645,0.122,0.133,1,ZNF654,-0,Not sig
0.08338609583399564,0.17811650469073464,0.109,0.098,1,PRIM2,-0,Not sig
0.08361470961458131,-0.16377410740334902,0.099,0.11,1,RHBDD1,-0,Not sig
0.08367630198788516,0.14697241094442237,0.283,0.272,1,NFE2L2,-0,Not sig
0.08461414424280758,0.15430608035689677,0.107,0.096,1,YWHAB,-0,Not sig
0.086477250756434,0.17954270514112317,0.118,0.107,1,LMTK2,-0,Not sig
0.08656840872604485,0.16766226250590743,0.187,0.175,1,ZFAND6,-0,Not sig
0.08723984083639452,0.1917853308109096,0.106,0.096,1,WDR82,-0,Not sig
0.08791443876859177,-0.15808667149805677,0.129,0.141,1,CBL,-0,Not sig
0.08912799083246394,-0.12818095888430658,0.14,0.153,1,NOTCH1,-0,Not sig
0.08928663857278603,-0.17791670593184045,0.092,0.103,1,DUSP6,-0,Not sig
0.0895898617768245,-0.15874874814352677,0.127,0.139,1,ARL8B,-0,Not sig
0.09222967163175899,-0.10330950869086197,0.105,0.116,1,ABHD18,-0,Not sig
0.09395943153808314,-0.17429241838159393,0.098,0.109,1,NDUFS1,-0,Not sig
0.09421663232915695,0.21112463841388154,0.119,0.109,1,DYNC1I2,-0,Not sig
0.09472530891376992,-0.14465583247015457,0.18,0.193,1,RSF1,-0,Not sig
0.09688882984326867,0.16132594209484008,0.128,0.117,1,RAB14,-0,Not sig
0.09872674133022397,-0.1836157199646373,0.101,0.111,1,ANAPC5,-0,Not sig
0.09891644723635387,-0.14471981219117214,0.25,0.262,1,ZNF366,-0,Not sig
0.09904853206576256,0.13783827192589393,0.189,0.177,1,SH2D3C,-0,Not sig
0.09962381880565883,0.16806519106638151,0.18,0.169,1,FAM120B,-0,Not sig
0.09970118893905472,-0.10775192539460243,0.153,0.166,1,URI1,-0,Not sig
0.10058608847819939,0.14774477573761935,0.186,0.174,1,TDRP,-0,Not sig
0.10134742657494425,0.1662659836075762,0.136,0.126,1,NHLRC2,-0,Not sig
0.1020143353370232,-0.11369533250210956,0.127,0.139,1,TRAF3IP2-AS1,-0,Not sig
0.10447706605457516,-0.22264975445782836,0.113,0.123,1,SH3KBP1,-0,Not sig
0.10481773046350124,0.1832535088751335,0.105,0.095,1,SLC44A2,-0,Not sig
0.10532830882750645,0.10593455176624311,0.177,0.165,1,ZNF704,-0,Not sig
0.10622197616675201,-0.1816929480295637,0.137,0.149,1,NPIPB13,-0,Not sig
0.10709620352093156,-0.11071526183809022,0.514,0.529,1,ADAMTS9-AS2,-0,Not sig
0.1096416623955302,-0.2591752645195029,0.156,0.165,1,HPCAL1,-0,Not sig
0.10993499588297094,-0.12213825667447892,0.115,0.127,1,KPNA6,-0,Not sig
0.11055585720602226,0.1364681914131315,0.2,0.188,1,SOS2,-0,Not sig
0.11129583839294911,0.1210461777184928,0.268,0.255,1,STK39,-0,Not sig
0.11130029884605834,-0.1572963069362775,0.126,0.137,1,ZNF33A,-0,Not sig
0.11180774359544762,-0.19863079957307334,0.135,0.146,1,KPNA4,-0,Not sig
0.11307771262845973,-0.16147267979415736,0.158,0.17,1,VOPP1,-0,Not sig
0.11693451729905502,0.1598481782534977,0.138,0.127,1,NEK1,-0,Not sig
0.11818722561723888,-0.10427412044499307,0.217,0.231,1,PCMTD1,-0,Not sig
0.11837703981855345,0.19261085877980422,0.19,0.18,1,ABCD3,-0,Not sig
0.11925254513024855,0.23890481947175424,0.271,0.264,1,SMURF2,-0,Not sig
0.11989072015718072,0.24146840313742957,0.188,0.18,1,FAM107A,-0,Not sig
0.11989909798330337,-0.27998144774527417,0.092,0.101,1,LNX2,-0,Not sig
0.12044872271700056,0.1354924825529631,0.258,0.246,1,FBXW11,-0,Not sig
0.120494596729348,-0.19016776801799878,0.113,0.123,1,ZC3H7A,-0,Not sig
0.12076736174674635,-0.10475189733801837,0.097,0.107,1,AATF,-0,Not sig
0.12120442333532794,-0.23252583455679388,0.181,0.19,1,MFHAS1,-0,Not sig
0.12197717335029097,-0.16934333681298896,0.129,0.139,1,MGAT1,-0,Not sig
0.12204858316933132,-0.14501348985298418,0.096,0.106,1,IBTK,-0,Not sig
0.12211935904150384,-0.1399318232329757,0.1,0.11,1,PPP1R21,-0,Not sig
0.12308272428786078,-0.43167483262199413,0.099,0.106,1,CHORDC1,-0,Not sig
0.1239130567837875,0.11375907043624656,0.349,0.339,1,NCKAP1,-0,Not sig
0.12473101707498908,-0.17864234230088086,0.128,0.138,1,XIAP,-0,Not sig
0.12555659514322104,-0.11325561904393922,0.171,0.183,1,VPS8,-0,Not sig
0.12755062305416082,-0.20847358837620186,0.097,0.106,1,SERGEF,-0,Not sig
0.1277324888435342,0.15906842663615556,0.109,0.1,1,PARN,-0,Not sig
0.12808473263012846,0.17640678187780562,0.161,0.151,1,EIF3H,-0,Not sig
0.1283815596187594,0.12841384285901158,0.364,0.354,1,PIAS1,-0,Not sig
0.12900027197907762,0.1379233406065074,0.126,0.115,1,ANKRD36,-0,Not sig
0.13099038938026192,-0.10919951352643331,0.103,0.113,1,CCNL2,-0,Not sig
0.13103022626959454,0.1030504601650922,0.106,0.097,1,CAPN7,-0,Not sig
0.13166624528434898,-0.10265691121252729,0.161,0.173,1,RB1CC1,-0,Not sig
0.132918583356682,0.21149471246248638,0.117,0.108,1,GSE1,-0,Not sig
0.13357339568195645,-0.12487083554841563,0.095,0.105,1,BRWD3,-0,Not sig
0.1344870994211756,-0.18110760970692139,0.107,0.117,1,TRIP11,-0,Not sig
0.13496871945679217,-0.1655829681008938,0.1,0.109,1,ZZEF1,-0,Not sig
0.13899332723640853,0.12882603173701174,0.121,0.111,1,BCKDHB,-0,Not sig
0.13978799933913,0.12324807320866638,0.204,0.192,1,WDR33,-0,Not sig
0.1405709357598404,-0.11917795731648517,0.152,0.162,1,LINC01004,-0,Not sig
0.14100499355631096,0.21991763352795246,0.429,0.432,1,EVA1C,-0,Not sig
0.14120704622681637,-0.1700234527920963,0.118,0.127,1,RHOT1,-0,Not sig
0.14199618196509298,0.1696985321251045,0.105,0.096,1,PACS2,-0,Not sig
0.1422622131866334,-0.16625780479389862,0.174,0.184,1,CDK19,-0,Not sig
0.14286068812646424,0.2550417452172681,0.124,0.116,1,ZNF438,-0,Not sig
0.14641185144694138,0.22692287347078732,0.161,0.152,1,PDGFC,-0,Not sig
0.1472510257147695,-0.12095192014313699,0.133,0.145,1,RNF111,-0,Not sig
0.14816505162179006,0.16325514679609615,0.109,0.101,1,KLF3,-0,Not sig
0.14950113918027003,0.3160115057659045,0.151,0.144,1,LSS,-0,Not sig
0.14973875120835725,0.11878548072317596,0.184,0.173,1,ZC3HAV1,-0,Not sig
0.15036166330196246,0.24656528881026088,0.12,0.112,1,DMD,-0,Not sig
0.1505115271629928,-0.1294855322605588,0.196,0.207,1,FXR1,-0,Not sig
0.15141994806662118,-0.1738664338431177,0.117,0.126,1,GRB2,-0,Not sig
0.15372590520977686,0.16947261812323022,0.197,0.186,1,SUPT3H,-0,Not sig
0.1546017497840986,0.15620545625570204,0.293,0.286,1,PARD3B,-0,Not sig
0.15490716014845332,0.11063507434274689,0.232,0.22,1,MAPK8,-0,Not sig
0.15543289662793314,-0.21034753068459583,0.094,0.102,1,SH3GLB1,-0,Not sig
0.15589739972662603,0.18559382825623802,0.117,0.108,1,MAPKBP1,-0,Not sig
0.15793455984918794,0.21662660047749432,0.151,0.142,1,ZHX3,-0,Not sig
0.15822743698196134,0.2229120529903445,0.107,0.099,1,YTHDF3,-0,Not sig
0.1585808671857445,-0.10246600858440413,0.185,0.196,1,FOXJ3,-0,Not sig
0.15925637098373654,-0.13553209220969434,0.092,0.1,1,FBXO28,-0,Not sig
0.16213751985098693,0.19253024776707,0.122,0.114,1,MAP3K7,-0,Not sig
0.1624467730926696,-0.1954999557780011,0.11,0.119,1,CYP20A1,-0,Not sig
0.1628819873327294,0.1856066401180807,0.273,0.266,1,TBCD,-0,Not sig
0.1633495797104945,-0.10894109503359661,0.133,0.143,1,DCAF10,-0,Not sig
0.1640962432633382,-0.12335289518814388,0.103,0.112,1,DIDO1,-0,Not sig
0.16494053608752127,-0.15416547900243818,0.109,0.117,1,ASXL2,-0,Not sig
0.1664903430396971,-0.15945059731052663,0.118,0.126,1,NAA16,-0,Not sig
0.16784868825404622,-0.13475934452139154,0.141,0.151,1,KAT6B,-0,Not sig
0.1692046924198871,-0.17848101383905518,0.118,0.127,1,SLC5A6,-0,Not sig
0.17117271483414417,0.22483076764136745,0.19,0.182,1,ENTPD1,-0,Not sig
0.17410410333727694,0.222522430187383,0.105,0.097,1,CYB5R3,-0,Not sig
0.1744071772085216,0.19689400209290975,0.17,0.161,1,PAK2,-0,Not sig
0.17676064164506383,-0.10823765475105396,0.223,0.232,1,PKN2,-0,Not sig
0.17885483219216666,0.11900370564289386,0.251,0.243,1,ITCH,-0,Not sig
0.17922021075851408,-0.16417358051430414,0.094,0.102,1,IFNGR2,-0,Not sig
0.17960581071963166,-0.17073338631951016,0.106,0.115,1,MTA3,-0,Not sig
0.1805986043087388,0.10125539283232876,0.151,0.142,1,RAB11A,-0,Not sig
0.1849890046066479,-0.11501447492075689,0.14,0.15,1,ODF2L,-0,Not sig
0.18810812525728063,0.10054850201809962,0.216,0.207,1,TAX1BP1,-0,Not sig
0.18901921966243385,0.10915457746022039,0.169,0.158,1,FGD6,-0,Not sig
0.18936887278156805,-0.17066166535941163,0.111,0.119,1,SEPT11,-0,Not sig
0.18953186757134097,0.19056599533727264,0.145,0.136,1,CAVIN1,-0,Not sig
0.19262440947024398,0.14877012472318168,0.106,0.098,1,DPP8,-0,Not sig
0.19768968627077843,-0.11492875854520662,0.126,0.135,1,SHROOM1,-0,Not sig
0.19947089975772972,0.16803684749971237,0.181,0.173,1,PCGF5,-0,Not sig
0.20035657849840136,0.11739286139115146,0.274,0.267,1,TMEM165,-0,Not sig
0.20403961367440823,0.13730954097840886,0.269,0.26,1,CNOT2,-0,Not sig
0.2077062477875071,0.21107269475734747,0.207,0.201,1,TMEM184B,-0,Not sig
0.20900935099898324,-0.10552779567926063,0.257,0.266,1,GLS,-0,Not sig
0.20946247921749286,0.2018651657140365,0.113,0.106,1,NDUFA10,-0,Not sig
0.21156393541863586,0.11913159097249748,0.35,0.347,1,RAD51B,-0,Not sig
0.21349366008942008,0.20510311594245234,0.396,0.393,1,MAST4,-0,Not sig
0.21392390213570106,-0.10118985556652521,0.112,0.121,1,NAA15,-0,Not sig
0.2149454239752232,-0.10734055284635446,0.125,0.134,1,MTREX,-0,Not sig
0.2154997604680631,-0.2922078795969685,0.112,0.118,1,SUGT1,-0,Not sig
0.21550251176941923,0.14334564106363978,0.223,0.214,1,RAB2A,-0,Not sig
0.2170118497937786,0.14064911881966546,0.221,0.212,1,IKBKB,-0,Not sig
0.21705787888859132,0.147332121963182,0.127,0.119,1,TOP2B,-0,Not sig
0.21727373442175352,0.19467229548309728,0.192,0.185,1,CDC42BPB,-0,Not sig
0.21939661443752115,-0.1444600129766987,0.099,0.107,1,USP31,-0,Not sig
0.22051877520936358,0.20369771099385978,0.1,0.093,1,TCN2,-0,Not sig
0.2217807510534734,0.1578889693047303,0.145,0.137,1,YTHDC1,-0,Not sig
0.22303548000022477,0.23454882411014255,0.164,0.157,1,LRRC32,-0,Not sig
0.22455135578033802,0.11046699500692592,0.535,0.537,1,SASH1,-0,Not sig
0.22478773935693372,-0.11895751551634798,0.112,0.12,1,TYW1,-0,Not sig
0.22766382007635244,0.15036383528852904,0.24,0.234,1,DENND3,-0,Not sig
0.2306356026303764,0.1188780212106002,0.293,0.314,1,PELI1,-0,Not sig
0.23302454743475615,-0.12407243659998168,0.316,0.324,1,GAB1,-0,Not sig
0.23343465953040668,-0.11325651276504414,0.114,0.122,1,KIAA0319L,-0,Not sig
0.23913101870289033,0.16547105588637825,0.136,0.129,1,DDX3X,-0,Not sig
0.24189324199725623,0.1477454788511643,0.142,0.134,1,INO80D,-0,Not sig
0.242893911547152,-0.14750195564002005,0.131,0.139,1,CASP10,-0,Not sig
0.24344735156682862,0.10763181773694827,0.113,0.106,1,PPM1F,-0,Not sig
0.24561781754367873,-0.1454389229744844,0.132,0.139,1,STX7,-0,Not sig
0.24578032089282587,0.12783891528694946,0.231,0.225,1,AGO3,-0,Not sig
0.24616072375381365,0.1352911225220394,0.132,0.124,1,SFSWAP,-0,Not sig
0.24895162392807235,0.16646396538753833,0.124,0.117,1,C1QTNF3-AMACR,-0,Not sig
0.2501405708099454,0.17441728369416215,0.131,0.124,1,USP22,-0,Not sig
0.2529239339767283,0.19252945303985483,0.104,0.098,1,DYNC1LI2,-0,Not sig
0.2536566859603014,0.18008879834018227,0.141,0.134,1,ZCCHC14,-0,Not sig
0.25519884163718615,0.13108154326658128,0.192,0.184,1,ZNF423,-0,Not sig
0.2553356125110121,0.14797325076918938,0.13,0.123,1,ULK4,-0,Not sig
0.2554220753982556,0.11870686036808786,0.229,0.221,1,MAP2K5,-0,Not sig
0.2581864597879835,0.11927059304284915,0.185,0.178,1,GRAPL,-0,Not sig
0.2600467243510332,0.15552608342950425,0.476,0.475,1,RBMS2,-0,Not sig
0.269594593790823,0.16199113244607988,0.152,0.145,1,AC002070.1,-0,Not sig
0.27080981136072135,-0.134544188641678,0.098,0.105,1,STX18,-0,Not sig
0.2755211175123063,0.1687330893556992,0.154,0.148,1,NAP1L4,-0,Not sig
0.27592984427754175,0.12087483119324505,0.31,0.304,1,PAN3,-0,Not sig
0.28426458625411716,0.16590486316861647,0.144,0.138,1,RBM25,-0,Not sig
0.2864114571948834,0.15884212380655252,0.105,0.099,1,SLAIN2,-0,Not sig
0.2870364154607891,0.10996110182544944,0.147,0.14,1,FUBP1,-0,Not sig
0.2935255346951197,-0.11839771033503066,0.112,0.118,1,MAP3K4,-0,Not sig
0.2984888380073725,0.15434595667122153,0.186,0.18,1,NSUN6,-0,Not sig
0.29988120871880036,-0.11237444591127355,0.138,0.146,1,RBPJ,-0,Not sig
0.31097660099250946,0.11365401846789022,0.133,0.126,1,PJA2,-0,Not sig
0.31371608909989984,0.1754242748823489,0.263,0.259,1,LARGE1,-0,Not sig
0.31903177116223524,-0.10605382904521621,0.203,0.21,1,OXR1,-0,Not sig
0.32215751858635405,0.12845167016851144,0.325,0.321,1,SUSD6,-0,Not sig
0.3236663982935466,0.28829089151256354,0.1,0.095,1,ATP6V0A1,-0,Not sig
0.32642768421391083,0.1916221039956359,0.112,0.106,1,GUK1,-0,Not sig
0.32820846898993666,0.13780130269802848,0.181,0.175,1,ARHGAP21,-0,Not sig
0.3355869728650081,0.1180366888788047,0.341,0.338,1,CLIC4,-0,Not sig
0.33854707597933836,-0.14160996767290981,0.104,0.11,1,GNAI3,-0,Not sig
0.33886560278690864,0.1076591012412505,0.134,0.128,1,U2SURP,-0,Not sig
0.3389487308545119,0.25175439240808184,0.199,0.196,1,PHF20,-0,Not sig
0.3431727476124428,0.1276935250395429,0.159,0.154,1,SF1,-0,Not sig
0.3434099177119508,-0.10961809267678335,0.119,0.125,1,MAOA,-0,Not sig
0.35100274642370966,0.1253762525391946,0.354,0.351,1,PDE8A,-0,Not sig
0.3521561768080668,0.10644250543790856,0.28,0.274,1,GTF2I,-0,Not sig
0.35359044671841716,0.10346080751805084,0.129,0.123,1,WDR26,-0,Not sig
0.3555088487299339,-0.13225869691623152,0.124,0.129,1,ADARB1,-0,Not sig
0.36262091571011135,0.12943237493980808,0.33,0.327,1,UBE2H,-0,Not sig
0.3704309097368051,0.1932155269340572,0.105,0.101,1,IPO7,-0,Not sig
0.3751263798783617,-0.10222000834690581,0.265,0.275,1,ADGRL3,-0,Not sig
0.3775514427861069,0.10379079365476795,0.257,0.25,1,RBM39,-0,Not sig
0.3806646949529584,0.12931959123848247,0.109,0.104,1,DOPEY1,-0,Not sig
0.38469793035286015,0.1356769888100997,0.175,0.171,1,PABPC1,-0,Not sig
0.38978941516527293,0.20186594442134104,0.1,0.095,1,HGSNAT,-0,Not sig
0.3939368867556631,0.13800553558994633,0.231,0.225,1,SNRK,-0,Not sig
0.39612545954285083,-0.27146802462503983,0.236,0.225,1,CTNNA2,-0,Not sig
0.4044896082855788,0.11048337835506905,0.119,0.127,1,RHOC,-0,Not sig
0.4105397290202766,0.11756271164911869,0.18,0.174,1,ABI1,-0,Not sig
0.41238170924735745,0.10760981289674709,0.247,0.242,1,TAOK1,-0,Not sig
0.4238510938454376,0.11382171415361775,0.14,0.149,1,XIST,-0,Not sig
0.44111514689783765,0.18065335772876412,0.166,0.161,1,MRPL1,-0,Not sig
0.4459999061868723,0.13995367477143406,0.335,0.335,1,DGKH,-0,Not sig
0.4463022466031707,0.13038396445415085,0.108,0.104,1,MVB12B,-0,Not sig
0.448836582463143,0.1667876717226947,0.188,0.185,1,OPHN1,-0,Not sig
0.4537882858671075,0.10109179912949262,0.132,0.127,1,BCAP29,-0,Not sig
0.45589087818081475,0.1174175814800722,0.263,0.261,1,JARID2,-0,Not sig
0.4645602069721355,0.2332756880117819,0.191,0.188,1,SMAD3,-0,Not sig
0.46757735199866507,0.14935269140697438,0.186,0.184,1,DYNC1H1,-0,Not sig
0.47007691639515664,0.2624126356556151,0.1,0.097,1,RGS5,-0,Not sig
0.4763424273471859,0.12282243594213602,0.112,0.108,1,STX3,-0,Not sig
0.4793006239606086,0.1318595538604181,0.155,0.151,1,EMSY,-0,Not sig
0.48360682962634904,0.12973312865289222,0.131,0.127,1,CWC27,-0,Not sig
0.5031265414329195,-0.15095754435349704,0.121,0.125,1,SSBP3,-0,Not sig
0.5075962949883979,0.13024569622838367,0.117,0.113,1,ATXN3,-0,Not sig
0.5091253290974861,0.12917013635178343,0.139,0.136,1,IFITM2,-0,Not sig
0.5107262933661121,0.10134820679258205,0.145,0.152,1,KPNA1,-0,Not sig
0.514947763559954,0.1471254111505921,0.101,0.097,1,NMT2,-0,Not sig
0.5215816597160132,-0.21080443781149238,0.299,0.301,1,HSP90AA1,-0,Not sig
0.5294062411820231,0.12299932114392173,0.126,0.123,1,PSMD1,-0,Not sig
0.5472167868438043,0.17710083944384913,0.155,0.153,1,TAF1,-0,Not sig
0.5550482881428667,0.10940182368530482,0.16,0.158,1,MAP3K2,-0,Not sig
0.5655813729392974,0.11305193045130041,0.108,0.105,1,DNM1L,-0,Not sig
0.5679010406457013,0.12820510999561052,0.249,0.251,1,GOLGA4,-0,Not sig
0.577709224699861,0.16161371959342855,0.121,0.119,1,SCYL2,-0,Not sig
0.5851613849632622,0.13811437170404917,0.378,0.379,1,SSBP2,-0,Not sig
0.5929057173515702,0.1355465635552096,0.12,0.118,1,ATP11B,-0,Not sig
0.5950157275865584,1.017433461753229,0.184,0.2,1,ATP1B3,-0,Not sig
0.6071181814078201,0.14585544216668472,0.127,0.125,1,ATG10,-0,Not sig
0.6194765872069277,0.12495039505875068,0.098,0.102,1,MLKL,-0,Not sig
0.6199656183342319,0.10909765419419065,0.106,0.103,1,KPNB1,-0,Not sig
0.6201173437107184,0.126234071755166,0.229,0.229,1,NBEAL1,-0,Not sig
0.622465654332833,0.10479125371630893,0.241,0.241,1,TBC1D12,-0,Not sig
0.6376244028711969,0.1482160034143337,0.111,0.116,1,ARID5A,-0,Not sig
0.6411438355546515,0.1807897031245634,0.099,0.103,1,CD55,-0,Not sig
0.6571906811116123,0.11419874311842843,0.131,0.129,1,ABHD2,-0,Not sig
0.6622327486384791,0.10418327345841649,0.209,0.207,1,SPEN,-0,Not sig
0.6632892158203615,0.149827376225112,0.105,0.103,1,AES,-0,Not sig
0.6702213458661318,0.11903405428415165,0.132,0.13,1,TMEM44,-0,Not sig
0.6713468767364221,-0.10925168949652742,0.13,0.132,1,PDE1C,-0,Not sig
0.6841735807996774,0.17469602804523343,0.22,0.222,1,PARP14,-0,Not sig
0.6933880291278558,-0.10490446592100877,0.23,0.23,1,HSPB1,-0,Not sig
0.697202890358039,0.10709533508993252,0.162,0.161,1,ZFYVE16,-0,Not sig
0.7008249064677781,0.16954884187882535,0.214,0.215,1,ACTN1,-0,Not sig
0.7020906393629152,0.10386019177970418,0.285,0.287,1,EPN2,-0,Not sig
0.7061260324696345,0.11600766242185263,0.1,0.098,1,GOSR1,-0,Not sig
0.7064084705893516,0.3004432265906477,0.179,0.189,1,WARS,-0,Not sig
0.7064921638302641,0.17037245235998313,0.1,0.098,1,RPL8,-0,Not sig
0.7078940457698728,0.14810940238859183,0.107,0.106,1,SOBP,-0,Not sig
0.7223472715488557,0.13542084209791683,0.219,0.22,1,ANKRD28,-0,Not sig
0.7244739297070093,0.1958752988009985,0.114,0.113,1,TNFAIP1,-0,Not sig
0.7260283871691566,0.1170679702163171,0.332,0.336,1,PRKCE,-0,Not sig
0.7349084889328281,-0.1723545336988287,0.19,0.19,1,HIBCH,-0,Not sig
0.7521545779777387,0.16410145183464458,0.125,0.125,1,SECISBP2,-0,Not sig
0.752228721607274,0.13289929476223017,0.108,0.107,1,L3MBTL4,-0,Not sig
0.7641619210001844,0.1480225400019673,0.155,0.155,1,AC013394.1,-0,Not sig
0.7901239969374186,0.3519015578808228,0.187,0.194,1,AL136531.2,-0,Not sig
0.8026624642927842,0.11942390126588909,0.265,0.274,1,ARHGEF7,-0,Not sig
0.8042245437592408,0.10944337097576187,0.108,0.107,1,TENT4A,-0,Not sig
0.8273588408304409,0.1753201742081561,0.138,0.139,1,CAPZA1,-0,Not sig
0.8288589487491677,0.12117761645885006,0.157,0.157,1,AGAP3,-0,Not sig
0.8396832359541186,0.12929431096297184,0.27,0.274,1,KALRN,-0,Not sig
0.8523107085672039,0.10337847573708214,0.189,0.19,1,USP9X,-0,Not sig
0.8533083184814187,-0.11942286960161713,0.127,0.128,1,EIF2AK2,-0,Not sig
0.8705688849379627,0.10479322578164196,0.147,0.148,1,SCFD2,-0,Not sig
0.8766120604016914,0.10655735210508777,0.106,0.108,1,OSTF1,-0,Not sig
0.8786400851685439,0.14117851581433105,0.17,0.173,1,NUP98,-0,Not sig
0.91451622735552,0.418275379732028,0.161,0.165,1,ATP8B1,-0,Not sig
0.9263697739066779,0.13120867271385714,0.124,0.126,1,EML4,-0,Not sig
0.9286633776334718,0.10728282982253115,0.103,0.103,1,SMAD5,-0,Not sig
0.9322897213034379,0.16700612770277126,0.109,0.109,1,MAPK10,-0,Not sig
0.9335202230594787,0.16275511042866442,0.239,0.246,1,MGAT4A,-0,Not sig
0.9398202129184889,0.15960383093598712,0.103,0.103,1,CLMN,-0,Not sig
0.954878320421135,0.21124720540782438,0.099,0.1,1,SLC6A1,-0,Not sig
0.9610585732933472,0.17433945957787939,0.133,0.137,1,GFAP,-0,Not sig
0.9629409110394954,0.10560670432686534,0.114,0.116,1,ATR,-0,Not sig
0.9684966546471927,0.11490871017511857,0.101,0.102,1,WDR59,-0,Not sig
