p_val,avg_log2FC,pct.1,pct.2,p_val_adj,gene,neg_log10_pval,Significance
0,-3.7291920307624027,0.053,0.391,1e-300,ADAMTS9,300,Sig Down
7.95367e-319,-1.1925203601819518,0.833,0.957,1.986587255e-314,NEAT1,313.7018923550863,Sig Down
5.6512680626e-312,0.8007163769096355,0.997,0.971,1.4115172239957503e-307,PCDH9,306.8503138180196,Sig Up
7.492253723789345e-238,-0.5802288754915406,0.999,1,1.8713402125908647e-233,MALAT1,232.72784724990285,Sig Down
3.497437385301048e-173,3.486582491770024,0.337,0.026,8.735549357266427e-169,ARL17B,168.0587097781078,Sig Up
6.189326897682709e-159,1.328043881778553,0.645,0.309,1.54590817923421e-154,TMEFF2,153.8108163050077,Sig Up
4.894557755611312e-153,0.6782312105979527,0.936,0.797,1.2225136906190374e-148,PTPRD,147.91274626862398,Sig Up
8.82793500571833e-147,0.8880671536485418,0.834,0.579,2.204953326378267e-142,NKAIN2,141.65660059908092,Sig Up
4.657921435977289e-137,0.83651644152049,0.855,0.615,1.1634090370640475e-132,UNC5C,131.93426756703602,Sig Up
8.024060435888514e-137,0.8117924622569777,0.846,0.615,2.004169575071874e-132,PEX5L,131.69806553509906,Sig Up
7.626593167941373e-127,0.5230797497000133,0.97,0.899,1.9048941755567167e-122,MAGI2,121.72012914610298,Sig Up
9.553016880786152e-127,0.6722913963606785,0.89,0.706,2.386057026313957e-122,MBP,121.62231918098524,Sig Up
1.042720288386796e-125,0.88924375080299,0.765,0.494,2.6044024643037e-121,AC026316.5,120.5842919023925,Sig Up
2.5382403181188086e-124,0.6404213373817109,0.919,0.748,6.339762842565348e-120,SLC24A2,119.19792698787404,Sig Up
7.587857659919669e-122,1.1726328657152258,0.499,0.199,1.8952192077181357e-117,MT-ND3,116.7223405507637,Sig Up
6.756302038814321e-120,0.7573939560961698,0.851,0.651,1.687521560234653e-115,PLP1,114.77275066979702,Sig Up
2.3577757752456044e-118,0.5404795811885332,0.968,0.894,5.889016553830946e-114,CTNNA3,113.22995722489118,Sig Up
1.6530771143311077e-116,0.8063279550911231,0.894,0.72,4.1288907084648076e-112,CADM2,111.38416661272686,Sig Up
4.269570741778296e-116,-1.2822953010159677,0.171,0.397,1.066410684173965e-111,FLT1,110.97207551245526,Sig Down
8.643669455982511e-115,-1.6005097864011284,0.126,0.326,2.158929320020752e-110,EGFL7,109.66576157555713,Sig Down
8.41187085361111e-114,0.8870596958993229,0.693,0.397,2.1010329831064471e-109,GRM3,108.6775671297603,Sig Up
7.721269090346207e-111,0.6285523092742276,0.917,0.768,1.9285413806957722e-106,MAN2A1,105.71477103804501,Sig Up
1.5637839712870283e-110,1.1691525971736023,0.529,0.238,3.9058632250836104e-106,MIR181A1HG,105.40828296883912,Sig Up
2.8504047539366935e-100,0.8812894171176655,0.713,0.474,7.11945595390768e-96,CDH20,95.14755319249282,Sig Up
5.602812964185514e-100,-2.2011431459219053,0.024,0.132,1.399414594064616e-95,CRISPLD2,94.85405360127662,Sig Down
1.3584871457344844e-98,0.7286287414496759,0.771,0.519,3.3930933439010216e-94,FP236383.1,93.46940419276174,Sig Up
2.2316515572949712e-98,-2.29875034906264,0.045,0.175,5.57399609465565e-94,SLCO4A1,93.25383333990511,Sig Down
4.264964418909302e-98,0.912697141389013,0.75,0.509,1.0652601629109765e-93,NRXN3,92.97254431380425,Sig Up
4.35775817009372e-98,0.45092530949256027,0.966,0.902,1.0884372581443084e-93,DLG2,92.96319660036386,Sig Up
6.577636404349566e-93,0.7581675204053826,0.752,0.515,1.6428962447143912e-88,MOBP,87.78438986308402,Sig Up
4.2606670134164945e-89,0.9567073377192465,0.641,0.392,1.0641867999410378e-84,ERBB4,83.97298213232007,Sig Up
7.1088493865946875e-87,0.39978463555178934,0.987,0.949,1.775577311289755e-82,IL1RAPL1,81.75066041311987,Sig Up
1.118084917667803e-86,0.5474871593829835,0.901,0.744,2.7926406988588716e-82,NCAM2,81.55398493703107,Sig Up
3.179149835518475e-85,0.4702913622452529,0.951,0.859,7.940562544174495e-81,ST18,80.10014872916275,Sig Up
4.9119954685814564e-83,2.5613366991845408,0.213,0.032,1.2268691081875903e-78,AL138881.1,77.91120176866998,Sig Up
9.619495860242815e-83,1.1885850390988555,0.438,0.2,2.4026614810128477e-78,LINC01608,77.61930741408354,Sig Up
1.62505343306961e-82,0.588448064441935,0.816,0.597,4.0588959597779647e-78,TRIM2,77.39159208065449,Sig Up
1.6376556466555198e-82,0.8200823583385808,0.584,0.316,4.090372508651492e-78,LPAR1,77.38823713916014,Sig Up
1.0581812897814993e-80,0.610351690062831,0.806,0.609,2.6430194074872508e-76,TTLL7,75.57789964786576,Sig Up
1.388566555917604e-79,0.5555704000928694,0.928,0.825,3.4682226867154e-75,PPP2R2B,74.45989302523654,Sig Up
6.558925792704889e-79,0.8125346771278608,0.58,0.319,1.6382228952439002e-74,AK5,73.78562700880957,Sig Up
1.3118120895401417e-77,0.54072296999148906,0.864,0.704,3.276513056044412e-73,EDIL3,72.48458809715488,Sig Up
3.4836143107495145e-77,0.5869603433445496,0.822,0.634,8.701023463959062e-73,ZEB2,72.06042966018512,Sig Up
1.3174432001635449e-74,0.9929044133564402,0.427,0.199,3.290577881048486e-70,MT-ND2,69.48272782590658,Sig Up
3.64067202627409e-74,1.0039442383859092,0.446,0.21,9.093306520024795e-70,LANCL1,69.04127816933153,Sig Up
5.514083718781158e-74,0.8646699977891603,0.661,0.452,1.37725269043997e-69,NLGN1,68.86098637056685,Sig Up
6.4164914646608755e-74,0.41709621566949373,0.963,0.898,1.6026470731283468e-69,PDE4B,68.79516210526174,Sig Up
1.480441179412999e-73,-2.1882375560397533,0.042,0.149,3.6976979338198473e-69,SLC2A3,68.43206856938922,Sig Down
7.381837351284787e-71,-2.1315664053786625,0.04,0.143,1.8437615152304015e-66,IL4R,65.7342952542789,Sig Down
8.981440913929991e-71,0.9479729156818211,0.499,0.275,2.243294497072294e-66,LRP1B,65.6491137090038,Sig Up
2.8651484537244897e-69,-1.3944885268667235,0.177,0.334,7.156281292867658e-65,BSG,64.14531259690018,Sig Down
3.2656150414839598e-68,-0.7755261106046123,0.617,0.711,8.156526689114486e-64,FP671120.1,63.088494738412436,Sig Down
6.154884751649482e-68,0.5242307799475774,0.825,0.629,1.5373055644194912e-63,SHTN1,62.813239800846546,Sig Up
1.0845461184250592e-67,0.5877948785229683,0.763,0.574,2.7088708399902703e-63,GAB1,62.56721170180211,Sig Up
1.690519274096053e-67,-1.8352363091215864,0.085,0.211,4.222409990909712e-63,BCL6,62.374439599511334,Sig Down
3.58699515466368e-67,-1.2711469572524754,0.118,0.264,8.959237797803473e-63,CLDN5,62.04772893612898,Sig Down
1.1755374696476428e-66,-0.7826268445213462,0.269,0.456,2.9361399379389173e-62,PTPRG,61.53222324956442,Sig Down
3.7838001578833607e-66,0.9777127807678443,0.485,0.273,9.45079765434527e-62,ADGRL3,61.024531535166794,Sig Up
6.127400650246255e-66,-1.0002931460437743,0.176,0.336,1.530440860412007e-61,PITPNC1,60.815183447832716,Sig Down
1.2067296801317238e-65,0.7095656206447569,0.585,0.361,3.0140487220650066e-61,KANSL1,60.52084973159904,Sig Up
2.469785177880655e-64,1.5049915199134127,0.277,0.098,6.168782438792511e-60,AC090502.1,59.209800546225146,Sig Up
7.0186837797487e-64,-0.7973932001812167,0.236,0.42,1.7530566476678327e-59,LINGO1,58.756204050037375,Sig Down
7.976494210515282e-63,-1.994867135137696,0.087,0.208,1.992288958960402e-58,PCBP3,57.700647671845616,Sig Down
1.5183871497996474e-61,0.7319565388361644,0.566,0.35,3.792475584054579e-57,CNTNAP4,56.42107720651869,Sig Up
1.5991320203121373e-60,0.49579972065142686,0.839,0.68,3.9941520471336253e-56,SPOCK3,55.39857540667256,Sig Up
2.794110600030264e-60,0.758829913421238,0.53,0.307,6.978850045695591e-56,BCAS1,55.15621613324402,Sig Up
1.359668720728923e-59,-0.8131879074655499,0.409,0.563,3.396044563764631e-55,FKBP5,54.46902661946752,Sig Down
5.722389769167894e-59,0.7494341350497424,0.531,0.31,1.429281292645065e-54,CTNND2,53.844882290578234,Sig Up
2.5581489023517736e-58,-1.9839725048874246,0.073,0.184,6.389488513404024e-54,NAMPT,53.19453390626994,Sig Down
9.128711031091057e-58,1.0802130911173773,0.354,0.166,2.280078154235613e-53,PPFIA2,52.64205026643308,Sig Up
2.2933542973383634e-57,0.584699996183272,0.715,0.522,5.728111028462031e-53,KIRREL3,52.24198857265183,Sig Up
3.309532562341969e-57,0.8341716101342949,0.486,0.283,8.266219480961536e-53,COL4A5,52.08269306770843,Sig Up
5.021898081989998e-57,0.8067584403188026,0.506,0.3,1.2543194839386417e-52,HDAC2-AS2,51.90159183157564,Sig Up
6.734409296244564e-57,0.5137299103546731,0.736,0.549,1.6820534099230047e-52,ATP8A1,51.774160218248824,Sig Up
1.2430142579483785e-56,-1.7662261836950541,0.049,0.146,3.104676712077665e-52,CRIP2,51.50798361592878,Sig Down
1.6578823140089e-56,0.567508613922254,0.692,0.491,4.14089265570003e-52,FUT8,51.382906027561226,Sig Up
3.0632075323151166e-56,-1.3122884758565603,0.165,0.302,7.650973453463466e-52,STAT3,51.116283304902375,Sig Down
3.8137793209251005e-56,-1.2359147211279733,0.107,0.235,9.525676609874623e-52,PTH1R,51.021104166571114,Sig Down
5.206440150234415e-56,0.8450048263431671,0.417,0.213,1.3004125563240499e-51,FAM13C,50.88591884576164,Sig Up
6.92450038781772e-56,0.7929391513940345,0.526,0.324,1.729532461865232e-51,DMD,50.76207128223208,Sig Up
1.8245746956589492e-55,-1.9417141808921607,0.04,0.129,4.5572402173473576e-51,OSMR,50.34129807865503,Sig Down
2.1723666139100363e-55,-2.177419329216541,0.044,0.133,5.425920091563098e-51,ADAMTS1,50.26552660645513,Sig Down
3.296172443266085e-55,0.4461738018765793,0.83,0.674,8.232849911545701e-51,NCKAP5,50.08444980189464,Sig Up
7.034140458407344e-55,0.692625811800212,0.618,0.42,1.7569172622964024e-50,PLXDC2,49.755248690055176,Sig Up
7.733558433049182e-55,0.6793744728216868,0.56,0.346,1.9316108898226942e-50,UGT8,49.71408035484729,Sig Up
8.600939688111674e-55,0.6936750125205018,0.577,0.373,2.1482567058996527e-50,PLEKHH1,49.66791382385962,Sig Up
9.900010511418272e-55,0.991718671536841,0.361,0.174,2.4727256254369418e-50,CARNS1,49.60682407044398,Sig Up
1.1839491934041089e-54,-2.3604602034823676,0.031,0.11,2.957149900365443e-50,TRPC4,49.5291266601707,Sig Down
2.6900168808547497e-54,-2.0280663476423455,0.038,0.123,6.718855163310908e-50,COL4A1,49.17270472078745,Sig Down
5.702133946164478e-54,0.780980912020977,0.44,0.237,1.4242219957335015e-49,HHIP,48.84642231125551,Sig Up
1.029088122274653e-53,1.6677004637919888,0.227,0.076,2.5703534030054008e-49,GRIA4,48.590007160550634,Sig Up
2.5210637520873082e-53,0.3651578411311398,0.928,0.844,6.29686093358847e-49,ZBTB20,48.20087589800206,Sig Up
2.887478000093176e-53,1.3171690451921467,0.257,0.096,7.212053800832725e-49,PLPPR1,48.14194104216627,Sig Up
7.124107980454322e-53,0.48583809014750345,0.837,0.705,1.779388450278076e-48,ANK3,47.749729232693674,Sig Up
3.60031018327321e-52,0.6113853021684266,0.67,0.468,8.992494744761496e-48,LSAMP,47.04611980731226,Sig Up
8.357785867858175e-52,0.5570027830415736,0.664,0.451,2.0875241762149363e-47,MBNL2,46.68036848612655,Sig Up
9.918920377761718e-52,0.5450668842446498,0.45,0.246,2.4774487427535444e-47,MT-ND4,46.60599532209781,Sig Up
1.2943521670011082e-51,-1.9446761377486048,0.048,0.138,3.232903407518668e-47,MIR4435-2HG,46.49040727101737,Sig Down
7.660799598147351e-51,-1.6634066702880272,0.065,0.165,1.913437915629264e-46,NTRK3,45.71818562454847,Sig Down
6.939493858150091e-50,0.7957551124522495,0.405,0.217,1.7332773809501482e-45,AC009063.2,44.761131930433024,Sig Up
1.52763064668825e-49,-2.0141701437854795,0.033,0.11,3.815563066233242e-45,MCTP1,44.41844136373429,Sig Down
1.783846554907807e-49,-1.5957676809533254,0.051,0.141,4.4555135401932293e-45,COL4A2,44.35110223218409,Sig Down
2.3363534777029543e-49,-1.184451040486757,0.142,0.271,5.835510081258668e-45,CACNA1C,44.23392117632916,Sig Down
2.8653514798598735e-49,1.0357425044558555,0.343,0.173,7.156788391246006e-45,NAALADL2,44.14528182362339,Sig Up
5.13249080798334e-49,0.7564413067887139,0.421,0.232,1.2819422291099989e-44,ATP10B,43.89213154591242,Sig Up
4.814535169455643e-48,-1.0366215934041068,0.1,0.215,1.202526449274936e-43,VWF,42.919905362648244,Sig Down
5.720232182296139e-48,-1.7976899548596692,0.038,0.118,1.4287423921721065e-43,YBX3,42.845046069140125,Sig Down
6.114643657539917e-48,1.2189834695125477,0.258,0.105,1.5272545463437453e-43,TNIK,42.816088573382686,Sig Up
6.510849067886494e-48,-1.8373327109285502,0.037,0.116,1.6262147716860095e-43,TSHZ2,42.78882209834924,Sig Down
8.912758437130532e-48,0.88616337557792,0.321,0.15,2.226139674842093e-43,CNP,42.65244759017645,Sig Up
9.543556645588871e-48,-1.5650268972435897,0.065,0.161,2.3836941433687324e-43,SVIL,42.622749470563015,Sig Down
1.1852082838542768e-47,1.3541743718418369,0.245,0.097,2.960294730582827e-43,AL354809.1,42.52866504789591,Sig Up
2.854519177694922e-47,-2.537635624343486,0.055,0.141,7.129732550128607e-43,HSPD1,42.14692676105723,Sig Down
3.308977412806825e-47,-1.9767087589001022,0.034,0.109,8.264832883967607e-43,JAG1,42.08276592349658,Sig Down
3.528737547452475e-47,0.6848349498414965,0.435,0.241,8.813727772272047e-43,LIPA,42.054840367579885,Sig Up
3.9462057293937957e-47,-1.5558607600038201,0.056,0.146,9.856438050306883e-43,NPAS2,42.006280003373284,Sig Down
4.209768452890738e-47,-1.3061162211259854,0.114,0.229,1.0514738664785195e-42,SHC2,41.97820151687706,Sig Down
9.851767331333416e-47,0.3661620997912447,0.842,0.71,2.4606759263471472e-42,DOCK10,41.60894557957911,Sig Up
2.399894218897055e-46,0.6681530096230281,0.463,0.271,5.994215790539174e-42,NT5DC1,41.22226762659666,Sig Up
2.4911758351943143e-46,0.3842268707678418,0.856,0.717,6.222209883564839e-42,NPAS3,41.206055343639285,Sig Up
3.909218785139857e-46,-1.326248416668002,0.108,0.219,9.764055759643821e-42,SYNE2,41.01036974912002,Sig Down
3.4228694448294374e-45,0.9652283003784545,0.298,0.138,8.5493010123504855e-41,HEPACAM,40.068069391574575,Sig Up
4.8677936249965794e-45,0.8481212885255385,0.361,0.192,1.2158288137153956e-40,HS3ST5,39.915127568560294,Sig Up
4.8995740372557904e-45,0.8299683769589417,0.415,0.238,1.2237666072853788e-40,ZNF365,39.91230140149854,Sig Up
8.40605138120811e-44,0.4319669056418445,0.345,0.17,2.0995794534843495e-39,MT-ATP6,38.677867685895336,Sig Up
9.922667267980875e-44,-2.149738294790383,0.032,0.101,2.478384603523583e-39,ADGRD1,38.60583129754546,Sig Down
1.4261110557809808e-43,-1.63718886904858,0.044,0.123,3.561997584024156e-39,FOSL2,38.448306379439124,Sig Down
1.964881766300134e-43,0.5261491002033081,0.549,0.351,4.907685187687845e-39,SLCO1A2,38.309123303653884,Sig Up
2.634608327675076e-43,0.7577490300728051,0.357,0.186,6.580461220034037e-39,APLP1,38.18174366591554,Sig Up
3.2864691342266015e-43,-1.2941881620688853,0.101,0.207,8.208613956557782e-39,NXN,38.08573016831737,Sig Down
3.560643304059334e-43,-1.900156027400604,0.046,0.125,8.893418780548999e-39,PECAM1,38.05093125679044,Sig Down
4.428075584886248e-43,-1.8656889920700306,0.038,0.112,1.1060004388370383e-38,RFTN1,37.95624470071264,Sig Down
5.198192459612839e-43,-1.8824803104485834,0.046,0.126,1.2983525306374988e-38,MYOF,37.88660737123101,Sig Down
1.3995333801528232e-42,-1.4344164350949664,0.113,0.219,3.4956145236077066e-38,MKL2,37.45647646491071,Sig Down
1.522375858829621e-42,-1.8221708721425869,0.068,0.157,3.802438182598744e-38,BACE2,37.41993783767588,Sig Down
3.073087933109377e-42,0.30849738732848575,0.897,0.802,7.675651730527292e-38,PHLPP1,37.11488473885339,Sig Up
5.160383717551913e-42,0.9923242109764168,0.296,0.144,1.2889090411329412e-37,RHOBTB1,36.88977772991415,Sig Up
5.860946538362993e-42,-1.641304761660597,0.055,0.139,1.4638886168869249e-37,IFITM3,36.83449196625005,Sig Down
8.760359654949604e-42,0.7823514999240387,0.289,0.136,2.1880750310167626e-37,MT-CYB,36.65993778974361,Sig Up
1.3690282468546146e-41,1.472662969914802,0.155,0.041,3.4194218521687708e-37,PI16,36.46604731722989,Sig Up
1.3980628750255759e-41,-1.165543452527478,0.288,0.395,3.4919416429513806e-37,PLA2G4C,36.456933022800364,Sig Down
5.692654994120475e-41,0.6274188657359165,0.431,0.248,1.421854437881471e-36,COLGALT2,35.847144862158046,Sig Up
6.073891894836419e-41,1.1296058930364095,0.211,0.08,1.5170759785732923e-36,CYP7B1,35.81899266822525,Sig Up
6.270933783601942e-41,0.6572366749658227,0.434,0.257,1.566291131130257e-36,GLDN,35.80512751118479,Sig Up
6.430990388115047e-41,0.4848673874762981,0.665,0.482,1.6062684692394953e-36,ALCAM,35.79418186567938,Sig Up
7.671436626835537e-41,0.6197604004970882,0.45,0.272,1.916094726284712e-36,GNAI1,35.71758302444024,Sig Up
7.844509998677152e-41,-1.428961143909813,0.056,0.14,1.9593232623695924e-36,AC092957.1,35.70789390526031,Sig Down
8.670403006368734e-41,0.5969677331171901,0.455,0.271,2.1656065589007187e-36,LINC00639,35.66442044190227,Sig Up
1.29822207235584e-40,-2.7402709840800314,0.115,0.21,3.2425692701231814e-36,HSPH1,35.48911073743018,Sig Down
1.3338044020692008e-40,0.4095529224748553,0.768,0.608,3.331443255048243e-36,TMEM144,35.47736757973317,Sig Up
4.066769220153362e-40,-1.8720411531026908,0.044,0.119,1.0157569481177051e-35,HIF1A-AS2,34.99321019827169,Sig Down
4.318160120744758e-40,-0.9549949491450556,0.183,0.304,1.0785468533584182e-35,UTRN,34.96716098388268,Sig Down
6.036414060713853e-40,1.4085050970903996,0.181,0.061,1.5077151399444992e-35,OPALIN,34.82168070411369,Sig Up
6.288265930300723e-40,-1.2692641170899688,0.103,0.205,1.5706201814112117e-35,PDE7B,34.803928826456335,Sig Down
1.4574386220145524e-39,0.653779956767985,0.376,0.208,3.6402444462057474e-35,FOLH1,34.43886945204496,Sig Up
4.4893382117052974e-39,0.8851538992196698,0.249,0.11,1.121302005137632e-34,SELENOP,33.950277401231645,Sig Up
5.420448180100045e-39,0.45661161778375714,0.694,0.532,1.3538653419435882e-34,FHIT,33.8684245292691,Sig Up
1.5803602061599825e-38,-0.984880053344549,0.24,0.36,3.947265686925789e-34,PTPRM,33.403703640647194,Sig Down
3.936106908183254e-38,1.2210029387479195,0.24,0.11,9.831214224569314e-34,NEGR1,33.007392840411576,Sig Up
5.175814004636053e-38,1.10283302273875,0.211,0.085,1.2927630639379468e-33,NAV3,32.88848106479744,Sig Up
9.66960752728033e-38,-0.43636648068609674,0.855,0.873,2.415177872088808e-33,ERBIN,32.61705087898204,Sig Down
1.5409791551798557e-37,0.6778496705211201,0.37,0.209,3.848903635892726e-33,PRR5L,32.41466296209947,Sig Up
1.7281950500630001e-37,-0.9138421310789173,0.17,0.286,4.316512776542355e-33,PRKG1,32.36486696927301,Sig Down
2.079003538131723e-37,1.1682108510504503,0.167,0.054,5.192727137191605e-33,ERMN,32.28460449772565,Sig Up
2.8277551544325447e-37,0.6961533965139627,0.335,0.181,7.062884049226167e-33,KCNQ1OT1,32.15101792346632,Sig Up
3.2825918510024455e-37,-1.1687631198861748,0.095,0.191,8.198929666248808e-33,RBPMS,32.086242839126285,Sig Down
4.750482071640542e-37,0.5034559209363172,0.604,0.429,1.186527907033658e-32,SAMD12,31.9257220427579,Sig Up
5.179712758687153e-37,0.46850145951482536,0.449,0.273,1.2937368557372904e-32,MT-CO3,31.888154049573703,Sig Up
7.236165654464268e-37,-1.527767542580283,0.047,0.12,1.8073770955155404e-32,GGT5,31.742951225737006,Sig Down
1.361481980894642e-36,-1.0650477478000713,0.174,0.285,3.400573543680547e-32,ARHGAP26,31.46844782829633,Sig Down
1.6866359001655357e-36,-1.2557058016599414,0.118,0.217,4.2127104878434586e-32,ARHGAP29,31.37543838607903,Sig Down
1.7145502415552096e-35,0.9556461825321446,0.258,0.127,4.282432138332447e-31,GALNT13,30.36830951036625,Sig Up
1.8373341035300959e-35,0.8394737501506986,0.235,0.105,4.58910939038712e-31,LRRC37A3,30.338271589924588,Sig Up
2.1387079880047218e-35,0.38043282051728955,0.703,0.525,5.341850941639394e-31,ANKS1B,30.272308234646108,Sig Up
2.317526525987693e-35,0.46878143866587907,0.583,0.416,5.78848600395946e-31,LINC00609,30.2374350124568,Sig Up
2.7732383352440466e-35,0.5754960870813548,0.452,0.281,6.926717389939055e-31,PRKACB,30.159472531216025,Sig Up
3.8775895647330404e-35,0.6994180763572265,0.331,0.182,9.685055455833714e-31,ITGA2,30.013897888203143,Sig Up
7.11297883670114e-35,0.40875195178989854,0.696,0.542,1.7766087240428437e-30,SLAIN1,29.750408209617373,Sig Up
9.194255140828949e-35,-1.5458860520534132,0.119,0.213,2.2964491065248463e-30,RNF152,29.638943174892407,Sig Down
1.2362303996905e-34,-2.027188694190681,0.079,0.16,3.0877326693069616e-30,DNAJB1,29.510360307193352,Sig Down
1.3101620865124017e-34,0.5235615160439582,0.515,0.342,3.272391843482026e-30,MIR99AHG,29.485134698499184,Sig Up
2.4930629810662966e-34,1.1810103654832482,0.175,0.066,6.226923407809289e-30,CDH8,29.20572647613991,Sig Up
2.5657524514717e-34,-1.2174495695809404,0.081,0.168,6.408479898040865e-30,GLIS3,29.193244973629938,Sig Down
2.978884150328066e-34,0.3923455112265035,0.682,0.507,7.44035894227441e-30,ENPP2,29.128406112452932,Sig Up
3.232047645169321e-34,0.6090922303813779,0.27,0.132,8.072685403339413e-30,MT-ND1,29.092981971863903,Sig Up
3.5245852220998343e-34,-2.1314222187623346,0.066,0.143,8.803356509238756e-30,HSPA1B,29.055351710178254,Sig Down
3.6016879859524216e-34,0.5726962190922893,0.436,0.271,8.995936082513364e-30,VRK2,29.04595363895343,Sig Up
3.945787369421087e-34,-1.398274328558386,0.066,0.146,9.855393112603049e-30,ERG,29.00632604787066,Sig Down
4.836835145553222e-34,0.3440200299963019,0.779,0.628,1.2080963143048282e-29,GPM6B,28.91789844062905,Sig Up
7.037100964361083e-34,-0.401314659572936,0.118,0.216,1.7576567078684678e-29,ATP1B3,28.755065944072832,Sig Down
1.7091058023071033e-33,0.8016817160819696,0.233,0.108,4.268833562422452e-29,GREB1L,28.369690777576146,Sig Up
4.156325789998304e-33,-1.3069015331116292,0.087,0.173,1.0381254925678765e-28,RBMS3,27.983750144141233,Sig Down
4.8918288600298246e-33,0.3854794423585517,0.762,0.629,1.2218320943696492e-28,SEPT7,27.91298847126116,Sig Up
6.237864369613198e-33,-1.5371362543480254,0.048,0.118,1.5580313835982885e-28,SLC1A1,27.807423798533616,Sig Down
7.050402357147126e-33,0.6203939897371087,0.363,0.211,1.7609789967446376e-28,DPYSL5,27.754245823846638,Sig Up
9.355280921848136e-33,-1.2371273854082796,0.087,0.172,2.336668515850009e-28,CADPS2,27.631402893062646,Sig Down
2.190175582726792e-32,0.37096240398188574,0.784,0.634,5.470401552976708e-28,FRMD4B,27.26198079325684,Sig Up
2.564297332801326e-32,0.5382063859749588,0.41,0.251,6.404845448137873e-28,SH3TC2,27.193491345518158,Sig Up
3.0526579717201837e-32,0.6294587716874734,0.344,0.196,7.624623815965503e-28,FAM124A,27.117781578693386,Sig Up
4.395100322387215e-32,0.4699585256860561,0.471,0.303,1.0977642075226547e-27,ANLN,26.959490933445835,Sig Up
4.7776762490670186e-32,0.4054665130845092,0.503,0.331,1.1933201967294692e-27,NALCN,26.923243008957886,Sig Up
5.612034783462041e-32,-1.3628937457466972,0.083,0.167,1.401717927865314e-27,TMTC1,26.853339372030227,Sig Down
6.259192592860699e-32,-1.1404753932649996,0.093,0.18,1.5633585339188168e-27,ANO2,26.80594141133059,Sig Down
7.666706688221607e-32,0.467717901843836,0.594,0.43,1.9149133295171105e-27,KCNH8,26.717850877760252,Sig Up
7.899399247257468e-32,0.5317758868130191,0.413,0.255,1.9730329499874977e-27,ACER3,26.70486566189517,Sig Up
1.3658813383485818e-31,0.2979469671970141,0.86,0.745,3.411561818793253e-27,MAP7,26.46704675473215,Sig Up
1.4119976997023829e-31,1.1249343703191799,0.168,0.065,3.526746654546642e-27,MARCKSL1,26.45262573695406,Sig Up
1.5301357526106464e-31,0.4710757689518674,0.449,0.284,3.8218200692956114e-27,ATG4C,26.417729763317503,Sig Up
1.8835014038036945e-31,0.8812413297111449,0.216,0.098,4.704421456280487e-27,CSRP1,26.32749377793152,Sig Up
2.166179100713259e-31,-1.5819918366486725,0.06,0.133,5.410465539851507e-27,PDE3A,26.26676536471042,Sig Down
2.2166794829131703e-31,0.5611851021826586,0.414,0.264,5.536600344472225e-27,LMCD1-AS1,26.256756824592575,Sig Up
3.901279484020538e-31,0.4106637089748464,0.599,0.425,9.744225767238097e-27,PTBP2,26.01125266227998,Sig Up
4.206984603630243e-31,-1.301438174638637,0.079,0.159,1.0507785444487257e-26,ITGA1,25.978488803532194,Sig Down
4.692625560488241e-31,0.5261216177425578,0.345,0.199,1.172077086243148e-26,LINC01630,25.931043824299927,Sig Up
4.750072954108685e-31,0.21865188972384608,0.939,0.876,1.1864257217477262e-26,SLC44A1,25.9257594463593,Not sig
5.647409299235353e-31,0.5450697890817278,0.515,0.363,1.410553420670014e-26,PDE1A,25.85061046153777,Sig Up
1.0130657071552812e-30,0.3676579348442519,0.442,0.276,2.530334216761746e-26,MT-CO2,25.596822111666448,Sig Up
1.1040192781246436e-30,0.4675495925939921,0.476,0.313,2.7575089509719224e-26,HECW2,25.559483069150183,Sig Up
1.592298718694722e-30,0.5821474626320746,0.355,0.209,3.9770845096838064e-26,TAPT1-AS1,25.40043518052536,Sig Up
1.7457241415090604e-30,-0.784925594108554,0.132,0.231,4.36029518824718e-26,MECOM,25.36048410837194,Sig Down
1.8266944043271335e-30,-1.3506229106959902,0.092,0.175,4.5625346136878814e-26,PDZRN3,25.340793827746072,Sig Down
3.012709743709906e-30,-0.6745248287008325,0.177,0.286,7.524845126864232e-26,EBF1,25.12350243410494,Sig Down
3.7513492722481746e-30,-1.2058258059037859,0.068,0.143,9.369745077294266e-26,DOCK6,25.02827222480384,Sig Down
4.580471543291917e-30,0.7090905827039717,0.264,0.138,1.1440643773680221e-25,GPR37,24.941549536776346,Sig Up
4.603265086887689e-30,0.8811885599779034,0.216,0.103,1.1497575207519381e-25,CA2,24.939393740953417,Sig Up
5.468792134631961e-30,-1.050300254375303,0.183,0.28,1.3659402114670248e-25,BMPR2,24.86456830973078,Sig Down
6.55913363369624e-30,0.6670685173316752,0.277,0.147,1.63827480768831e-25,RASGRP3,24.78561324698814,Sig Up
1.0573578266510863e-29,0.4842893683901359,0.472,0.313,2.6409626436264184e-25,MOB3B,24.578237741838002,Sig Up
1.996423850671898e-29,0.438598587677989,0.512,0.343,4.9864678518232e-25,ARFGEF3,24.302206976547648,Sig Up
2.25820577214166e-29,-1.575177117667884,0.102,0.183,5.640320557078224e-25,P4HA1,24.248696212999974,Sig Down
2.644262395435046e-29,1.8301391667595708,0.109,0.029,6.604574185078114e-25,CHRM5,24.180155177297326,Sig Up
3.193953872046024e-29,0.35413985389053737,0.818,0.703,7.9775385862093545e-25,AUTS2,24.098131086509284,Sig Up
3.875762471761707e-29,-1.1987350688416758,0.081,0.159,9.680491925719215e-25,RBMS2,24.014102572939844,Sig Down
4.466012516519397e-29,0.4347643197994988,0.524,0.362,1.1154759462510498e-24,SH3D19,23.95253979025963,Sig Up
7.272187444940661e-29,0.6214835658765302,0.317,0.183,1.816374258122829e-24,LINC00320,23.74079466160174,Sig Up
7.361540657148892e-29,-0.789701490873665,0.356,0.439,1.838692009936079e-24,MSI2,23.73549101115736,Sig Down
8.458448096027432e-29,-1.35707613859525,0.071,0.145,2.1126665809447718e-24,CPNE8,23.67516903748697,Sig Down
8.800698009372627e-29,0.36398960625746213,0.655,0.491,2.198150341801001e-24,CADM1,23.65794260746226,Sig Up
9.828065171237722e-29,-1.6098357369898453,0.055,0.121,2.4547558378200457e-24,SAMHD1,23.609991698474136,Sig Down
1.0662383336284704e-28,0.7914547150595557,0.214,0.103,2.6631434859038305e-24,ZNF462,23.574605433839874,Sig Up
1.567173421460035e-28,0.447518350628507,0.453,0.295,3.91432905478073e-24,CPEB2,23.40734266854294,Sig Up
1.9133746512102918e-28,0.4243381096585188,0.538,0.376,4.7790358663279456e-24,DAAM2,23.320659710117443,Sig Up
2.1299300974907713e-28,-0.8870016646390562,0.136,0.23,5.3199264045026995e-24,ZEB1,23.274094375663495,Sig Down
3.482449649370152e-28,1.287305819421752,0.129,0.043,8.698114489231829e-24,AC079594.2,23.060574880216972,Sig Up
3.8558428818779615e-28,0.2360278726262921,0.922,0.855,9.630738766066584e-24,FRMD5,23.01634039722437,Not sig
4.241414780120972e-28,0.5875303718793364,0.3,0.17,1.059378169630815e-23,KIAA1958,22.974948980717542,Sig Up
6.385958315204886e-28,-1.239866077078186,0.047,0.11,1.5950208083887244e-23,HES4,22.797233646832847,Sig Down
6.945246277183916e-28,1.4645256271913825,0.107,0.029,1.7347141626522266e-23,FAM135B,22.76077207580664,Sig Up
7.149537698106203e-28,-1.3440415735948636,0.083,0.16,1.7857400308559863e-23,SORBS2,22.74818176570647,Sig Down
7.328775929683574e-28,0.6066130597477764,0.325,0.192,1.8305083639570663e-23,SYNDIG1,22.737428282399986,Sig Up
1.1320657893725709e-27,0.6192426200090296,0.292,0.165,2.8275607221158706e-23,PHF14,22.548588059790063,Sig Up
1.155331503487466e-27,0.7171572602688377,0.277,0.154,2.8856714962606435e-23,FIGN,22.53975311034633,Sig Up
1.369479611355551e-27,0.7554270599181525,0.294,0.173,3.4205492252827596e-23,LINC01505,22.465904155242402,Sig Up
1.8230096173173072e-27,-1.0954294432459388,0.098,0.18,4.553331121173438e-23,FLI1,22.34167076636882,Sig Down
3.393790768613505e-27,1.2275976293619688,0.145,0.056,8.476671202765951e-23,AC105383.1,22.071774662141,Sig Up
3.458259976498386e-27,-1.569726058888465,0.063,0.13,8.637695943300019e-23,THSD7A,22.063602087678092,Sig Down
4.032139106331022e-27,0.45198342279301795,0.428,0.278,1.0071073845882994e-22,LIFR,21.99692421956783,Sig Up
4.438377867735561e-27,0.8788701772819603,0.182,0.081,1.108573640024311e-22,TSGA10,21.955235452397076,Sig Up
4.915304671353832e-27,0.3544693483664374,0.559,0.388,1.2276956477640465e-22,FAM107B,21.910909283747905,Sig Up
6.2928950844182256e-27,0.5335200564910096,0.312,0.18,1.5717764052351403e-22,ATP1B1,21.80360923493732,Sig Up
6.802156455077984e-27,-1.5352298866259324,0.049,0.111,1.698974617784828e-22,CFH,21.769813109323028,Sig Down
7.138554373673248e-27,1.5044226996253056,0.117,0.038,1.782996725912367e-22,MDGA2,21.748849454311745,Sig Up
7.637963762017468e-27,0.5348574488737332,0.349,0.213,1.907734208839103e-22,BTBD3,21.71948213260639,Sig Up
8.13467187730301e-27,-0.7964541635228388,0.192,0.292,2.031796994793973e-22,PARD3,21.692119686370916,Sig Down
8.760605659228583e-27,-1.4528167432631147,0.054,0.117,2.188136475505523e-22,PARVB,21.659925594262486,Sig Down
9.084201960416461e-27,-1.1802570893010036,0.083,0.158,2.2689611236532193e-22,AKAP13,21.64417294524663,Sig Down
1.2318559416921625e-26,0.439951612846897,0.322,0.187,3.076806585564514e-22,KLHL4,21.51189980354525,Sig Up
1.4707281281015906e-26,-1.4447390556576896,0.058,0.123,3.673437645559343e-22,RPGR,21.4349273276501,Sig Down
1.9128788421870746e-26,0.9861314609523951,0.16,0.067,4.777797484130656e-22,APOD,21.320772262578714,Sig Up
1.9543153786742596e-26,0.6055032968559529,0.293,0.167,4.8812935213146985e-22,ZFHX4,21.311465076618305,Sig Up
2.2201821028288192e-26,0.5458263111867916,0.311,0.182,5.545348838235542e-22,TTLL11,21.256071128729328,Sig Up
2.5194014327798794e-26,1.2457192066811258,0.119,0.039,6.2927089586543045e-22,TMEM151A,21.201162354153258,Sig Up
2.918565071817221e-26,0.556324450722113,0.325,0.193,7.289699979877874e-22,GAREM1,21.137290345449482,Sig Up
4.8762559918470106e-26,1.3364885372130673,0.122,0.042,1.2179424590836278e-21,S100B,20.91437322918489,Sig Up
4.957404521427688e-26,-1.3199975237432162,0.057,0.121,1.2382109273169936e-21,PDGFRB,20.907205367620374,Sig Down
5.0593806210480033e-26,-1.3247300390167605,0.06,0.125,1.2636814977191598e-21,RELL1,20.898362373216102,Sig Down
6.184129462889759e-26,0.4515782832388977,0.316,0.184,1.5446100159459752e-21,LINC00862,20.811181153327787,Sig Up
6.369210289086472e-26,0.3600983882693698,0.51,0.351,1.5908376539051282e-21,AMER2,20.798374138147658,Sig Up
7.862524116552403e-26,-0.47284141990213824,0.707,0.728,1.9638226485912937e-21,DIP2C,20.70689773559998,Sig Down
1.0608096306792664e-25,-1.288017329719465,0.062,0.128,2.6495842145476035e-21,RHOJ,20.57682227228776,Sig Down
1.207185166248037e-25,1.1450202592465681,0.126,0.045,3.0151863897377217e-21,PCDH9-AS2,20.52068583591768,Sig Up
1.2582914438212814e-25,0.5168964318693503,0.363,0.229,3.1428345392324146e-21,RCAN2,20.502678482676302,Sig Up
1.3250663826475366e-25,0.3913954384221965,0.297,0.167,3.309618303938752e-21,FAM95C,20.48022209022784,Sig Up
1.4206110111337345e-25,-1.143010944381947,0.063,0.131,3.548260122508728e-21,ISYNA1,20.44998454959872,Sig Down
1.5065365524469573e-25,-0.9790499803434372,0.139,0.227,3.762876347046765e-21,ADAMTS9-AS2,20.42448005292053,Sig Down
1.8268243446477405e-25,0.373661680332932,0.59,0.427,4.562859165626662e-21,SCD5,20.340762935683863,Sig Up
2.0250451995639282e-25,0.3408267923855135,0.719,0.574,5.057955394950824e-21,DNAJC6,20.296025004926793,Sig Up
2.7891220389225984e-25,-1.5245106976425546,0.048,0.107,6.966390116616973e-21,NFKBIA,20.156992208782455,Sig Down
2.91113270918167e-25,0.4772312004840862,0.395,0.256,7.271136167723056e-21,SDCCAG8,20.13839772217817,Sig Up
2.912338689034355e-25,0.5700155645758601,0.285,0.163,7.274148343601108e-21,MITF,20.138217846510553,Sig Up
3.2514551588413007e-25,0.38593077779408813,0.468,0.315,8.121159550237918e-21,IGSF11,20.09038195717302,Sig Up
3.3196277179429324e-25,-1.7325680441995257,0.048,0.107,8.291434151106062e-21,PGK1,20.081370343992248,Sig Down
4.999815816804161e-25,0.23884290036969924,0.828,0.715,1.2488039965631754e-20,NCAM1,19.903505720065308,Not sig
5.288389870161175e-25,0.4934196048129096,0.381,0.246,1.3208811378701566e-20,MYO5A,19.879136261484373,Sig Up
5.908091022351173e-25,0.5699708667883805,0.296,0.173,1.4756638946526524e-20,DEPTOR,19.831012548556167,Sig Up
7.555152121683592e-25,0.7948636524424613,0.223,0.116,1.8870503454329108e-20,AL589740.1,19.72421651295005,Sig Up
1.003210024065031e-24,0.5023597554367003,0.389,0.253,2.505717677107228e-20,FAR1,19.601067863182884,Sig Up
1.1539391827337345e-24,-0.8124398435843181,0.184,0.277,2.882193896714049e-20,ZFHX3,19.54027680581197,Sig Down
1.541853039717833e-24,0.9016177498836195,0.155,0.066,3.851086337303231e-20,AC004690.2,19.414416744842846,Sig Up
1.8560514559403277e-24,0.5895905357351281,0.261,0.146,4.6358597215021564e-20,KIAA1755,19.333869714015446,Sig Up
2.2351910543345793e-24,0.5119827760077875,0.335,0.209,5.5828366964114785e-20,AC006148.1,19.253145075514183,Sig Up
3.083267510017049e-24,0.6134078962473175,0.24,0.129,7.701077259769583e-20,MAG,19.113448519600286,Sig Up
3.402298291232616e-24,0.4857732126740799,0.31,0.185,8.497920442011705e-20,PLD5,19.07068733911577,Sig Up
3.869434134415217e-24,0.23674809572572997,0.885,0.793,9.664685637528887e-20,PLCL1,19.014812267668216,Not sig
3.996681690038589e-24,0.8895649825578447,0.176,0.084,9.982511857209384e-20,LINC00877,19.000760165279125,Sig Up
4.722604971761316e-24,0.7357239785882386,0.182,0.087,1.179565043796824e-19,PRTFDC1,18.928278106170335,Sig Up
4.88368003980083e-24,0.36838124985219145,0.473,0.328,1.2197967635410533e-19,CPQ,18.913712523280438,Sig Up
7.083136696716861e-24,0.5583874743372526,0.27,0.154,1.7691550527389705e-19,LRRC4C,18.752234102874336,Sig Up
7.463204258628677e-24,0.2877104499294161,0.658,0.508,1.8640845276776847e-19,ENOX1,18.729534398274065,Sig Up
8.058046185133769e-24,0.5283574332077563,0.344,0.218,2.0126581956608614e-19,RAP1GDS1,18.6962299739154,Sig Up
8.604169866722005e-24,0.6449582404645046,0.222,0.117,2.1490635076111552e-19,MEIS1,18.667750750354273,Sig Up
1.0988770105767498e-23,0.3539151782313281,0.663,0.521,2.744665109317548e-19,FBXL7,18.56151063848095,Sig Up
2.1032849665170653e-23,-1.4269570994174186,0.209,0.281,5.253374860869674e-19,PTGES3,18.27956160848708,Sig Down
2.4473486360429024e-23,0.7293591647502564,0.182,0.088,6.112742688244358e-19,TUBA1A,18.213763885156986,Sig Up
2.515144196863288e-23,0.6562170010570951,0.284,0.173,6.282075660505435e-19,LINC01170,18.201896837319538,Sig Up
2.939717081471849e-23,0.8720120842032677,0.159,0.072,7.342531354392237e-19,NRXN1,18.134154190258283,Sig Up
4.4616200948929303e-23,0.6370048371168988,0.208,0.108,1.1143788511014072e-18,MFAP3L,17.952967138631035,Sig Up
4.7737810780884e-23,-0.7137506966638122,0.144,0.23,1.1923472998741398e-18,EPAS1,17.92359722743951,Sig Down
5.756565103406627e-23,1.177300646822716,0.1,0.032,1.4378172658778732e-18,PACRG-AS3,17.842296305513422,Sig Up
5.941455755915837e-23,0.5053162434797074,0.329,0.205,1.4839974041550987e-18,FOXN2,17.82856685873496,Sig Up
6.101032954560956e-23,0.4056003263499268,0.407,0.27,1.52385500106069e-18,SEMA6A,17.817056355329175,Sig Up
6.90262522481729e-23,-0.9704392609682968,0.098,0.172,1.7240687024026145e-18,PRKCH,17.763445431968467,Sig Down
6.952292132261569e-23,-0.6985150210101452,0.458,0.507,1.7364740058749722e-18,KDM6A,17.760331713470155,Sig Down
7.446317357823539e-23,0.43449293986241444,0.465,0.33,1.859866686463585e-18,EPB41L2,17.730518184496166,Sig Up
8.886395908753327e-23,-1.1549417102262949,0.072,0.137,2.2195551061293184e-18,ARHGAP42,17.65373406803407,Sig Down
1.0389297742788199e-22,0.6085013169632529,0.22,0.118,2.5949348972162083e-18,LGR5,17.585873533435727,Sig Up
1.1714659456959098e-22,-1.4363186759335622,0.064,0.124,2.9259704925646738e-18,ABCA1,17.533730057903448,Sig Down
1.377508260468545e-22,0.6772402950010188,0.177,0.085,3.440602382172285e-18,DHCR24,17.4633655143033,Sig Up
1.484111094158007e-22,-1.1697052752977775,0.07,0.135,3.706864279878454e-18,GRM8,17.43099331458519,Sig Down
1.4950466030342396e-22,0.35312611466792587,0.603,0.461,3.7341779003986206e-18,MAP4K5,17.427804995620733,Sig Up
2.1451574977820683e-22,0.55418699760466406,0.25,0.141,5.357959882210272e-18,ITGB8,17.271000542500847,Sig Up
2.1906660497432395e-22,0.36492251855213964,0.487,0.344,5.471626592443689e-18,NLK,17.261883548417806,Sig Up
2.365331186724214e-22,0.2905792842799704,0.495,0.352,5.907887705081069e-18,TLE4,17.228567768188647,Sig Up
2.414572555049718e-22,0.8019454811739403,0.143,0.061,6.0308778707476806e-18,KCNJ10,17.219619466189535,Sig Up
2.5349423257076745e-22,0.3259933664243144,0.64,0.493,6.3315254469200584e-18,KLHL32,17.198491643321262,Sig Up
3.1789679429308007e-22,0.4300871129022805,0.345,0.218,7.940108231058261e-18,RTN3,17.100173577694942,Sig Up
3.3600680270811596e-22,0.36119257842467567,0.379,0.243,8.392441911240612e-18,PPP1R9A,17.076111656063265,Sig Up
5.345587644500026e-22,0.46546547255043613,0.359,0.235,1.3351674259667714e-17,KIAA1324L,16.874464271666927,Sig Up
5.458147444109061e-22,0.6553834283493621,0.179,0.088,1.3632814871151203e-17,C3orf58,16.86541446281596,Sig Up
5.540326365869336e-22,0.5365949571838275,0.241,0.136,1.383807316403184e-17,FEZ1,16.858924377544398,Sig Up
5.606890783985694e-22,0.74320678119895,0.182,0.091,1.400433111116107e-17,SEPT4,16.853737629551524,Sig Up
6.248681253118842e-22,-1.032341598451688,0.134,0.211,1.5607331165914933e-17,GALNT18,16.806671354401356,Sig Down
7.815355456533491e-22,-0.8929537336200983,0.263,0.343,1.95204133237837e-17,ARL15,16.709510990852827,Sig Down
8.194149232214856e-22,0.4134536660886552,0.389,0.26,2.0466526537303046e-17,ZFYVE16,16.68895585707773,Sig Up
9.077737191119869e-22,-0.8826062710865041,0.256,0.332,2.2673464182260098e-17,CAMK2D,16.64448212079528,Sig Down
1.838836992878604e-21,0.6882308422995911,0.183,0.093,4.5928631571128895e-17,MFSD6,16.33791649405434,Sig Up
1.8417165691045353e-21,0.2221262062066578,0.835,0.728,4.600055474652398e-17,FRYL,16.337236930885783,Not sig
1.970218632313057e-21,-1.0671884724635503,0.207,0.281,4.921015077928323e-17,BNIP3L,16.30794530429105,Sig Down
2.0120713881059157e-21,0.40388907617097525,0.365,0.236,5.025550706072146e-17,DTNB,16.298816340772426,Sig Up
2.188912286652985e-21,1.3175739948967327,0.113,0.044,5.467246218373161e-17,STMN4,16.26223136714138,Sig Up
3.0541389648943358e-21,-0.4433562899391468,0.125,0.208,7.628322892616583e-17,ATP10A,16.117570932365187,Sig Down
3.3428947255598374e-21,0.9856321542929388,0.121,0.048,8.349548156030805e-17,TMEM235,16.078337026151377,Sig Up
4.6263582413592425e-21,0.8728995335478584,0.145,0.066,1.155525497944298e-16,SLC48A1,15.937220466892503,Sig Up
4.7924269660782265e-21,0.6907936285348236,0.19,0.099,1.1970044833173586e-16,DPH6-DT,15.921904222963395,Sig Up
4.862423765666662e-21,0.6183901012081848,0.158,0.073,1.2144875839505623e-16,AC066613.2,15.915606920751252,Sig Up
6.6362840858347625e-21,-1.4471576543735276,0.098,0.163,1.6575446761189486e-16,HSPB1,15.78053475714313,Sig Down
7.983059562900652e-21,0.4588407923008202,0.303,0.189,1.9939287870256959e-16,STXBP6,15.700290356532918,Sig Up
8.762283573781082e-21,0.9144578321167692,0.137,0.06,2.1885555682233008e-16,AL592183.1,15.65984242201574,Sig Up
1.3270285738183879e-20,-0.7299797157521253,0.315,0.386,3.3145192688261876e-16,ASAP1,15.479579451885382,Sig Down
1.3761327729617885e-20,0.3111267701472782,0.47,0.329,3.437166827026659e-16,SLC25A13,15.4637993883461,Sig Up
1.3952752047876114e-20,-0.6869537518595801,0.38,0.441,3.484978878998017e-16,ADD1,15.45779984963553,Sig Down
1.396247917254871e-20,0.5018876424044747,0.278,0.168,3.487408422927491e-16,BOK,15.457497187858687,Sig Up
1.6555436418752417e-20,0.5016807548458881,0.323,0.21,4.135051354311791e-16,CDK6,15.383519092458293,Sig Up
1.8436112507586435e-20,0.4049071483552462,0.445,0.313,4.604787821019864e-16,ZNF704,15.336790376386396,Sig Up
2.2867137244212944e-20,0.5465159716719636,0.203,0.109,5.711524869487067e-16,GLTP,15.243247927832458,Sig Up
2.43852385174227e-20,-1.068821282916483,0.074,0.135,6.090701024496668e-16,COL5A3,15.215332718278598,Sig Down
2.4903707146201772e-20,0.46769012406529376,0.273,0.166,6.220198933906817e-16,CAMK2N1,15.206195725515544,Sig Up
2.5548081871524854e-20,0.8738104779784615,0.142,0.065,6.381144409050763e-16,PCDH17,15.19510142692686,Sig Up
2.7767748438560846e-20,0.42565662559736106,0.494,0.362,6.935550527499343e-16,CCNH,15.15891905995975,Sig Up
2.827269949579985e-20,0.5483888948567951,0.27,0.165,7.06167215306593e-16,ZNF280D,15.15109244896769,Sig Up
2.913667685941307e-20,0.3569272433217412,0.522,0.385,7.277467779175603e-16,GAB2,15.138019708713916,Sig Up
3.1515252854341006e-20,0.996081512999435,0.119,0.049,7.871564705428753e-16,C21orf91,15.1039389302344,Sig Up
3.464469766365019e-20,0.6452182864202634,0.181,0.094,8.653206135449907e-16,C15orf41,15.062822950460156,Sig Up
3.5039526481843193e-20,0.555515430452736,0.178,0.09,8.751822529369974e-16,AC091948.1,15.057901497603055,Sig Up
4.654781433506791e-20,0.4104851960535223,0.302,0.187,1.1626247586469912e-15,SUN2,14.934560432773681,Sig Up
6.41035588655917e-20,0.417380443717581,0.307,0.193,1.6011145897858839e-15,USP31,14.795577585050834,Sig Up
6.957708745045831e-20,-1.0412611325980652,0.087,0.151,1.7378269132500973e-15,IGFBP7,14.759993481261189,Sig Down
7.65114677010972e-20,0.5311960634908954,0.214,0.119,1.9110269287703047e-15,NAPEPLD,14.718733193147003,Sig Up
8.710317578874433e-20,0.3723358836676778,0.508,0.375,2.1755760216754673e-15,CACNA2D1,14.662425736449723,Sig Up
9.685864856299107e-20,-0.45785725020842327,0.128,0.207,2.419238465157828e-15,ABCB1,14.616321320973453,Sig Down
1.0132811141500387e-19,0.3905440696822784,0.419,0.29,2.5308722388125518e-15,TRA2A,14.596729777946916,Sig Up
1.0786840177606837e-19,0.3302395449974165,0.417,0.284,2.69422907116086e-15,SLC12A2,14.5695654820682,Sig Up
1.1068376028254653e-19,0.9377799199869159,0.133,0.06,2.7645482805771644e-15,CHADL,14.558375821060695,Sig Up
1.331737236734087e-19,1.2243132606615552,0.122,0.053,3.3262800961907292e-15,SLIT2,14.478041182925207,Sig Up
1.4861454270362725e-19,-1.1769078552919308,0.054,0.107,3.711945433108498e-15,CCDC85A,14.430398416686488,Sig Down
1.5494470106227956e-19,-1.2065288426302851,0.135,0.207,3.870053798432556e-15,AFF3,14.412282997720107,Sig Down
1.650983610658366e-19,0.4996121855866163,0.234,0.135,4.123661764341401e-15,ZBTB44,14.384716964121862,Sig Up
1.7140942796406788e-19,0.391421802026384,0.303,0.193,4.281293282258524e-15,SGCD,14.368425020588077,Sig Up
1.8515994273256421e-19,0.40651575413996044,0.362,0.238,4.624739889631257e-15,CTTNBP2,14.334912688368087,Sig Up
1.9171433137259356e-19,0.4045188926065837,0.353,0.237,4.78844885469327e-15,KCTD8,14.319805146908095,Sig Up
2.2941571843155696e-19,-0.824855444866293,0.244,0.319,5.7301163992649985e-15,ELOVL7,14.2418365558607,Sig Down
2.8519463943497354e-19,0.3252348489716179,0.344,0.223,7.123306509167334e-15,PIK3R1,14.147318367971017,Sig Up
3.232727749305678e-19,0.5878124958080843,0.13,0.057,8.074384099440792e-15,ANKRD18A,14.092890594992594,Sig Up
3.4416426104859815e-19,0.7344745212417799,0.147,0.07,8.596190748210835e-15,LRRTM3,14.06569395614287,Sig Up
3.466887920608267e-19,-0.45293373519439006,0.49,0.549,8.659245959303268e-15,ZBTB16,14.062519924376588,Sig Down
3.746059502053535e-19,-0.879274819898106,0.09,0.155,9.356532818279114e-15,PAM,14.028885054771212,Sig Down
4.087622415483732e-19,-0.8996592823237607,0.113,0.182,1.0209654507153718e-14,PDE10A,13.990988954110485,Sig Down
4.253322867042707e-19,0.8670178993369164,0.186,0.104,1.062352452501257e-14,RBFOX1,13.973731375173376,Sig Up
4.362537315358864e-19,0.17418786725327973,0.932,0.883,1.0896309452571835e-14,RNF220,13.962720571397153,Not sig
4.571370516659353e-19,0.32252978887475425,0.497,0.359,1.1417912139460066e-14,NSMCE2,13.942413303201334,Sig Up
4.598978317083127e-19,-1.0393584116544912,0.07,0.128,1.1486868142578527e-14,NR2F2-AS1,13.93979836415762,Sig Down
4.642574938724875e-19,1.0355596352917764,0.1,0.037,1.159575942445312e-14,PCDH10,13.935700803468498,Sig Up
4.945319751197874e-19,-0.6582707410393853,0.206,0.287,1.235192514256693e-14,SOX5,13.908265348992522,Sig Down
5.349736856609087e-19,0.3313926472991513,0.539,0.396,1.3362037746752515e-14,ANKIB1,13.87412730573131,Sig Up
5.375679532550494e-19,0.4548002350148546,0.229,0.131,1.3426834768451368e-14,ABHD17B,13.872026355507858,Sig Up
5.516009519284898e-19,-0.9627430003372546,0.092,0.156,1.377733697631789e-14,COLEC12,13.860834719166904,Sig Down
6.477677570204385e-19,0.4770969643365723,0.227,0.132,1.6179295267099493e-14,TPD52,13.791040399180822,Sig Up
6.839301300804192e-19,0.6627486619073264,0.167,0.086,1.708252285901863e-14,WASHC5,13.767447989452691,Sig Up
7.258729264931102e-19,0.4402429021523784,0.241,0.141,1.8130128085018414e-14,SYT9,13.741599127707017,Sig Up
7.284422315852299e-19,-1.0839559415889757,0.198,0.268,1.8194301618304288e-14,ELOVL5,13.740064609994631,Sig Down
7.41016095021013e-19,0.4729141864448393,0.165,0.084,1.850835900533984e-14,FTL,13.732632085110874,Sig Up
1.0799382208019513e-18,0.2665929627517487,0.641,0.503,2.697361694097034e-14,RAPGEF5,13.569060814311543,Sig Up
1.239550327396829e-18,0.5664882319760813,0.178,0.095,3.09602485273906e-14,ZDHHC9,13.509195561760427,Sig Up
1.3174496907842465e-18,0.5367468160494615,0.205,0.115,3.290594092671812e-14,KMT5B,13.482725686282034,Sig Up
1.4040394048723338e-18,0.4339418464264275,0.317,0.209,3.506869221549628e-14,ASTN2,13.455080429561429,Sig Up
1.4256685931443063e-18,0.41953528641981674,0.283,0.178,3.560892445096534e-14,REPS2,13.448441143766495,Sig Up
1.8250449941010067e-18,0.464160099068868,0.263,0.162,4.5584148817660845e-14,NECAB1,13.341186150269756,Sig Up
1.839794606353106e-18,0.6787683475478092,0.145,0.07,4.595254988288153e-14,SEMA3C,13.337690384836305,Sig Up
1.9057367141883114e-18,0.3298024393591463,0.465,0.335,4.7599585910281454e-14,PSD3,13.32239682538165,Sig Up
2.001403273440753e-18,0.3747429375565554,0.319,0.205,4.998904956072969e-14,HBS1L,13.301125120387926,Sig Up
2.134473575543774e-18,-0.6030859753706634,0.505,0.546,5.331274649635684e-14,POLR2F,13.273168943483522,Sig Down
2.206126552945245e-18,-0.6140585788773552,0.202,0.281,5.5102422912913384e-14,SORBS1,13.258829304331996,Sig Down
2.6467349298838042e-18,0.6520224335157118,0.149,0.074,6.610749834370777e-14,FTCDNL1,13.17974927720721,Sig Up
2.7566318346168545e-18,0.3009576702864356,0.542,0.404,6.885239333322518e-14,SHROOM4,13.162080958916896,Sig Up
2.952256068553496e-18,0.7405580178523627,0.171,0.092,7.373849982426067e-14,AL139383.1,13.132305702160778,Sig Up
3.0180507582565868e-18,0.8159118344315326,0.131,0.061,7.538185378897477e-14,ANKAR,13.122733186594255,Sig Up
3.043071851785278e-18,0.7706164549267062,0.186,0.104,7.600680564204089e-14,AL359091.1,13.11914751929216,Sig Up
3.184028511404274e-18,0.5458114314217445,0.218,0.127,7.952748012934455e-14,HDAC9,13.0994827781817,Sig Up
3.540142696360985e-18,0.27727726415517995,0.409,0.28,8.842214412700832e-14,KIF6,13.053438958201484,Sig Up
3.876694905511429e-18,0.6956773472104943,0.131,0.061,9.682820865495897e-14,ZMAT1,13.013998102624306,Sig Up
3.9605255519411624e-18,0.4160840098206411,0.358,0.242,9.892204671083441e-14,SLC1A3,13.004706906604858,Sig Up
4.369606886801636e-18,0.8247621706236474,0.152,0.078,1.0913967121164447e-13,ESRRG,12.962017358883307,Sig Up
4.960242945335222e-18,0.5842112581630597,0.205,0.118,1.2389198804563782e-13,TLN2,12.906956778047467,Sig Up
4.984715062865957e-18,0.5025065356763977,0.192,0.106,1.24503228125203e-13,GATM,12.904819388015735,Sig Up
5.840666484787164e-18,0.3159917560784382,0.439,0.313,1.45882326790529e-13,PBX1,12.83599731840303,Sig Up
6.597359245171693e-18,0.6073737105472539,0.191,0.107,1.6478224186665337e-13,CALN1,12.7830895928505,Sig Up
9.959082383010616e-18,-0.9358252304343462,0.074,0.131,2.4874800068045615e-13,MCC,12.604240401223182,Sig Down
1.0490872371620766e-17,-0.34672056684679786,0.66,0.696,2.6203051922597185e-13,CLMN,12.581648122575208,Sig Down
1.3468183604894904e-17,-1.1656147130009342,0.096,0.156,3.3639482189946004e-13,RHOQ,12.47315069788542,Sig Down
1.8225963109855016e-17,-0.8561748679606864,0.108,0.174,4.552298805948487e-13,PLCB4,12.341769239250167,Sig Down
1.824377481718766e-17,0.545760760866944,0.146,0.072,4.556747636088962e-13,NKAIN1,12.341345023049964,Sig Up
1.8551411612319567e-17,0.3844200386845509,0.302,0.194,4.633586078409058e-13,JAKMIP2,12.334082764653049,Sig Up
1.941900436041386e-17,0.19211654034176684,0.795,0.675,4.85028471910057e-13,PDE1C,12.314232766901876,Not sig
2.3159433099691688e-17,-0.7747392417616886,0.163,0.235,5.784531605309993e-13,NEBL,12.23773180170184,Sig Down
2.378313524846056e-17,-1.1268243024503608,0.067,0.121,5.940313691007994e-13,MT2A,12.226190620561455,Sig Down
2.7710539694605257e-17,0.25719608407355965,0.537,0.398,6.921261499521555e-13,MVB12B,12.15981474190882,Sig Up
3.4919047100189566e-17,0.4895633963075663,0.209,0.122,8.721730394214348e-13,GDAP1,12.059397342348982,Sig Up
3.840414149737953e-17,0.573348133134783,0.171,0.093,9.592202421800485e-13,ENDOD1,12.018081665006854,Sig Up
4.195806394336923e-17,0.3482928882994203,0.413,0.291,1.0479865631135332e-12,MAPRE2,11.97964428567582,Sig Up
4.4647147277793744e-17,0.747010266943413,0.118,0.053,1.1151517975574544e-12,STMN1,11.952666011221714,Sig Up
4.664233609669039e-17,0.294139535989999,0.363,0.245,1.1649856286870358e-12,DUBR,11.933679432080378,Sig Up
5.3277497268452784e-17,0.32884724342680105,0.303,0.199,1.3307120492741452e-12,AC012593.1,11.875915910671528,Sig Up
5.590944431583652e-17,0.5456717592415885,0.189,0.107,1.3964501906766489e-12,RASGRF1,11.8549745503318,Sig Up
5.682662058573209e-17,0.31075004093261027,0.416,0.294,1.4193585023698303e-12,MOG,11.847907896342054,Sig Up
6.004356395616746e-17,0.2489541995621405,0.482,0.351,1.4997080969331948e-12,MEGF10,11.823993263762851,Not sig
6.390336543516139e-17,0.4513065847952697,0.179,0.098,1.596114358474026e-12,MKRN3,11.796935995519766,Sig Up
6.89493475825644e-17,0.34193189728144935,0.306,0.199,1.722147854569711e-12,LDB3,11.763929565038461,Sig Up
7.78398605227102e-17,-1.2798742442234194,0.061,0.111,1.944206196275733e-12,SLC6A6,11.711257677086758,Sig Down
7.921788156816451e-17,0.384710752428413,0.302,0.197,1.978625027928045e-12,RGL1,11.7036365017671,Sig Up
9.337822591308521e-17,0.5992166661167408,0.143,0.071,2.3323079486311294e-12,FAIM2,11.632214107617335,Sig Up
1.0520904842746545e-16,0.7400403824776293,0.141,0.071,2.6278064025728046e-12,ADAM22,11.580406633553428,Sig Up
1.0813489126412117e-16,0.4976873060132052,0.177,0.097,2.7008851791039543e-12,ADAMTS18,11.568493878286265,Sig Up
1.1324503462072272e-16,-1.203003694387557,0.088,0.145,2.8285212297217913e-12,TPST1,11.548440557274844,Sig Down
1.2824172195562336e-16,0.16905072311179303,0.817,0.691,3.2030934892856045e-12,MARCH1,11.494430385317346,Not sig
1.8656676918322548e-16,-0.9161067158061338,0.096,0.155,4.659878193889423e-12,RBMS1,11.33162543532997,Sig Down
1.9242422042749002e-16,0.4281588641852121,0.179,0.098,4.806179753617418e-12,PRNP,11.318199990389324,Sig Up
1.9495065614048439e-16,-1.1069340024766254,0.49,0.504,4.869282538420879e-12,HSP90AA1,11.312535024937143,Sig Down
1.961904871980091e-16,0.513179340788384,0.23,0.141,4.9002497987446736e-12,NFKB1,11.309781780491647,Sig Up
2.1793239094669912e-16,0.71010704222865,0.136,0.069,5.4432973286757036e-12,GALNT1,11.264137942611747,Sig Up
2.2499638512979673e-16,0.5167423812427203,0.172,0.095,5.619734711386933e-12,BACE1,11.250284185516373,Sig Up
2.3273936247169274e-16,0.5539728387064601,0.173,0.096,5.8131310564554695e-12,PLEKHM3,11.23558988580779,Sig Up
2.607903452006394e-16,0.5856932216162561,0.171,0.095,6.51376045207637e-12,HIBADH,11.186168216949273,Sig Up
2.7122948578595614e-16,0.38328641151069687,0.364,0.253,6.774498866475827e-12,TRPS1,11.169122825556705,Sig Up
2.727693418561596e-16,0.9163958953279496,0.151,0.081,6.812959851541298e-12,LRRTM4,11.166664170330446,Sig Up
3.103732128981051e-16,-0.646021139163834,0.378,0.432,7.75219173855597e-12,LPP,11.110575494217478,Sig Down
3.2529759572286206e-16,-1.3189112525423534,0.058,0.105,8.124958048369925e-12,LDLR,11.090178872737825,Sig Down
3.362347120499111e-16,0.26838498309747516,0.415,0.292,8.398134402870629e-12,RNF13,11.075817179238685,Sig Up
3.5646538360605936e-16,-0.6358602047893487,0.451,0.486,8.903435886328544e-12,IQGAP1,11.05044236430854,Sig Down
3.837704314342208e-16,-1.004283166316733,0.06,0.11,9.585434065932533e-12,CARMN,11.01838821578843,Sig Down
3.9364372102838693e-16,0.7307347349596407,0.141,0.073,9.832039220126021e-12,MFF,11.007356397712089,Sig Up
4.403894606610719e-16,0.3238519293850717,0.389,0.275,1.0999607558931593e-11,CRADD,10.958622809208212,Sig Up
4.533046227186167e-16,-0.47226314831738947,0.113,0.179,1.1322189561642889e-11,THSD4,10.946069578219635,Sig Down
4.660930772973315e-16,0.5018992970693584,0.21,0.127,1.1641606791655449e-11,AIG1,10.933987073587316,Sig Up
4.718309140425759e-16,-0.5510685370887416,0.169,0.243,1.178492074004142e-11,COBLL1,10.928673333994846,Sig Down
4.955377486913935e-16,0.7166470500301829,0.147,0.077,1.2377046349064937e-11,AC053527.1,10.907382982726906,Sig Up
5.484554237009093e-16,-0.5633344326591141,0.431,0.483,1.369877111777761e-11,SGIP1,10.863318390559336,Sig Down
7.196036397418313e-16,0.3463929812130411,0.369,0.261,1.7973540109831722e-11,LRRC7,10.745366374825059,Sig Up
7.577997517452898e-16,0.44004123689639246,0.226,0.14,1.8927564399342103e-11,EPC2,10.722905267493138,Sig Up
8.418612914549219e-16,-0.6755266257293355,0.426,0.467,2.1027169476669586e-11,MGAT5,10.677219184917005,Sig Down
1.0453012253454594e-15,0.2805894590583169,0.282,0.182,2.6108488705453538e-11,SCARB2,10.583218266663385,Sig Up
1.0849982589076495e-15,0.40382830732598873,0.294,0.197,2.710000151273636e-11,WIPF1,10.567030684883047,Sig Up
1.0864998564482696e-15,0.5753804574714121,0.164,0.09,2.713750691450843e-11,GLCE,10.56643005288133,Sig Up
1.2257711239278765e-15,0.2673840536007086,0.335,0.227,3.061608536234657e-11,SOBP,10.514050339902175,Sig Up
1.2677515515590127e-15,0.5218230180278884,0.183,0.106,3.1664630503289456e-11,C9orf85,10.499425575418716,Sig Up
1.3212046763905748e-15,0.9601065968857689,0.106,0.048,3.2999729202207384e-11,HYDIN,10.481489623954523,Sig Up
1.3517063221202845e-15,-1.050549604611653,0.135,0.196,3.376156880759835e-11,ARHGEF3,10.471577381102863,Sig Down
1.3730812501616833e-15,0.18626672277775613,0.813,0.708,3.4295450385288364e-11,ANK2,10.464763489392137,Not sig
1.4469052290431393e-15,0.6218030726387754,0.13,0.065,3.613935190581049e-11,PRKCQ,10.442019639994623,Sig Up
1.449268831000611e-15,0.6832086336869041,0.126,0.062,3.6198387591902265e-11,GALNT7,10.44131077409488,Sig Up
1.5757711220761e-15,0.2285710094581601,0.453,0.323,3.935803531609475e-11,FA2H,10.404966588916377,Not sig
1.623774076089102e-15,-0.8759333356400665,0.126,0.188,4.05570050984775e-11,ETV6,10.391934122639892,Sig Down
1.7320530590564788e-15,0.5252669575659294,0.148,0.078,4.326148925605367e-11,AC104596.1,10.363898534259995,Sig Up
1.7568892183927075e-15,0.5815792052132609,0.175,0.1,4.388182200779466e-11,ARFIP1,10.357715348474184,Sig Up
1.9032733978145548e-15,-1.261015702280069,0.067,0.115,4.7538059657214134e-11,ADAM9,10.322958548677724,Sig Down
1.9092651965492325e-15,0.597679946025078,0.146,0.077,4.768771681421018e-11,PPP1R14A,10.321593470158428,Sig Up
1.926876188098103e-15,0.7603356674811143,0.116,0.056,4.8127586550126323e-11,CMC2,10.317605916303998,Sig Up
2.010336620334981e-15,0.4095473824670358,0.235,0.147,5.021217776610683e-11,SLC4A8,10.299190942312315,Sig Up
2.0543137830887894e-15,0.6325902133165795,0.181,0.105,5.131059536020869e-11,PTN,10.289792946167976,Sig Up
2.1038651696507816e-15,0.6032553074802995,0.116,0.055,5.2548240342367575e-11,TMEM64,10.279441822402532,Sig Up
2.124429614551449e-15,0.21275418702057225,0.32,0.214,5.3061878482651545e-11,PHYHIPL,10.275217379302632,Not sig
2.148771718467453e-15,0.41549104063896763,0.219,0.133,5.366987121216158e-11,ARHGAP22,10.270269446857824,Sig Up
2.2510551772547298e-15,-1.1640248197131777,0.094,0.149,5.6224605162291385e-11,GTF2IRD1,10.250073585717857,Sig Down
2.659052168978906e-15,0.2527915537942914,0.221,0.133,6.641514602458614e-11,DPF3,10.177732868150004,Sig Up
3.2493779294787676e-15,0.3154939198188087,0.357,0.248,8.115971254459118e-11,WDR7,10.090659499841241,Sig Up
3.2732291803916433e-15,0.7271024350614868,0.129,0.066,8.175544523864207e-11,AL392023.2,10.087483311960161,Sig Up
3.9837652954486154e-15,-1.0048899175758876,0.149,0.21,9.950250578442006e-11,SH3PXD2B,10.00216598222268,Sig Down
4.079382294230073e-15,0.4017872709812167,0.275,0.18,1.0189073156298454e-10,MEGF9,9.991865319566907,Sig Up
4.369305389883247e-15,0.47287959367655363,0.17,0.096,1.0913214072311386e-10,LAMP1,9.962047325644358,Sig Up
4.960978191857579e-15,0.29948271522457437,0.286,0.188,1.2391035229802675e-10,BICRAL,9.90689240824789,Sig Up
5.0552504605655906e-15,0.2756441286163964,0.499,0.372,1.2626499075354676e-10,PSEN1,9.898717048733598,Sig Up
5.1804886042176505e-15,-0.7639584771473943,0.103,0.162,1.2939306386754426e-10,HIF3A,9.888089003457024,Sig Down
5.260902230279475e-15,0.33641309268620445,0.278,0.184,1.3140155500569044e-10,BTRC,9.881399495305958,Sig Up
5.316006020081878e-15,0.24654030250623515,0.527,0.398,1.3277788236358508e-10,PLD1,9.876874262072164,Not sig
5.6811004145989714e-15,0.6253413288995381,0.167,0.096,1.418968450554385e-10,RFX3-AS1,9.84802726056963,Sig Up
6.162706344748536e-15,-0.7405176626582781,0.358,0.408,1.5392591637278417e-10,NAV2,9.812688252227572,Sig Down
7.439140891161695e-15,0.3008283544715433,0.514,0.402,1.8580742203854566e-10,ANO4,9.730936942193798,Sig Up
7.80613090141569e-15,0.2955183353928805,0.415,0.302,1.9497373152465966e-10,SECISBP2L,9.710023896444461,Sig Up
8.038540644745721e-15,0.44521701162649463,0.232,0.147,2.0077862968381388e-10,STXBP3,9.697282514158,Sig Up
8.106195865887523e-15,0.3582205171316011,0.284,0.189,2.0246845414227266e-10,TMEM63A,9.693642632988427,Sig Up
8.427154531021387e-15,0.35700381004777404,0.261,0.17,2.1048503872132117e-10,SRSF11,9.676778768387418,Sig Up
8.951987729072965e-15,0.12150644575385705,0.898,0.814,2.2359379750905544e-10,TMTC2,9.65054024794551,Not sig
9.01331597281368e-15,0.23908165833051687,0.515,0.383,2.2512559305296728e-10,CNTN2,9.647575130100043,Not sig
9.304305309966827e-15,0.40784653026100787,0.221,0.138,2.3239363372704144e-10,FAM214A,9.633775773334573,Sig Up
9.906674545797728e-15,0.33176606744962867,0.239,0.151,2.4743901013038983e-10,ZBED5,9.606531830378662,Sig Up
9.93748183417916e-15,-0.7503783778044162,0.092,0.149,2.482084837722929e-10,SLC7A5,9.605183378387151,Sig Down
1.0157732927112004e-14,0.326845542028799,0.344,0.237,2.5370969532047653e-10,NOVA1,9.595662936232234,Sig Up
1.0240661596764298e-14,0.22699097810515312,0.597,0.467,2.5578100470238186e-10,TBC1D5,9.592131711066326,Not sig
1.0838613387891166e-14,0.46822182912011634,0.191,0.115,2.707160465893577e-10,AC090517.4,9.567486000828435,Sig Up
1.1563292493541066e-14,0.5612972677474619,0.156,0.087,2.888163566111752e-10,AMOTL2,9.539378214894564,Sig Up
1.1613304497771582e-14,0.46046850376535825,0.151,0.082,2.900655064408408e-10,NDFIP2,9.537503912883219,Sig Up
1.2184226951545294e-14,-0.5857542739163113,0.351,0.409,3.043254365687468e-10,PRKCA,9.516661746295265,Sig Down
1.3154515095150139e-14,-0.6685116361995758,0.126,0.187,3.2856032353156504e-10,WWTR1,9.483384882506778,Sig Down
1.5264646156189968e-14,-1.1869344221977138,0.06,0.105,3.8126506704315685e-10,MIDN,9.418772984617211,Sig Down
1.6536849239580674e-14,0.6447028808697519,0.166,0.096,4.130408834570065e-10,XRRA1,9.3840069590433135,Sig Up
1.7541653057193134e-14,0.3360924146955011,0.306,0.209,4.381378684095129e-10,HMGB1,9.358389208975327,Sig Up
1.7977377534608778e-14,0.7841921671728957,0.112,0.054,4.490209586819234e-10,ATP2B1,9.347733387220565,Sig Up
1.9675557916283202e-14,-0.8413210028472999,0.137,0.197,4.914364100750056e-10,DISC1,9.308532670182206,Sig Down
2.0005056413501826e-14,-0.9440685583244217,0.114,0.171,4.996662940400351e-10,SPARCL1,9.301319945746801,Sig Down
2.086736770875336e-14,0.21134708113941336,0.436,0.316,5.212042432615326e-10,KANK1,9.282992057238872,Not sig
2.2628940599500366e-14,0.4845360241949641,0.153,0.085,5.652030493537206e-10,POC1B,9.247795503734446,Sig Up
2.3737563232304414e-14,0.38008962800795154,0.19,0.112,5.928931168532674e-10,ATL1,9.22702359153393,Sig Up
2.5072146456436762e-14,0.3196797368348172,0.298,0.202,6.26227002042421e-10,PLLP,9.203268210137823,Sig Up
2.5370014103277194e-14,0.3979963564132338,0.205,0.126,6.336668422575545e-10,VWA8,9.198139017509964,Sig Up
2.6474684419064665e-14,0.28582594595341715,0.332,0.228,6.612581927349781e-10,KIAA0930,9.179628934181633,Sig Up
2.8129543945042553e-14,0.6238394072426423,0.152,0.086,7.025916191153279e-10,EYA3,9.153297035007522,Sig Up
2.8318648779505965e-14,0.27632529355560853,0.263,0.171,7.073148905657205e-10,URI1,9.150387198947875,Sig Up
2.94626916046903e-14,-1.0697059809836413,0.063,0.11,7.358896482103496e-10,ZBTB46,9.133187306269146,Sig Down
2.982758378461287e-14,0.228637734690035,0.614,0.482,7.450035601882756e-10,HIPK2,9.127841651860528,Not sig
3.025637427110305e-14,-0.9240309149529822,0.095,0.149,7.557134601693408e-10,LRCH1,9.12164284240415,Sig Down
3.1565993360713124e-14,-0.9700767880484902,0.059,0.105,7.884238161705317e-10,NOTCH3,9.103240265322047,Sig Down
3.1879484294770086e-14,0.17277625305420496,0.715,0.581,7.962538792304725e-10,SH3GL3,9.098948438833316,Not sig
3.3957564779324225e-14,0.1743130484008728,0.778,0.665,8.481580954931812e-10,DOCK5,9.071523188308333,Not sig
3.58587173720885e-14,0.3901087597822355,0.205,0.126,8.956431838026545e-10,TOGARAM1,9.047864974902001,Sig Up
3.599831080079665e-14,0.510732117347058,0.136,0.073,8.991298088714979e-10,AC078881.1,9.046177603920942,Sig Up
3.7346490659581914e-14,0.5708556084998899,0.152,0.085,9.328032972043774e-10,MOSPD2,9.030209927470207,Sig Up
3.909233523135383e-14,0.3537595202645595,0.259,0.17,9.764092570735245e-10,SPART,9.010368111806168,Sig Up
3.9880011543445256e-14,0.5028342677173048,0.205,0.129,9.960830483206322e-10,FGD4,9.001704450809452,Sig Up
4.059593656882141e-14,-0.9893428689690817,0.062,0.109,1.0139647076794523e-9,DAB2IP,8.993977160906832,Sig Down
4.337694113180229e-14,0.3901744795946903,0.145,0.079,1.0834258586490257e-9,MT-ND5,8.965200803108646,Sig Up
4.622339847140918e-14,-0.74417414817477745,0.058,0.104,1.1545218236203873e-9,PLXNA2,8.937597853315596,Sig Down
4.786820847599457e-14,0.2554135057983371,0.332,0.228,1.1956042431049165e-9,MAP1B,8.922412552353247,Sig Up
4.823518909573796e-14,0.27065678173427443,0.244,0.157,1.204770318044247e-9,ADAMTSL3,8.919095740735331,Sig Up
5.0773811940253527e-14,-0.6337701757549479,0.13,0.192,1.2681775008317124e-9,KALRN,8.896819956046796,Sig Down
5.19845605930508e-14,0.4075579391617905,0.209,0.13,1.2984183699326298e-9,GABPB1-AS1,8.88658534877029,Sig Up
6.576978755281161e-14,-1.0658108506451678,0.131,0.187,1.6427319837065755e-9,SCARB1,8.784433287138345,Sig Down
6.702219566587068e-14,0.40666190840554806,0.194,0.118,1.674013381146452e-9,DDHD1,8.776241074816571,Sig Up
6.775001599541901e-14,0.44228011170574577,0.189,0.114,1.6921921495175808e-9,FUT9,8.771550324076467,Sig Up
7.012881405210661e-14,0.3995277763339563,0.201,0.124,1.7516073885794669e-9,CALM1,8.756563231547664,Sig Up
7.057822138062773e-14,0.28921966222578566,0.444,0.329,1.7628322354239389e-9,FAM172A,8.753789016513187,Sig Up
7.063173375049947e-14,0.18096896093060066,0.351,0.243,1.7641688138862252e-9,SPP1,8.753459859435843,Not sig
7.286677844106777e-14,0.29705103631367547,0.286,0.193,1.8199935251225496e-9,NBEA,8.739930157074568,Sig Up
7.402082560732844e-14,0.36414474438426514,0.266,0.179,1.8488181611942425e-9,RTN1,8.733105801373762,Sig Up
7.482834282481933e-14,0.8920384023949903,0.116,0.06,1.8689875187355125e-9,AC007364.1,8.72839359886857,Sig Up
8.23891256639309e-14,0.3571597232786221,0.233,0.149,2.057833191708002e-9,GRIA2,8.686589832127925,Sig Up
9.254426142249436e-14,0.7613251587196613,0.111,0.055,2.3114780175496415e-9,APIP,8.6361102324021,Sig Up
1.1113175799110493e-13,0.27270358681956175,0.488,0.371,2.775737919343828e-9,PRKN,8.556621541659538,Sig Up
1.1144731555364468e-13,0.36944523141949076,0.198,0.123,2.783619600583383e-9,TMEM123,8.555390114124416,Sig Up
1.1636259112940796e-13,-0.8940981796059895,0.169,0.225,2.9063884386392226e-9,HIPK3,8.536646342727634,Sig Down
1.1936290959820886e-13,-0.9696383593038436,0.07,0.118,2.9813273930344627e-9,MAGI3,8.525590329508796,Sig Down
1.1963671473114701e-13,-0.762154629974501,0.103,0.158,2.988166223839859e-9,RAPGEF4,8.524595247523138,Sig Down
1.2094204396618164e-13,0.2909869370661362,0.248,0.162,3.020769432143319e-9,ZHX3,8.519882422084967,Sig Up
1.2627390918293714e-13,0.4084973014025759,0.252,0.169,3.153943429662221e-9,CTNNA2,8.501146100609484,Sig Up
1.4354909102902407e-13,0.5059416950426876,0.154,0.088,3.5854256466319343e-9,FAM222A,8.445459279323826,Sig Up
1.500013921228794e-13,-0.7182399027219561,0.065,0.111,3.746584771053159e-9,IRAK3,8.426364436512001,Sig Down
1.5535206439817316e-13,-0.7024480289077728,0.214,0.276,3.880228512473171e-9,SYNE1,8.411142697399649,Sig Down
1.6104749479352578e-13,0.4196920433038154,0.24,0.159,4.022483277457893e-9,COMMD1,8.395505752703851,Sig Up
1.6256639930227537e-13,0.40399273216067366,0.211,0.133,4.060420955372932e-9,BCKDHB,8.391428939546303,Sig Up
1.6340971324006582e-13,-1.0464145441303518,0.11,0.163,4.081484407597124e-9,IRAK2,8.389181858286811,Sig Down
1.944222673801113e-13,0.3690549822864878,0.249,0.165,4.85608497235304e-9,AC087564.1,8.313713722529757,Sig Up
2.056570841717099e-13,0.3401899194143767,0.307,0.213,5.136696991356798e-9,TUBB4A,8.28931605211934,Sig Up
2.1469035957105892e-13,0.6121701012709134,0.105,0.052,5.362321111006339e-9,FAM171B,8.270647182788329,Sig Up
2.271249047828668e-13,-0.8829667873681607,0.12,0.176,5.672898746761664e-9,LDB2,8.246194967909847,Sig Down
2.348871369305986e-13,0.6323394322201068,0.13,0.07,5.866776019115562e-9,AC025159.1,8.231600491895989,Sig Up
2.431638675114728e-13,0.31901909622371105,0.272,0.184,6.073503918834056e-9,KLF7,8.216560683954047,Sig Up
2.543263714481431e-13,0.45616320433754587,0.151,0.085,6.3523097796602705e-9,SLC31A2,8.197068331060086,Sig Up
2.563062894952171e-13,0.26406031359082593,0.399,0.29,6.401762192722038e-9,YPEL2,8.193700462698416,Sig Up
2.676487957960219e-13,0.24625096786225653,0.275,0.184,6.685063972597239e-9,ANAPC5,8.174894432409022,Not sig
2.778903598924189e-13,0.7488508130417593,0.1,0.048,6.940867519032947e-9,BDNF-AS,8.158586244936647,Sig Up
2.9174485757503157e-13,0.1627405211838695,0.417,0.3,7.286911307651564e-9,LCOR,8.137456516440889,Not sig
3.215690561212759e-13,0.39163092800833577,0.244,0.162,8.031830314741109e-9,NDRG2,8.095185475267536,Sig Up
3.2995171775356513e-13,0.39592146029474884,0.244,0.162,8.241204054330796e-9,UGGT2,8.084009332483639,Sig Up
3.3920199799354494e-13,0.26624998362008334,0.518,0.403,8.472248303884772e-9,RYBP,8.072001324450767,Sig Up
3.725171213335261e-13,0.1988748908603153,0.799,0.697,9.304360139547481e-9,WWOX,8.031313487919423,Not sig
4.095517298589056e-13,0.24390665998114436,0.527,0.408,1.0229373556685885e-8,LPGAT1,7.990150961518029,Not sig
4.2277788421348514e-13,0.23044749280186771,0.273,0.184,1.0559723214000218e-8,DIS3L2,7.9763474651552135,Not sig
4.383178527676894e-13,0.28014167620555974,0.298,0.204,1.0947865008578577e-8,SPTLC2,7.960670566248292,Sig Up
4.76802781230462e-13,0.4234502543698121,0.227,0.149,1.190910306679325e-8,ENTPD1-AS1,7.924120946141974,Sig Up
4.815806408613142e-13,0.3918829496806416,0.149,0.085,1.2028439666793044e-8,AKAP11,7.919790705831553,Sig Up
4.965429198385904e-13,-0.7475130922533093,0.093,0.146,1.2402152508808472e-8,TIMP3,7.906502932453129,Sig Down
4.982911711903366e-13,0.2642946560511368,0.426,0.316,1.2445818582821038e-8,STK39,7.904976533823505,Sig Up
5.222677666925373e-13,0.3578447994477514,0.196,0.123,1.3044682008679505e-8,FBN1,7.884566503268171,Sig Up
6.166044092586771e-13,0.42088575422417746,0.182,0.111,1.540092833005398e-8,SYT11,7.812453100172071,Sig Up
6.597392997878695e-13,0.44450121313244345,0.166,0.099,1.6478308490801617e-8,MARCH8,7.78308737096499,Sig Up
7.429459438101954e-13,0.34647520926422437,0.187,0.115,1.855656083854725e-8,CCDC7,7.7315025101883315,Sig Up
7.555197077603136e-13,0.2238406186112567,0.384,0.279,1.8870615740729353e-8,AC118549.1,7.724213928746663,Not sig
7.949317114417823e-13,0.25541439921689546,0.267,0.18,1.9855009356681396e-8,CDKL1,7.702129903938595,Sig Up
8.025318307857675e-13,0.5920262822325464,0.104,0.052,2.0044837537536114e-8,ENPP4,7.69799745933551,Sig Up
9.421953982154082e-13,0.6219284397553095,0.111,0.057,2.3533214461226253e-8,DSEL,7.628318747391536,Sig Up
1.0021430262047206e-12,0.2270091078947043,0.414,0.306,2.503052636551531e-8,GTDC1,7.601530017541791,Not sig
1.012603847639638e-12,0.5807358455643565,0.117,0.061,2.529180630249524e-8,GOLGA7,7.597020152893913,Sig Up
1.0720002389511886e-12,0.6250253565458614,0.115,0.06,2.677534996828384e-8,UTP23,7.572264843995595,Sig Up
1.0972240988392237e-12,-0.39214076394465547,0.557,0.57,2.740536631670729e-8,MACF1,7.562164388510177,Sig Down
1.1379023208555094e-12,0.5902097730762196,0.107,0.054,2.8421386268008058e-8,AKAP7,7.546354742951002,Sig Up
1.2543357009028295e-12,0.39870731542396076,0.208,0.133,3.132954280144997e-8,METTL15,7.504045942821972,Sig Up
1.3768182350652177e-12,0.2699455056462161,0.272,0.184,3.4388789057223944e-8,SLF2,7.463583116850998,Sig Up
1.4105414405533995e-12,0.3876617540814371,0.185,0.114,3.523109356070226e-8,RHOU,7.453073876262193,Sig Up
1.4268520958566452e-12,0.19274800985528517,0.352,0.25,3.5638484798211424e-8,SPATA6,7.448080768657728,Not sig
1.4913622684312555e-12,-0.3294477063807668,0.666,0.682,3.7249755378607466e-8,AC016831.7,7.428876574944407,Sig Down
1.6388487017144607e-12,-0.5041187057768566,0.461,0.485,4.0933524022722084e-8,SLC22A23,7.387920864742941,Sig Down
1.665232007459472e-12,0.3550247194530347,0.169,0.101,4.1592499850315236e-8,LHPP,7.380984976279198,Sig Up
1.6876513689517206e-12,0.4500954809425691,0.203,0.131,4.2152468242307125e-8,UBE2E3,7.375176990134625,Sig Up
1.7248022164137941e-12,0.18441171315774252,0.615,0.491,4.308038495936733e-8,BCAS3,7.365720424571316,Not sig
1.7597980689330845e-12,0.25236480005464434,0.369,0.265,4.3954476367741654e-8,P2RX7,7.356996889354414,Sig Up
1.7999435570285792e-12,-1.037038893996236,0.07,0.114,4.495719022390282e-8,FARP1,7.34720083952944,Sig Down
1.8189328995731642e-12,0.2878825793407498,0.308,0.217,4.5431487032638924e-8,MTSS1,7.342643047920125,Sig Up
1.819814486306407e-12,-1.0401592019287713,0.136,0.187,4.545350642447512e-8,UBE2B,7.342432608326245,Sig Down
1.8947137337891355e-12,0.22613022292126628,0.527,0.411,4.732426492885124e-8,FAF1,7.3249161230550905,Not sig
1.9816317863293994e-12,-0.7005533534748964,0.292,0.34,4.9495217127149407e-8,GOLGA4,7.305436766230983,Sig Down
2.0843056019876386e-12,0.47776025726793014,0.145,0.083,5.205970102084525e-8,TTYH1,7.283498330375265,Sig Up
2.1188978991678977e-12,0.3194176763547798,0.187,0.115,5.292371282751658e-8,ST3GAL5,7.276349695778172,Sig Up
2.1696574614280325e-12,-0.9199895014214665,0.081,0.129,5.419153441408797e-8,CEP112,7.266068551919202,Sig Down
2.4484820501783754e-12,0.5027385874650234,0.109,0.057,6.115573616730528e-8,SLC25A46,7.213562801604432,Sig Up
2.4552915842929834e-12,-0.8643172793574849,0.142,0.196,6.132581790088585e-8,CORO1C,7.212356650908405,Sig Down
2.4617301182965303e-12,0.3368735063450474,0.29,0.204,6.148663316469243e-8,ZDHHC14,7.2112192870501275,Sig Up
2.4714573887656636e-12,0.25360988407143004,0.227,0.148,6.172959119919998e-8,KIF2A,7.209506599114529,Sig Up
2.5039903138925956e-12,0.34010708671095136,0.204,0.131,6.254216607009536e-8,MTMR10,7.20382708158366,Sig Up
2.883121425898814e-12,0.34557960788917885,0.209,0.134,7.201172385467468e-8,CDH2,7.142596792584003,Sig Up
2.8900561335349757e-12,0.20549610618711744,0.471,0.358,7.218493204730308e-8,FTO,7.141553448021155,Not sig
2.900237333572986e-12,0.30870170558396226,0.288,0.201,7.243922788065247e-8,CNKSR3,7.140026187415946,Sig Up
3.079615013564796e-12,-0.9712193501549203,0.073,0.118,7.69195441938079e-8,RNF24,7.113963297947605,Sig Down
3.201457028652984e-12,0.3570243357537367,0.171,0.104,7.996279220466558e-8,AC106791.1,7.097112049247437,Sig Up
3.287998715493485e-12,0.24869620344027688,0.323,0.229,8.212434391688077e-8,SLC22A15,7.085528086953216,Not sig
3.420182080725175e-12,0.21989052346748983,0.268,0.184,8.542588783027271e-8,STRN,7.0684104988881735,Not sig
3.56447733526726e-12,0.3773956553520007,0.22,0.145,8.902995040297035e-8,ZMYND11,7.050463868561657,Sig Up
3.730412452426526e-12,-0.9810517271854056,0.078,0.124,9.317451182425733e-8,TBC1D1,7.030702873997645,Sig Down
3.9491031835861315e-12,0.15569551437760776,0.8,0.708,9.86367502164308e-8,MAP4K4,7.00596124487057,Not sig
4.175893059429273e-12,0.2987920586111589,0.258,0.175,1.0430128094536495e-7,FAXDC2,6.981710357881354,Sig Up
4.34171698369037e-12,0.3355641463550334,0.183,0.114,1.0844306510163437e-7,RAB30-AS1,6.964798215751145,Sig Up
4.63072322468011e-12,0.27572875688733567,0.254,0.171,1.156615739828351e-7,CDC42SE2,6.936810901887096,Sig Up
4.792729740399493e-12,0.15876155691911809,0.495,0.376,1.1970801072595815e-7,ACYP2,6.921876786120981,Not sig
4.844427364718572e-12,0.31034554631021394,0.242,0.162,1.2099926228857577e-7,TRIM9,6.917217277493281,Sig Up
4.972187772528813e-12,0.3613844284285326,0.218,0.145,1.2419033399445217e-7,TDRD3,6.9059122049342605,Sig Up
5.896177418692284e-12,-0.9071033430823685,0.068,0.112,1.4726882338667717e-7,ADGRF5,6.831889182989083,Sig Down
6.092416545946078e-12,0.3189447546821469,0.218,0.142,1.521702880680952e-7,SLC13A3,6.817670137235265,Sig Up
6.151598871199549e-12,-0.8257401442568637,0.067,0.111,1.5364848500595113e-7,KCNT2,6.813471717586577,Sig Down
6.793062340636451e-12,0.3032628572168188,0.362,0.27,1.6967031808207662e-7,IQCJ-SCHIP1,6.770394125983101,Sig Up
7.51154986130673e-12,0.3636349021836008,0.18,0.114,1.876159808858582e-7,ELP4,6.726730171740813,Sig Up
7.553899054418797e-12,0.2792191714949459,0.398,0.299,1.886737366822183e-7,RAD51B,6.724288549267018,Sig Up
8.279039019819385e-12,-0.8359586941515482,0.122,0.173,2.0678555759802878e-7,CHSY1,6.684479796692752,Sig Down
8.742660961271898e-12,0.32543302402764973,0.225,0.149,2.183654428296882e-7,SCFD2,6.660816089299947,Sig Up
9.214758063384375e-12,-0.4003640559009036,0.52,0.544,2.3015701214915155e-7,MTUS1,6.6379757890025015,Sig Down
9.367445548248498e-12,0.21749683590809443,0.305,0.215,2.3397068745860272e-7,C12orf76,6.630838548882119,Not sig
9.618047270353233e-12,0.1707772095283957,0.852,0.772,2.402299666716127e-7,TCF12,6.619372818963202,Not sig
9.816470977096138e-12,-1.0711778852716587,0.072,0.115,2.4518599559493023e-7,B2M,6.61050433924961,Sig Down
9.924059003581041e-12,0.41352108865929227,0.114,0.061,2.478732217324437e-7,GREM1,6.605770388447992,Sig Up
1.0646622186448701e-11,0.6592749543853744,0.136,0.08,2.659206823509292e-7,DPH6,6.575247883497431,Sig Up
1.315622156556038e-11,0.3933021119600229,0.157,0.095,3.286029460430016e-7,APBB1,6.483328547278061,Sig Up
1.3557786863523972e-11,0.20532176943197222,0.394,0.294,3.3863284249023826e-7,MPDZ,6.470270923898104,Not sig
1.4160311079963645e-11,-0.873882801357946,0.086,0.132,3.5368208984425196e-7,SLC6A12,6.451386931926133,Sig Down
1.4227476184608036e-11,0.538688945741987,0.139,0.082,3.553596726629549e-7,AC233296.1,6.449331858842703,Sig Up
1.429145671748196e-11,0.5655151242655275,0.12,0.067,3.569577144325469e-7,CXADR,6.447383227799006,Sig Up
1.4728138040742854e-11,-0.9501730466649805,0.072,0.115,3.6786470384363425e-7,TSPAN14,6.434311880180056,Sig Down
1.479415499542803e-11,0.4099613747535359,0.155,0.094,3.695136093208059e-7,STPG2,6.432369561750657,Sig Up
1.5257664185038658e-11,0.17381431710224282,0.355,0.254,3.810906783497106e-7,GAS7,6.418971674137292,Not sig
1.5422729592172825e-11,0.4723184020801397,0.117,0.064,3.8521351702370066e-7,FAM196B,6.414298482020481,Sig Up
1.610905192882424e-11,0.5131366838474845,0.122,0.068,4.023557900262431e-7,LINC01792,6.395389744658004,Sig Up
1.6279437491485823e-11,0.5711965730796276,0.144,0.086,4.066115102248414e-7,MTFR1,6.390820331658676,Sig Up
1.6448216972945213e-11,-0.39469138721822583,0.179,0.238,4.108271153332526e-7,PLEKHG1,6.386340899906848,Sig Down
1.6884034906873493e-11,-0.5746260487682118,0.218,0.275,4.2171253986897923e-7,GPC5,6.374983484792747,Sig Down
1.8271792658918937e-11,0.27668214466382957,0.211,0.139,4.563745652418183e-7,ACBD6,6.34067856776595,Sig Up
1.8501669729609374e-11,-0.60927687894621,0.234,0.293,4.6211620483645335e-7,EPS8,6.335248801990586,Sig Down
1.99249937125244e-11,0.3026463325730505,0.251,0.173,4.976665679577219e-7,FAM69A,6.30306153313413,Sig Up
2.1351383611916548e-11,-0.7415286646602101,0.153,0.205,5.332935084748396e-7,FNDC3B,6.273033702742615,Sig Down
2.172317347232107e-11,0.48502326245907595,0.122,0.068,5.425797038181634e-7,C6orf89,6.265536455846511,Sig Up
2.304859835953038e-11,0.22020666247549703,0.22,0.146,5.756848412259903e-7,NINJ2,6.239815206116483,Not sig
2.3161745496055764e-11,0.23098367445629364,0.51,0.405,5.785109172549848e-7,DLEU2,6.237688440932007,Not sig
2.324523920963583e-11,0.19330364121171617,0.373,0.272,5.805963397390741e-7,SESTD1,6.236125706423969,Not sig
2.3591327275097627e-11,0.2616116528714635,0.187,0.119,5.892405813501135e-7,DCUN1D1,6.229707350679522,Sig Up
2.7051483808978047e-11,0.2897742478259741,0.185,0.117,6.756649110968447e-7,SERPINI1,6.170268634445909,Sig Up
2.780554843062552e-11,0.6333004374530372,0.107,0.058,6.944991831517337e-7,CYBRD1,6.158328260729682,Sig Up
2.9066845524654116e-11,0.43065112835686026,0.157,0.097,7.260026006692859e-7,CWC27,6.139061823577734,Sig Up
2.950045173901655e-11,0.19549787027337362,0.431,0.326,7.368327830854164e-7,ABCA8,6.132631059797683,Not sig
2.9898291174781464e-11,0.38564864238841406,0.154,0.093,7.467696186725166e-7,TTL,6.1268133590562135,Sig Up
2.9922435222573354e-11,0.1623073538819213,0.5,0.383,7.473726645542147e-7,FGFR2,6.126462790685427,Not sig
3.066756470049298e-11,0.15678787000922734,0.671,0.545,7.659837635242133e-7,SGK1,6.115780435963445,Not sig
3.0780134619131094e-11,0.4309716945773989,0.101,0.052,7.687954223820373e-7,VSTM2B,6.114189211239798,Sig Up
3.091006075313239e-11,0.6780714143392295,0.103,0.055,7.720405874309877e-7,LANCL2,6.112359867495913,Sig Up
3.107816713105666e-11,0.10434116374251357,0.932,0.89,7.762393804324022e-7,ELMO1,6.110004328266128,Not sig
3.122156239261431e-11,0.25779176894000655,0.228,0.153,7.798209638803276e-7,MED27,6.1080050938785195,Sig Up
3.1682240974421606e-11,0.37759356927157395,0.191,0.124,7.913273328181285e-7,KAT6B,6.101643833277825,Sig Up
3.212248130132133e-11,0.3331227505517954,0.239,0.164,8.023232154631029e-7,PIBF1,6.095650641174482,Sig Up
3.4319205348626905e-11,-0.6353162601817703,0.185,0.24,8.571907919926542e-7,SEC14L1,6.06692250282883,Sig Down
3.462313311385692e-11,0.22332928454463774,0.365,0.267,8.647819957848043e-7,ADD3,6.063093360697559,Not sig
3.5033990092628884e-11,0.5719549743924137,0.109,0.059,8.750439705435917e-7,KPNA5,6.057970123338083,Sig Up
3.605634123353922e-11,-0.5241892982850584,0.365,0.406,9.00579234990109e-7,SBF2,6.0454780709564515,Sig Down
3.6135493659296074e-11,0.4404808997146815,0.132,0.077,9.02556225128238e-7,AGPS,6.044525734018039,Sig Up
4.3831746562404323e-11,0.28194119090442177,0.174,0.11,1.0947855338891729e-6,AC139887.2,5.9606709498384705,Sig Up
4.746838577082922e-11,0.17606749293187107,0.341,0.244,1.1856178713980014e-6,SCD,5.926055262982291,Not sig
5.453895502520205e-11,0.17744521301113148,0.403,0.297,1.3622194796644716e-6,C1QTNF3-AMACR,5.8657529136215345,Not sig
5.97025896531211e-11,0.5116640599035717,0.119,0.068,1.4911915817660058e-6,CSMD1,5.826466556708771,Sig Up
6.090167578592916e-11,-1.0192116401560476,0.061,0.1,1.5211411561051527e-6,TMSB10,5.817830483203339,Sig Down
6.189028256400034e-11,0.22440705706654002,0.153,0.092,1.5458335876010366e-6,XPO4,5.810837260661271,Not sig
6.434588533633183e-11,-0.9383642229445389,0.099,0.144,1.6071671780455602e-6,NPIPB5,5.793938945435548,Sig Down
6.503075204125455e-11,0.29388195699708225,0.168,0.105,1.6242730937344148e-6,GALK2,5.789340949767997,Sig Up
6.839226684238154e-11,0.4330810745720471,0.117,0.065,1.7082336489221638e-6,PTPDC1,5.767452727617927,Sig Up
6.897995896525273e-11,0.30247361007821955,0.192,0.125,1.7229124350751174e-6,RTTN,5.763736794478876,Sig Up
6.960416910202914e-11,0.5540823652773785,0.113,0.063,1.7385033316613818e-6,CRB1,5.75982447269958,Sig Up
7.165961718876133e-11,-0.8836993765012255,0.061,0.101,1.7898422585236916e-6,STOM,5.747185242356095,Sig Down
7.259104712525095e-11,0.25911928724771427,0.252,0.173,1.813106584047393e-6,PWWP2A,5.7415766650147715,Sig Up
7.71017424717958e-11,0.3514887588753965,0.157,0.097,1.9257702217180435e-6,FBXL4,5.71539553309576,Sig Up
7.854281698783897e-11,0.44238144993681944,0.114,0.063,1.961763939905254e-6,CDKN1C,5.707353252697364,Sig Up
9.106912100928455e-11,-0.7478092136312133,0.45,0.458,2.2746334354489004e-6,ELL2,5.643088581331558,Sig Down
9.243709368018776e-11,0.2803620912546967,0.26,0.184,2.30880128885005e-6,PREX2,5.636613443812817,Sig Up
9.651396794790219e-11,-0.9720930513400602,0.132,0.179,2.4106293774347528e-6,PFKFB3,5.6178695551587055,Sig Down
1.0286637189325105e-10,0.41668530326748315,0.144,0.088,2.5692933707777317e-6,AATF,5.590186303660619,Sig Up
1.0329100861665088e-10,0.20429184115769555,0.209,0.138,2.579899522218089e-6,BRMS1L,5.5883972079111794,Not sig
1.1004285548980991e-10,0.4253270155931901,0.129,0.076,2.748540401568982e-6,THUMPD3-AS1,5.560897874834503,Sig Up
1.136605169413304e-10,0.626188266594037,0.113,0.064,2.8388987316436093e-6,SLC1A2,5.546850099222219,Sig Up
1.1656789303506792e-10,-0.4221505230299134,0.482,0.504,2.9115162643368914e-6,NCOA1,5.535880779489656,Sig Down
1.167169870823001e-10,0.25094127047618187,0.226,0.153,2.9152401863546094e-6,ZNF721,5.535325657950866,Sig Up
1.2409263885764802e-10,-1.1492149960900404,0.066,0.105,3.0994618407474746e-6,NOP58,5.508713706127965,Sig Down
1.3224013746054823e-10,0.19913073435782858,0.575,0.467,3.302961913352113e-6,PCSK6,5.4810964341549004,Not sig
1.3700804071387114e-10,0.6102525477942942,0.104,0.057,3.4220498329103596e-6,SPOPL,5.465713670423088,Sig Up
1.3961482906758615e-10,0.2440176066190194,0.317,0.231,3.4871595856210993e-6,PKD2,5.457528177209991,Not sig
1.4119166087532266e-10,0.19194869341538956,0.509,0.394,3.526544113682934e-6,MYO1D,5.452650679178164,Not sig
1.4276745893437475e-10,0.3876990284912045,0.142,0.086,3.5659028218038783e-6,VPS50,5.447830496418489,Sig Up
1.441796868943645e-10,0.3114390948175021,0.173,0.111,3.601176039560542e-6,LINC01135,5.443555648098015,Sig Up
1.4713399913409254e-10,0.2310333224429344,0.327,0.237,3.6749658963722294e-6,HTRA1,5.43474668680729,Not sig
1.475608946185164e-10,0.19602654219175886,0.502,0.391,3.6856284648866845e-6,NUTM2A-AS1,5.43348844659446,Not sig
1.5323838244200475e-10,0.2770396070701251,0.185,0.12,3.827435078253953e-6,C2CD5,5.417092167160123,Sig Up
1.573175138264723e-10,-0.5342274333836322,0.146,0.2,3.929319542843799e-6,LRMDA,5.405682651755556,Sig Down
1.5776539799012797e-10,0.16563127464340455,0.37,0.272,3.940506345599426e-6,CLDND1,5.404447968791012,Not sig
1.5829694640867625e-10,0.39612358678480075,0.148,0.092,3.953782830449507e-6,TMEM260,5.402987188873537,Sig Up
1.5837934522592148e-10,0.40676163411058863,0.162,0.103,3.955840905707841e-6,PHTF2,5.402761182990571,Sig Up
1.599889151718298e-10,-0.9383876038896681,0.114,0.16,3.996043134246793e-6,B4GALT5,5.398369832542087,Sig Down
1.6487517503618322e-10,0.4809391941529773,0.106,0.059,4.1180872468787485e-6,LINC00476,5.385304456543481,Sig Up
1.697711356414999e-10,0.23282508894593423,0.33,0.242,4.240373654917743e-6,SUPT3H,5.37259587238865,Not sig
1.8497882801697438e-10,-0.944331550685007,0.128,0.175,4.6202161873799694e-6,GPI,5.335337702627958,Sig Down
1.964132067743284e-10,0.3996503884205798,0.117,0.067,4.905812665602401e-6,PSAT1,5.3092890398737245,Sig Up
2.1759870429085333e-10,0.12112370359685265,0.511,0.391,5.4349628370726435e-6,SRCIN1,5.264803421165444,Not sig
2.257337354733992e-10,0.32154724710737304,0.138,0.083,5.638151510919092e-6,BORCS5,5.248863257752817,Sig Up
2.266148838713527e-10,0.24439660898411675,0.147,0.089,5.660159954454776e-6,COL16A1,5.247171295604044,Not sig
2.310768423309373e-10,-0.8358737866445365,0.088,0.132,5.7716062908998206e-6,GRK5,5.238703301889255,Sig Down
2.3356699261066285e-10,0.21204648959407768,0.326,0.238,5.833802774436526e-6,FAM49B,5.234048257322918,Not sig
2.3524771022498333e-10,-1.0243691355989328,0.067,0.106,5.875782058289409e-6,HIF1A,5.230934321227193,Sig Down
2.4533167314772e-10,0.38376812635246826,0.145,0.09,6.127649200210602e-6,VEZF1,5.212706105446868,Sig Up
2.4894382659313833e-10,0.31657601590888557,0.143,0.087,6.217869956816816e-6,CCDC122,5.206358365217795,Sig Up
2.491452723998873e-10,-0.8414453174862266,0.071,0.112,6.2229014687319855e-6,ARHGAP31,5.206007075429601,Sig Down
2.5222567325456354e-10,0.41239086575984324,0.15,0.093,6.299840640879233e-6,DAPK2,5.200670436207074,Sig Up
2.691215413394488e-10,0.42124052089018504,0.112,0.063,6.721848738035412e-6,SVIP,5.172511264698388,Sig Up
2.7452326694442463e-10,0.23356176284682661,0.274,0.196,6.856767638470894e-6,ATXN10,5.163880567617861,Not sig
2.881511835321613e-10,0.27939617162574004,0.181,0.117,7.197152111082793e-6,ALOX12-AS1,5.142839318445508,Sig Up
2.9537198419564325e-10,0.22816527259664587,0.306,0.224,7.377506049254581e-6,CCSER2,5.132090425724065,Not sig
3.022474099858174e-10,0.26778118607753976,0.192,0.127,7.54923355921576e-6,AL139260.1,5.122097138158851,Sig Up
3.068611201165302e-10,0.18637441914229935,0.565,0.45,7.664470197150575e-6,FNBP1,5.115517860171154,Not sig
3.24302798596214e-10,0.47098381888303675,0.121,0.071,8.100111000537636e-6,PCMTD2,5.091509029690402,Sig Up
3.53496203667621e-10,0.15665100817354416,0.57,0.454,8.82927467900617e-6,COBL,5.054074972055902,Not sig
3.867361128616313e-10,0.4519927837953653,0.143,0.089,9.659507890944965e-6,NCBP3,5.015044998397245,Sig Up
3.881925676064325e-10,0.5720335237383061,0.1,0.054,9.695885761105865e-6,ICK,5.013412510093385,Sig Up
3.961599669150413e-10,0.3921090433302472,0.133,0.08,9.894887493636987e-6,AC004158.1,5.004589139423266,Sig Up
4.003794087261187e-10,0.26686313672319434,0.173,0.112,1.0000276491752268e-5,ARMH4,4.9999879922817705,Sig Up
4.014821077743909e-10,0.2291926551906318,0.464,0.367,1.0027818605880961e-5,STARD13,4.9987935306349875,Not sig
4.067249798105452e-10,-0.9183436643027975,0.086,0.129,1.0158769820727987e-5,PDXK,4.993158879888367,Sig Down
4.0933188071093684e-10,0.18505922031800148,0.249,0.174,1.0223882384517069e-5,MTMR2,4.990384155278107,Not sig
4.3715994292624676e-10,-0.8413650186354178,0.08,0.122,1.0918943894468865e-5,CAMK1D,4.961819365567649,Sig Down
4.4577821425358855e-10,0.5471744182445271,0.118,0.069,1.113420245741188e-5,SYT14,4.95334088601656,Sig Up
4.502431592535831e-10,0.43853403272542313,0.142,0.088,1.1245723388676744e-5,KIF21A,4.949012603046849,Sig Up
4.682883692173086e-10,0.3959618699012101,0.179,0.12,1.1696438597940716e-5,PRKD1,4.931946354724961,Sig Up
4.782144851481718e-10,0.45423662112654334,0.129,0.078,1.1944363195545886e-5,TPRN,4.922836999370165,Sig Up
4.801219525870169e-10,-0.7299603025504753,0.216,0.262,1.199200600976592e-5,OLMALINC,4.921108162514053,Sig Down
4.872373125344826e-10,0.29330025278259786,0.231,0.159,1.2169726355173772e-5,CPB2-AS1,4.914719187075946,Sig Up
5.142998617913283e-10,-0.7557356892943536,0.107,0.153,1.2845667647962008e-5,ITIH5,4.891243318545127,Sig Down
5.15889250628145e-10,0.49109144892942674,0.104,0.058,1.2885365812939176e-5,RTKN,4.889903247405221,Sig Up
5.401191186527077e-10,0.37064846166021115,0.123,0.072,1.3490555226588679e-5,SOX8,4.86997017583725,Sig Up
6.43885709243334e-10,-0.9426238523195722,0.066,0.105,1.6082333359770753e-5,CYFIP1,4.793650939931136,Sig Down
6.476163211815189e-10,0.1552766212463308,0.374,0.281,1.6175512854150796e-5,WDFY2,4.791141940878935,Not sig
7.033512220305525e-10,-0.8344413982963558,0.239,0.279,1.756760347265711e-5,XPO1,4.755287479801749,Sig Down
7.195668160523956e-10,-0.8821936321377961,0.064,0.101,1.7972620364540686e-5,SLC7A11,4.74538859919058,Sig Down
7.22918975385576e-10,0.1327470048076716,0.201,0.133,1.805634724820553e-5,AC027644.4,4.743370101774259,Not sig
8.080497625261415e-10,0.5191001171053071,0.116,0.068,2.0182658918615438e-5,ENTPD3-AS1,4.695021619188604,Sig Up
8.08309180022661e-10,0.31314753597418266,0.158,0.101,2.0189138389426003e-5,NIPAL3,4.694882215018838,Sig Up
8.439365866958288e-10,0.19373163948427363,0.466,0.365,2.1079004125901717e-5,LRP2,4.6761499111465,Not sig
8.441307568863663e-10,0.36862646551081474,0.194,0.132,2.108385391475077e-5,FAM126A,4.676050001574772,Sig Up
8.71126918222302e-10,0.18506667806921295,0.313,0.228,2.1758137036438438e-5,NUCKS1,4.662378292311673,Not sig
9.08699440539408e-10,0.3238088136226317,0.137,0.084,2.2696585926352793e-5,SOX10,4.644039465487794,Sig Up
9.36244229928158e-10,0.2611149337000045,0.186,0.124,2.3384572130915603e-5,MBTD1,4.631070571998039,Sig Up
9.42840680447822e-10,0.2704378227292564,0.26,0.185,2.3549331675545252e-5,SH3KBP1,4.628021413534719,Sig Up
9.524237149436959e-10,0.14572983143910045,0.653,0.543,2.378868712814869e-5,KIF1B,4.623629525542969,Not sig
9.673063630674917e-10,0.3864557308682335,0.111,0.064,2.4160411030336743e-5,NORAD,4.616895681529023,Sig Up
1.0130812529710214e-9,0.31287986210577334,0.203,0.139,2.53037304554572e-5,NDUFAF6,4.59681544733052,Sig Up
1.065815590548092e-9,0.280236805553306,0.186,0.123,2.6620876005119696e-5,CEP192,4.574777657428964,Sig Up
1.1040237405043413e-9,-0.568998588099473,0.078,0.12,2.7575200966576933e-5,SLC38A11,4.559481313761484,Sig Down
1.1166105578180644e-9,-0.4994978408669739,0.265,0.314,2.7889581902621795e-5,RPS6KA2,4.5545579962662295,Sig Down
1.1309591192606318e-9,0.41895834254427855,0.113,0.066,2.8247965921772802e-5,VLDLR-AS1,4.549012819375679,Sig Up
1.1348883693294446e-9,0.10094849798729211,0.804,0.71,2.8346106800741535e-5,DLG1,4.547506580900203,Not sig
1.1615978449693143e-9,0.2584799286780072,0.194,0.131,2.9013229373798565e-5,MAPKAP1,4.537403928516747,Sig Up
1.1778629748544944e-9,-0.9887554864098237,0.11,0.152,2.9419483522940708e-5,INPP5F,4.531364955847297,Sig Down
1.2504058521402578e-9,0.348402927251383,0.193,0.132,3.123138696890722e-5,LINC00854,4.5054087285598206,Sig Up
1.2534724025499308e-9,0.28128619116056264,0.197,0.132,3.130798019848962e-5,LRRC63,4.504344949532409,Sig Up
1.2577102077641295e-9,0.25174190814299846,0.242,0.172,3.1413827859324664e-5,R3HDM1,4.502879140427569,Sig Up
1.272838252539431e-9,0.2550693330839048,0.247,0.177,3.179168103367737e-5,DMTF1,4.497686507494223,Sig Up
1.3034429569691757e-9,0.44654322155268145,0.119,0.071,3.25560947362191e-5,AC079447.1,4.487367696418899,Sig Up
1.3205365696390617e-9,0.24785059490259354,0.269,0.193,3.2983041899874845e-5,MDM4,4.481709293524454,Not sig
1.3311378262763047e-9,0.4102919072752124,0.198,0.136,3.324782948690326e-5,HAPLN2,4.478236701417398,Sig Up
1.3445374266682872e-9,0.4068259421525852,0.16,0.104,3.358251130589381e-5,NRG3,4.473886830368557,Sig Up
1.3800468200668152e-9,0.1584748082979801,0.441,0.34,3.446942942480884e-5,RBPJ,4.462565905443458,Not sig
1.3826970147650344e-9,-0.44945106886529373,0.467,0.484,3.453562333778626e-5,ELF2,4.461732700951656,Sig Down
1.4806902653608193e-9,-0.5816569596925598,0.226,0.275,3.698320075791718e-5,ARHGEF12,4.431995504984664,Sig Down
1.4891144904420627e-9,0.1870075013770518,0.604,0.503,3.7193612627771396e-5,UBE2E2,4.429531636427051,Not sig
1.5159493452586292e-9,0.13883291701795852,0.319,0.23,3.786386679652478e-5,ANKRD36,4.421775036366917,Not sig
1.5293595122065881e-9,0.4454282747676336,0.132,0.082,3.819881253638395e-5,CEP128,4.417950137531003,Sig Up
1.5523141167066597e-9,0.3001701194617641,0.19,0.129,3.877214969298224e-5,LNPEP,4.41148011919093,Sig Up
1.5583856006274315e-9,0.2721381779845976,0.119,0.07,3.892379714687135e-5,COG6,4.409784799454715,Sig Up
1.6104226712882265e-9,0.38188937880607265,0.124,0.075,4.0223527060766034e-5,KLHL42,4.395519850301492,Sig Up
1.6383352061478812e-9,-0.5452341335273541,0.343,0.379,4.0920698443955627e-5,KCNMB4,4.388056962257845,Sig Down
1.702903762604993e-9,-1.0178645348494797,0.073,0.11,4.253342727858491e-5,RASA3,4.371269621090178,Sig Down
1.7422654513549434e-9,0.24172486077446748,0.162,0.105,4.351656417849242e-5,LINC01004,4.3613454013895225,Not sig
1.7747443642541407e-9,0.1642047241318263,0.579,0.466,4.4327789985975674e-5,GNAQ,4.3533239204223255,Not sig
1.8033881099682313e-9,-0.7575215737438158,0.195,0.24,4.504322482267651e-5,TNS1,4.346370524183401,Sig Down
1.8743075193615365e-9,0.5036182037245932,0.119,0.072,4.68145789110931e-5,METTL25,4.329618878663929,Sig Up
1.8854211286491456e-9,-0.8731412627959029,0.116,0.159,4.709216353026971e-5,C2CD2,4.327051356538096,Sig Down
1.8876047769420185e-9,0.5282291401423309,0.122,0.074,4.71467045136808e-5,LTBP1,4.3265486584206565,Sig Up
1.9238506102055074e-9,0.4096880635649862,0.105,0.06,4.805201669110296e-5,EPHB2,4.318288380743855,Sig Up
1.9531369192039053e-9,0.20511604295146346,0.245,0.172,4.878350083095594e-5,YWHAQ,4.3117270368018845,Not sig
2.035798507208671e-9,0.1038778302261516,0.458,0.349,5.0848139314550976e-5,RFTN2,4.293724934584069,Not sig
2.06651645320065e-9,0.3761030623065668,0.125,0.076,5.161538145159264e-5,CKB,4.287220858758153,Sig Up
2.074144674805003e-9,0.1807685093277165,0.294,0.215,5.180591154260456e-5,PLEKHA1,4.285620680334928,Not sig
2.079483104080704e-9,-0.8498929909185116,0.135,0.179,5.193924949062375e-5,CAST,4.2845043301097885,Sig Down
2.114661586432172e-9,-0.7127051280678628,0.145,0.192,5.281790244431636e-5,ECE1,4.277218849909614,Sig Down
2.223341907385474e-9,0.16410929696125187,0.354,0.263,5.553241082076698e-5,AGO3,4.255453472152701,Not sig
2.3048214453833424e-9,0.36061460091703423,0.101,0.057,5.756752524133975e-5,PACRGL,4.239822439940931,Sig Up
2.309478414266255e-9,0.13535070904883195,0.731,0.619,5.768384235312825e-5,ARAP2,4.238945818725816,Not sig
2.395527049702523e-9,-0.5784728409625,0.307,0.345,5.9833079120419913e-5,CTNNA1,4.22305864698917,Sig Down
2.3998850457341503e-9,0.4678015683235126,0.117,0.07,5.994192878730187e-5,DTWD1,4.222269286612182,Sig Up
2.4534577356001872e-9,0.3294718177293714,0.156,0.101,6.128001386208587e-5,CLCN3,4.212681145134154,Sig Up
2.4745268779639614e-9,0.289283443544367,0.199,0.137,6.180625783090586e-5,MAN1A2,4.2089675507389845,Sig Up
2.6280069158301116e-9,0.24497821939004039,0.128,0.078,6.56397287366887e-5,ZNF24,4.182833222384372,Not sig
2.6497627273070264e-9,0.327455403635024,0.169,0.113,6.61831236399476e-5,RYR2,4.179252739328191,Sig Up
2.683650150705766e-9,0.1993233793957071,0.24,0.169,6.702952981417792e-5,SEM1,4.173733827000786,Not sig
2.6846604215148484e-9,0.31590961075669066,0.165,0.108,6.705476334817638e-5,SPATA5,4.173570365875768,Sig Up
2.6901646340218265e-9,0.20706316018007365,0.246,0.175,6.719224206396316e-5,IKZF2,4.17268086717397,Not sig
2.788713348844553e-9,0.2573833590061825,0.406,0.32,6.96536933140904e-5,FCHSD2,4.157055850619719,Sig Up
2.9081540909496885e-9,-0.6804621182784304,0.173,0.22,7.263696472965037e-5,DENND2A,4.138842311908575,Sig Down
3.068366363710134e-9,0.3801788809032433,0.177,0.119,7.663858666638802e-5,TMBIM6,4.115552512915009,Sig Up
3.072170943522924e-9,-0.874473872829583,0.109,0.151,7.673361365637207e-5,FRMD3,4.115014348859515,Sig Down
3.1215676914331436e-9,0.3398043754829003,0.135,0.085,7.796739622892563e-5,SH3YL1,4.108086969079203,Sig Up
3.149058388319418e-9,0.18076174986374305,0.271,0.195,7.86540313650541e-5,FGF1,4.104279012967857,Not sig
3.2104773047859866e-9,0.3643197509336583,0.108,0.063,8.018809164163959e-5,DCAF17,4.095890121969209,Sig Up
3.2158288613032325e-9,0.5560565425064117,0.102,0.059,8.032175746877084e-5,DUSP10,4.0951667975765575,Sig Up
3.405587665414594e-9,0.21961192243288713,0.159,0.102,8.506136311906031e-5,NLGN4Y,4.070267661942444,Not sig
3.5590085797952103e-9,0.4556806394757109,0.11,0.065,8.889335729754496e-5,IPO13,4.051130691187351,Sig Up
3.569363546190942e-9,-0.5128676472958202,0.268,0.316,8.9151993293211165e-05,LDLRAD3,4.049868942263559,Sig Down
3.6033966480166293e-9,-0.49732604519033685,0.116,0.162,9.000203807751136e-5,SAMD4A,4.04574765594073,Sig Down
3.729248970119614e-9,0.3748443076140363,0.122,0.074,9.31454515266776e-5,SH3TC2-DT,4.030838347693074,Sig Up
3.872756572254727e-9,0.49121688899585936,0.131,0.082,9.672984090520632e-5,ZNF521,4.014439526524678,Sig Up
4.1954043973721725e-9,0.44912939944044494,0.105,0.061,1.0478861563316475e-4,GLCCI1,3.9796858970875695,Sig Up
4.298088871953952e-9,-0.8714468698953861,0.074,0.112,1.0735336575479386e-4,STK24,3.969184334964854,Sig Down
4.3283446319766665e-9,0.343559675126188,0.112,0.067,1.081090638728812e-4,TJAP1,3.9661378932348605,Sig Up
4.3593165391374124e-9,0.19577968016657366,0.229,0.161,1.0888264919803515e-4,TBCK,3.9630413209596504,Not sig
4.391326082884358e-9,-1.0274760185829717,0.105,0.144,1.0968215157220262e-4,STIP1,3.959864038827862,Sig Down
4.425824897024311e-9,0.2865196026105492,0.129,0.08,1.1054382845297621e-4,GTF2F2,3.9564654986179146,Sig Up
4.427001713974226e-9,0.4200264854604549,0.111,0.066,1.1057322180993423e-4,C5orf30,3.956350036035617,Sig Up
4.5388432623636476e-9,0.5357804596083143,0.103,0.06,1.1336668816405682e-4,PMS1,3.945514540432953,Sig Up
4.619524801326397e-9,-0.5758011227983366,0.29,0.331,1.1538187096272941e-4,STK3,3.937862423063773,Sig Down
4.657814505067643e-9,-0.6501087343937355,0.124,0.168,1.1633823289307453e-4,EPB41L4A,3.934277537156313,Sig Down
4.716545596866344e-9,0.23260027662971594,0.188,0.127,1.1780515937293067e-4,ANXA4,3.9288356888517457,Not sig
4.824876668205857e-9,0.11269313416004167,0.346,0.256,1.2051094454177769e-4,PPP1R16B,3.9189735096180844,Not sig
5.021647066750737e-9,0.1383955697015482,0.536,0.433,1.2542567878623317e-4,TULP4,3.9016135399528498,Not sig
5.042320763055591e-9,0.23019911193898243,0.188,0.128,1.259420456988395e-4,MTX2,3.89982925665487,Not sig
5.474350006960919e-9,0.2205256192148174,0.227,0.162,1.3673284012386287e-4,ZNF518A,3.864127165229522,Not sig
5.497149907812136e-9,0.20969278541873204,0.284,0.208,1.3730231324742372e-4,KLHL24,3.8623221457776045,Not sig
5.618504264434968e-9,-0.5179103110410241,0.096,0.139,1.403333810127922e-4,LEF1,3.8528390113287276,Sig Down
5.618903945381697e-9,-0.8410359988798191,0.087,0.126,1.4034336384379864e-4,DGKH,3.8528081182212572,Sig Down
5.767516114960297e-9,0.2191274517617361,0.16,0.105,1.4405525000336334e-4,ULK2,3.8414709095047574,Not sig
5.776803003108494e-9,0.4010292714253246,0.103,0.06,1.4428720860864086e-4,HDAC11,3.8407721684000458,Sig Up
5.984893451034873e-9,0.20936401443942154,0.334,0.253,1.4948468372649802e-4,ANKH,3.825403303084204,Not sig
6.069082465791307e-9,0.2732177595119182,0.241,0.174,1.5158747274806946e-4,MAPK8,3.8193366874980543,Sig Up
6.147277981704997e-9,-0.9379994530088854,0.067,0.103,1.535405621490457e-4,ADGRL2,3.8137768736693713,Sig Down
6.348859756219161e-9,-0.5822407079208387,0.217,0.263,1.58575470131086e-4,HIVEP2,3.799763992369195,Sig Down
6.395193992283571e-9,0.327391165479508,0.216,0.154,1.5973276034526675e-4,GMDS-DT,3.7966060032223923,Sig Up
6.404734794850685e-9,0.2819945289375999,0.174,0.118,1.5997106097098555e-4,CYP27A1,3.7959585748274223,Sig Up
6.480193800252807e-9,0.30698024119755574,0.18,0.122,1.6185580054891435e-4,TCP11L2,3.7908717318422256,Sig Up
6.587225384390437e-9,0.46844022956573816,0.103,0.06,1.6452912842591995e-4,TROVE2,3.7837572029130078,Sig Up
6.605654377842196e-9,-0.8458750330518225,0.096,0.136,1.6498942939536452e-4,SREBF1,3.782543879436527,Sig Down
6.682407980315753e-9,0.13862388211776056,0.431,0.332,1.6690650412434655e-4,TNRC6C,3.7775267391129934,Not sig
6.698819195129345e-9,0.5786968799172141,0.105,0.062,1.6731640703674565e-4,AC113414.1,3.7764614700588295,Sig Up
7.142805298578265e-9,0.35756379752721146,0.137,0.087,1.7840584794258932e-4,AFTPH,3.7485909140430134,Sig Up
7.145212216747841e-9,0.4562800393883313,0.147,0.096,1.784659655377108e-4,ABTB2,3.7484445940531046,Sig Up
7.231483087564421e-9,-0.49589755007636427,0.335,0.369,1.8062075307809653e-4,EVA1C,3.743232351312146,Sig Down
7.341681734044544e-9,0.25980477216340636,0.203,0.141,1.8337318467123056e-4,ATP11B,3.73666417248701,Sig Up
7.411630156636051e-9,0.23969888542538387,0.185,0.125,1.8512028642229863e-4,APC,3.7325459864415502,Not sig
7.456773275894313e-9,0.24863675251546302,0.224,0.158,1.8624782611201227e-4,FARS2,3.7299087876431174,Not sig
8.203912501998914e-9,0.15697302638436705,0.249,0.177,2.0490912256242687e-4,PSAP,3.6884387063604938,Not sig
8.535756480304469e-9,-0.8653646194069415,0.113,0.153,2.131975896085647e-4,UBC,3.6712177097093357,Sig Down
8.537541470408854e-9,0.17955658590197165,0.51,0.407,2.1324217330640193e-4,NCOA7,3.671126899912933,Not sig
8.96505937452376e-9,-0.5306472981818113,0.118,0.163,2.2392028799747996e-4,PLCB1,3.649906555969029,Sig Down
8.966411379093504e-9,-0.7692405697630214,0.085,0.123,2.2395405701561844e-4,ABLIM1,3.649841065733083,Sig Down
8.968963206065104e-9,0.4389425992313852,0.113,0.068,2.240177939978881e-4,MTHFD2L,3.6497174837722204,Sig Up
9.201540358871759e-9,-0.5924535905429955,0.211,0.258,2.2982687354353992e-4,ESYT2,3.638599190837908,Sig Down
9.306712303706478e-9,0.2879883737509424,0.163,0.108,2.324537532096767e-4,PROX1,3.6336634372843233,Sig Up
9.770941035109395e-9,0.1861828829356433,0.181,0.123,2.4404879423392734e-4,FRS2,3.612523333710576,Not sig
9.826963729625574e-9,0.3300340627340647,0.162,0.108,2.4544807307485796e-4,PPHLN1,3.6100403730415658,Sig Up
9.949392934284758e-9,0.2998773082619726,0.121,0.074,2.485059873196304e-4,PLEKHB1,3.6046631432342617,Sig Up
1.0250913476802847e-8,0.406399696518725,0.186,0.131,2.560370659101047e-4,KCNAB1,3.5916971583015562,Sig Up
1.0606451051414694e-8,0.28600236354249586,0.244,0.178,2.649173279111848e-4,TFCP2,3.5768896341146563,Sig Up
1.1050525085382666e-8,0.23982201915138218,0.13,0.082,2.7600896505760285e-4,PPM1K,3.5590768113702382,Not sig
1.1360168837687088e-8,0.16484031045685188,0.452,0.359,2.837429370589104e-4,WNK1,3.5470749401407335,Not sig
1.1556721408752116e-8,0.2024308427701756,0.168,0.111,2.8865223062640163e-4,PADI2,3.539625082042037,Not sig
1.1589502395174774e-8,0.43741982812299596,0.108,0.065,2.8947100132428033e-4,GCFC2,3.5383949365847203,Sig Up
1.1716306252216394e-8,0.18806132595619687,0.17,0.114,2.9263818126160887e-4,KIAA1147,3.5336690109877438,Not sig
1.1733324528478565e-8,0.11443781589439506,0.323,0.241,2.930632467478091e-4,MEIS2,3.5330386432997507,Not sig
1.2351406032787151e-8,0.18481983132655833,0.317,0.238,3.085010684809247e-4,MXI1,3.5107433274668303,Not sig
1.2541908488045825e-8,0.16267104939141253,0.289,0.211,3.1325924830592056e-4,FANCL,3.5040960985335294,Not sig
1.3122825666232125e-8,0.38422726256591,0.117,0.072,3.277688166654798e-4,RNASE1,3.4844323667945174,Sig Up
1.419129083293519e-8,0.39546265494981636,0.118,0.072,3.5445587113422226e-4,MAPK8IP1,3.4504378256878057,Sig Up
1.4280091450116166e-8,0.2210949419909234,0.227,0.163,3.566738441495515e-4,UMAD1,3.4477287374741343,Not sig
1.430740182750318e-8,0.2584435624324298,0.16,0.106,3.5735597544554694e-4,CEP97,3.4468989515470563,Sig Up
1.4553807184761545e-8,0.31244470842745603,0.147,0.096,3.6351044205378913e-4,SNX27,3.439483109258298,Sig Up
1.4669557730816742e-8,0.1754636226773263,0.271,0.2,3.664015434426098e-4,STOX2,3.436042705563148,Not sig
1.5789332194165253e-8,0.40365314651845596,0.13,0.083,3.943701502136655e-4,LRP4,3.40409596413672,Sig Up
1.6030332789494745e-8,0.23281077776430112,0.16,0.105,4.0038962208321027e-4,MLH3,3.3975171877621633,Not sig
1.6206068924424893e-8,0.1277658816837648,0.47,0.364,4.0477898352536055e-4,CERCAM,3.39278204452772,Not sig
1.6209035211902594e-8,0.2362640576973359,0.162,0.108,4.048530724876911e-4,AC097376.2,3.3927025604525505,Not sig
1.627022061753788e-8,0.31503997355914826,0.1,0.058,4.0638130036424366e-4,LARP6,3.3910662843251878,Sig Up
1.633299410874272e-8,0.3965462120981442,0.103,0.061,4.07949193854067e-4,NARS2,3.3893939207403885,Sig Up
1.6357748519405036e-8,-0.72197108258295,0.121,0.162,4.085674847691796e-4,ATP2B4,3.3887361990036564,Sig Down
1.75980826228217e-8,-0.5151511144970256,0.265,0.307,4.395473096702176e-4,TRIO,3.3569943737803163,Sig Down
1.7912620122960588e-8,0.17093374243756232,0.472,0.377,4.474035128111866e-4,MBD5,3.3493006103410314,Not sig
1.800361249437367e-8,0.1286755623216368,0.13,0.081,4.496762292719712e-4,CLCN4,3.3471000694453306,Not sig
1.8055767433845238e-8,0.38866958434650306,0.122,0.077,4.509789031951525e-4,CCDC82,3.3458437739540403,Sig Up
1.8197753118063713e-8,0.33847115137951284,0.134,0.087,4.5452527962987736e-4,GPATCH2L,3.3424419573299193,Sig Up
1.830980268670739e-8,0.13984808903424173,0.353,0.266,4.573239417058905e-4,CPEB4,3.3397760619506527,Not sig
1.8355251437805435e-8,0.17429122887946236,0.258,0.187,4.5845911516206633e-4,TPPP,3.3386993881318374,Not sig
1.8971030208678774e-8,0.506816807514153,0.106,0.064,4.7383942152216975e-4,RIC8B,3.3243688105669333,Sig Up
1.9090336140444848e-8,-0.48756887481164013,0.077,0.115,4.76819325779891e-4,ARHGAP10,3.321646150689224,Sig Down
1.9422000417194518e-8,0.1027381421074336,0.373,0.282,4.8510330442026744e-4,ZCCHC24,3.314165767042458,Not sig
1.943914573214031e-8,0.20142357326542126,0.203,0.142,4.855315429516685e-4,RSRC1,3.313782550545138,Not sig
1.9725435428450437e-8,0.4097165324019086,0.138,0.089,4.926822006964066e-4,CKMT2-AS1,3.3074331273515685,Sig Up
2.0482019703777945e-8,0.12304567206451067,0.28,0.207,5.115794061412618e-4,PHF3,3.291086946560911,Not sig
2.080553648452485e-8,0.14107249392334964,0.394,0.304,5.196598847739772e-4,DNAJB2,3.284280807313613,Not sig
2.12594110595122e-8,0.2990271059278253,0.118,0.073,5.309963100334363e-4,PNPT1,3.2749084968802733,Sig Up
2.1276106001850293e-8,0.3713785960595851,0.12,0.075,5.314132996082148e-4,PCBP4,3.2745675807609285,Sig Up
2.16023016083157e-8,0.46979801036278107,0.102,0.061,5.395606872709012e-4,ZC4H2,3.2679597008149717,Sig Up
2.2063845941286524e-8,0.22460696462820337,0.173,0.116,5.510886800755135e-4,PLEKHG3,3.258778509735247,Not sig
2.225246158422192e-8,0.34535689621422005,0.144,0.094,5.55799732989111e-4,SGCE,3.2550816661973365,Sig Up
2.268260222637885e-8,0.316292672719057,0.159,0.106,5.665433558082646e-4,SLX4IP,3.246766849317266,Sig Up
2.295970445096017e-8,0.3322740640057464,0.129,0.082,5.734645380716322e-4,RCAN1,3.2414934328559646,Sig Up
2.3960847211444315e-8,0.2501168228275055,0.191,0.134,5.984700808002447e-4,APBA1,3.222957556315462,Sig Up
2.4379189106903248e-8,0.12463352779502257,0.608,0.505,6.089190063231224e-4,C9orf3,3.215440470004552,Not sig
2.5087456190333284e-8,0.15900166241260866,0.186,0.129,6.266093932659544e-4,SNCA,3.203003099060132,Not sig
2.5625088117815048e-8,0.3074172971284578,0.146,0.096,6.400378259186665e-4,DNM1L,3.193794358668755,Sig Up
2.6359434188869313e-8,0.24447570853747855,0.155,0.103,6.583795877353888e-4,PURA,3.1815236423633833,Not sig
2.655987381681756e-8,0.4744210069854887,0.112,0.069,6.633859683226523e-4,LINC02062,3.1782337187443193,Sig Up
2.7257290111347908e-8,0.1438508303902708,0.346,0.263,6.808053351111367e-4,FAM171A1,3.1669770495741023,Not sig
2.7364852340538138e-8,0.2024146588909681,0.34,0.261,6.834919169096211e-4,TANC2,3.1652666171053845,Not sig
2.797489998933046e-8,-0.6246399345116779,0.187,0.231,6.987290770335069e-4,RAPGEF3,3.1556911835633943,Sig Down
2.812808721119276e-8,-0.5539619288572541,0.111,0.153,7.025552342739616e-4,TBC1D4,3.153319526230835,Sig Down
2.8243457158037932e-8,-0.5116647092187406,0.081,0.119,7.054368294363134e-4,KLF6,3.151541870436283,Sig Down
2.9033617722207364e-8,0.14463735669751077,0.3,0.225,7.251726698475733e-4,MUC20-OT1,3.139558571865622,Not sig
2.9212739473340054e-8,0.3933430470158256,0.143,0.095,7.296465938256146e-4,BMP2K,3.1368874405852827,Sig Up
2.982757552853952e-8,0.4047004541822996,0.104,0.062,7.450033539763316e-4,MGMT,3.127841772070319,Sig Up
2.988261176058293e-8,0.5089350458287597,0.105,0.063,7.463779939440798e-4,DYNLL2,3.1270411737223593,Sig Up
3.009700573955899e-8,0.18735775855967396,0.267,0.197,7.517329123569649e-4,TIAM1,3.1239364350643886,Not sig
3.024300114274564e-8,0.5262800031444861,0.113,0.07,7.553794395423577e-4,SVEP1,3.1218348402853278,Sig Up
3.099364172931464e-8,0.29912967193239487,0.145,0.096,7.741281894730917e-4,LYPLAL1,3.1111871176489823,Sig Up
3.172713604742708e-8,0.15175629582408723,0.483,0.38,7.924486770565862e-4,MYO6,3.1010288552842002,Not sig
3.196896622807757e-8,0.3184735965065871,0.146,0.096,7.984888694786936e-4,DCAF10,3.0977311333234634,Sig Up
3.347996196516008e-8,0.17240322102783123,0.397,0.309,8.362290100038033e-4,CEP170,3.0776747702153666,Not sig
3.3583469883215837e-8,-0.9504977832971881,0.15,0.189,8.388143272730819e-4,LRIG1,3.076334160225649,Sig Down
3.400014758108193e-8,0.3283438925500677,0.11,0.067,8.492216861326834e-4,ADORA1,3.07097892401204,Sig Up
3.419839384265704e-8,0.27784906316988417,0.171,0.118,8.541732830080448e-4,FGFR1OP2,3.0684540166409184,Sig Up
3.6280500577211156e-8,0.10619364351161908,0.247,0.177,9.061780629170031e-4,AC096564.1,3.042786455585891,Not sig
3.712764165394926e-8,0.13500343113986588,0.178,0.121,9.273371055906907e-4,PEBP1,3.0327623624203324,Not sig
3.7193264787020986e-8,0.1520572074631763,0.247,0.18,9.289761745854231e-4,ATF7IP,3.031995424196634,Not sig
3.7701378959344926e-8,0.39395362962955505,0.119,0.075,9.416673422675582e-4,RNF170,3.026102490978753,Sig Up
3.840527690953128e-8,0.12630631796446357,0.216,0.154,9.592486013693628e-4,PDE7A,3.018068825351445,Not sig
3.923170642633508e-8,0.10032557808336362,0.743,0.642,9.798903314105713e-4,RTN4,3.0088225274997487,Not sig
3.931378413345552e-8,0.22629672039758164,0.273,0.206,9.819403863013186e-4,MLLT3,3.007914877474004,Not sig
3.951238309877049e-8,0.2909882498255405,0.119,0.075,9.869007926579904e-4,UNC5B,3.0057265022104827,Sig Up
3.998680265058495e-8,-0.6285084250529119,0.07,0.105,9.987503698036604e-4,MYO1B,3.000543046873287,Sig Down
4.203544786903398e-8,0.2907238407929241,0.123,0.078,0.0010499193814248616,NIPSNAP2,2.9788440471648254,Sig Up
4.3087970056965565e-8,0.16973663917659532,0.358,0.276,0.001076208228112829,GPATCH8,2.968103691893374,Not sig
4.348295307381266e-8,0.34162233973725376,0.12,0.076,0.001086073718924619,ZNF782,2.96414069534055,Sig Up
4.403386287589483e-8,0.16729048921725131,0.309,0.234,0.0010998337930512253,JPX,2.958672940491378,Not sig
4.4251479002519765e-8,0.2205275911857531,0.131,0.084,0.001105269191045936,ARHGEF37,2.95653193560056,Not sig
4.5714651871229834e-8,0.1489962911314452,0.253,0.183,0.0011418148597877075,SFPQ,2.9424043093046297,Not sig
4.914095619843336e-8,0.2351246209565396,0.125,0.079,0.00122739366296827,AIF1L,2.9110161233080887,Not sig
5.018695595904737e-8,0.13529031495084998,0.258,0.188,0.0012535195989891261,AC016597.1,2.9018688713856315,Not sig
5.0626070151720815e-8,-0.7231712515439426,0.098,0.137,0.0012644873541795309,CYTH3,2.8980855095679043,Sig Down
5.068152519769134e-8,-0.7332114054901646,0.11,0.149,0.0012658724548627366,GALNT15,2.897610050195266,Sig Down
5.185440720918798e-8,0.292768459546811,0.145,0.096,0.001295167528863888,CREB1,2.8876740523121325,Sig Up
5.317251781646986e-8,0.38503981592290926,0.1,0.06,0.0013280899775019676,AL162511.1,2.876772500714346,Sig Up
5.413169549314786e-8,0.38354220388796617,0.129,0.084,0.0013520473583323541,SNX24,2.8690080960406847,Sig Up
5.4549349863989875e-8,0.15272262409763493,0.235,0.169,0.001362479111552875,PLXNB1,2.865670147258191,Not sig
5.603424137716067e-8,0.31323183767870144,0.168,0.117,0.001399567246877342,TTN-AS1,2.854006229569295,Sig Up
5.6468188623612165e-8,0.28165219315896295,0.206,0.149,0.001410405947251961,FBXW11,2.8506558694174244,Sig Up
5.6760167859509223e-8,0.32100660729781205,0.178,0.126,0.0014176987126269618,SRGAP1,2.848416055010746,Sig Up
5.7992899004547104e-8,0.15451703213133872,0.234,0.17,0.001448488638436573,CDH19,2.8390849069384063,Not sig
5.9588443260967764e-8,0.1341630992432401,0.276,0.206,0.0014883405473291918,EVI5,2.8272976864619497,Not sig
6.040067362107494e-8,0.19488028702019142,0.159,0.107,0.0015086276250335887,MSL2,2.8214179440217686,Not sig
6.069444830664676e-8,-0.40103304220889935,0.171,0.214,0.001515965235355116,CRIM1,2.819310757982695,Sig Down
6.070686470686918e-8,0.25083763324292574,0.158,0.106,0.0015162753597834713,TET3,2.8192219224670545,Sig Up
6.313534958006648e-8,0.15593428281763957,0.143,0.094,0.0015769316264613205,GABPB2,2.80218713666114,Not sig
6.490841997026703e-8,0.30178255233899565,0.161,0.11,0.0016212176055973595,PIK3CA,2.7901586886878897,Sig Up
6.49194293822852e-8,0.18920306308427737,0.187,0.131,0.0016214925876813374,NR2C2,2.7900850322740496,Not sig
6.609965738667078e-8,0.12900846306152414,0.221,0.158,0.0016509711425468762,C1GALT1,2.7822605177379223,Not sig
6.726957766468616e-8,0.2846106694866588,0.112,0.07,0.0016801922413308664,LINC01411,2.7746410250760793,Sig Up
6.769570466269606e-8,0.1491259858584133,0.266,0.195,0.0016908356153601597,UBL3,2.7718986128707663,Not sig
6.818551433625867e-8,0.351312331644174,0.135,0.089,0.001703069591576733,SPAST,2.7687676053431796,Sig Up
6.888273671412541e-8,0.14235417207594714,0.197,0.139,0.0017204841149087104,USP40,2.7643493328305198,Not sig
7.206774544571311e-8,0.11057596388970037,0.388,0.299,0.0018000360779975764,RICTOR,2.7447187902754475,Not sig
7.40645631587082e-8,0.44623436351777246,0.135,0.09,0.0018499105940150548,MSH3,2.7328492604965455,Sig Up
7.577627217968662e-8,0.20150996462289586,0.162,0.11,0.0018926639502320325,PIGN,2.722926489847939,Not sig
7.665006891878361e-8,0.20091443350481364,0.252,0.186,0.0019144887713844583,INF2,2.7179471764774688,Not sig
8.08620720516256e-8,-0.49975711136506584,0.354,0.386,0.0020196919736334526,KAZN,2.6947148604305076,Sig Down
8.252604767516401e-8,0.215058246612307,0.206,0.147,0.0020612530927825714,TXNIP,2.6858686797149702,Not sig
8.304010458978329e-8,0.18152517499651358,0.178,0.123,0.0020740926923390173,PLD3,2.6831718386548804,Not sig
8.479336570923493e-8,0.13092082084326018,0.644,0.533,0.0021178838953195608,CREB5,2.6740978520680763,Not sig
8.525402365776763e-8,0.32879992636094463,0.109,0.068,0.002129389748900062,YTHDF3,2.6717448410017646,Sig Up
8.580978839916466e-8,-0.5083332460017832,0.162,0.207,0.002143271084845936,MYRIP,2.6689228951238224,Sig Down
8.74967336275389e-8,0.3650120232880744,0.153,0.105,0.002185405915815039,DGKI,2.6604678856382455,Sig Up
9.083258644775449e-8,0.3600935015436847,0.115,0.072,0.002268725511705564,TMEM106B,2.644218045306222,Sig Up
9.134215798016526e-8,0.1972557948704159,0.123,0.079,0.0022814530798705877,GOSR1,2.641788458455129,Not sig
9.291753121148259e-8,0.14377569274686475,0.379,0.295,0.0023208011770692004,BACH2,2.6343620639388767,Not sig
9.483527631931419e-8,0.4778893672858625,0.129,0.085,0.0023687006966275105,STIM2,2.625489812225774,Sig Up
9.575177138687895e-8,0.2252150093477256,0.123,0.078,0.0023915919939300756,GALNT6,2.621312909089406,Not sig
9.594152517717447e-8,0.2591403792988228,0.154,0.105,0.0023963314743502867,LGR4,2.6204531080171796,Sig Up
9.713987193900728e-8,-0.37210949060003484,0.504,0.501,0.002426262581420585,USP34,2.6150621995572676,Sig Down
9.753874897595808e-8,0.2768985615570552,0.168,0.117,0.002436225333172505,DOPEY1,2.61328254509189,Sig Up
9.9601161908048e-8,0.25500123825387616,0.16,0.11,0.0024877382209773148,PIAS2,2.6041953213953857,Sig Up
1.0296668278171514e-7,0.22452084162793007,0.162,0.111,0.002571798835838899,ZNF718,2.5897630046054463,Not sig
1.1159934206659544e-7,-0.4824168588440364,0.117,0.158,0.0027874167667973544,MEF2C,2.554798091929543,Sig Down
1.1487454097927118e-7,0.24039560741149468,0.239,0.176,0.002869221410039256,RPS6KC1,2.5422359371328453,Not sig
1.1869896407503399e-7,0.17751699578188607,0.298,0.226,0.002964744025702124,GLG1,2.5280127974174382,Not sig
1.1960159160860142e-7,0.44757895281430543,0.101,0.062,0.0029872889536080374,SLC16A7,2.5247227670550365,Sig Up
1.2094202235069184e-7,0.22113454728748214,0.145,0.097,0.00302076889225323,ABCC5,2.5198824997046976,Not sig
1.2351853854439154e-7,0.1227779126301427,0.572,0.474,0.0030851225372232676,QDPR,2.5107275816524517,Not sig
1.24496815432304e-7,-0.7986593096070812,0.087,0.122,0.0031095569590526566,ARRDC3,2.5073014836243113,Sig Down
1.2870545431720653e-7,0.10449841316479658,0.577,0.477,0.0032146761324808675,DOCK3,2.492862774205198,Not sig
1.309005133237608e-7,-0.5032621476996202,0.351,0.373,0.0032695021212875734,NKTR,2.48551837652627,Sig Down
1.368317738020522e-7,0.31147606733492456,0.111,0.07,0.003417647214253858,IREB2,2.466272769236772,Sig Up
1.3768307807024115e-7,0.3370602496150942,0.187,0.135,0.0034389102409604134,MACROD2,2.463579159555806,Sig Up
1.3979354871966806e-7,0.14530827225736667,0.174,0.121,0.0034916234663711493,ZDHHC17,2.4569725963794746,Not sig
1.4125611928280952e-7,0.1611856759580278,0.259,0.193,0.0035281540913267334,ATM,2.4524524554133733,Not sig
1.430800814874633e-7,0.18104812133032208,0.178,0.124,0.0035737111953123707,HNRNPD,2.4468805473396436,Not sig
1.4427674033118533e-7,0.39251140772568954,0.108,0.068,0.003603600143252016,MRPS5,2.443263404489114,Sig Up
1.4659436759298728e-7,0.17540314676890323,0.227,0.165,0.0036614875193700432,ZC3H13,2.436342441870694,Not sig
1.4763228615814226e-7,0.2567952704878728,0.195,0.141,0.003687411611371919,MICU1,2.4332783810893077,Sig Up
1.5164566847041467e-7,0.17685981364488246,0.203,0.146,0.0037876538613855473,MIGA1,2.4216297162999343,Not sig
1.541171786820037e-7,0.232123723526328,0.182,0.128,0.0038493847719404065,TTC7B,2.4146086760764587,Not sig
1.552905558484668e-7,0.2384892841464204,0.127,0.082,0.0038786922134271553,TBC1D32,2.411314681682135,Not sig
1.557149158447564e-7,0.2218014851577066,0.103,0.063,0.003889291453054481,SERINC3,2.41012951077115,Not sig
1.6137399669973872e-7,0.10896245072375255,0.757,0.664,0.004030638315569374,EXOC6B,2.3946261709860663,Not sig
1.6199479935635904e-7,0.1275532308317886,0.355,0.277,0.00404614410352378,ZNF532,2.3929586538809007,Not sig
1.625585384955433e-7,0.274493035405753,0.146,0.098,0.0040602246160031845,LDLRAP1,2.391449940119257,Sig Up
1.6488472772660178e-7,0.2980488713464592,0.119,0.076,0.004118325844427333,RNASEH2B,2.385279294716937,Sig Up
1.6543809395813458e-7,0.20795071745791416,0.241,0.179,0.004132147272792327,LDLRAD4,2.3838242082992607,Not sig
1.6739119411856924e-7,0.19921162329781605,0.463,0.384,0.004180929855499504,IMMP2L,2.3787271186550494,Not sig
1.791371937265214e-7,0.13765555279189867,0.204,0.145,0.004474309687707325,RCOR3,2.349273959665459,Not sig
1.7969134361187486e-7,0.3682253075420229,0.103,0.064,0.004488150689393799,ZC3H12C,2.347932570095575,Sig Up
1.8084211530247106e-7,0.14369848306840316,0.347,0.266,0.004516893513909819,TBC1D12,2.3451601478416366,Not sig
1.9459764941116907e-7,0.4292883897255422,0.106,0.067,0.00486046548934277,EIF1AX,2.313322136134377,Sig Up
1.9657476985195424e-7,0.20207098263128154,0.259,0.195,0.004909848026592261,BICD1,2.3089319502871795,Not sig
1.9942754156582424e-7,0.2847580141053363,0.107,0.067,0.004981101705689592,LIPE,2.3026745906167787,Sig Up
2.0650818892279825e-7,0.6479865738820856,0.122,0.081,0.005157955034724732,DCC,2.2875224482112735,Sig Up
2.09537694315697e-7,0.39702474580650887,0.103,0.064,0.005233622990923164,RCBTB1,2.281197565390996,Sig Up
2.1126486330877311e-7,0.3854588039895396,0.181,0.13,0.005276762490863226,SLC25A29,2.2776324531468966,Sig Up
2.1278467385907536e-7,0.1132005434393033,0.223,0.163,0.005314722798978125,MGA,2.274519382131022,Not sig
2.1510020360581227e-7,0.10028480951871233,0.732,0.629,0.005372557785462373,C10orf90,2.2698189046829627,Not sig
2.1681018094237067e-7,0.1363401578025467,0.517,0.42,0.0054152678893975926,MAGI1,2.266380054272384,Not sig
2.1761559004606952e-7,0.1447652315222423,0.241,0.176,0.005435384592580679,CPOX,2.264769721030075,Not sig
2.2027288070439177e-7,0.2847741104184307,0.13,0.087,0.005501755741353594,SLC10A7,2.2594986946691726,Sig Up
2.2056878599120183e-7,0.2037537280562743,0.18,0.128,0.005509146567702248,PHF20L1,2.2589156733159923,Not sig
2.2451185052748202e-7,0.11052348416168867,0.479,0.386,0.005607632490624919,PPP1R12B,2.2512204566183684,Not sig
2.3051352792191487e-7,0.22020237357171388,0.166,0.116,0.005757536386905668,PARN,2.2397633086685667,Not sig
2.3789967815919733e-7,0.1046225474235305,0.535,0.432,0.005942020261382272,DPYSL2,2.226065871651925,Not sig
2.397103910454391e-7,0.20382218388356307,0.124,0.08,0.005987246437141932,RMND5A,2.2227728657747714,Not sig
2.397164385287381e-7,0.17560516468000914,0.159,0.11,0.005987397485132292,AC110285.1,2.222761909405773,Not sig
2.39802461564441e-7,0.26167623395995265,0.129,0.086,0.005989546082495043,MCF2L2,2.22260608935315,Sig Up
2.472425617776078e-7,0.16517810741452102,0.162,0.111,0.00617537746551931,SEMA6D,2.2093364913181825,Not sig
2.5747610984260224e-7,0.22712654993098125,0.261,0.198,0.006430980795538676,CHD6,2.191722787323473,Not sig
2.587336940210188e-7,-0.5930601480324507,0.19,0.228,0.006462391475562986,RAB1A,2.189606737044599,Sig Down
2.6643171430679614e-7,0.2729583664754087,0.151,0.104,0.006654664928240847,ARHGAP1,2.176873806978118,Sig Up
2.725816153909644e-7,0.4190141852031497,0.119,0.078,0.006808271007620118,DNAJB14,2.1669631652073353,Sig Up
2.7265108633036505e-7,0.20633301182622338,0.111,0.07,0.006810006183273528,HACD2,2.1668524937611715,Not sig
2.749678114002757e-7,0.12628433408548956,0.255,0.189,0.006867871025344687,NTRK2,2.1631778692343375,Not sig
2.755423342872461e-7,0.3167886338793817,0.154,0.107,0.006882220883492546,SMG7,2.162271392897516,Sig Up
2.8044346735647775e-7,0.2384012434527064,0.231,0.173,0.0070046364841627445,PHACTR1,2.1546143981396138,Not sig
2.8058878434242756e-7,-0.46004654391255956,0.124,0.165,0.007008266066520813,GFAP,2.154389418679538,Sig Down
2.9637127652171223e-7,0.24593159742491805,0.106,0.067,0.0074024653736828065,ELOVL6,2.1306236154217646,Not sig
3.193587645920515e-7,0.1726612225839399,0.193,0.139,0.007976623863215671,USP15,2.0981808865724747,Not sig
3.204309798356572e-7,0.10833932157975124,0.746,0.653,0.00800340458335521,ZSWIM6,2.096725228354397,Not sig
3.249855244632144e-7,0.2467342848951194,0.2,0.145,0.008117163444517706,UBA6-AS1,2.090595709134843,Not sig
3.3054754882636577e-7,0.3846434126858803,0.11,0.07,0.008256086127036138,UBE3D,2.0832257851570968,Sig Up
3.5481835398759796e-7,0.2163029730372351,0.199,0.144,0.008862298027548234,RIF1,2.0524536493006473,Not sig
3.579827608113494e-7,0.12724156384536592,0.161,0.111,0.008941335416785073,LINC00632,2.0485976131024155,Not sig
3.5985946512851116e-7,0.2928580727858431,0.105,0.066,0.008988209860514823,USP39,2.0463267960437914,Sig Up
3.6532028281669933e-7,-0.512001564396656,0.342,0.37,0.009124604703912699,JUND,2.03978594096771,Sig Down
3.6661927169574284e-7,0.10058173147337834,0.458,0.362,0.009157049549144569,GPRC5B,2.038244435822844,Not sig
3.743391892734886e-7,0.10711283526143256,0.275,0.207,0.009349869930483925,CASTOR3,2.0291944307174297,Not sig
3.747056545264095e-7,-0.6681010166000503,0.114,0.151,0.00935902313310613,UNC13B,2.0287694792577984,Sig Down
3.926257730076273e-7,0.13132037705809735,0.179,0.126,0.009806613932411506,ZXDC,2.008480921704521,Not sig
4.0228989298794526e-7,-0.8857797586947591,0.071,0.102,0.01004799465715991,SH3BP5,1.9979206045350824,Sig Down
4.036971140314069e-7,0.10832060737895755,0.439,0.343,0.01008314281716245,POGZ,1.9964040814406019,Not sig
4.216546783767665e-7,0.17775161297585595,0.16,0.111,0.010531668901816497,MAST3,1.9775028028487613,Not sig
4.275596435089887e-7,0.12217886324052407,0.331,0.257,0.010679157215924011,PCM1,1.9714630198651413,Not sig
4.5895750202023167e-7,0.28246886095530244,0.108,0.07,0.011463381527959325,DSE,1.9406872530224415,Sig Up
4.912721829324418e-7,0.24108827159273383,0.24,0.18,0.012270505313103598,SLC6A1,1.911137552173259,Not sig
5.127359492621627e-7,0.2730008579043217,0.103,0.065,0.012806605804721037,SNX2,1.892565958124489,Sig Up
5.229321092785263e-7,0.34757152959905446,0.101,0.063,0.01306127529344975,IDS,1.884014416792319,Sig Up
5.30839822928659e-7,0.3216979821175671,0.115,0.076,0.013258786257289115,SGPP1,1.8774962305231069,Sig Up
5.358806854007067e-7,0.17205537107018704,0.106,0.067,0.01338469187925345,LRRC4B,1.8733916219877107,Not sig
5.510475231154344e-7,-0.4267580412535463,0.449,0.458,0.013763513984854205,TACC1,1.8612706715220897,Sig Down
5.794067675572918e-7,-0.8559692278638861,0.1,0.133,0.014471842833278476,INSIG1,1.83947616263598,Sig Down
5.916320824242462e-7,-0.8457386347750095,0.085,0.118,0.014777194522710396,HIVEP1,1.830408009713636,Sig Down
5.920918813294559e-7,0.15861962819650688,0.267,0.202,0.01478867891996582,R3HDM2,1.830070620012193,Not sig
6.066726666774051e-7,-0.6569307477723412,0.16,0.197,0.015152863195601546,TERF2IP,1.8195052976855324,Sig Down
6.149012226519264e-7,0.1925417563507294,0.164,0.115,0.015358387838177166,PAPSS1,1.8136543695733642,Not sig
6.198091140915002e-7,0.1917130229863151,0.284,0.218,0.0154809722426634,PRKCE,1.8102017680481732,Not sig
6.222620617190566e-7,0.21146455435246048,0.151,0.105,0.015542239515556878,BTBD8,1.8084864025767766,Not sig
6.349671991975955e-7,0.2726135177899536,0.121,0.08,0.015859575734358342,EVI5L,1.7997084348425996,Sig Up
6.397338240395046e-7,0.16544353433160308,0.231,0.172,0.01597863172303471,CHCHD3,1.7964604127928465,Not sig
6.453677387843139e-7,0.1300844301412818,0.454,0.367,0.01611935001161581,KIF13B,1.7926524744453118,Not sig
6.508699305702107e-7,0.14515202243264447,0.19,0.137,0.01625677825585215,GPSM2,1.7889655180494923,Not sig
6.528600923923452e-7,0.2615361349549692,0.131,0.088,0.016306486527683607,PPP2R2C,1.787639604012719,Sig Up
6.864312692875979e-7,0.12274787898566863,0.516,0.425,0.017144993812996334,KIF13A,1.7658626672700657,Not sig
6.874217035864638e-7,0.21388806992172973,0.133,0.09,0.017169731890479108,CEP290,1.7652364863996293,Not sig
6.897333406726685e-7,0.2906855430505949,0.134,0.091,0.01722746964998124,NR6A1,1.7637785065189064,Sig Up
6.935399189306224e-7,-0.41288434014238584,0.297,0.336,0.017322546555130155,LHFPL6,1.7613882628068518,Sig Down
7.074610031900205e-7,0.25693557133277173,0.109,0.07,0.017670253476677143,INTS1,1.752757220570621,Sig Up
7.250108525191869e-7,0.11114204597707067,0.623,0.525,0.01810859606337173,SSH2,1.7421152186845874,Not sig
7.521861892888899e-7,0.2095707866251571,0.156,0.109,0.018787354449868603,IQCK,1.7261343709752957,Not sig
7.650126327877933e-7,0.3485054074837339,0.135,0.093,0.019107720529140716,SUCLG2,1.7187911193637537,Sig Up
7.801849413637654e-7,0.11091484775329885,0.685,0.594,0.019486679280442766,SLCO3A1,1.7102621625782526,Not sig
8.010729408573694e-7,0.15699752612687307,0.148,0.102,0.020008398843794517,C21orf62-AS1,1.6987876640438142,Not sig
8.157683058287997e-7,-0.6125952829141726,0.078,0.111,0.020375444974685932,ETS1,1.6908928980264888,Sig Down
8.358837481152834e-7,-0.8109160838126441,0.076,0.107,0.020877868376675435,TBC1D8,1.68031384472654,Sig Down
8.455472034051517e-7,0.13235217429879287,0.175,0.124,0.021119232499450472,AC007566.1,1.6753218686813176,Not sig
8.549654296938927e-7,0.3148979076350047,0.108,0.07,0.021354471537464358,MSH2,1.670511171659444,Sig Up
8.836040383910796e-7,0.22532054792517792,0.206,0.153,0.022069778066893996,RFX7,1.6562020340702392,Not sig
9.011416839642217e-7,0.19157714487389338,0.171,0.123,0.022507815840374364,MICU3,1.6476666469140109,Not sig
9.421034704519201e-7,0.14862810988603598,0.182,0.131,0.023530918381477608,B3GAT1,1.6283611225381884,Not sig
9.741561679997228e-7,0.17043518807180302,0.153,0.106,0.024331498608129075,GCLC,1.6138311414926245,Not sig
9.963551883352315e-7,0.18196944764749823,0.224,0.167,0.024885963539049077,SLC16A1-AS1,1.6040455395054107,Not sig
1.0315904733105736e-6,0.2569543288077797,0.145,0.102,0.025766035251878195,XPO7,1.5889524033622058,Sig Up
1.058908696747052e-6,-0.336362224982377,0.381,0.418,0.026448362518651118,RORA,1.5776012110060376,Sig Down
1.1706202901899331e-6,-0.8197652359947911,0.079,0.11,0.02923858298807396,SIPA1L2,1.534043678751535,Sig Down
1.199075753195172e-6,0.21526777233614267,0.131,0.089,0.02994931508755581,PARG,1.5236131050641961,Not sig
1.2050162955488018e-6,0.26156371896079544,0.224,0.171,0.03009769201392242,TRAF3IP2-AS1,1.5214668062017824,Sig Up
1.2057778631364433e-6,-0.5237295172928005,0.338,0.356,0.030116713687558944,ATP11A,1.5211924197630071,Sig Down
1.2097580296211042e-6,0.23422220930003948,0.132,0.09,0.03021612630584632,LIN52,1.5197612127907563,Not sig
1.3239980058878398e-6,0.23695305363104896,0.128,0.087,0.03306949819306058,PRMT3,1.4805723951570031,Not sig
1.3363185720768156e-6,0.18638728168149318,0.134,0.092,0.03337722897476262,CXXC5,1.4765497219085433,Not sig
1.3515656921318705e-6,0.1381978929796502,0.167,0.118,0.03375805629237773,TP53TG5,1.4716225669574057,Not sig
1.417581340595369e-6,0.17475374953242695,0.201,0.149,0.03540692914405053,CD55,1.4509117381282524,Not sig
1.4790384960308642e-6,-0.693531571464849,0.083,0.114,0.036941944515362896,LMNA,1.4324802483092616,Sig Down
1.5223972936715254e-6,0.13798541321589786,0.113,0.074,0.03802491720403369,UBE4A,1.4199317229125823,Not sig
1.5777693367681457e-6,0.11339921572864076,0.266,0.202,0.03940794472445797,SLC27A1,1.4044162146675716,Not sig
1.5952802439582427e-6,-0.43485513083256344,0.323,0.348,0.039845314653345024,NFAT5,1.399622739257304,Sig Down
1.6018242884321823e-6,0.35630572821123513,0.126,0.086,0.04000876525217062,RAB14,1.3978448515813509,Sig Up
1.6307776117237652e-6,-0.43796345880062004,0.272,0.308,0.04073193240802448,LENG8,1.390064985587118,Sig Down
1.7107715697002505e-6,-0.7724995042379571,0.078,0.108,0.042729941496403155,RNF145,1.369267701795644,Sig Down
1.7986219449990982e-6,0.1545353723707774,0.21,0.157,0.04492418032024248,ENOSF1,1.3475198382177243,Not sig
1.7993192994481627e-6,0.16486413046451465,0.168,0.121,0.04494159814231676,RHBDD1,1.3473514879460686,Not sig
1.8332926424195188e-6,0.2898177995267406,0.11,0.073,0.04579015032971232,CEP63,1.3392279306750248,Sig Up
1.8953653118118143e-6,0.11115689913624996,0.168,0.119,0.04734053939312369,SLC35E3,1.3247667980731244,Not sig
1.8975994159193375e-6,0.11299533938073303,0.353,0.28,0.047396340611417294,TMEM161B-AS1,1.3242551881490947,Not sig
1.936684309409102e-6,0.13041702869112531,0.125,0.084,0.04837256399611114,ICE2,1.3154008921473983,Not sig
1.9430532077410957e-6,0.1301143547177097,0.242,0.184,0.048531639969749345,CPSF6,1.3139750328598898,Not sig
1.9981433670686222e-6,0.18112971532682426,0.149,0.105,0.04990762687927298,KRIT1,1.301833080459257,Not sig
2.010054303504822e-6,0.3466395872105455,0.11,0.073,0.05020512633863994,DNAJC13,1.299251935705252,Not sig
2.0957327502562636e-6,0.40283764324282917,0.117,0.079,0.0523451169031507,ST3GAL6,1.281123825941771,Not sig
2.165542025886354e-6,0.15489689053817335,0.544,0.459,0.05408874318056347,EIF4G3,1.2668931098148686,Not sig
2.1661007667375124e-6,0.304469506647596,0.105,0.069,0.05410269885080285,FBXO9,1.2667810700731654,Not sig
2.1915461957065433e-6,0.2064185826044011,0.16,0.115,0.05473824933016233,NUDCD3,1.2617090965570292,Not sig
2.326326466738249e-6,0.1718660496935208,0.157,0.112,0.05810465615972125,LMBRD1,1.235789064452176,Not sig
2.3520586613345845e-6,0.10949832531731152,0.192,0.14,0.058747369184153915,YLPM1,1.2310115771309018,Not sig
2.361516488792664e-6,0.15203944991747753,0.207,0.154,0.058983597340574366,UBE3A,1.2292687438642746,Not sig
2.4154568367962975e-6,0.32801241198556386,0.137,0.096,0.060330865412661125,GPM6A,1.2194604449264657,Not sig
2.4724556644578676e-6,0.15266228276338445,0.103,0.067,0.06175452513116416,CCPG1,1.209331213493557,Not sig
2.4896341073792586e-6,0.3747359755736242,0.107,0.071,0.06218359110001174,APTX,1.2063242010788526,Not sig
2.6034202245582633e-6,0.1417502482039891,0.153,0.108,0.06502562694879174,CYB5R4,1.1869154518335416,Not sig
2.6398525430259584e-6,0.19322852531266532,0.106,0.07,0.06593559696715937,DGCR2,1.1808800574463019,Not sig
2.692727913768284e-6,0.16030184153578653,0.176,0.127,0.06725626510219043,SRGAP3,1.1722672537407755,Not sig
2.7280900924891673e-6,0.1287772540058465,0.392,0.316,0.06813950624010193,VTI1A,1.1666010177886295,Not sig
2.7730994761877813e-06,0.37680225172295995,0.101,0.067,0.06926370561674221,ZDHHC2,1.159494277356977,Not sig
2.83340144204536e-6,0.11856208939793578,0.317,0.248,0.07076986781796696,VPS35L,1.150151615557398,Not sig
2.8414775677010657e-6,0.1791715407163056,0.144,0.101,0.07097158520846952,PTAR1,1.1489154943399111,Not sig
3.0428211767900023e-6,-0.38102553388230165,0.481,0.486,0.07600054453268389,CDC14B,1.1191832960522003,Not sig
3.129110509515181e-6,0.2295781408588004,0.104,0.068,0.07815579319616067,LMO7,1.1070388249400342,Not sig
3.214847207873277e-6,0.17314646906148612,0.296,0.233,0.08029723871105084,WDR70,1.0952993891319391,Not sig
3.365004056611399e-6,0.17512318421295686,0.151,0.108,0.08404770632198291,KIAA0319L,1.0754741340424552,Not sig
3.3749241874852222e-6,-0.6316614028587253,0.1,0.133,0.0842954814308184,KLF9,1.0741957046428334,Not sig
3.5443737738061686e-6,0.13410601123445687,0.201,0.151,0.08852782374835667,TFDP2,1.0529202117737906,Not sig
3.5881451768601454e-6,0.12938415308213988,0.144,0.101,0.08962110208243586,RNF217,1.0475897198139865,Not sig
3.7166520056470694e-6,0.1324462225891243,0.274,0.214,0.09283081714504686,JAZF1,1.0323078266443624,Not sig
3.730361686379287e-6,0.10027929766551913,0.364,0.289,0.09317324384069545,KIDINS220,1.0307087842192313,Not sig
4.116880107772174e-6,0.1519970887238411,0.103,0.068,0.1028273144518256,NBPF1,0.9878915065467783,Not sig
4.144315933749614e-6,0.2017009889227539,0.167,0.121,0.10351257907726412,FBXW4,0.9850068705752718,Not sig
4.3715920904784e-6,-0.5423490277487841,0.15,0.185,0.10918925564387899,PTPN12,0.9618200946363002,Not sig
4.490780173107118e-6,0.18199644270577042,0.118,0.081,0.11216621638369648,LITAF,0.9501379295992071,Not sig
4.607575592124257e-6,0.27466690827122003,0.116,0.079,0.11508341556448758,QSER1,0.9389872571501773,Not sig
4.609510135070594e-6,0.16472342227130404,0.132,0.091,0.11513173464365822,TRIM24,0.9388049519479035,Not sig
4.615657815277216e-6,0.1056567852849617,0.225,0.169,0.11528528525217902,TMEM87A,0.9382261215136305,Not sig
4.747425840386556e-6,-0.4141322505270675,0.367,0.385,0.11857645521533502,MAP4,0.9260015368164076,Not sig
4.857100515277031e-6,0.21361040950191101,0.128,0.089,0.1213157995700744,TTC27,0.9160826350834219,Not sig
4.8685457849829895e-6,0.15309524094062033,0.691,0.607,0.12160166807152013,ATXN1,0.9150604675855876,Not sig
5.0801850986794195e-06,0.24166416166344062,0.113,0.077,0.12688778320971586,PPM1A,0.89658018988335,Not sig
5.218336018123839e-6,0.11585920450570386,0.262,0.202,0.13033837872467913,AC106869.1,0.8849276854833125,Not sig
5.436675134255054e-6,0.13607208034211338,0.322,0.254,0.1357918348282885,LINC00882,0.8671263434253937,Not sig
5.485206925506559e-6,0.25490644702369636,0.1,0.067,0.1370040133783773,KLF3,0.8632667104891891,Not sig
5.516838113160577e-6,0.14683997179529507,0.361,0.294,0.13779406555241172,RAB30,0.8607694860085007,Not sig
5.608492327338859e-6,-0.6321867595833811,0.233,0.261,0.1400833128599427,SRRM2,0.8536135960809527,Not sig
5.624078503574546e-6,0.23485918085194296,0.126,0.088,0.14047260878378146,ARSB,0.8524083520136118,Not sig
5.655536011156826e-6,0.1609873412102909,0.313,0.25,0.14125832295066404,SUMF1,0.849985954092185,Not sig
5.751863396706624e-6,0.11934818597171448,0.217,0.165,0.14366429205954134,CEP85L,0.8426511628927645,Not sig
5.846309391355917e-6,0.11002971681042406,0.226,0.171,0.14602326966789672,THADA,0.8355779313175897,Not sig
5.9121346800546185e-6,-0.49877024886999544,0.264,0.295,0.14766738790372422,SPIDR,0.8307154073102997,Not sig
6.2022677527600755e-6,0.1943250203466805,0.165,0.12,0.1549140416606884,NUP214,0.8099092152984487,Not sig
6.403314973767201e-6,0.14313561134390396,0.209,0.159,0.1599355980997834,RUFY2,0.796054861221606,Not sig
6.466734586605533e-6,-0.25526539764393297,0.285,0.328,0.1615196297696464,LAMA2,0.7917746895398002,Not sig
6.5377465541933516e-6,0.3050707195081908,0.122,0.085,0.16329329568408735,N4BP1,0.7870316456808247,Not sig
6.626830957666459e-6,-0.5495308746338923,0.315,0.335,0.16551835682963514,CLIC4,0.7811538337449588,Not sig
6.6722937351021245e-6,0.24724316441642474,0.106,0.071,0.16665388062164577,FAM169A,0.778184569114492,Not sig
6.777806872753542e-6,0.19463040163848738,0.118,0.081,0.1692892822607652,ASXL2,0.7713705362935965,Not sig
7.067368463947165e-6,0.12198692082270846,0.299,0.236,0.17652166212400833,POU2F1,0.7532019918984991,Not sig
7.087633259002005e-6,0.17344243435705586,0.108,0.073,0.1770278159100931,RC3H2,0.751958488739095,Not sig
7.128816891319506e-6,-0.6257675003967479,0.141,0.174,0.17805645949448728,RAB11FIP3,0.7494422664607995,Not sig
7.16452612205376e-6,0.16331779095319526,0.113,0.077,0.17894836895053676,NOS1AP,0.7472722556925843,Not sig
7.206492466518382e-6,0.12010056760359422,0.524,0.44,0.17999656233622963,MBNL1,0.7447357891892642,Not sig
7.2318686188640384e-6,0.17092203192674363,0.178,0.133,0.18063038249336708,OPA1,0.7432091984331364,Not sig
7.328939226531026e-6,-0.7579775076451767,0.11,0.14,0.18305491506106544,ZFAND5,0.737418605732236,Not sig
7.637731142748209e-6,0.1023418351740415,0.303,0.238,0.19076761075242202,PSPC1,0.7194953595352672,Not sig
7.715874012084652e-6,0.1977504667447827,0.1,0.066,0.19271938519983836,WDR27,0.7150745984639656,Not sig
7.824132020198769e-6,0.31208946774165736,0.105,0.071,0.19542334546850465,AC092691.1,0.7090235562644882,Not sig
7.838046902893668e-6,0.16863770641765735,0.186,0.138,0.19577089749357515,KIF16B,0.7082518681883397,Not sig
7.997396192255169e-6,0.2601475311042133,0.113,0.078,0.19975096469395737,SLC12A6,0.6995111145909386,Not sig
8.250841871579389e-6,0.15353085159867674,0.145,0.104,0.2060812774264384,DDX46,0.6859614622709138,Not sig
8.309737427729686e-6,-0.5575250137638594,0.267,0.295,0.20755231173240435,CALD1,0.6828724250557067,Not sig
8.376902138918121e-6,0.22809773388226684,0.105,0.07,0.20922988472375792,AC074032.1,0.679376284223094,Not sig
8.389017101335571e-6,0.2464070362216595,0.102,0.069,0.20953248014005857,KRCC1,0.6787486464339919,Not sig
8.44737338284768e-6,0.2178312561083003,0.137,0.098,0.2109900449833865,EML1,0.6757380352747021,Not sig
8.481517577505652e-6,0.10056043802029513,0.333,0.265,0.21184286453335868,ITFG1,0.6739861596827097,Not sig
8.561414303404343e-6,0.17943863183541087,0.197,0.149,0.21383844505613028,LINC01184,0.6699142122481407,Not sig
8.719832683818094e-6,-0.908892842562071,0.237,0.257,0.21779526094372453,GLUL,0.6619515743891582,Not sig
8.78402328606912e-6,-0.4262717689178013,0.344,0.364,0.21939854961614844,UBE2D3,0.6587662477539485,Not sig
9.081018438643993e-6,-0.5185541501811186,0.34,0.36,0.22681659754201103,BTBD9,0.6443251686628719,Not sig
9.280653968789345e-6,0.3543466375223257,0.119,0.083,0.23180289417845146,AL078590.3,0.6348811459484176,Not sig
9.55411930825886e-6,-1.0125133824936101,0.101,0.128,0.23863323796238153,ST13,0.6222690658697277,Not sig
9.559424849711868e-6,0.2701539876254838,0.105,0.071,0.2387657544712533,MED14,0.6220279627632933,Not sig
1.0158691360399277e-5,0.11810768529281129,0.185,0.138,0.25373363410869276,PIK3C3,0.5956219602925351,Not sig
1.0415020170293017e-5,0.14706292924069997,0.216,0.165,0.2601359587934087,KIAA1468,0.5847996107947119,Not sig
1.0554792764542015e-5,-0.7657579351123979,0.079,0.106,0.2636270588799659,CCND3,0.5790100154773354,Not sig
1.0708393524227905e-5,0.23928826182716406,0.1,0.067,0.2674635450546404,DYNC2H1,0.5727354034016761,Not sig
1.0855471451792528e-5,0.10608603356753712,0.122,0.085,0.27113711045142197,KIF3A,0.5668110366014839,Not sig
1.1122869917421148e-5,0.18057863157847726,0.155,0.114,0.277815921927428,SORL1,0.5562428680041915,Not sig
1.1193697732172413e-5,0.10127086595820933,0.355,0.284,0.2795849882564703,TAOK3,0.5534861508534006,Not sig
1.1750308107542127e-5,0.19723800615470863,0.132,0.094,0.29348744560207973,KPNB1,0.5324104716645927,Not sig
1.1764804155453355e-5,0.27521075009540336,0.101,0.068,0.29384951339075843,NFYC,0.5318750241324425,Not sig
1.1944571162674226e-5,-0.5746121992973182,0.086,0.115,0.29833955393011413,EGFR,0.5252891639533896,Not sig
1.2107198513364515e-5,-0.7607931256705682,0.079,0.107,0.3024014972683055,SWAP70,0.5194160628608006,Not sig
1.2123759618259035e-5,0.20941125283722117,0.124,0.087,0.30281514398525594,TTC21B,0.518822409275105,Not sig
1.2142282263030559e-5,0.11318473011238828,0.199,0.15,0.30327778408371425,TBCA,0.5181594017672292,Not sig
1.2249379090827908e-5,0.4094371958775761,0.118,0.084,0.3059527415516087,KPNA4,0.5143456508660872,Not sig
1.2898246637487378e-5,0.25431044969777306,0.104,0.07,0.3221595062645222,AC239809.3,0.49192904899150464,Not sig
1.3079660341744055e-5,0.13899984046043534,0.146,0.105,0.3266906763557413,TMEM59,0.4858632599691104,Not sig
1.3527299553572327e-5,0.13319489737180593,0.127,0.09,0.33787136094957604,BANP,0.47124861884565455,Not sig
1.3808230225065246e-5,0.21524258042024697,0.119,0.083,0.34488816633145464,AC097103.2,0.46232170672022216,Not sig
1.3843100382998156e-5,0.18914018220297613,0.199,0.153,0.3457591182661449,PBX3,0.4612263579707715,Not sig
1.4433901078844583e-5,0.17603840030142587,0.12,0.084,0.36051554724630114,ZNF827,0.4430760015751115,Not sig
1.4547879674834958e-5,0.25607819359964484,0.123,0.087,0.36336239063835274,UQCC1,0.4396600257992921,Not sig
1.4608422764882069e-5,0.10840831639527515,0.364,0.295,0.3648745753984594,WDPCP,0.43785639738854965,Not sig
1.495005779761601e-5,0.11912003447240181,0.134,0.095,0.3734075936110551,TPCN1,0.4278168544912628,Not sig
1.4953920988929806e-5,0.1717308548535989,0.141,0.102,0.37350408454049977,TMOD2,0.42770464449463136,Not sig
1.5164219040498195e-5,0.22793809444254648,0.105,0.071,0.3787566989745234,ATP6V1H,0.4216396771643805,Not sig
1.5198594218800901e-5,0.11764982352878617,0.462,0.385,0.37961528780299014,EXOC4,0.4206563060582679,Not sig
1.5629077886080014e-5,0.14860895842336336,0.147,0.107,0.3903674783606205,SEC31A,0.40852637071037856,Not sig
1.5886238248362834e-5,-0.43355735837620657,0.072,0.1,0.3967905727293585,DGKB,0.40143865471406714,Not sig
1.5999554876741645e-5,0.1838118481954122,0.102,0.069,0.39962088215637603,PRPF40A,0.39835182583061446,Not sig
1.603755160203128e-5,0.2259663055419307,0.135,0.096,0.40056992636393524,RAB11FIP2,0.3973216593970746,Not sig
1.6310694146512275e-5,0.15210628958034755,0.248,0.194,0.40739220769743706,MAP2K5,0.38998728212615663,Not sig
1.6692620346917744e-5,-0.7194424007123406,0.113,0.142,0.4169315784049645,COL18A1,0.3799352101563877,Not sig
1.7849648568577507e-5,-0.974208463871367,0.08,0.105,0.4458306722973604,RPL37A,0.3508300561984071,Not sig
1.789713544788619e-5,0.16831267369057362,0.107,0.074,0.4470167520818533,SP4,0.3496762012519899,Not sig
1.797413313732947e-5,0.13132513881997382,0.136,0.097,0.4489399233710782,CMTM4,0.34781177190109713,Not sig
1.8193361606410177e-5,-0.5617875092088727,0.3,0.32,0.45441559284330696,ANKRD11,0.34254677463502475,Not sig
1.835580226554262e-5,-0.4497381536796823,0.385,0.401,0.458472873186458,BBS9,0.33868635546605275,Not sig
1.897754352850944e-5,0.12469694937703357,0.764,0.679,0.4740021047115803,TJP1,0.32421972992381376,Not sig
1.9313390674542026e-5,-0.5933631796633969,0.113,0.144,0.48239055887803617,XKR6,0.31660120059281277,Not sig
2.035887398646672e-5,-1.0290896386572577,0.13,0.156,0.5085035955599793,CHORDC1,0.29370597189298164,Not sig
2.1505152005589656e-5,0.10928473683474782,0.277,0.22,0.5371341816436128,KIAA1328,0.26991720951828074,Not sig
2.17342655859927e-5,0.15215442954700883,0.132,0.095,0.5428567515413397,ST7L,0.2653147564565221,Not sig
2.1988692533244337e-5,0.15429807070675722,0.139,0.1,0.5492115734028438,ATRN,0.2602603195561258,Not sig
2.2045280755309968e-5,0.11019692342052512,0.341,0.277,0.5506249774253771,TMCC1,0.2591440920491606,Not sig
2.4091561967551294e-5,0.17043585528849958,0.101,0.07,0.6017349432635286,ZNF236,0.22059476792351843,Not sig
2.410368543414788e-5,0.1466729246695735,0.149,0.109,0.6020377510887116,KCTD3,0.2203762752281036,Not sig
2.4660403599671222e-5,-0.5846301463999728,0.201,0.23,0.6159429007089882,CFLAR,0.21045954604398748,Not sig
2.5622522039198765e-5,0.2595909218731477,0.103,0.071,0.6399737329730676,R3HCC1L,0.1938378507957321,Not sig
2.6295138500167005e-5,-0.6335036442157536,0.127,0.158,0.6567736743186713,DHRSX,0.18258426351235,Not sig
2.6777777859692942e-5,0.20795637934780808,0.105,0.073,0.6688285576015506,CCDC30,0.1746851916934608,Not sig
2.729146427544242e-5,0.17311354528855333,0.132,0.095,0.6816589032077253,ZBTB37,0.1664328885571016,Not sig
2.7468693292083053e-5,0.13823909092341474,0.182,0.137,0.6860855523563584,OLA1,0.16362172598473088,Not sig
2.8164808953381614e-5,0.21487329494663032,0.251,0.201,0.7034724332286125,APOLD1,0.15275291646842235,Not sig
2.8573966491087942e-5,0.18893655610430138,0.104,0.072,0.7136919610479036,SUPT20H,0.14648919506344174,Not sig
2.8630062795226628e-5,0.10774906026560424,0.143,0.105,0.7150930784363755,NIN,0.14563742558300974,Not sig
2.869471902706084e-5,0.12868991022172538,0.199,0.153,0.7167079971388985,MTMR3,0.14465774957829305,Not sig
2.878236878494251e-5,0.3502006681447082,0.163,0.123,0.7188972251415091,SLC39A10,0.14333319271070233,Not sig
2.988362717460702e-5,0.12430820872560511,0.188,0.144,0.7464033559401595,ARMC8,0.12702641660478212,Not sig
3.0148420455489818e-5,0.20191173792208095,0.21,0.164,0.7530170977167692,TMEM117,0.12319516276378054,Not sig
3.038261266359818e-5,0.3727450882082671,0.118,0.085,0.7588665164986917,NDUFS4,0.11983460914571084,Not sig
3.086717680378455e-5,0.10894758867048016,0.254,0.2,0.7709694750281267,RABGAP1,0.11296281661736977,Not sig
3.2483973134976484e-5,0.2664521350361261,0.109,0.076,0.8113521969923077,PRIM2,0.09079058351119726,Not sig
3.321495148785958e-5,0.1728226958696914,0.11,0.077,0.8296098433122688,ARHGEF11,0.08112610368887911,Not sig
3.4373083027613015e-5,-0.6438584825850684,0.076,0.102,0.8585364947806903,ENO2,0.06624123906450748,Not sig
3.4840151225297847e-5,0.13116803802285437,0.149,0.11,0.8702024571542644,EPB41L3,0.06037969474241516,Not sig
3.5090030019182315e-5,0.12092963111344857,0.106,0.073,0.8764436797891166,IPO9,0.05727598640723608,Not sig
3.5356079625289426e-5,0.1978676086112466,0.153,0.114,0.8830888008008541,ZNF33A,0.053995622856510474,Not sig
3.6405155475204164e-5,0.16726609344766158,0.157,0.118,0.9092915683041745,TRAPPC12,0.04129683602802141,Not sig
3.7763947753977e-5,-0.6008119477805274,0.174,0.203,0.9432301230510836,CMIP,0.025382338038112195,Not sig
3.794884472699248e-5,0.2057321358537479,0.118,0.085,0.9478482947460912,TNKS2,0.023261166909685552,Not sig
3.924056233158845e-5,0.12422473519142457,0.111,0.078,0.9801115253560847,UBA3,0.00872450380651263,Not sig
4.007799551468327e-5,-0.6673648991701745,0.124,0.152,1,IGF2R,-0,Not sig
4.1776586991694185e-5,0.11271675954693794,0.208,0.16,1,CUL3,-0,Not sig
4.184062969244016e-5,0.14217714709118337,0.125,0.089,1,KATNAL1,-0,Not sig
4.229038347838779e-5,0.22245070819159415,0.13,0.095,1,NSF,-0,Not sig
4.28985549375877e-5,-0.5508026424101278,0.51,0.491,1,SLC5A11,-0,Not sig
4.4207954348682903e-5,-0.506962921536144,0.281,0.304,1,LSS,-0,Not sig
4.441184448152577e-5,0.12234651377652897,0.158,0.119,1,TTC14,-0,Not sig
4.575575970702393e-5,-0.7780702969653595,0.081,0.106,1,CCNL1,-0,Not sig
4.6096083627571604e-5,0.105609906807131,0.297,0.24,1,LRCH3,-0,Not sig
4.87425938324932e-5,0.18166871790354244,0.111,0.078,1,GCA,-0,Not sig
5.168568071877013e-5,0.13080819047560388,0.133,0.097,1,SMARCAD1,-0,Not sig
5.359202220986131e-5,0.16572292213752793,0.123,0.088,1,DHX9,-0,Not sig
5.3854853150925316e-5,-0.574525766490958,0.166,0.195,1,ZIC1,-0,Not sig
5.3917732199010826e-5,0.1299578131342919,0.183,0.14,1,MCPH1,-0,Not sig
5.51975663239945e-5,0.12033012143567492,0.145,0.107,1,RNF111,-0,Not sig
5.521002993623376e-5,0.11752259877251847,0.101,0.07,1,EIF2B3,-0,Not sig
5.5824989363637314e-5,-0.5890434665544672,0.107,0.135,1,STK38,-0,Not sig
5.760121328080337e-5,0.10039006208938428,0.176,0.133,1,LRP6,-0,Not sig
5.776508805368493e-5,-0.5850384294369562,0.165,0.193,1,ROCK2,-0,Not sig
5.817203197331932e-5,0.10579587777975263,0.108,0.076,1,ZNF431,-0,Not sig
5.8843397085504295e-5,0.16436430378614864,0.16,0.122,1,PTPRE,-0,Not sig
5.908323582051626e-5,0.23208805152053946,0.103,0.073,1,SERINC1,-0,Not sig
6.282525957561898e-5,0.11257325563910969,0.338,0.277,1,FOXO3,-0,Not sig
6.331735043398481e-5,0.17842906521280555,0.161,0.123,1,CSPP1,-0,Not sig
6.696825188971839e-5,-0.30710635597652747,0.498,0.494,1,ZFAND3,-0,Not sig
6.957913465625192e-5,0.1338250368416466,0.114,0.082,1,ZYG11B,-0,Not sig
7.290108070973082e-5,-0.20768923288169705,0.143,0.176,1,ATP1A2,-0,Not sig
7.382330661664629e-5,-0.4683470807447754,0.34,0.351,1,PNISR,-0,Not sig
7.535566804137877e-5,0.18796585491373108,0.159,0.122,1,HLCS,-0,Not sig
7.7411760095372e-5,-0.40614320856218156,0.092,0.119,1,PRICKLE2,-0,Not sig
7.768186136240437e-5,-0.19552172927045053,0.931,0.902,1,PIP4K2A,-0,Not sig
7.778287967534524e-5,0.15757478241489276,0.208,0.165,1,MAML3,-0,Not sig
7.890861625920416e-5,0.12311599986171556,0.179,0.138,1,SS18,-0,Not sig
7.907817921773114e-5,0.1380510864837805,0.188,0.146,1,SOS2,-0,Not sig
8.287926320433486e-5,-0.7051994527167837,0.148,0.173,1,PTP4A2,-0,Not sig
8.39953981629347e-5,0.14767267269111173,0.101,0.071,1,PCNX4,-0,Not sig
8.715847116038528e-5,0.11827790392975829,0.116,0.083,1,UBAP1L,-0,Not sig
8.922067670375717e-5,0.14810676241957121,0.16,0.122,1,INO80D,-0,Not sig
8.940593169827097e-5,0.13411332228607942,0.148,0.111,1,UNC79,-0,Not sig
9.040582172636462e-5,-0.27155852331676567,0.573,0.553,1,JMJD1C,-0,Not sig
9.72085725536115e-5,0.18178482402804477,0.127,0.094,1,ERP44,-0,Not sig
1.0536602921512474e-4,0.13450950997780803,0.132,0.098,1,SLC30A9,-0,Not sig
1.0749418179556861e-4,0.1443467040757821,0.12,0.088,1,GRIK4,-0,Not sig
1.0760178818576401e-4,0.1250187459595741,0.144,0.108,1,TAB2,-0,Not sig
1.0762326636150404e-4,0.2528552753223272,0.115,0.084,1,ATP6V0B,-0,Not sig
1.0984475696825415e-4,0.10739959747859884,0.12,0.087,1,ARL8A,-0,Not sig
1.1104247872808411e-4,-0.5727032819489791,0.194,0.22,1,PRRC2B,-0,Not sig
1.1866418102938255e-4,0.20210945557966223,0.124,0.092,1,NEK3,-0,Not sig
1.2993103164537782e-4,0.2550940737104104,0.11,0.08,1,EDEM3,-0,Not sig
1.3375896706454627e-4,0.11201884422607286,0.131,0.097,1,CCNI,-0,Not sig
1.3652204445844978e-4,0.10018839503876575,0.221,0.175,1,SF1,-0,Not sig
1.3774148735068765e-4,0.11994123106652083,0.116,0.084,1,SCGB2B2,-0,Not sig
1.4277051446062058e-4,0.11858935359844183,0.13,0.097,1,SMAD5,-0,Not sig
1.4916142970941608e-4,0.16026922880062577,0.115,0.084,1,EPS15L1,-0,Not sig
1.5127727981894523e-4,-0.5335656053779314,0.259,0.279,1,MKL1,-0,Not sig
1.5566135479825596e-4,0.10438692755727957,0.12,0.088,1,IVNS1ABP,-0,Not sig
1.5822260960848236e-4,0.16318473735140487,0.148,0.113,1,UBE2G2,-0,Not sig
1.6412546047801864e-4,-0.7139766105229886,0.291,0.301,1,FXR1,-0,Not sig
1.6699776056459373e-4,-0.41341249919802836,0.198,0.226,1,MAST4,-0,Not sig
1.7511376834776005e-4,-0.6029531248891546,0.202,0.225,1,ZDHHC11B,-0,Not sig
1.7782428115803824e-4,0.12147474001057579,0.122,0.09,1,ZRANB3,-0,Not sig
1.8086073761253792e-4,0.1277188241678362,0.159,0.122,1,MINDY2,-0,Not sig
1.8530315938803218e-4,0.10614226990308462,0.107,0.077,1,MAP2K6,-0,Not sig
1.91126405424203e-4,0.11132895958662203,0.281,0.231,1,FOXN3,-0,Not sig
1.9922071766404555e-4,0.1345942618101992,0.125,0.093,1,EZH1,-0,Not sig
2.150618694455298e-4,0.14623755331411997,0.19,0.151,1,ASCC3,-0,Not sig
2.155627498014281e-4,0.1116167364793445,0.168,0.13,1,RPAP2,-0,Not sig
2.23535465500542e-4,-0.6281638428893463,0.109,0.133,1,MTCH1,-0,Not sig
2.2465522329964747e-4,-0.14780049768143252,0.078,0.102,1,RIMKLB,-0,Not sig
2.296916845047914e-4,0.21721688665605157,0.155,0.121,1,UBE2Z,-0,Not sig
2.3438261041711154e-4,-0.5124983255123132,0.094,0.119,1,CREM,-0,Not sig
2.3608273841792325e-4,0.15162416921223504,0.122,0.091,1,FUBP3,-0,Not sig
2.4336559688981418e-4,0.11570801380044562,0.152,0.117,1,USP14,-0,Not sig
2.54299125350177e-4,-0.3511860707827914,0.417,0.419,1,STAG1,-0,Not sig
2.560874242671168e-4,-0.469468827223682,0.335,0.345,1,PDS5B,-0,Not sig
2.66739542728081e-4,0.13361202117289073,0.2,0.158,1,ACAP3,-0,Not sig
2.674504702094801e-4,0.1402460804290621,0.128,0.096,1,TMEM181,-0,Not sig
2.7238833406982853e-4,0.14794766173756718,0.124,0.092,1,CDKL5,-0,Not sig
2.7466077824801326e-4,-0.3440868776137087,0.454,0.455,1,INSR,-0,Not sig
2.754279111162353e-4,0.1173113370053035,0.166,0.129,1,HACE1,-0,Not sig
2.786656898934816e-4,0.1579691632383428,0.122,0.091,1,EDA,-0,Not sig
2.8196182784854954e-4,-0.696242857840739,0.093,0.116,1,GAPDH,-0,Not sig
2.850400703605083e-4,0.15460251373215145,0.113,0.083,1,STAM2,-0,Not sig
2.8893978167556796e-4,0.2925504850743526,0.101,0.074,1,MTM1,-0,Not sig
2.9401058579327054e-4,-0.1791410851501034,0.697,0.67,1,PICALM,-0,Not sig
3.084853532611911e-4,-0.5214866737324049,0.165,0.19,1,FOXK2,-0,Not sig
3.1468399559333055e-4,0.10709446523819349,0.135,0.102,1,COA1,-0,Not sig
3.1659634477954903e-4,0.11625022267571895,0.135,0.103,1,PPFIA1,-0,Not sig
3.18323655087738e-4,0.21080506349307754,0.118,0.088,1,SRGAP2C,-0,Not sig
3.3335169096424525e-4,0.11026478809657769,0.255,0.21,1,ZNF407,-0,Not sig
3.36123312178227e-4,-0.6579529101017435,0.102,0.126,1,RPS6KA3,-0,Not sig
3.4217359637443e-4,0.13786073501585006,0.114,0.084,1,RAB8B,-0,Not sig
3.5807573374440374e-4,0.14103175356289835,0.123,0.093,1,CRBN,-0,Not sig
3.639281663691291e-4,0.1315621591426065,0.105,0.077,1,CSTF3,-0,Not sig
3.764684753070079e-4,0.22634005600552315,0.112,0.084,1,SETD3,-0,Not sig
3.84272519366024e-4,0.1192507141759904,0.138,0.105,1,HERC3,-0,Not sig
3.9724457670707044e-4,-0.48778091743236907,0.218,0.242,1,AFF1,-0,Not sig
4.268116783776352e-4,0.1146381041680897,0.163,0.128,1,ABHD12,-0,Not sig
4.3006846369465887e-4,-0.26695812176673717,0.085,0.11,1,ST6GAL1,-0,Not sig
4.365873339572687e-4,-0.46219638983015954,0.401,0.395,1,USP32,-0,Not sig
4.441753310173132e-4,-0.6202703822688207,0.174,0.195,1,SRSF5,-0,Not sig
4.5434571689670063e-4,-0.3522195126659591,0.255,0.278,1,PPFIBP1,-0,Not sig
4.544533688575976e-4,-0.6036459439335924,0.239,0.254,1,EEPD1,-0,Not sig
4.6014687877151387e-4,-0.4691662186754595,0.284,0.3,1,TRPC4AP,-0,Not sig
4.908671211768815e-4,0.12828930147324927,0.123,0.094,1,CAB39,-0,Not sig
5.024452197037431e-4,-0.44242820995176,0.085,0.108,1,CASC15,-0,Not sig
5.050866674669687e-4,-0.28469878891226097,0.478,0.472,1,ANKRD12,-0,Not sig
5.279047060488619e-4,0.11255393086235399,0.1,0.074,1,ZBTB4,-0,Not sig
5.294350732470138e-4,-0.6493297346687984,0.086,0.108,1,KLF12,-0,Not sig
5.489747560459498e-4,-0.6604428800413722,0.11,0.132,1,CHST3,-0,Not sig
6.528675777513635e-4,-0.4294583315913316,0.103,0.127,1,SLC7A1,-0,Not sig
6.621662307765233e-4,-0.7006865030547672,0.094,0.115,1,HABP4,-0,Not sig
6.622785154034402e-4,-0.6258504428561102,0.091,0.114,1,TPT1,-0,Not sig
6.629281212338624e-4,-0.10424261136221669,0.235,0.186,1,MIRLET7BHG,-0,Not sig
6.633315691642367e-4,0.16037920981878606,0.121,0.092,1,MTA3,-0,Not sig
6.649459930110792e-4,-0.6057490358715734,0.089,0.111,1,CDK14,-0,Not sig
6.753663450819065e-4,0.1098007641586615,0.131,0.101,1,RBBP4,-0,Not sig
7.00851436964283e-4,-0.45673395891906154,0.218,0.241,1,UBR2,-0,Not sig
7.01890562989709e-4,0.17195759193505078,0.101,0.075,1,PDZD8,-0,Not sig
7.242705630454661e-4,-0.32342698133924763,0.522,0.501,1,CCNY,-0,Not sig
7.443428681777606e-4,-0.4204095996781333,0.224,0.247,1,TEAD1,-0,Not sig
7.565146381450597e-4,-0.3745139207517587,0.426,0.42,1,JAM3,-0,Not sig
7.805879196766414e-4,0.14931977110380276,0.14,0.109,1,NDUFAF2,-0,Not sig
7.857810781568719e-4,-0.6593608040538749,0.085,0.106,1,RRBP1,-0,Not sig
7.920094238314148e-4,0.12025043594573351,0.134,0.103,1,ANKRD36B,-0,Not sig
8.506554832654826e-4,-0.19168984561869007,0.187,0.145,1,FTH1,-0,Not sig
9.595916059359163e-4,-0.3825417838736893,0.351,0.36,1,TANC1,-0,Not sig
9.687511850796919e-4,-0.5752826758885586,0.094,0.116,1,CEMIP2,-0,Not sig
0.0010091588927084402,-0.5021859225488077,0.299,0.307,1,GRB10,-0,Not sig
0.0010243508965899486,0.1585640883041498,0.114,0.087,1,ZNF277,-0,Not sig
0.0011198392581283343,0.1119393798898548,0.101,0.076,1,EXT2,-0,Not sig
0.0011321632786082743,-0.3650481656119908,0.323,0.336,1,KAT6A,-0,Not sig
0.0011459495163884858,-0.3786639332963835,0.324,0.336,1,UBR5,-0,Not sig
0.0011491546234216558,-0.589817442189334,0.182,0.202,1,TCF7L2,-0,Not sig
0.001161571836606666,0.17607362843844798,0.105,0.079,1,RHOB,-0,Not sig
0.0012052449440424205,-0.4297307522584599,0.311,0.322,1,HNRNPU,-0,Not sig
0.0012243028727847876,-0.2635652583945416,0.516,0.5,1,KMT2C,-0,Not sig
0.0012270130754645505,0.1049857558624844,0.12,0.092,1,IRS2,-0,Not sig
0.0012436487149075437,0.14253029503892095,0.12,0.094,1,OXR1,-0,Not sig
0.0012449179680547955,-0.6210114033920665,0.085,0.105,1,PTBP1,-0,Not sig
0.00126862784698202,-0.38459019291957763,0.395,0.392,1,PREX1,-0,Not sig
0.0013135326380619532,-0.3970158326911588,0.27,0.286,1,VAPA,-0,Not sig
0.0013941710988248893,-0.6029207829644901,0.151,0.171,1,TCF25,-0,Not sig
0.0014090361571554003,0.12422943159994887,0.122,0.094,1,TYW1B,-0,Not sig
0.0014405895268109967,-0.38581850135637397,0.371,0.375,1,OSBPL9,-0,Not sig
0.001480649438091131,-0.10547557742501912,0.23,0.185,1,HNRNPDL,-0,Not sig
0.0014964926886225562,0.193292388180554,0.102,0.078,1,H3F3B,-0,Not sig
0.0015028413154207399,-0.7439355619096213,0.11,0.13,1,KSR1,-0,Not sig
0.0015467974913691402,0.14265574734177944,0.197,0.162,1,FRMD4A,-0,Not sig
0.0015667482610448255,0.19762318536306392,0.119,0.093,1,RAB11B,-0,Not sig
0.0015701516757454356,-0.580581703110998,0.138,0.158,1,KNOP1,-0,Not sig
0.0016116449251291514,-0.19818792166862087,0.573,0.556,1,AKT3,-0,Not sig
0.0016957857889634278,-0.2391818003885512,0.15,0.116,1,CRYAB,-0,Not sig
0.0017310233535263561,-0.7076144046708296,0.086,0.105,1,HSPA9,-0,Not sig
0.001763126097990614,-0.544761342466404,0.08,0.1,1,ARFGAP3,-0,Not sig
0.0017638612651037263,-0.5236662770399954,0.177,0.198,1,FAM193A,-0,Not sig
0.001851488825152804,-0.507022905386463,0.12,0.142,1,ZMIZ1,-0,Not sig
0.0018553080037358278,-0.5371197812661737,0.182,0.202,1,RLF,-0,Not sig
0.0020084209061212773,-0.34055942386193316,0.213,0.235,1,RASAL2,-0,Not sig
0.002017980279353639,-0.4870855001724627,0.168,0.189,1,TIMM23B,-0,Not sig
0.0020843978984312127,-0.5104276990514476,0.161,0.181,1,RAPGEF1,-0,Not sig
0.0020859051304171084,-0.66539589439828,0.082,0.101,1,PABPC4,-0,Not sig
0.0022525232383839335,-0.35340504270499395,0.341,0.348,1,HERC4,-0,Not sig
0.0024659202344703003,-0.5194604452844185,0.142,0.162,1,IQSEC1,-0,Not sig
0.002514459840391257,-0.5208537863911604,0.199,0.216,1,OGA,-0,Not sig
0.0025456272373140833,-0.2682623774845161,0.575,0.553,1,NFASC,-0,Not sig
0.002573586970932564,0.13460508576220176,0.113,0.089,1,CACUL1,-0,Not sig
0.0026010238770927505,-0.46734538098282097,0.137,0.158,1,KIAA0355,-0,Not sig
0.0027031028333304526,-0.603620003841349,0.097,0.116,1,ATP1A1,-0,Not sig
0.002743778408681767,-0.13482611099714092,0.157,0.125,1,SUGT1,-0,Not sig
0.002888225956828345,-0.12108621537383947,0.129,0.101,1,SACS,-0,Not sig
0.0029083448711692728,-0.42790804947960104,0.285,0.294,1,MYO9B,-0,Not sig
0.0029614309374758133,-0.5281852392726254,0.155,0.175,1,RAP1B,-0,Not sig
0.002978835904835096,0.11625813513928751,0.113,0.088,1,PDCD4,-0,Not sig
0.003002200498968164,-0.45190427397751554,0.172,0.193,1,PRKX,-0,Not sig
0.0030186780679438857,-0.18092392580839844,0.114,0.087,1,DNHD1,-0,Not sig
0.003024437155544199,0.26208672248735093,0.103,0.08,1,MYO10,-0,Not sig
0.003051798671939326,-0.416931733308017,0.148,0.169,1,BRD4,-0,Not sig
0.0032005285184925547,-0.6595853710829591,0.133,0.151,1,UHRF2,-0,Not sig
0.0032562709609190695,-0.61387150403714,0.132,0.151,1,CHD1,-0,Not sig
0.0033510053692052603,-0.3617534931799202,0.402,0.395,1,PPP6R3,-0,Not sig
0.003484868562251092,-0.4970820346562459,0.267,0.28,1,VMP1,-0,Not sig
0.0035260179018997547,-0.43336060223057127,0.223,0.239,1,ARHGAP17,-0,Not sig
0.003619239404088669,-0.43891834478821695,0.152,0.172,1,PACS1,-0,Not sig
0.003704018285878658,-0.11594183409611084,0.142,0.112,1,STX7,-0,Not sig
0.003718880914184645,-0.1092792935686342,0.892,0.864,1,AGAP1,-0,Not sig
0.0037455073123139043,-0.492238246472797,0.173,0.192,1,UBE2E1,-0,Not sig
0.003777877976391639,-0.30631234012668646,0.084,0.104,1,DACH1,-0,Not sig
0.0038191244847868176,-0.6006541644223667,0.085,0.103,1,PPP1CB,-0,Not sig
0.003826614313343891,-0.11345137863976973,0.254,0.21,1,MAL,-0,Not sig
0.0038268498423505385,-0.7329818661916648,0.091,0.108,1,RNF157,-0,Not sig
0.0038747936944580957,-0.1561831963702422,0.162,0.129,1,ADAM12,-0,Not sig
0.003979399409625229,-0.6678146979973343,0.13,0.147,1,MORC3,-0,Not sig
0.0041225714308465765,-0.4948664019298641,0.254,0.265,1,VPS13D,-0,Not sig
0.004183993906717053,-0.4386154232843451,0.289,0.297,1,SNX9,-0,Not sig
0.004257430878074952,0.19159404362018212,0.101,0.079,1,FOCAD,-0,Not sig
0.004451431865310015,-0.4212759181079555,0.299,0.306,1,SREBF2,-0,Not sig
0.004593665019097561,-0.5886733293951042,0.116,0.133,1,ERC2,-0,Not sig
0.0046221977500824915,-0.12077315517344811,0.106,0.082,1,PTPRF,-0,Not sig
0.004737603732192961,-0.5789168369226854,0.083,0.101,1,PTPN9,-0,Not sig
0.004848088552477646,0.14541473390427276,0.121,0.097,1,LINC00486,-0,Not sig
0.004936416351264913,-0.8459802083588112,0.084,0.1,1,AC084032.1,-0,Not sig
0.0050536342557660156,-0.48164482727641655,0.21,0.225,1,ACSL3,-0,Not sig
0.0050850532764984465,-0.5816581201166414,0.095,0.113,1,AC008537.1,-0,Not sig
0.005146761838067015,-0.46152155988032495,0.155,0.174,1,UACA,-0,Not sig
0.0052454926679250825,-0.3534911747948226,0.454,0.44,1,MYRF,-0,Not sig
0.005272118259368745,-0.1974069334294679,0.669,0.63,1,ZNF638,-0,Not sig
0.005325894922692576,-0.15391151516139184,0.137,0.109,1,ERMP1,-0,Not sig
0.005429037955379327,-0.3216293874025373,0.42,0.413,1,CAMTA1,-0,Not sig
0.0056182017931912746,-0.32240679722610244,0.342,0.348,1,PDZD2,-0,Not sig
0.005656486024507181,-0.10339043776427714,0.17,0.138,1,FAM120A,-0,Not sig
0.005785781247061463,-0.11060579066440801,0.259,0.213,1,AC124312.1,-0,Not sig
0.0059605403454412,-0.41544705170155805,0.242,0.255,1,AFF4,-0,Not sig
0.006000976166144462,-0.36628605810476755,0.347,0.347,1,WAC,-0,Not sig
0.0065132335626302915,-0.6064286814902211,0.114,0.132,1,CCDC146,-0,Not sig
0.006731981500863952,-0.5084780842932504,0.124,0.142,1,ENSA,-0,Not sig
0.006928478413189078,-0.5565721666368104,0.155,0.172,1,XRN2,-0,Not sig
0.007078187930292311,-0.4169534076952781,0.291,0.297,1,GNB1,-0,Not sig
0.007407683148091036,-0.12479508944999612,0.138,0.11,1,TMC6,-0,Not sig
0.0074609351028898634,-0.588157340376843,0.164,0.178,1,AC013394.1,-0,Not sig
0.00755127977286924,-0.38028273632697185,0.381,0.376,1,CLIP2,-0,Not sig
0.0076183687981973645,-0.42194940680240745,0.312,0.314,1,NDRG1,-0,Not sig
0.007889963046303645,-0.3851107394754203,0.256,0.267,1,CTBP2,-0,Not sig
0.008413395526985203,-0.3377757360648914,0.415,0.407,1,GNG7,-0,Not sig
0.008470520255383465,-0.23644855185288716,0.521,0.494,1,MKLN1,-0,Not sig
0.008472372410137222,-0.11222821884581746,0.19,0.156,1,TMCC2,-0,Not sig
0.00858235681439775,-0.3903290244793549,0.354,0.351,1,PCGF5,-0,Not sig
0.008724044002756958,-0.5661325826878574,0.105,0.122,1,CASC3,-0,Not sig
0.009322253789317557,-0.5238847198581518,0.184,0.198,1,USP9X,-0,Not sig
0.009400161554325217,-0.3258763351444307,0.3,0.309,1,TTC28,-0,Not sig
0.009644254707253717,-0.13047407554300294,0.107,0.085,1,FAM85B,-0,Not sig
0.009897732124095884,-0.6293312531764452,0.101,0.116,1,ZFYVE28,-0,Not sig
0.009957468882181183,-0.5603751886738658,0.094,0.11,1,AGPAT3,-0,Not sig
0.010158840084312146,-0.44294121958928334,0.094,0.11,1,SNX25,-0,Not sig
0.010459244392703149,-0.4729804509826066,0.138,0.156,1,SCMH1,-0,Not sig
0.011022056743426387,-0.3105117623589554,0.136,0.11,1,ACTN2,-0,Not sig
0.011350583930823872,-0.517823860763176,0.087,0.103,1,WDR13,-0,Not sig
0.01148734988601894,-0.6664356090754023,0.128,0.143,1,DGKD,-0,Not sig
0.012058200284270104,-0.18792175490902419,0.207,0.171,1,ADSS,-0,Not sig
0.01320957003676405,-0.3182339691460072,0.445,0.435,1,LRRC1,-0,Not sig
0.013559349232039558,-0.48215410232989064,0.098,0.114,1,CLIP1,-0,Not sig
0.01382544712666601,-0.5704645051738613,0.111,0.127,1,GBE1,-0,Not sig
0.013867036508687659,-0.5853522650027819,0.102,0.117,1,SKI,-0,Not sig
0.01393659995873589,-0.1812102531605575,0.199,0.165,1,SOX2,-0,Not sig
0.014038600971844091,-0.1831905642827386,0.238,0.198,1,PDE4DIP,-0,Not sig
0.014096379634706162,-0.617245967613153,0.185,0.196,1,ITPK1,-0,Not sig
0.014900184931984022,-0.22194262401372544,0.84,0.806,1,SPOCK1,-0,Not sig
0.01651826517451451,-0.6222569926231509,0.134,0.148,1,AC109927.1,-0,Not sig
0.016591279505154218,-0.418966233955896,0.187,0.201,1,NFIC,-0,Not sig
0.016693300032150745,-0.4540778890923411,0.156,0.171,1,FOXK1,-0,Not sig
0.016852623506256353,-0.10977723721084041,0.139,0.115,1,LATS1,-0,Not sig
0.017205009883630787,-0.10073405118395996,0.122,0.099,1,ATG4B,-0,Not sig
0.017341742521426274,-0.12027170862140113,0.181,0.15,1,TMC7,-0,Not sig
0.017630982232191308,-0.22714133853130875,0.146,0.164,1,ITPR2,-0,Not sig
0.0176764221425118,-0.1523351200323606,0.178,0.148,1,PDCD6IP,-0,Not sig
0.01803604297967199,-0.4383553760903247,0.224,0.234,1,REV3L,-0,Not sig
0.018169840085414567,-0.1543039475512316,0.158,0.132,1,RHOBTB3,-0,Not sig
0.018823127435580525,-0.34698329904944436,0.124,0.14,1,MYH9,-0,Not sig
0.019003298815689997,-0.4520136692294795,0.212,0.222,1,PAK2,-0,Not sig
0.019148833942721818,-0.44279060779414015,0.283,0.287,1,HERC2,-0,Not sig
0.019271748142996925,-0.15993864975190708,0.239,0.202,1,NUFIP2,-0,Not sig
0.019858055982708005,-0.10608547544202279,0.171,0.143,1,PER3,-0,Not sig
0.02030833075732339,-0.5962466250886795,0.121,0.134,1,DANT2,-0,Not sig
0.020463024437861747,-0.15753179586750843,0.325,0.274,1,CASC4,-0,Not sig
0.020598680503837764,-0.10807446260857878,0.207,0.174,1,SPECC1,-0,Not sig
0.02068062269018153,-0.13334697259118727,0.1,0.081,1,MPP2,-0,Not sig
0.021463649305237042,-0.14994338289917022,0.143,0.119,1,LINC00685,-0,Not sig
0.021769660687946234,-0.4376563443011533,0.236,0.246,1,DNAJC1,-0,Not sig
0.022131349760962912,-0.6023513887085191,0.089,0.103,1,ALDH3A2,-0,Not sig
0.022374462259430586,-0.276011923770461,0.265,0.276,1,CELF1,-0,Not sig
0.022520277708270593,-0.10772723213539293,0.107,0.088,1,RAI14,-0,Not sig
0.02260917951757636,-0.11999553386346867,0.187,0.158,1,PRMT2,-0,Not sig
0.022956053988888805,-0.2178981790407981,0.681,0.639,1,CDK19,-0,Not sig
0.02300735812972198,-0.17685901793210534,0.103,0.084,1,POU3F3,-0,Not sig
0.023623502593515883,-0.3351957144215594,0.348,0.351,1,PDE4D,-0,Not sig
0.02373203760078841,-0.5034101650916779,0.126,0.14,1,TTTY14,-0,Not sig
0.0239096187887281,-0.10321119692431346,0.275,0.233,1,EHMT1,-0,Not sig
0.024769487116367294,-0.46077178430404175,0.112,0.126,1,SETBP1,-0,Not sig
0.024810497638325955,-0.11421284263228337,0.207,0.176,1,GLS,-0,Not sig
0.025108193963712364,-0.44916324881815317,0.167,0.18,1,PABPN1,-0,Not sig
0.025330224749013665,-0.39967329379297756,0.145,0.159,1,PDLIM5,-0,Not sig
0.025644114086336937,-0.1356314780642185,0.213,0.181,1,PTPN11,-0,Not sig
0.026525507427986334,-0.3293861872080137,0.106,0.121,1,MSRA,-0,Not sig
0.02714668963040389,-0.3990465934553122,0.171,0.185,1,TOP1,-0,Not sig
0.02760260256140353,-0.4557531194646848,0.21,0.219,1,NCKAP1,-0,Not sig
0.02762430372397525,-0.28354286558904385,0.12,0.136,1,CELF2,-0,Not sig
0.027811591583689232,-0.14231690395636776,0.2,0.169,1,ATP2C1,-0,Not sig
0.029457495070308436,-0.547795205790756,0.185,0.194,1,DNAJB6,-0,Not sig
0.02966256831896492,-0.4180450558357143,0.244,0.251,1,BCL2L1,-0,Not sig
0.02967531193573127,-0.16309897067250212,0.784,0.762,1,DST,-0,Not sig
0.030042492437166172,-0.19386515246207936,0.251,0.211,1,TMTC4,-0,Not sig
0.03096815415957142,-0.11812798871817512,0.139,0.116,1,C1orf198,-0,Not sig
0.03146524645266767,-0.3418385191461417,0.302,0.303,1,DENND4A,-0,Not sig
0.03148491296856478,-0.12922526275502674,0.163,0.137,1,RBMX,-0,Not sig
0.03164797283208925,-0.3894964538555973,0.191,0.203,1,NCOR2,-0,Not sig
0.03165548724411119,-0.12270408061776317,0.123,0.102,1,TNPO3,-0,Not sig
0.032419539980990904,-0.19029337862040016,0.126,0.104,1,RGCC,-0,Not sig
0.03315204331112044,-0.11644838715054534,0.138,0.116,1,MAPK14,-0,Not sig
0.033653761633174066,-0.39548457108992774,0.313,0.31,1,SETD5,-0,Not sig
0.03395451348332643,-0.606765219260248,0.112,0.124,1,KIF5B,-0,Not sig
0.034201803709716525,-0.13106681122809816,0.628,0.599,1,DOCK1,-0,Not sig
0.03466236716726848,-0.37366482923694366,0.245,0.251,1,LSM14A,-0,Not sig
0.03490514966524014,-0.4484492900447469,0.09,0.103,1,FMNL3,-0,Not sig
0.03599936370473379,-0.46797430415874597,0.136,0.148,1,GOLPH3,-0,Not sig
0.03603159852821033,-0.3901983250399612,0.18,0.192,1,CTIF,-0,Not sig
0.03606770709435778,-0.35971514154612616,0.312,0.31,1,AFDN,-0,Not sig
0.036269730639918396,-0.48002769676699597,0.147,0.159,1,SNX6,-0,Not sig
0.03719711745983201,-0.10596941632184975,0.134,0.113,1,CSDE1,-0,Not sig
0.03770707300621903,-0.109187060434001,0.105,0.087,1,GKAP1,-0,Not sig
0.03797837838993097,-0.46418328990594326,0.117,0.13,1,SNAP23,-0,Not sig
0.03870061892648476,-0.2697092118280999,0.096,0.111,1,USP6NL,-0,Not sig
0.039136070829198934,-0.14700863822705623,0.104,0.087,1,YME1L1,-0,Not sig
0.03961502897963106,-0.11883136504293895,0.169,0.143,1,TNPO1,-0,Not sig
0.0399516464738857,-0.23118504650658078,0.46,0.445,1,ARID4B,-0,Not sig
0.04005302394628965,-0.31087367145496825,0.339,0.339,1,DYRK1A,-0,Not sig
0.04019444375511297,-0.15102414414043963,0.153,0.129,1,KIF1A,-0,Not sig
0.04034399051157714,-0.1777478366002588,0.125,0.105,1,NIPA1,-0,Not sig
0.0406245733301548,-0.75789792703011,0.164,0.172,1,HSP90AB1,-0,Not sig
0.041099476906897595,-0.4298095165499989,0.219,0.225,1,TTBK2,-0,Not sig
0.041273451221496206,-0.1906709308875434,0.211,0.178,1,ANAPC16,-0,Not sig
0.04157960881715758,-0.5287545934295352,0.099,0.112,1,ZCCHC14,-0,Not sig
0.04184489996619284,-0.15529563459078657,0.133,0.112,1,NR1D2,-0,Not sig
0.043470764669672556,-0.30242948739686915,0.396,0.382,1,SNX29,-0,Not sig
0.043679754226401996,-0.1410036121121809,0.117,0.098,1,RFC1,-0,Not sig
0.04371584378619051,-0.3758377041829997,0.091,0.104,1,SPRED2,-0,Not sig
0.04398986566513701,-0.1301455310128583,0.125,0.105,1,PAFAH1B2,-0,Not sig
0.04424305259621836,-0.15629714960495533,0.118,0.099,1,STAM,-0,Not sig
0.044590292730078175,-0.30376122141092754,0.259,0.266,1,MYO9A,-0,Not sig
0.044861574074851786,-0.5447924579134236,0.111,0.123,1,TMEM41B,-0,Not sig
0.04531042658733282,-0.3921836814305186,0.266,0.269,1,DNM2,-0,Not sig
0.04535737486176356,-0.1396022379538729,0.102,0.085,1,ELP3,-0,Not sig
0.04587672643280095,-0.4070479826110753,0.135,0.147,1,TRAK1,-0,Not sig
0.04605866494208744,-0.10312887705375157,0.168,0.143,1,TECR,-0,Not sig
0.04623289980034847,-0.1693624228304953,0.142,0.121,1,HMGN3,-0,Not sig
0.04733772369386943,-0.41846802069339184,0.097,0.109,1,SUSD6,-0,Not sig
0.04768262700746325,-0.23185656788386602,0.11,0.091,1,CLTA,-0,Not sig
0.048184633800956084,-0.4493748369703004,0.165,0.175,1,LUC7L,-0,Not sig
0.04851569430513044,-0.1077198075323007,0.258,0.223,1,TAF15,-0,Not sig
0.048521252880038994,-0.5147876470747991,0.152,0.162,1,EFR3B,-0,Not sig
0.05090285152551503,-0.13969677231546293,0.141,0.121,1,TM9SF3,-0,Not sig
0.05117002001653201,-0.19098778946921693,0.145,0.123,1,RECK,-0,Not sig
0.05333325393514025,-0.1825571406194209,0.145,0.123,1,WDR44,-0,Not sig
0.053395916806009296,-0.1473291773443839,0.261,0.224,1,BBS2,-0,Not sig
0.05386521831862078,-0.49415106774342266,0.16,0.17,1,MIR29B2CHG,-0,Not sig
0.0541408318839563,-0.40296854915559677,0.224,0.23,1,SPIRE1,-0,Not sig
0.054348905795640896,-0.43809753446071165,0.159,0.17,1,ZNF83,-0,Not sig
0.055013182309670665,-0.15795146347723243,0.2,0.172,1,MTURN,-0,Not sig
0.05631434539534851,-0.44574350157028814,0.146,0.156,1,PPP3CC,-0,Not sig
0.05640794930512807,-0.11420836645159088,0.111,0.094,1,VPS45,-0,Not sig
0.056451261159848984,-0.4179260312494625,0.125,0.137,1,PPP2R2D,-0,Not sig
0.056683033496378196,-0.16309343157544667,0.111,0.093,1,PDK4,-0,Not sig
0.05734557542911161,-0.4486796093740269,0.172,0.181,1,ITGAV,-0,Not sig
0.05751499952630703,-0.47724014471364656,0.09,0.102,1,INPP5B,-0,Not sig
0.05779665640777212,-0.38057714242977914,0.151,0.162,1,PIP5K1A,-0,Not sig
0.057888576521999684,-0.3123870297083622,0.444,0.423,1,PTPRJ,-0,Not sig
0.05792076473853118,-0.23592994069560283,0.139,0.118,1,TSPAN15,-0,Not sig
0.05799835210381028,-0.15915297367619163,0.112,0.095,1,RNF10,-0,Not sig
0.058546574798930384,-0.34830717957408464,0.238,0.243,1,SMCHD1,-0,Not sig
0.05961850782257435,-0.10747394109032457,0.11,0.093,1,FAT4,-0,Not sig
0.06027014934497249,-0.5141306126885812,0.168,0.175,1,ACSL1,-0,Not sig
0.060419533873395825,-0.41251941873068754,0.159,0.169,1,HNRNPH1,-0,Not sig
0.06218963082596603,-0.32621078047422025,0.258,0.262,1,RBFOX2,-0,Not sig
0.0631443584273429,-0.2506307402534384,0.106,0.088,1,GIT1,-0,Not sig
0.06514276032822956,-0.12071257127822577,0.232,0.202,1,ADCY5,-0,Not sig
0.0657879237365699,-0.11403900819679819,0.142,0.122,1,TANK,-0,Not sig
0.06663566342986423,-0.1448006764510359,0.246,0.214,1,SMARCA2,-0,Not sig
0.06690570485645175,-0.41396630640127563,0.224,0.23,1,MPRIP,-0,Not sig
0.0673181915481191,-0.38388705465325645,0.313,0.308,1,HDAC4,-0,Not sig
0.06797816140769196,-0.15938855028712245,0.103,0.088,1,ZNRF1,-0,Not sig
0.06808296713447051,-0.49870048350175056,0.177,0.183,1,CPNE2,-0,Not sig
0.06846727510385439,-0.1443621048243164,0.124,0.105,1,RASSF4,-0,Not sig
0.06904371985343617,-0.13851844018466974,0.182,0.158,1,CTDSPL2,-0,Not sig
0.06974749281734771,-0.12463118924672845,0.178,0.156,1,GRAMD2B,-0,Not sig
0.06976953464765907,-0.5688631193567197,0.094,0.104,1,CD164,-0,Not sig
0.07087738257968318,-0.17706673330919465,0.16,0.138,1,HNRNPM,-0,Not sig
0.0712576582708187,-0.1296240319755753,0.134,0.115,1,WDR41,-0,Not sig
0.07162761128536517,-0.33451553631091846,0.245,0.251,1,UBE2H,-0,Not sig
0.0718387667539981,-0.13747053124252595,0.564,0.542,1,SGMS1,-0,Not sig
0.07270061272405814,-0.43272779317321575,0.157,0.166,1,FAM208B,-0,Not sig
0.07292229413943635,-0.12246917913332789,0.152,0.131,1,CDS2,-0,Not sig
0.07346212165348581,-0.14359166389721414,0.122,0.104,1,MDM2,-0,Not sig
0.07434940408051498,-0.32816280249536534,0.281,0.281,1,FOXO1,-0,Not sig
0.07584377677161248,-0.1913053948537064,0.113,0.096,1,PRIMA1,-0,Not sig
0.0767721696663458,-0.1185177007998437,0.214,0.187,1,USP33,-0,Not sig
0.07707567085285918,-0.10531270326561407,0.121,0.104,1,WIPF2,-0,Not sig
0.07763012496822157,-0.13401690919849363,0.24,0.209,1,CAMSAP2,-0,Not sig
0.07869436836493356,0.10092947709235014,0.119,0.104,1,PRELID2,-0,Not sig
0.07905219589882109,-0.1305385996074837,0.26,0.227,1,ABL1,-0,Not sig
0.0790649900499664,-0.4721114466667923,0.152,0.161,1,G3BP1,-0,Not sig
0.08005770370153865,-0.13123116544313917,0.196,0.17,1,RAB7A,-0,Not sig
0.08085633177087521,-0.48229320400159925,0.114,0.124,1,ARID4A,-0,Not sig
0.08125356924394571,-0.12295034250696191,0.2,0.174,1,SLMAP,-0,Not sig
0.0813165616662117,-0.4641693834079696,0.1,0.11,1,ATP11C,-0,Not sig
0.08177679388786639,-0.18904754917999755,0.111,0.095,1,SERGEF,-0,Not sig
0.082593050825234,-0.35096369966146757,0.117,0.128,1,STX12,-0,Not sig
0.08295077011581732,-0.15325949163944275,0.121,0.104,1,CHM,-0,Not sig
0.08296894551170447,-0.1612330992251607,0.116,0.099,1,YPEL3,-0,Not sig
0.08345641750499679,-0.12648233518549,0.277,0.242,1,NSD3,-0,Not sig
0.08388988543349964,-0.46190792762967103,0.135,0.144,1,SRRM1,-0,Not sig
0.08473198896854452,-0.11855920509064599,0.209,0.183,1,ZSWIM5,-0,Not sig
0.08500512349468804,-0.11989542168665175,0.128,0.111,1,SHOC2,-0,Not sig
0.08563092054479396,-0.1250077975858339,0.441,0.379,1,GTF2I,-0,Not sig
0.08737365818069101,-0.1855381951937667,0.597,0.568,1,SLC39A11,-0,Not sig
0.08771142363294954,-0.11640764298808648,0.111,0.096,1,UGP2,-0,Not sig
0.08951466057465012,-0.32138511689257054,0.326,0.323,1,MEF2A,-0,Not sig
0.0899450104148383,-0.40321315868379193,0.176,0.184,1,VGLL4,-0,Not sig
0.09056677199031084,-0.10488727645392149,0.101,0.087,1,MAP3K13,-0,Not sig
0.09137507152093424,-0.4519457025309148,0.118,0.128,1,HNRNPL,-0,Not sig
0.09172753724188384,-0.16198614647891635,0.121,0.104,1,EPB41L1,-0,Not sig
0.09309134097230842,-0.11082577168705166,0.167,0.146,1,KANTR,-0,Not sig
0.09473983669410935,-0.17315620793477574,0.128,0.111,1,HNRNPR,-0,Not sig
0.09528292522886626,-0.1114880699383943,0.142,0.124,1,PAG1,-0,Not sig
0.09547370307647068,-0.15053262720506078,0.219,0.192,1,NFATC3,-0,Not sig
0.09587870157931398,-0.14058056696476445,0.158,0.137,1,RALGAPB,-0,Not sig
0.0967184844008712,-0.2878768161295554,0.138,0.117,1,CYP20A1,-0,Not sig
0.09678735409247771,-0.21273415723495664,0.1,0.085,1,GSPT1,-0,Not sig
0.09711199707674308,-0.16508093497746845,0.111,0.095,1,OGDH,-0,Not sig
0.09800195193199424,-0.12219265502336818,0.22,0.193,1,RAB3GAP1,-0,Not sig
0.0992748353487502,-0.35020806077128996,0.173,0.181,1,TMEM184B,-0,Not sig
0.10022804685966616,-0.24417652848864413,0.217,0.188,1,DIXDC1,-0,Not sig
0.10071263406490522,-0.11528046446947782,0.207,0.182,1,SND1,-0,Not sig
0.1007535795836274,-0.4066572021566634,0.119,0.128,1,DNAJC5,-0,Not sig
0.10188796030562214,-0.13932745915815226,0.129,0.112,1,EXOC5,-0,Not sig
0.10193957107178894,-0.11526949561780025,0.116,0.101,1,DNAJC3,-0,Not sig
0.10210055581595656,-0.1670399826551774,0.171,0.148,1,ARHGEF2,-0,Not sig
0.10274162237399549,-0.20006945834331435,0.227,0.197,1,KLHL2,-0,Not sig
0.10325814174402827,-0.1269818112984396,0.133,0.115,1,PCCB,-0,Not sig
0.10413774708187905,-0.19525236179517186,0.145,0.126,1,TAF1,-0,Not sig
0.10446566367870368,-0.10559451562169335,0.137,0.12,1,CAPZA1,-0,Not sig
0.10455814397152345,-0.16624319952642166,0.135,0.117,1,ANP32A,-0,Not sig
0.10457771206705319,-0.156997306975786,0.189,0.164,1,RASSF2,-0,Not sig
0.10568009102952065,-0.1054567439681866,0.177,0.156,1,SMC5,-0,Not sig
0.10602258275266081,-0.12162612700214459,0.139,0.122,1,EIF3E,-0,Not sig
0.10654039996296434,-0.29773080745277614,0.214,0.22,1,TSC22D1,-0,Not sig
0.10664870062361334,-0.4853855924081072,0.105,0.114,1,LARP4,-0,Not sig
0.10792752003009769,-0.5591162662536187,0.201,0.202,1,SPATS2L,-0,Not sig
0.10921718083362231,-0.14283309025663837,0.315,0.273,1,OTUD7B,-0,Not sig
0.10941124357315433,-0.1359768881540319,0.122,0.105,1,AL359915.2,-0,Not sig
0.10956718989770171,-0.14770935080959469,0.132,0.115,1,CXorf36,-0,Not sig
0.11006541680649398,-0.16070758179836186,0.206,0.18,1,XRCC5,-0,Not sig
0.11055292560162237,-0.18166489647956263,0.256,0.224,1,CDK5RAP2,-0,Not sig
0.11106909132969162,-0.18098435490314557,0.636,0.6,1,OTUD7A,-0,Not sig
0.1115028953978322,-0.45183348952723335,0.199,0.202,1,RILPL1,-0,Not sig
0.11155524952102405,-0.12556284486934985,0.157,0.138,1,RPL13,-0,Not sig
0.11187425557508479,-0.3193026783105055,0.283,0.281,1,TBC1D22A,-0,Not sig
0.11255021189002613,-0.14000215516151365,0.15,0.132,1,PON2,-0,Not sig
0.11327318705131174,-0.6480483645777232,0.092,0.1,1,HSPA4,-0,Not sig
0.11534053110203533,-0.1087095986503334,0.128,0.112,1,UBXN7,-0,Not sig
0.11605428414603768,-0.1265130969844892,0.282,0.248,1,SETD2,-0,Not sig
0.11630427187899753,-0.40305953178594545,0.113,0.121,1,PGAP1,-0,Not sig
0.11647765185779776,-0.18773492257839886,0.555,0.521,1,N4BP2L2,-0,Not sig
0.1167263824928405,-0.11360864469130882,0.197,0.175,1,REEP3,-0,Not sig
0.11684925752018492,-0.45526793132238974,0.134,0.141,1,YEATS2,-0,Not sig
0.11692288128141666,-0.25344964764128786,0.143,0.123,1,WASHC4,-0,Not sig
0.1175104603394058,-0.19980502301583547,0.354,0.308,1,RETREG1,-0,Not sig
0.11792097975729463,-0.3526762970548636,0.105,0.114,1,ATP13A3,-0,Not sig
0.12081687376438212,-0.20252450752178508,0.206,0.179,1,CREBRF,-0,Not sig
0.1228970659394201,-0.12840146815596643,0.103,0.089,1,HDGFL3,-0,Not sig
0.12301104949291569,-0.20314871828355252,0.202,0.177,1,LURAP1L-AS1,-0,Not sig
0.1230930276385712,-0.2906356400785647,0.232,0.236,1,PTEN,-0,Not sig
0.1235370512203006,-0.4187392304797346,0.188,0.193,1,FDFT1,-0,Not sig
0.12423959043287448,-0.14004708451946157,0.241,0.213,1,FAM120B,-0,Not sig
0.125667826281453,-0.1435874317733994,0.291,0.254,1,SFMBT2,-0,Not sig
0.12587764124267967,-0.4122817471322569,0.105,0.114,1,ADCY9,-0,Not sig
0.12589414507867466,-0.1150788984091422,0.282,0.249,1,CRTC3,-0,Not sig
0.12753489441685562,-0.1560700595075583,0.118,0.104,1,ATG10,-0,Not sig
0.12844916942559503,-0.1326706615151525,0.127,0.111,1,RBL2,-0,Not sig
0.1286253633862662,-0.45564361691465505,0.161,0.167,1,NUAK1,-0,Not sig
0.13066947899421893,-0.14089788066955672,0.105,0.091,1,GIT2,-0,Not sig
0.1316214554591769,-0.1894338371539056,0.15,0.132,1,SENP5,-0,Not sig
0.13208692970558053,-0.1869802586272341,0.182,0.161,1,FAM102A,-0,Not sig
0.13370322016513153,-0.11396748870723974,0.167,0.148,1,LARP1,-0,Not sig
0.13564475802636863,-0.20829134835281393,0.182,0.16,1,ZNF483,-0,Not sig
0.13701162287665947,-0.17691585605592192,0.147,0.13,1,ATF2,-0,Not sig
0.14067381234510076,-0.18385906523512174,0.161,0.14,1,RANGAP1,-0,Not sig
0.1424100459688063,-0.13385833629684557,0.122,0.107,1,SMIM14,-0,Not sig
0.14250316442434566,-0.14300080435644622,0.146,0.129,1,KPNA1,-0,Not sig
0.14394588998518693,-0.3130641348304515,0.513,0.471,1,OSBPL1A,-0,Not sig
0.14597979079122977,-0.10694152917159827,0.356,0.317,1,RUFY3,-0,Not sig
0.14631416766082322,-0.15556444859062601,0.199,0.177,1,SENP7,-0,Not sig
0.1494809771038605,-0.22325421937978968,0.173,0.152,1,UBE2G1,-0,Not sig
0.14967235855793712,-0.507398490051737,0.136,0.142,1,YWHAG,-0,Not sig
0.15148047913743393,-0.18035424045231696,0.205,0.181,1,CDC42BPB,-0,Not sig
0.1517176368033964,-0.10984161578462426,0.384,0.339,1,CDK13,-0,Not sig
0.153370041249229,-0.5049424112545285,0.1,0.107,1,USP3,-0,Not sig
0.15348580685293625,-0.22215519311857757,0.201,0.176,1,ZBTB8OS,-0,Not sig
0.15472800205876475,-0.1669161674540921,0.14,0.124,1,NACC2,-0,Not sig
0.15709091673514697,-0.20286150846400777,0.116,0.101,1,ADAM17,-0,Not sig
0.15759299387352005,-0.3578900534027175,0.16,0.167,1,ARFGEF2,-0,Not sig
0.15764029542668587,-0.11195653779789916,0.136,0.121,1,SMURF2,-0,Not sig
0.15838107859131478,-0.17061646544397646,0.107,0.095,1,NDST1,-0,Not sig
0.15917451539041855,-0.29806194358554106,0.127,0.11,1,AC005261.1,-0,Not sig
0.1592740087230906,-0.1349810920350174,0.198,0.176,1,VPS53,-0,Not sig
0.15981434368204542,-0.11397804157955149,0.19,0.17,1,YTHDC1,-0,Not sig
0.16017750675804532,-0.2373193807229731,0.157,0.139,1,ZNF131,-0,Not sig
0.1605191439838856,-0.12784815787032455,0.118,0.104,1,BCL2L13,-0,Not sig
0.16259218036141884,-0.3701514688339932,0.116,0.123,1,SPG7,-0,Not sig
0.1634486270934785,-0.11425007639898377,0.16,0.142,1,HBP1,-0,Not sig
0.16363135896519376,-0.12832400293640145,0.794,0.761,1,DIP2B,-0,Not sig
0.1667785606966366,-0.19041132020746576,0.176,0.156,1,AF165147.1,-0,Not sig
0.1677497762337177,-0.17450273072783784,0.111,0.098,1,ZNF654,-0,Not sig
0.168149931275305,-0.3960091956534945,0.171,0.176,1,NEMF,-0,Not sig
0.16968702337265917,-0.3465158929164811,0.142,0.149,1,PIK3C2A,-0,Not sig
0.17051184492867802,-0.43188837214951675,0.112,0.119,1,IL6ST,-0,Not sig
0.1707649297217658,-0.4505821221546637,0.161,0.166,1,AC098850.3,-0,Not sig
0.17190072383656638,-0.21617517881312043,0.17,0.149,1,HPN-AS1,-0,Not sig
0.17284256382620666,-0.1803836398892474,0.136,0.121,1,ANO10,-0,Not sig
0.17293082979896596,-0.37535657773932807,0.123,0.13,1,UBR4,-0,Not sig
0.17327698074815426,-0.1854727812795866,0.101,0.089,1,SAFB,-0,Not sig
0.17347659066452395,-0.26324330522637274,0.101,0.089,1,TMEM131L,-0,Not sig
0.17458673845420353,-0.15509135693043619,0.287,0.255,1,ARID2,-0,Not sig
0.17607356289242043,-0.13860181534600674,0.186,0.165,1,WDR59,-0,Not sig
0.17656705746824872,-0.44113237833271024,0.097,0.104,1,SEC23A,-0,Not sig
0.17754396500242473,-0.4710096882140995,0.164,0.168,1,FCHO1,-0,Not sig
0.1778072505443765,-0.25752623745255354,0.604,0.549,1,GRID1,-0,Not sig
0.1787172058504696,-0.10345042135259463,0.489,0.439,1,PALM2,-0,Not sig
0.1790216919801808,-0.13121076994096803,0.108,0.096,1,MDN1,-0,Not sig
0.17906727530538688,-0.117053817276628,0.184,0.166,1,HELZ,-0,Not sig
0.17920184403186876,-0.42051134114543154,0.123,0.13,1,MGRN1,-0,Not sig
0.1797327356394851,-0.19235974603986528,0.192,0.171,1,FERMT2,-0,Not sig
0.17986338464125273,-0.8376918807040153,0.127,0.131,1,HSPA1A,-0,Not sig
0.1808762274056898,-0.15996118442832208,0.181,0.161,1,SON,-0,Not sig
0.1814498670821205,-0.23195964832346738,0.146,0.129,1,ATG2B,-0,Not sig
0.1828992212575095,-0.1219027443753633,0.355,0.314,1,HP1BP3,-0,Not sig
0.18852226357288993,-0.14812912585371324,0.103,0.091,1,DCP1A,-0,Not sig
0.1893115821009958,-0.1668851796697206,0.354,0.311,1,ANKRD28,-0,Not sig
0.18943858000482722,-0.4062068995865965,0.224,0.221,1,COPA,-0,Not sig
0.18987455861259428,-0.2041475248814848,0.233,0.205,1,TESK2,-0,Not sig
0.19222744220316415,-0.25872912823587296,0.167,0.147,1,HCG17,-0,Not sig
0.19414574243627772,-0.3761930784379526,0.109,0.116,1,ST7,-0,Not sig
0.19466618670529348,-0.20136115934954246,0.175,0.156,1,SLC11A2,-0,Not sig
0.19584627618256706,-0.3525698204493506,0.242,0.241,1,KTN1,-0,Not sig
0.19628847449753034,-0.41257265847544217,0.104,0.111,1,FAM168B,-0,Not sig
0.19774183777646953,-0.22802288397852033,0.288,0.286,1,ARIH1,-0,Not sig
0.19878373916622438,-0.17454154836491634,0.119,0.105,1,AASS,-0,Not sig
0.19958202635095731,-0.12776865432101603,0.176,0.158,1,PIK3CB,-0,Not sig
0.19984443492757678,-0.31830259980766845,0.104,0.091,1,ANKRD23,-0,Not sig
0.20019911932304238,-0.1776591642795483,0.101,0.089,1,RNF19A,-0,Not sig
0.20655445630709116,-0.23208826884952805,0.461,0.432,1,ASH1L,-0,Not sig
0.2067067433630167,-0.21166615578125586,0.132,0.116,1,MPHOSPH8,-0,Not sig
0.20729795559684483,-0.140269973887019,0.329,0.291,1,KIAA1109,-0,Not sig
0.21183820651645505,-0.31008987184569736,0.189,0.193,1,CHD2,-0,Not sig
0.2125388181872322,-0.37959097883606385,0.154,0.159,1,TBC1D15,-0,Not sig
0.21260268715129463,-0.4677832952931449,0.141,0.144,1,CTTN,-0,Not sig
0.2138457285946928,-0.15450574662583114,0.149,0.133,1,TTC19,-0,Not sig
0.21699109378861306,-0.23788201279126656,0.109,0.096,1,WDR37,-0,Not sig
0.21759988511674627,-0.47688867959378545,0.158,0.16,1,RALY,-0,Not sig
0.2177735793574612,-0.3659818769155331,0.163,0.168,1,LYST,-0,Not sig
0.21823067912637495,-0.40694847244603566,0.169,0.172,1,NDUFS2,-0,Not sig
0.22076132474437885,-0.3326762041611977,0.193,0.195,1,SORCS2,-0,Not sig
0.2208853141158959,-0.3338540304439289,0.101,0.108,1,TPM4,-0,Not sig
0.2213206864568196,-0.20765800635749376,0.12,0.107,1,SGTA,-0,Not sig
0.2214284592338186,-0.17241862760593246,0.121,0.108,1,BOD1L1,-0,Not sig
0.22186162379852928,-0.1448253615771976,0.148,0.132,1,BTAF1,-0,Not sig
0.22535141867013067,-0.1266763844570764,0.342,0.303,1,RDX,-0,Not sig
0.22549423017242726,-0.12567624891090978,0.387,0.341,1,NIPBL,-0,Not sig
0.22960360318199763,-0.33724247359955206,0.27,0.263,1,MT-CO1,-0,Not sig
0.2325570795872502,-0.28384433032569234,0.336,0.296,1,FNIP2,-0,Not sig
0.23448642159514402,-0.41064223216066176,0.124,0.129,1,MFSD11,-0,Not sig
0.23527787500176056,-0.22572839967254077,0.281,0.25,1,PTPN13,-0,Not sig
0.23547342725972345,-0.21757216061286933,0.509,0.47,1,SYNJ2,-0,Not sig
0.23569049726011315,-0.11551292612036312,0.406,0.359,1,TBL1XR1,-0,Not sig
0.2361129334572123,-0.11906052274151657,0.173,0.156,1,MICU2,-0,Not sig
0.23697013248004214,-0.42688380866593734,0.16,0.163,1,BCLAF1,-0,Not sig
0.23713002997249957,-0.2737041912410958,0.25,0.25,1,ZNF608,-0,Not sig
0.23812515929667907,-0.18656892762583088,0.269,0.24,1,RBM33,-0,Not sig
0.23816525623342072,-0.11510356836811558,0.172,0.155,1,YWHAZ,-0,Not sig
0.2397679899738674,-0.23041688184201464,0.13,0.116,1,NAA35,-0,Not sig
0.24067529705269086,-0.23049885374806517,0.13,0.115,1,SEC63,-0,Not sig
0.24149269279672758,-0.19114463627579092,0.208,0.185,1,ARID5B,-0,Not sig
0.24229270180439322,-0.20594175536866077,0.201,0.181,1,MAPK8IP3,-0,Not sig
0.24261110034714248,-0.3419203087752354,0.196,0.197,1,MTREX,-0,Not sig
0.24296052480560476,-0.14349609445930844,0.242,0.219,1,DYNC1I1,-0,Not sig
0.24339855314308723,-0.10949626461475481,0.257,0.234,1,PPP3CA,-0,Not sig
0.2452637705059351,-0.13202092418020228,0.197,0.178,1,ATAD2B,-0,Not sig
0.24591249038818483,-0.1109909562860909,0.32,0.288,1,MAPK10,-0,Not sig
0.24832764795492276,-0.1121934744635843,0.183,0.166,1,HSD17B12,-0,Not sig
0.25011216088023513,-0.42855010145227,0.108,0.114,1,RANBP2,-0,Not sig
0.2508723726092142,-0.15419449939011606,0.154,0.139,1,GNAS,-0,Not sig
0.2521660174478085,-0.46939984346963787,0.13,0.134,1,SNX19,-0,Not sig
0.25524114714101587,-0.2776949035806445,0.111,0.099,1,CLU,-0,Not sig
0.2556041318875536,-0.19140541890495955,0.166,0.149,1,HNRNPH3,-0,Not sig
0.25568504226797056,-0.26675063539763455,0.62,0.571,1,ST6GALNAC3,-0,Not sig
0.2575044575130855,-0.3970925622754552,0.101,0.106,1,TAF1D,-0,Not sig
0.2587624883658691,-0.12312653904481885,0.365,0.327,1,PHF21A,-0,Not sig
0.261565193291183,-0.12848249559954428,0.148,0.134,1,SSFA2,-0,Not sig
0.26197462350832557,-0.16876570442966823,0.144,0.13,1,BAZ1B,-0,Not sig
0.2629283522359966,-0.4655612024301422,0.219,0.215,1,ZNF146,-0,Not sig
0.26491979610716393,-0.3245614092414489,0.1,0.107,1,ARHGAP12,-0,Not sig
0.2670371382302733,-0.3504317861906381,0.265,0.258,1,PCNX1,-0,Not sig
0.26777276224088215,-0.29465266592731476,0.233,0.231,1,RBM39,-0,Not sig
0.26922664625164333,-0.14663590632107737,0.325,0.29,1,C20orf194,-0,Not sig
0.2722343941583017,-0.4023402391109647,0.12,0.125,1,RNF149,-0,Not sig
0.2724991631565873,-0.382367781811082,0.255,0.249,1,RALGAPA2,-0,Not sig
0.2731654242157295,-0.3652369060517291,0.282,0.271,1,SNRNP70,-0,Not sig
0.27649705974848043,-0.383261316025295,0.168,0.171,1,BACH1,-0,Not sig
0.2765862642485763,-0.14982976696245953,0.282,0.253,1,PIAS1,-0,Not sig
0.27666010102048927,-0.16183690522565441,0.236,0.213,1,FOXJ3,-0,Not sig
0.27736027041294326,-0.11350398332490541,0.194,0.177,1,ATP6V0A1,-0,Not sig
0.27812987983347226,-0.1806396074672809,0.123,0.111,1,PPP3CB,-0,Not sig
0.278371702883874,-0.2540634274361382,0.399,0.376,1,UBE4B,-0,Not sig
0.27872050918944913,-0.29498233519613226,0.208,0.209,1,TLK2,-0,Not sig
0.2811080599513688,-0.19629961913436533,0.348,0.338,1,CUX1,-0,Not sig
0.2819540099937126,-0.16804614439644705,0.101,0.091,1,MED15,-0,Not sig
0.28258794517794966,-0.4294833659588706,0.109,0.114,1,DHX36,-0,Not sig
0.2830276892297932,-0.15623839652973714,0.428,0.412,1,IGF1R,-0,Not sig
0.28381804301163643,-0.15727538804909524,0.131,0.119,1,KPNA6,-0,Not sig
0.2841087861924378,-0.3583535270187864,0.213,0.211,1,AEBP2,-0,Not sig
0.2849437680589847,-0.33031160059208875,0.097,0.103,1,SNRK,-0,Not sig
0.2885328349278166,-0.3324617722764249,0.295,0.282,1,RAB40B,-0,Not sig
0.289978146211139,-0.36724457952388306,0.127,0.132,1,DAZAP1,-0,Not sig
0.29254558123669056,-0.11656791254703802,0.29,0.261,1,ECPAS,-0,Not sig
0.2941184073199265,-0.3435736946604694,0.137,0.141,1,TLK1,-0,Not sig
0.2952791772439155,-0.23632509459255938,0.132,0.119,1,METTL16,-0,Not sig
0.2955145411437408,-0.2429753208268508,0.13,0.117,1,CCDC84,-0,Not sig
0.2960585218026201,-0.2587226582191764,0.306,0.298,1,BRWD1,-0,Not sig
0.2967746813605217,-0.23225751309043802,0.1,0.089,1,SERBP1,-0,Not sig
0.2970595209258165,-0.6962386140595678,0.099,0.102,1,SMOC1,-0,Not sig
0.30120205898753866,-0.15140036822836045,0.356,0.316,1,UBE2R2,-0,Not sig
0.30228404969895323,-0.3577427140368038,0.16,0.164,1,LIMS1,-0,Not sig
0.30360807570292236,-0.19076234629808353,0.186,0.168,1,AC006059.1,-0,Not sig
0.3039453965305124,-0.44105075974390306,0.126,0.129,1,PRPF4B,-0,Not sig
0.30755204304186756,-0.20854518289331248,0.118,0.106,1,CNOT1,-0,Not sig
0.3081095875909401,-0.3620352007516979,0.189,0.189,1,AVL9,-0,Not sig
0.31091355362284445,-0.23412096020120066,0.209,0.189,1,CRYBG3,-0,Not sig
0.313383392556087,-0.19804525740468715,0.174,0.157,1,TOB2,-0,Not sig
0.3141033202603422,-0.21395251297776746,0.101,0.091,1,THRA,-0,Not sig
0.3176255589443291,-0.25055367949169915,0.19,0.171,1,CD47,-0,Not sig
0.3206244333611248,-0.36141990922002043,0.235,0.229,1,UBR1,-0,Not sig
0.324888857538212,-0.1861462890648918,0.127,0.115,1,ZZEF1,-0,Not sig
0.32900136196661905,-0.24432032951244675,0.323,0.313,1,ERC1,-0,Not sig
0.32920191068911286,-0.27688188054272317,0.114,0.103,1,KLF13,-0,Not sig
0.3322917108793367,-0.39836601267395455,0.1,0.104,1,GOLGB1,-0,Not sig
0.3329054869819366,-0.2770586312601643,0.199,0.178,1,TTC37,-0,Not sig
0.3332408247626323,-0.158123188628831,0.641,0.594,1,HIP1,-0,Not sig
0.3353392278793689,-0.27807392901582595,0.237,0.211,1,TFEB,-0,Not sig
0.3361453262774972,-0.15977819961807377,0.102,0.093,1,ZNF586,-0,Not sig
0.3374944019155179,-0.18891566879767485,0.166,0.152,1,ZCCHC2,-0,Not sig
0.3387328380882852,-0.16996819873925523,0.188,0.171,1,NRDC,-0,Not sig
0.33960646006803413,-0.1129293519165882,0.144,0.132,1,PRR14L,-0,Not sig
0.3417257230604169,-0.3147278448382238,0.26,0.254,1,UBE2K,-0,Not sig
0.3419017116371811,-0.17951028630846033,0.319,0.285,1,ZNF292,-0,Not sig
0.34302290595756696,-0.23222322431885145,0.106,0.096,1,EIF1,-0,Not sig
0.34354202151203783,-0.21764090379342016,0.184,0.166,1,ZBTB7A,-0,Not sig
0.34402575281637016,-0.21168843729882852,0.107,0.097,1,RUSC2,-0,Not sig
0.34589766639032565,-0.12370756150004444,0.116,0.106,1,RIC1,-0,Not sig
0.3466059411747719,-0.21393405102059887,0.109,0.114,1,CSNK1E,-0,Not sig
0.3468837367139879,-0.12452181262157327,0.148,0.136,1,CHIC1,-0,Not sig
0.3485590461862963,-0.20965209099693127,0.357,0.34,1,PCCA,-0,Not sig
0.35094351090104714,-0.3840479557563583,0.164,0.165,1,SLC23A2,-0,Not sig
0.3516033952557108,-0.3300929665711005,0.124,0.128,1,TRA2B,-0,Not sig
0.3529869029768695,-0.22926711040678205,0.353,0.313,1,CNDP1,-0,Not sig
0.3536823290738589,-0.14270472019783376,0.226,0.205,1,PPP2R5C,-0,Not sig
0.3589321410049843,-0.4838753633616537,0.132,0.134,1,DGLUCY,-0,Not sig
0.35981151884179385,-0.23171198015615224,0.13,0.118,1,NSD2,-0,Not sig
0.3599374138763348,-0.23816172907048627,0.109,0.099,1,SNX14,-0,Not sig
0.3604559581363221,-0.207373058347403,0.117,0.106,1,INPP5A,-0,Not sig
0.3611453982403917,-0.33763205151543785,0.135,0.138,1,CSMD2,-0,Not sig
0.36129443726660554,-0.26099859614164295,0.196,0.176,1,THOC2,-0,Not sig
0.3632047464781411,-0.2275741766504864,0.379,0.336,1,FAM13B,-0,Not sig
0.36886592236918786,-0.411811731959539,0.114,0.117,1,WDR60,-0,Not sig
0.36978491030380584,-0.1434472234457771,0.361,0.325,1,SPPL3,-0,Not sig
0.37277477775124623,-0.16694470676228435,0.203,0.185,1,ARIH2,-0,Not sig
0.37412131685104505,-0.2228961113713962,0.213,0.194,1,PIK3C2B,-0,Not sig
0.38126243366528617,-0.2688273923880989,0.192,0.174,1,DDX6,-0,Not sig
0.3814324901595696,-0.2428771530736098,0.169,0.154,1,NASP,-0,Not sig
0.3815782677413394,-0.29596216210566284,0.197,0.197,1,RB1,-0,Not sig
0.38629845835567517,-0.17470958825428262,0.453,0.422,1,NF1,-0,Not sig
0.3873567246551136,-0.14028601930978002,0.222,0.201,1,RIN2,-0,Not sig
0.38785255154726644,-0.2073980912756303,0.178,0.163,1,FUBP1,-0,Not sig
0.38929803624131043,-0.2648272038312831,0.387,0.363,1,ZNF644,-0,Not sig
0.39006048416832684,-0.2580907710710122,0.178,0.162,1,GPR137C,-0,Not sig
0.39036955448885474,-0.37117387004302493,0.223,0.219,1,CERS4,-0,Not sig
0.39536215450980344,-0.19090368649790943,0.161,0.148,1,SEC24B,-0,Not sig
0.39683239485433636,-0.21075984863154062,0.221,0.2,1,PPP6R2,-0,Not sig
0.3996780596105376,-0.4056598614466031,0.104,0.107,1,RAC1,-0,Not sig
0.3997931591710883,-0.13989989422169913,0.333,0.301,1,FYN,-0,Not sig
0.4006775187775808,-0.29540595971844974,0.195,0.195,1,DYSF,-0,Not sig
0.40162655450032414,-0.3889100187134077,0.132,0.134,1,PPIG,-0,Not sig
0.4017551144457098,-0.44268043352698,0.097,0.1,1,FAM182B,-0,Not sig
0.40213656596958214,-0.4011028482838706,0.135,0.136,1,UPF3A,-0,Not sig
0.4027829270880158,-0.21713452740437586,0.129,0.119,1,RAB3GAP2,-0,Not sig
0.4043712458742367,-0.334153992765004,0.119,0.108,1,KHDRBS3,-0,Not sig
0.40560383771829933,-0.11702151029756308,0.1,0.092,1,KCMF1,-0,Not sig
0.40693038597515674,-0.3216762265127755,0.313,0.297,1,GPBP1,-0,Not sig
0.4079500749722832,-0.19785321548026102,0.452,0.418,1,EPN2,-0,Not sig
0.4079865194486863,-0.1097198870304763,0.386,0.35,1,ZNF609,-0,Not sig
0.40993510934624167,-0.26946442057043507,0.119,0.123,1,JAK1,-0,Not sig
0.4103731723895078,-0.31724758978903744,0.234,0.229,1,LARGE1,-0,Not sig
0.41061571855610174,-0.21905105632334176,0.196,0.178,1,PRDM2,-0,Not sig
0.4160726644790991,-0.19851915834841227,0.31,0.279,1,MAP2K4,-0,Not sig
0.41863982654883325,-0.17400463837975433,0.156,0.143,1,TRRAP,-0,Not sig
0.4202533350437223,-0.3137821546669052,0.164,0.164,1,FBXO7,-0,Not sig
0.4218100239716805,-0.30972953228928757,0.176,0.177,1,INTS6,-0,Not sig
0.4234161564080046,-0.20781837640309508,0.118,0.108,1,SQSTM1,-0,Not sig
0.4271912166136409,-0.3897068843013735,0.104,0.107,1,ITGB1,-0,Not sig
0.42736617308727476,-0.18004440098783014,0.284,0.256,1,PUM1,-0,Not sig
0.4297788211878862,-0.13201101715208519,0.276,0.252,1,AGO2,-0,Not sig
0.4299616266406833,-0.3613597279189495,0.109,0.112,1,NPLOC4,-0,Not sig
0.4301955873608762,-0.2091326265015494,0.305,0.275,1,MED13,-0,Not sig
0.43541597785060926,-0.2646549800338421,0.106,0.097,1,PDPK1,-0,Not sig
0.4354996162649176,-0.23286710416332723,0.373,0.351,1,TAOK1,-0,Not sig
0.4364037054608871,-0.23741430432195976,0.1,0.092,1,CFL1,-0,Not sig
0.43938095178533493,-0.34712324560640423,0.144,0.145,1,MORF4L1,-0,Not sig
0.4408881607413178,-0.4127419628708785,0.129,0.13,1,NUP153,-0,Not sig
0.4466727285924505,-0.1809067301639874,0.194,0.178,1,USP24,-0,Not sig
0.4468592770580803,-0.21380747514167278,0.149,0.137,1,FNBP4,-0,Not sig
0.44738481442001315,-0.20217518523825057,0.182,0.168,1,ATF6,-0,Not sig
0.44838337247588295,-0.23791893826433652,0.32,0.307,1,MLLT10,-0,Not sig
0.45322289919879727,-0.1446033597428431,0.306,0.277,1,GATAD2B,-0,Not sig
0.45377486563580244,-0.32459461028284975,0.227,0.222,1,PI4KA,-0,Not sig
0.4568439461146283,-0.21548194776088403,0.118,0.109,1,ATR,-0,Not sig
0.4592400818440818,-0.20927701539406224,0.156,0.144,1,NDUFS1,-0,Not sig
0.4592721491742065,-0.4057695571013664,0.126,0.127,1,ARRB1,-0,Not sig
0.4614246971105531,-0.2527627436706409,0.155,0.141,1,AKAP10,-0,Not sig
0.4621208888301436,-0.2617851785978944,0.444,0.405,1,PPP2R2A,-0,Not sig
0.46386086625875333,-0.3376622534784235,0.25,0.241,1,ZNF708,-0,Not sig
0.4643901726045733,-0.369820524792741,0.115,0.118,1,PPARD,-0,Not sig
0.4646098594045074,-0.19462320395818467,0.244,0.222,1,ZNF207,-0,Not sig
0.4692682256103297,-0.4046065415429324,0.128,0.13,1,FLNB,-0,Not sig
0.4711390906770883,-0.15098954548021876,0.131,0.122,1,GAPVD1,-0,Not sig
0.47333734831402774,-0.1718617294336059,0.126,0.117,1,CCNT2,-0,Not sig
0.47475312210486115,-0.2533412170625726,0.154,0.142,1,NAA15,-0,Not sig
0.47494066311978983,-0.2179245090260964,0.413,0.388,1,KMT2E,-0,Not sig
0.47507909306973595,-0.22529854035238386,0.109,0.101,1,RHOA,-0,Not sig
0.4761448388855717,-0.27482399724762174,0.122,0.112,1,RABL6,-0,Not sig
0.47743270720821046,-0.20924687762205113,0.16,0.149,1,PHF20,-0,Not sig
0.47800092308528924,-0.13140184387934128,0.125,0.117,1,PPP4R3A,-0,Not sig
0.47929160296898576,-0.3183204098144835,0.227,0.221,1,STAG2,-0,Not sig
0.4810197154209521,-0.22481413242645087,0.187,0.186,1,CAPZB,-0,Not sig
0.48301173636247186,-0.1466384615304188,0.124,0.116,1,MGAT4A,-0,Not sig
0.4868781923462088,-0.30118777347037784,0.318,0.282,1,NDE1,-0,Not sig
0.4896159764156884,-0.1702547576258755,0.102,0.095,1,GGT7,-0,Not sig
0.49046638427787814,-0.1972844702108718,0.187,0.187,1,WASHC1,-0,Not sig
0.49336466988035593,-0.11359312400557275,0.535,0.481,1,TSPAN5,-0,Not sig
0.4933713172489483,-0.24556042084988688,0.117,0.108,1,YAF2,-0,Not sig
0.4974352468553842,-0.12321651378833831,0.404,0.365,1,UBR3,-0,Not sig
0.5002608312507184,-0.1828523949430801,0.111,0.103,1,WTAP,-0,Not sig
0.5013881493832788,-0.23224536898712533,0.197,0.182,1,RB1CC1,-0,Not sig
0.5021486399392954,-0.18069454635252435,0.127,0.118,1,MCCC1,-0,Not sig
0.5032991534708624,-0.21098683318062667,0.155,0.142,1,ZBTB1,-0,Not sig
0.5066233744408186,-0.35002668124204134,0.113,0.115,1,AP3S1,-0,Not sig
0.5070761651549343,-0.21090310092283016,0.37,0.346,1,ATRX,-0,Not sig
0.5070929929753865,-0.40619258346365594,0.184,0.179,1,EML2,-0,Not sig
0.5109753088264799,-0.3783799483768925,0.209,0.203,1,MAP3K2,-0,Not sig
0.5127648728916174,-0.1995108273352677,0.337,0.302,1,CBFA2T2,-0,Not sig
0.5211370670191311,-0.21282458282153788,0.119,0.111,1,IST1,-0,Not sig
0.5230942155364993,-0.16035495496349378,0.114,0.118,1,INPP4B,-0,Not sig
0.5287554781624499,-0.15905724138671967,0.112,0.105,1,HEG1,-0,Not sig
0.5313274033307293,-0.19766443215805568,0.167,0.155,1,AP1G1,-0,Not sig
0.5338643813388022,-0.3518913653236797,0.275,0.263,1,DTNA,-0,Not sig
0.5343974226420418,-0.2214075555568311,0.132,0.123,1,AP2B1,-0,Not sig
0.5348177107014014,-0.22192594599882803,0.104,0.096,1,MAX,-0,Not sig
0.5368875958849424,-0.2417247276325799,0.15,0.139,1,MYO18A,-0,Not sig
0.5412906447281789,-0.28900278335520807,0.173,0.172,1,SEPT2,-0,Not sig
0.5419080275664899,-0.3906551258629375,0.122,0.112,1,HIST1H2AC,-0,Not sig
0.5460563432273535,-0.2514229483067659,0.103,0.105,1,GIGYF1,-0,Not sig
0.5469452521510706,-0.2606213662372371,0.154,0.142,1,USP22,-0,Not sig
0.5523183612296332,-0.3497369968206402,0.107,0.109,1,GIPC1,-0,Not sig
0.5524908683838979,-0.1679870051649992,0.443,0.397,1,ITCH,-0,Not sig
0.5541115784202019,-0.22206853804961524,0.371,0.348,1,PAFAH1B1,-0,Not sig
0.5543759187280167,-0.14513088313467737,0.517,0.474,1,SASH1,-0,Not sig
0.5548794661073622,-0.18230310140544248,0.135,0.126,1,PITPNB,-0,Not sig
0.5582854208791755,-0.31816696954073126,0.172,0.169,1,ASAP2,-0,Not sig
0.5585536075182573,-0.22311618442820735,0.209,0.194,1,IWS1,-0,Not sig
0.5596342630831712,-0.28145332967132225,0.13,0.131,1,SRSF4,-0,Not sig
0.5606536131686077,-0.18658768553045113,0.228,0.224,1,ANKS1A,-0,Not sig
0.562350015507153,-0.13480688024492687,0.134,0.125,1,XPR1,-0,Not sig
0.568012690778304,-0.4064736702856654,0.114,0.115,1,YY1AP1,-0,Not sig
0.5695181707431916,-0.13369006540328754,0.408,0.368,1,TNRC6A,-0,Not sig
0.5770959215781704,-0.2867395590036398,0.102,0.095,1,EEF1D,-0,Not sig
0.5808677538868008,-0.18276282304944116,0.132,0.124,1,GALNT2,-0,Not sig
0.581068299684761,-0.23329719348282985,0.367,0.329,1,ACTB,-0,Not sig
0.5865632755412152,-0.26983464315278466,0.124,0.116,1,ACTR3,-0,Not sig
0.588810388502141,-0.13759037034800176,0.148,0.14,1,ABL2,-0,Not sig
0.5890955652208818,-0.26340810440995976,0.145,0.135,1,TMED10,-0,Not sig
0.5935079795927631,-0.16282227238140878,0.176,0.174,1,DPP10,-0,Not sig
0.5954303785403108,-0.19912214966050323,0.234,0.216,1,ETNK1,-0,Not sig
0.599506801226997,-0.3108559887846324,0.142,0.141,1,KDM4B,-0,Not sig
0.6009306416539013,-0.30034827474088566,0.137,0.128,1,NAA16,-0,Not sig
0.602031405917421,-0.112924351856591,0.655,0.605,1,SORT1,-0,Not sig
0.6041233222916131,-0.25555887129169425,0.134,0.125,1,FANCC,-0,Not sig
0.6047583914880404,-0.19391407986478093,0.277,0.255,1,KDM2A,-0,Not sig
0.6048969214684886,-0.3549643305771054,0.21,0.202,1,KDM5A,-0,Not sig
0.6066175185474689,-0.26080008870542465,0.11,0.103,1,MAST2,-0,Not sig
0.6072573942926989,-0.36887972919869316,0.121,0.121,1,CENPC,-0,Not sig
0.6074935008423736,-0.25687214814338677,0.101,0.095,1,DDX3X,-0,Not sig
0.6083801715849877,-0.15181690794719271,0.475,0.427,1,MICAL3,-0,Not sig
0.6111384533784435,-0.338617958575113,0.295,0.268,1,PLPP1,-0,Not sig
0.6117757333340159,-0.19778974281263534,0.175,0.163,1,CLASRP,-0,Not sig
0.6121705808572423,-0.39905739675208607,0.101,0.102,1,ARNT,-0,Not sig
0.6132684626217905,-0.30675445248491684,0.138,0.129,1,AGAP3,-0,Not sig
0.6132861565294874,-0.3172799428009154,0.227,0.219,1,CBFB,-0,Not sig
0.6143175736388209,-0.24859390450284102,0.209,0.193,1,SSBP3,-0,Not sig
0.6170517650704854,-0.18872500849604645,0.183,0.171,1,ARNT2,-0,Not sig
0.6173601708165662,-0.3062795972762251,0.121,0.114,1,MACO1,-0,Not sig
0.6188050679189312,-0.2933099619120613,0.175,0.173,1,TSC22D2,-0,Not sig
0.6224652856026224,-0.25429937754318765,0.241,0.221,1,AKAP9,-0,Not sig
0.6240849374147855,-0.22202887324162623,0.233,0.214,1,UBE3C,-0,Not sig
0.6245215074380391,-0.2632211631297459,0.16,0.159,1,CTNNB1,-0,Not sig
0.6252215711202443,-0.32976924398296065,0.11,0.111,1,AGO4,-0,Not sig
0.6257043642587845,-0.23534535112989285,0.266,0.256,1,MAP4K3,-0,Not sig
0.6261684130115235,-0.26657506069741344,0.107,0.101,1,BRSK1,-0,Not sig
0.6276210116450738,-0.2877771553739966,0.216,0.211,1,NBEAL1,-0,Not sig
0.6301139274969301,-0.23719946629091415,0.111,0.105,1,PRKAR1A,-0,Not sig
0.6358576837909014,-0.17195345053039301,0.385,0.347,1,NAV1,-0,Not sig
0.6374724834478549,-0.3142442732389691,0.102,0.103,1,SLC25A16,-0,Not sig
0.6400336986241075,-0.2408471176386866,0.186,0.175,1,SMG6,-0,Not sig
0.6411294445260141,-0.26566251476226255,0.196,0.192,1,DYNC1H1,-0,Not sig
0.6446609764253197,-0.286328927692073,0.127,0.119,1,ITM2B,-0,Not sig
0.6473721279221973,-0.22987344472875604,0.212,0.197,1,HMBOX1,-0,Not sig
0.6515084837550412,-0.14276718095452545,0.408,0.364,1,PHIP,-0,Not sig
0.6515416693344727,-0.2809434701431736,0.1,0.095,1,MTOR,-0,Not sig
0.6561072586105797,-0.23646533628006927,0.348,0.314,1,RPS6KA5,-0,Not sig
0.6584096086330076,-0.2614563183314116,0.391,0.359,1,SEMA4D,-0,Not sig
0.6584509562202384,-0.21215928431164377,0.267,0.246,1,CREBBP,-0,Not sig
0.6592636955965611,-0.2503551781342312,0.162,0.152,1,STAU2,-0,Not sig
0.6595502896776753,-0.27353321442646245,0.134,0.126,1,AHCTF1,-0,Not sig
0.6598860195376826,-0.10792856431875175,0.308,0.287,1,BRAF,-0,Not sig
0.6608184086345275,-0.32415094490286017,0.102,0.102,1,RAD23B,-0,Not sig
0.6618094072418023,-0.1618428980116414,0.102,0.097,1,MCU,-0,Not sig
0.6619915559498419,-0.3090628158468971,0.153,0.151,1,CCAR1,-0,Not sig
0.6627008034083378,-0.11376438076130979,0.439,0.4,1,ZHX2,-0,Not sig
0.6631876650511996,-0.1553815759229289,0.338,0.308,1,PACS2,-0,Not sig
0.6655347909616829,-0.24970890612495078,0.246,0.238,1,FNDC3A,-0,Not sig
0.6659549362485937,-0.15574445872768772,0.139,0.132,1,WWC2,-0,Not sig
0.6671694882561765,-0.254451032173471,0.126,0.126,1,ASCC1,-0,Not sig
0.6702081427227791,-0.18869069082269302,0.128,0.121,1,GLUD1,-0,Not sig
0.6704148183929302,-0.2929659830452349,0.277,0.262,1,SEC14L5,-0,Not sig
0.6708526267809434,-0.19247613456877333,0.288,0.278,1,SMYD3,-0,Not sig
0.6719018955614168,-0.33786774313111434,0.104,0.105,1,FAM193B,-0,Not sig
0.6751050721701441,-0.22412137455139347,0.119,0.113,1,DCAF6,-0,Not sig
0.6761330608123686,-0.20601197202989852,0.302,0.275,1,ARHGAP23,-0,Not sig
0.67656263279647,-0.2193161542065898,0.207,0.194,1,ARHGAP32,-0,Not sig
0.68283137685284,-0.2073164407891097,0.292,0.279,1,CYTH1,-0,Not sig
0.684694097119679,-0.20296646604888263,0.168,0.158,1,UBE2D2,-0,Not sig
0.6862813364814692,-0.32634007508669755,0.135,0.134,1,ZNF438,-0,Not sig
0.6881965430188814,-0.3660738372575798,0.146,0.144,1,PDXDC1,-0,Not sig
0.6897215989338585,-0.3825769365136207,0.123,0.122,1,SYMPK,-0,Not sig
0.6929779442085923,-0.3291659909066466,0.175,0.171,1,SMG1,-0,Not sig
0.6942810903698904,-0.19617670595765646,0.261,0.243,1,KMT2A,-0,Not sig
0.6966860345542789,-0.20432551958935452,0.107,0.102,1,CDK12,-0,Not sig
0.698402302073677,-0.15305098610480483,0.48,0.43,1,DICER1,-0,Not sig
0.702332271019258,-0.21024843075874192,0.154,0.152,1,NUMB,-0,Not sig
0.7033414193739913,-0.23882719616633108,0.333,0.303,1,CLIP4,-0,Not sig
0.7080850386098614,-0.1962378920653416,0.282,0.26,1,MARCH6,-0,Not sig
0.7086481651704584,-0.37648126362201007,0.187,0.179,1,PHC2,-0,Not sig
0.7101256765578345,-0.33830108647001045,0.276,0.263,1,CECR2,-0,Not sig
0.7114470528013188,-0.34089110964808605,0.172,0.167,1,IBTK,-0,Not sig
0.7122386351243766,-0.28848472340881315,0.152,0.143,1,AK3,-0,Not sig
0.7136751926562717,-0.33664916655176846,0.246,0.234,1,ITSN2,-0,Not sig
0.7141162272781746,-0.23780497760621233,0.23,0.213,1,ROCK1,-0,Not sig
0.7155991580128478,-0.49895392599751115,0.169,0.163,1,ACSS2,-0,Not sig
0.7177287508618154,-0.173903452623537,0.441,0.409,1,BIRC6,-0,Not sig
0.7194525776305498,-0.17732728203160364,0.42,0.379,1,ZMYM2,-0,Not sig
0.7241409714934458,-0.21271473881353475,0.21,0.196,1,HNRNPA3,-0,Not sig
0.7255991609089734,-0.2347270981542835,0.226,0.218,1,ZBTB38,-0,Not sig
0.736060274742008,-0.4716994343035861,0.163,0.152,1,XYLT1,-0,Not sig
0.7419433631169196,-0.2776999818216238,0.1,0.095,1,DAP3,-0,Not sig
0.7422845129448712,-0.14232929030117458,0.331,0.306,1,CHD9,-0,Not sig
0.7423570035438355,-0.4031569795019576,0.175,0.169,1,NAA25,-0,Not sig
0.7440951007664731,-0.24470535567291996,0.316,0.298,1,FBXO11,-0,Not sig
0.7444502534158424,-0.27026994281846106,0.154,0.145,1,FAM19A5,-0,Not sig
0.745834410457,-0.20580152368209492,0.106,0.101,1,NPTN,-0,Not sig
0.7487268896238982,-0.34717974912628347,0.109,0.103,1,TRPM6,-0,Not sig
0.7489562865872259,-0.26107778047450636,0.153,0.145,1,CENPP,-0,Not sig
0.7563871199427414,-0.135452287504779,0.574,0.524,1,SRPK2,-0,Not sig
0.7567988354504631,-0.23748323435952878,0.25,0.239,1,ASXL1,-0,Not sig
0.7579206888632228,-0.2465112292115933,0.101,0.096,1,RBAK-RBAKDN,-0,Not sig
0.7587361045111236,-0.3595940156036867,0.143,0.141,1,NUP98,-0,Not sig
0.7600244151720833,-0.3289947144368188,0.131,0.129,1,CUL4A,-0,Not sig
0.7627544717812293,-0.36325611886811754,0.111,0.109,1,DNAJC7,-0,Not sig
0.7667941927279504,-0.2672362585548098,0.157,0.149,1,YWHAE,-0,Not sig
0.7682145610938224,-0.36626083043009267,0.139,0.136,1,EVL,-0,Not sig
0.7703200466782136,-0.2618198228739171,0.118,0.118,1,USP37,-0,Not sig
0.7704116551303426,-0.22424684249348048,0.122,0.122,1,KLHL5,-0,Not sig
0.7714961385694407,-0.23969638113934288,0.306,0.28,1,HNRNPA2B1,-0,Not sig
0.7715610656404102,-0.12948547822379286,0.609,0.547,1,DOCK9,-0,Not sig
0.7744144285354515,-0.2540778897411058,0.199,0.193,1,NPEPPS,-0,Not sig
0.7789550898107931,-0.30216975890123265,0.103,0.098,1,GTF2IRD2B,-0,Not sig
0.7815586269527438,-0.23329371078799144,0.175,0.171,1,LMBR1,-0,Not sig
0.7848161116843542,-0.3952057189666997,0.106,0.101,1,PKD1,-0,Not sig
0.7927993404902488,-0.41172922087154373,0.196,0.186,1,CLK1,-0,Not sig
0.7937561817731362,-0.1456888056887662,0.464,0.423,1,RALGAPA1,-0,Not sig
0.7957299399745889,-0.27475605320138385,0.1,0.096,1,IKBKB,-0,Not sig
0.8005381923584066,-0.2832582705611897,0.125,0.119,1,YY1,-0,Not sig
0.8005765626668451,-0.2002527734837424,0.114,0.109,1,SLK,-0,Not sig
0.8009209524449061,-0.24503742668116146,0.344,0.319,1,CSNK1A1,-0,Not sig
0.81186613124872,-0.21889490153719393,0.242,0.227,1,TBCD,-0,Not sig
0.812721159694749,-0.26629401657355134,0.192,0.186,1,CBLB,-0,Not sig
0.8145473956609739,-0.2387309843305805,0.212,0.202,1,DENND5B,-0,Not sig
0.8159590354299031,-0.28640809210910684,0.165,0.156,1,UBA6,-0,Not sig
0.8165552352056041,-0.10480626988855901,0.759,0.702,1,APBB2,-0,Not sig
0.8171554096563021,-0.30593916329137566,0.125,0.123,1,UBA2,-0,Not sig
0.8260005178277889,-0.22888473514405064,0.14,0.133,1,AKAP8L,-0,Not sig
0.829152177208952,-0.27247560392797765,0.333,0.304,1,KIF5C,-0,Not sig
0.8311437009608815,-0.2672662949310024,0.259,0.244,1,NPC1,-0,Not sig
0.8328525289623239,-0.35330288263258763,0.126,0.121,1,RNF169,-0,Not sig
0.8341603651202838,-0.25334280721010716,0.144,0.137,1,KHDRBS1,-0,Not sig
0.8368998455909156,-0.23822372537472747,0.237,0.22,1,TMEM131,-0,Not sig
0.840851333200456,-0.24034884333235018,0.177,0.169,1,CDH11,-0,Not sig
0.8440548941595769,-0.1809217995457577,0.683,0.627,1,DLC1,-0,Not sig
0.8446631444432393,-0.25793280184851813,0.137,0.135,1,PPP4R1,-0,Not sig
0.8488914519478298,-0.3209894698218864,0.139,0.136,1,NCOA3,-0,Not sig
0.8522022800576141,-0.25041610465038333,0.21,0.199,1,ARFGEF1,-0,Not sig
0.8523152409990559,-0.2993534328141772,0.141,0.134,1,INO80,-0,Not sig
0.8549502522726203,-0.220871048039385,0.153,0.15,1,CD46,-0,Not sig
0.8568463981861338,-0.2272648213170969,0.255,0.237,1,PRRC2C,-0,Not sig
0.8570269746346915,-0.2747446052015592,0.123,0.12,1,RAB21,-0,Not sig
0.8587740118743394,-0.24960541106191703,0.269,0.255,1,NEK7,-0,Not sig
0.8633555989647647,-0.2576473918119738,0.184,0.178,1,ZNF91,-0,Not sig
0.8655588228257394,-0.27376882350034376,0.124,0.122,1,THRAP3,-0,Not sig
0.8667303719982897,-0.20195171002920986,0.355,0.332,1,MARK3,-0,Not sig
0.8669490369914516,-0.3825281448508336,0.115,0.113,1,KDM2B,-0,Not sig
0.868689828773137,-0.3637668023985128,0.166,0.156,1,NDFIP1,-0,Not sig
0.8695945696295329,-0.35179109394169295,0.192,0.179,1,MPP5,-0,Not sig
0.8700440083709781,-0.29705829471193307,0.126,0.123,1,UBAP1,-0,Not sig
0.872284562674474,-0.1738513757354786,0.227,0.215,1,RNF115,-0,Not sig
0.8748316193028687,-0.22418428737668022,0.14,0.137,1,PLEKHA5,-0,Not sig
0.8782743386952607,-0.2246915933518916,0.418,0.383,1,ZNF652,-0,Not sig
0.8788798997438685,-0.3575055897328407,0.106,0.104,1,RNF213,-0,Not sig
0.8805785511490279,-0.27300800569978895,0.11,0.106,1,ZFC3H1,-0,Not sig
0.8807086613652639,-0.17645645110213226,0.283,0.264,1,COP1,-0,Not sig
0.8818072303697557,-0.3814313567361367,0.105,0.103,1,GPR107,-0,Not sig
0.8823337899913278,-0.3032347981070864,0.116,0.112,1,PSMD11,-0,Not sig
0.882787619999144,-0.15361391131475477,0.35,0.326,1,DENND1A,-0,Not sig
0.88412043575320165,-0.25953876107022844,0.22,0.21,1,FBXL5,-0,Not sig
0.8851764595009788,-0.30110750456764757,0.148,0.142,1,ROR1,-0,Not sig
0.8858055272806902,-0.2267954047503109,0.256,0.242,1,STRN3,-0,Not sig
0.8884621524406708,-0.2577456337747319,0.228,0.213,1,TBL1X,-0,Not sig
0.8887685146533874,-0.2805998815473364,0.23,0.213,1,XRN1,-0,Not sig
0.8913470822000591,-0.22408861694418458,0.256,0.239,1,NAP1L4,-0,Not sig
0.8965640374024461,-0.3126401914998419,0.139,0.132,1,MINK1,-0,Not sig
0.897722220505532,-0.3340834801592738,0.14,0.136,1,NBDY,-0,Not sig
0.8985702169225298,-0.3263177976186421,0.126,0.12,1,PABPC1,-0,Not sig
0.8994864560265712,-0.43679050267813746,0.114,0.109,1,MATN2,-0,Not sig
0.9014188761199422,-0.276420457092527,0.141,0.138,1,POM121C,-0,Not sig
0.9092164040337088,-0.26327079056780134,0.243,0.227,1,SH3PXD2A,-0,Not sig
0.9103522794282983,-0.22119159417691092,0.375,0.345,1,RBM6,-0,Not sig
0.9106169415473909,-0.27272199421347787,0.104,0.103,1,XIAP,-0,Not sig
0.913753650145102,-0.3389999027834474,0.329,0.298,1,MBOAT2,-0,Not sig
0.9155941891504361,-0.3310079933455354,0.163,0.157,1,CUL1,-0,Not sig
0.923380954943364,-0.21681894469237162,0.316,0.296,1,NCOR1,-0,Not sig
0.9236054678711014,-0.3220529952266561,0.154,0.149,1,STAT5B,-0,Not sig
0.9241281516914577,-0.11617805845119486,0.101,0.099,1,LHFPL2,-0,Not sig
0.9285749563685789,-0.1349708207662479,0.468,0.429,1,TNKS,-0,Not sig
0.9286911784803059,-0.2232973965213123,0.186,0.177,1,WASF2,-0,Not sig
0.9303406944536163,-0.2793761230252295,0.137,0.134,1,PELI1,-0,Not sig
0.9318255098716647,-0.30512732014221383,0.142,0.137,1,KLC1,-0,Not sig
0.935242626124111,-0.28907415963049965,0.11,0.108,1,ABCA5,-0,Not sig
0.9355219676231569,-0.21289851615490318,0.132,0.128,1,MAP3K3,-0,Not sig
0.935754861258896,-0.20992272653969324,0.193,0.184,1,SPEN,-0,Not sig
0.9393283085588877,-0.3058129386519938,0.113,0.109,1,STARD7,-0,Not sig
0.9468543020393436,-0.23130111178899718,0.103,0.101,1,SLC30A7,-0,Not sig
0.9489326147593801,-0.28941486598423893,0.14,0.135,1,REV1,-0,Not sig
0.9518054637662089,-0.4051750937437646,0.12,0.114,1,SLC6A8,-0,Not sig
0.9526415274323605,-0.312698350835263,0.135,0.131,1,MAPKBP1,-0,Not sig
0.9558447408176017,-0.19225580114908736,0.291,0.275,1,RAP1A,-0,Not sig
0.9571432489192687,-0.22860960671315822,0.293,0.275,1,TRAPPC9,-0,Not sig
0.9598186517483193,-0.35094742223273134,0.171,0.163,1,MARCH7,-0,Not sig
0.9627972646428375,-0.4014477105285678,0.102,0.099,1,GFOD1,-0,Not sig
0.9629380756295679,-0.27939422973831474,0.206,0.195,1,ARGLU1,-0,Not sig
0.9630992677929207,-0.20866747892179033,0.164,0.158,1,CYLD,-0,Not sig
0.965086086218319,-0.21888862636368203,0.114,0.112,1,OPHN1,-0,Not sig
0.9661062355816443,-0.3587491723233589,0.131,0.127,1,MUM1,-0,Not sig
0.9664330281017033,-0.1337594942981739,0.429,0.393,1,SSBP2,-0,Not sig
0.9707882224103652,-0.29754889446568533,0.164,0.157,1,DENND4C,-0,Not sig
0.9726752550639359,-0.4064463554423006,0.102,0.099,1,NADSYN1,-0,Not sig
0.973914145541204,-0.41829067364272066,0.121,0.116,1,RSBN1L,-0,Not sig
0.9742371053362414,-0.279735721908564,0.114,0.111,1,PPCDC,-0,Not sig
0.9764635312492163,-0.3149245559341365,0.211,0.2,1,RPTOR,-0,Not sig
0.9787785999842029,-0.2529079462434666,0.241,0.228,1,TMEM135,-0,Not sig
0.9822657905439608,-0.27165438522832924,0.17,0.164,1,HUWE1,-0,Not sig
0.9833872107879578,-0.21118085328895586,0.271,0.254,1,PDS5A,-0,Not sig
0.9835623383500274,-0.23891329927774363,0.278,0.261,1,SLC38A2,-0,Not sig
0.983954157187081,-0.2978911594189937,0.198,0.189,1,NUTM2B-AS1,-0,Not sig
0.9847776976781107,-0.2299813874716563,0.377,0.35,1,PPM1B,-0,Not sig
0.9858229774118706,-0.2648555594858756,0.181,0.173,1,RASA2,-0,Not sig
0.9886158090806056,-0.2995348386692487,0.252,0.235,1,PPP4R2,-0,Not sig
0.9897216377593474,-0.2917067007042386,0.188,0.178,1,SETX,-0,Not sig
0.9924166570995694,-0.3682466534461608,0.169,0.16,1,JAKMIP3,-0,Not sig
0.9973302823168002,-0.26307557555955957,0.188,0.178,1,RNF216,-0,Not sig
