p_val,avg_log2FC,pct.1,pct.2,p_val_adj,gene,neg_log10_pval,Significance
3.8104570598377315e-145,1.4652717988910282,0.545,0.257,9.517378598356702e-141,PCDH9,140.02148265424566,Sig Up
1.2543294646656916e-143,-0.9356572699802976,0.907,0.947,3.132938703895498e-139,NEAT1,138.50404810202872,Sig Down
2.369937866021815e-141,3.187281877926794,0.192,0.022,5.919393807962688e-137,ARL17B,136.227722766138,Sig Up
1.1101533834735281e-135,2.8471388291267608,0.209,0.031,2.7728301059018314e-131,PLP1,130.55707673926804,Sig Up
9.28407230823833e-115,0.9289354761327151,0.746,0.51,2.318882740428688e-110,SLC6A1,109.63472121189342,Sig Up
1.894454559299323e-108,1.7946830528999864,0.328,0.116,4.731779152761919e-104,CADM2,103.32497553348094,Sig Up
6.9087403639501294e-96,-1.9347382284520305,0.198,0.439,1.725596080703824e-91,ADAMTS9,90.76306085430481,Sig Down
1.320233138827689e-82,1.1842082373414156,0.39,0.18,3.297546310849919e-78,IL1RAPL1,77.48180909649264,Sig Up
3.059410449931375e-79,-2.0190423897284155,0.076,0.273,7.641489480793595e-75,EGFL7,74.11682198039799,Sig Down
9.257829404856355e-74,1.6095754863160066,0.227,0.074,2.312328050450972e-69,SLC6A1-AS1,68.63595055243402,Sig Up
2.0581786467918347e-72,2.2147116568733933,0.161,0.039,5.140712806091965e-68,ST18,67.28897665799126,Sig Up
4.339827637366717e-72,0.5083415270009493,0.907,0.793,1.0839587489850849e-67,ATP1A2,66.96498724494619,Sig Up
1.6422598317398988e-71,-1.4536396764476665,0.149,0.354,4.101872381736745e-67,FLT1,66.38701785561311,Sig Down
1.7458031906764701e-69,1.227501079269511,0.347,0.162,4.360492629352619e-65,CTNNA3,64.36046444327187,Sig Up
8.570254353652547e-60,-1.4348219308927188,0.146,0.325,2.1405924299117965e-55,HIF1A-AS2,54.66946601476544,Sig Down
3.1283629599335804e-59,-1.229355649489026,0.234,0.413,7.813712165026104e-55,FAM13A,54.107142590992375,Sig Down
5.00167768291543e-58,2.240448223633366,0.136,0.035,1.2492690348617868e-53,AL356258.1,52.903344024577024,Sig Up
3.0145821096046654e-56,-1.3087932287723194,0.173,0.35,7.529521735159573e-52,KCNE4,51.123232608710005,Sig Down
3.257994682933777e-55,1.5948291875767988,0.191,0.068,8.137493319563695e-51,NCAM2,50.08950935495559,Sig Up
2.770001799885655e-53,2.338385839849686,0.105,0.022,6.9186334955744e-49,PEX5L,48.15997967489809,Sig Up
4.864351142840377e-52,-2.29244644349313,0.052,0.187,1.214968984947241e-47,PDE10A,46.915434808352245,Sig Down
1.4160163637329588e-51,1.1391472390427553,0.327,0.172,3.5367840716958114e-47,GRID2,46.45139145399174,Sig Up
6.505731362828856e-51,1.9330095932838565,0.126,0.033,1.6249365224937633e-46,SLC24A2,45.78916359989689,Sig Up
2.819006283183737e-50,0.7804018534748232,0.614,0.478,7.04103199350802e-46,SLC20A2,45.1523636823012,Sig Up
3.0212119961926434e-50,0.6497509916979927,0.623,0.461,7.546081202890365e-46,MIR99AHG,45.12227852569513,Sig Up
5.655062492985512e-49,1.7360679690939964,0.164,0.057,1.4124649588729914e-44,ANO3,43.850022317566484,Sig Up
1.0059035025523575e-47,0.5323554783758366,0.718,0.57,2.5124451783250233e-43,SLC38A11,42.59990340579461,Sig Up
1.49852296880109e-47,1.570240123676011,0.18,0.068,3.742860819174483e-43,PTPRD,42.42679632212104,Sig Up
3.20365842629064e-47,1.811288834758599,0.136,0.042,8.001777651346131e-43,MBP,42.09681352070697,Sig Up
3.9602964887330236e-46,-0.6211747396479002,1,1,9.891632539908474e-42,MALAT1,41.004732025433896,Sig Down
1.5331487416444354e-45,1.978517680424258,0.116,0.032,3.829345612005306e-41,NKAIN2,40.416875435268096,Sig Up
1.974654051094772e-44,1.7188552165474307,0.14,0.046,4.932093423419412e-40,FRMD5,39.306968705618225,Sig Up
2.464705027536449e-44,-3.6868826998635886,0.008,0.101,6.1560937472777895e-40,STC1,39.21069477519283,Sig Down
9.66247201200292e-44,1.431397137027213,0.188,0.078,2.4133956344379695e-39,PPP2R2B,38.617371477192385,Sig Up
3.6294056119148636e-42,2.0685558624889633,0.103,0.027,9.065166396879754e-38,ANK3,37.042624219744596,Sig Up
2.7131811757813536e-40,0.8138183306113209,0.453,0.306,6.776712622749086e-36,LSAMP,35.16898093091606,Sig Up
5.297182380324051e-40,0.5916280764150033,0.625,0.488,1.323077243133538e-35,SLC1A3,34.87841480034205,Sig Up
5.3089036126143804e-40,-1.1691353490961105,0.159,0.303,1.326004855322694e-35,ZCCHC24,34.877454885708026,Sig Down
6.6593932399571115e-40,1.7775400907139498,0.129,0.043,1.6633166495440878e-35,NRXN3,34.77902506523692,Sig Up
8.034391263339057e-40,1.908273272722092,0.102,0.028,2.0067499058441963e-35,NCKAP5,34.69750674872809,Sig Up
3.315522778905872e-39,0.7936306531609127,0.427,0.282,8.281181244873196e-35,UNC5C,34.08190771013056,Sig Up
2.580884096099069e-33,-0.5517067685788763,0.657,0.727,6.446274206826645e-29,RNF152,28.1906912247345,Sig Down
3.3114986134679e-33,0.6143711157548766,0.474,0.334,8.271130086858775e-29,PLCE1,28.0824351486147,Sig Up
9.216766256049306e-33,0.832372267240272,0.36,0.234,2.302071707773435e-28,TXNIP,27.6378811525545,Sig Up
3.293553146396871e-32,1.853309622431473,0.106,0.036,8.226307693755464e-28,ESRRG,27.084795050333657,Sig Up
2.3438863609243523e-30,-0.6139657016975613,0.529,0.628,5.854324963680754e-26,PCBP3,25.23252317428071,Sig Down
3.3132063345039056e-30,-1.4944226960666225,0.043,0.133,8.275395461690405e-26,ADAMTS1,25.082211243144243,Sig Down
1.133468709249096e-29,-1.529482336671189,0.058,0.152,2.831064795091467e-25,PGGHG,24.548050190744874,Sig Down
4.155060644057828e-29,-0.37317895396440504,0.354,0.503,1.0378094970663237e-24,ELL2,23.983882359364134,Sig Down
5.16276777169016e-29,1.6783107612052726,0.102,0.037,1.2895045063350512e-24,ANKS1B,23.889577135826915,Sig Up
6.015589573185921e-29,0.3508272944250521,0.879,0.859,1.5025138076946474e-24,LAMA2,23.823181528258306,Sig Up
7.18582502250345e-29,-1.1060104216234836,0.148,0.261,1.7948035158706866e-24,P4HA1,23.74598308839139,Sig Down
1.404739636916874e-28,-0.8939708708320815,0.286,0.405,3.508618191127276e-24,VPS13D,23.45486388926775,Sig Down
1.8745887543798768e-28,1.4701036358093498,0.149,0.069,4.6821603318146185e-24,DIRC3,23.329553718783316,Sig Up
2.3346105044606735e-28,-1.070678071120305,0.119,0.229,5.831156656991424e-24,NPAS2,23.23424529087993,Sig Down
5.653100216444322e-28,-1.1261120173925405,0.188,0.3,1.4119748410612984e-23,HSPB1,22.85017304158846,Sig Down
3.4338824364683205e-27,-0.5729347756685454,0.554,0.653,8.576808161566924e-23,FP671120.1,22.06667430372725,Sig Down
5.299153367698081e-27,-0.8435919536923429,0.193,0.313,1.3235695366499498e-22,KSR1,21.8782532371431,Sig Down
9.686420110265556e-27,-0.9283826372168634,0.139,0.251,2.419377150941028e-22,BCL6,21.616296425228406,Sig Down
2.2686349440184845e-26,1.262949133573862,0.122,0.052,5.666369499674969e-22,MAP7,21.24669510887706,Sig Up
2.520293030769889e-26,1.1271708861532208,0.154,0.073,6.294935902953952e-22,TRIM2,21.2010086876586,Sig Up
7.563786386789451e-26,0.8814245196864922,0.208,0.114,1.8892069258284012e-21,SLC44A1,20.723720470969813,Sig Up
8.212733225863439e-26,-0.5243431959997573,0.407,0.539,2.0512943778239112e-21,NTRK3,20.687972010284707,Sig Down
3.2252626378638275e-25,0.7924085848197255,0.293,0.188,8.055738490592482e-21,PDE4B,20.093894640510054,Sig Up
4.222890967152463e-25,-1.1004883865412218,0.189,0.291,1.0547514768656708e-20,HSP90AA1,19.97684985784543,Sig Down
7.702151792380343e-25,-1.129786115066869,0.078,0.17,1.9237664531828383e-20,SHC2,19.71584765280259,Sig Down
1.379875115694182e-24,-0.8018170949123999,0.334,0.439,3.4465140764693584e-20,TRPC4,19.46261994339336,Sig Down
1.4249154168312944e-24,-0.9655689446644394,0.106,0.206,3.559011236619524e-20,ST6GALNAC3,19.44867064082612,Sig Down
1.5381703764731352e-24,0.4751933827736474,0.54,0.434,3.84188814931695e-20,FRY,19.41545528310825,Sig Up
2.298808138827082e-24,0.7538249164628734,0.494,0.384,5.741733088348403e-20,PHLPP1,19.240957000093033,Sig Up
3.039337742339937e-24,-0.7700933788258242,0.308,0.416,7.59135387904246e-20,ABCC9,19.119680763002755,Sig Down
5.779824280033062e-24,-0.6833150957788701,0.252,0.366,1.443626710423858e-19,DNAH11,18.84054509108858,Sig Down
7.832555025323332e-24,-1.7571388624376136,0.059,0.137,1.9563372686750087e-19,HSPH1,18.708556271584285,Sig Down
1.2843223621349147e-23,0.5706529585355544,0.437,0.323,3.207851963904376e-19,CACNA2D3,18.493785681766578,Sig Up
1.535991051573109e-23,-1.0329579579152925,0.133,0.231,3.836444849514154e-19,PTGES3,18.416071040581674,Sig Down
2.3396333087958404e-23,0.5059934242960602,0.496,0.387,5.843702115379371e-19,DMD,18.23331193047632,Sig Up
2.3798624484738066e-22,-0.4146277904289697,0.494,0.613,5.944182437553027e-18,PDE1C,17.225907869771255,Sig Down
2.7573020810512716e-22,0.5996607673897563,0.406,0.294,6.886913407841761e-18,DLG2,17.1619753775538,Sig Up
4.913945926786956e-22,0.3800429377474077,0.698,0.623,1.2273562741335779e-17,ARHGAP10,16.911029352977106,Sig Up
5.290564205811636e-22,0.8638543470279503,0.166,0.088,1.3214242216855724e-17,ELMO1,16.878957736843596,Sig Up
5.8467289710534e-22,-0.8897017100984569,0.155,0.256,1.4603374951000076e-17,BNIP3L,16.835546763858495,Sig Down
7.624064468357967e-22,0.40765108218166946,0.599,0.48,1.9042625822617695e-17,WWOX,16.720273166159256,Sig Up
9.647732175927815e-22,1.7449311517340234,0.11,0.051,2.4097140655814904e-17,NR4A1,16.618034487345206,Sig Up
1.0402241468061371e-21,-0.5662674813907302,0.365,0.477,2.5981678514776887e-17,CTBP2,16.58533279528925,Sig Down
1.6863094666314075e-21,-1.0072449350533224,0.072,0.154,4.2118951548052664e-17,CLDN5,16.3755224480887,Sig Down
4.960879543466575e-21,0.7930366002282105,0.249,0.157,1.2390788835716464e-16,CNTN1,15.906901044221717,Sig Up
5.3757869516598275e-21,-0.5679122060220427,0.322,0.432,1.3427103069160752e-16,ADGRD1,15.872017677337952,Sig Down
6.4509220810994376e-21,-0.8616009723392726,0.157,0.254,1.6112468081962065e-16,COL18A1,15.792837929954537,Sig Down
1.2126584364421169e-20,0.695919354674279,0.253,0.161,3.0288569767014755e-16,SLCO3A1,15.518721233664778,Sig Up
3.551533418787316e-20,-0.9990468573780601,0.111,0.197,8.870665020105079e-16,ITGB5,15.052043820558834,Sig Down
4.291656908605104e-20,0.7009773804668001,0.228,0.141,1.0719271460622968e-15,NCALD,14.969834730630486,Sig Up
4.9942424529510423e-20,0.5807959284881372,0.393,0.291,1.2474119374735818e-15,CDH6,14.903990104156863,Sig Up
9.016311830046783e-20,-0.6552145484674123,0.247,0.35,2.252004205790785e-15,COL4A1,14.64743080274164,Sig Down
9.381984491421382e-20,0.633308703257161,0.226,0.139,2.3433382664223184e-15,NPAS3,14.630165015441914,Sig Up
1.0141023478874365e-19,1.2585874923535485,0.1,0.044,2.53292343431845e-15,SPOCK1,14.596377937945563,Sig Up
1.4664735328496468e-19,-0.8495468664831426,0.074,0.152,3.662810942998563e-15,MECOM,14.43618549698695,Sig Down
4.383706855516303e-19,0.4095152535543112,0.598,0.506,1.0949184613023071e-14,IMMP2L,13.960618221577285,Sig Up
7.412067686749298e-19,-0.4689315509604115,0.39,0.493,1.851312146119372e-14,RIPOR3,13.732520349530178,Sig Down
9.967206096449504e-19,0.4187024536341317,0.547,0.453,2.4895090667101926e-14,MAPK10,13.603886287699414,Sig Up
1.450724827906147e-18,1.4782339385072314,0.204,0.131,3.6234754026611834e-14,AKAP12,13.440874682469003,Sig Up
1.9408360534375736e-18,-0.8275599813481118,0.136,0.222,4.847626210671027e-14,RNF24,13.314470875001307,Sig Down
2.2128306619628937e-18,-0.4877640004505768,0.352,0.456,5.52698714438472e-14,BSG,13.257511545573692,Sig Down
2.5903932885988904e-18,0.6669502929084459,0.262,0.174,6.470025316933449e-14,DCN,13.189094019952167,Sig Up
2.720447321135859e-18,0.4793627238628355,0.435,0.337,6.794861274001035e-14,KANSL1,13.167819405532056,Sig Up
2.92814480660281e-18,0.2809944202031591,0.718,0.643,7.313627283451838e-14,GRM3,13.135867175918222,Sig Up
4.110360879553468e-18,-0.5212483878741341,0.288,0.39,1.0266448368860698e-13,MIR4435-2HG,12.988579772622511,Sig Down
4.2474302282809896e-18,0.3317492062589391,0.704,0.621,1.0608806481177427e-13,PTEN,12.974333472629747,Sig Up
5.05135428407565e-18,0.264336420411579,0.723,0.649,1.2616767595335752e-13,APBB2,12.899051896702165,Sig Up
5.761427885137059e-18,-0.5192834913713464,0.459,0.55,1.4390318428706833e-13,PBX1,12.8419295958966,Sig Down
7.713159458036249e-18,-1.127219184283862,0.045,0.109,1.9265158378337138e-13,ATP10A,12.715227416313313,Sig Down
9.369729877595712e-18,0.4587545911919344,0.512,0.415,2.3402774315270807e-13,FKBP5,12.63073265547901,Sig Up
9.406972281033632e-18,0.7277425343462367,0.252,0.171,2.3495794666337704e-13,GPM6A,12.629009861840471,Sig Up
1.1864217125918201e-17,0.4112782362367975,0.489,0.385,2.963325511540589e-13,PARD3B,12.528220640082152,Sig Up
1.5699982081381274e-17,0.8787493433581961,0.146,0.081,3.921384524466601e-13,ERBB4,12.406560569414658,Sig Up
3.4545962320972475e-17,1.2343893803629369,0.169,0.103,8.628545008909295e-13,ZNF331,12.064062431153346,Sig Up
5.112322897758249e-17,2.2096016533267013,0.404,0.383,1.276904890173078e-12,ATP1B3,11.893841449808855,Sig Up
5.119937663338283e-17,0.5779653171580577,0.231,0.15,1.278806830172003e-12,RNF220,11.893195052805346,Sig Up
5.345735445861775e-17,0.56664657132889,0.399,0.31,1.3352043423128956e-12,NR2F1-AS1,11.874452263926576,Sig Up
5.855594980513018e-17,-0.5690827106969389,0.358,0.452,1.4625519582827366e-12,MGAT5,11.834888696326361,Sig Down
5.861314060846966e-17,-0.9134272541728679,0.11,0.188,1.4639804129777467e-12,GPX3,11.83446473379169,Sig Down
5.917638644210827e-17,0.7551229605526742,0.2,0.125,1.4780486041645383e-12,ANK2,11.830311284362447,Sig Up
8.057819349530432e-17,0.4700362829262521,0.4,0.302,2.012601538932216e-12,SH3D19,11.696242199563553,Sig Up
1.5087320354390537e-16,0.64184236150799,0.252,0.17,3.7683600049161245e-12,PLXDC2,11.423847614191251,Sig Up
1.586115173337921e-16,1.1277866311487033,0.131,0.072,3.961639868446125e-12,AC007319.1,11.402125006398501,Sig Up
1.850055612556531e-16,-0.5433946196994976,0.281,0.376,4.620883903482448e-12,LEF1,11.335274942693223,Sig Down
3.1031729642231796e-16,-1.2786103575454248,0.045,0.104,7.750795112740235e-12,OSMR,11.110653743253295,Sig Down
3.4827732637160365e-16,0.8910247954170853,0.131,0.071,8.698922780783544e-12,DOCK10,11.060534524315505,Sig Up
9.204618866815346e-16,-1.0771699755378357,0.081,0.147,2.299037654364469e-11,ABHD3,10.638453915660348,Sig Down
1.0969285717918596e-15,1.0032535453204994,0.123,0.067,2.7397984937645278e-11,PPM1H,10.56228137742204,Sig Up
1.1885378002995898e-15,-0.48489800417039186,0.336,0.427,2.968610863808286e-11,TFPI,10.527446727556137,Sig Down
1.391508739955924e-15,0.34609771106850307,0.561,0.476,3.4755713797879114e-11,NEBL,10.458973787709752,Sig Up
1.4948928911215456e-15,0.3741999583011628,0.596,0.518,3.7337939741542846e-11,PLCB4,10.427849649524717,Sig Up
1.7142641376896489e-15,0.5388008079960156,0.303,0.218,4.281717536707436e-11,MAN2A1,10.36838198633993,Sig Up
1.8387270954039713e-15,0.6849834904613471,0.24,0.165,4.592588666190499e-11,RFTN1,10.337942450293674,Sig Up
2.140070552148687e-15,-0.5497038707020572,0.243,0.336,5.3452542181017757e-11,NXN,10.2720316350963,Sig Down
3.721882612796709e-15,0.3927922675602984,0.51,0.421,9.296146201982341e-11,NOTCH3,10.031697054681059,Sig Up
4.823734471015134e-15,0.4271141559397229,0.547,0.466,1.2048241588254499e-10,MYO1B,9.919076332694345,Sig Up
4.859273991168988e-15,0.4355235101191135,0.452,0.365,1.2137008647742782e-10,IGFBP7,9.915888338619952,Sig Up
6.0018293679973875e-15,0.7237670695187894,0.369,0.294,1.4990769212447074e-10,ZSWIM6,9.824176081884863,Sig Up
6.862584477321153e-15,0.9194587542835185,0.157,0.096,1.7140677249005044e-10,DPP10,9.765972022570635,Sig Up
2.3444991800604198e-14,0.611821398199696,0.242,0.166,5.855855602036911e-10,ZNF385B,9.232409640968065,Sig Up
2.6992302745034847e-14,-0.38498256596776237,0.623,0.677,6.741867456627354e-10,PDE8A,9.171219789848447,Sig Down
3.037579743774141e-14,-0.5191436025367853,0.259,0.347,7.586962926024672e-10,ELF2,9.119932038126818,Sig Down
3.602904093042216e-14,-0.9879808780699436,0.047,0.102,8.998973553191543e-10,PDK1,9.045807024517048,Sig Down
3.61078561604993e-14,0.8005289992889335,0.139,0.081,9.01865923320791e-10,PER3,9.044858022424835,Sig Up
7.209131405716931e-14,0.5505351687624742,0.302,0.223,1.8006247512059179e-9,CLASP2,8.744576784382401,Sig Up
8.694893065663656e-14,0.5704396594625121,0.28,0.203,2.1717234410108114e-9,NTM,8.663195480966342,Sig Up
1.0841502941871755e-13,-0.5799884916405706,0.493,0.551,2.707882189791308e-9,PDE3A,8.567370234165814,Sig Down
1.1744023927555822e-13,-0.7545078069608573,0.088,0.154,2.9333048563856177e-9,SLC2A3,8.532642798742659,Sig Down
1.6540568115352138e-13,-0.32214486287317,0.402,0.494,4.131337698171503e-9,COL5A3,8.383909304065241,Sig Down
2.5796917864175063e-13,0.6901176562506622,0.156,0.096,6.443296174935006e-9,TRPC6,8.19089190525405,Sig Up
2.758125340351687e-13,0.49867102502769645,0.32,0.242,6.888969662596408e-9,SESN3,8.161845727774487,Sig Up
3.0174116000752064e-13,-1.2036486867345777,0.068,0.123,7.536588953507843e-9,DNAJB1,8.122825170556972,Sig Down
3.8653454514159094e-13,-0.512478719205745,0.304,0.381,9.654473334001517e-9,LDLRAD3,8.015271412653677,Sig Down
4.774643256678572e-13,-0.9399203811507453,0.053,0.106,1.1925626462206069e-8,ELOVL7,7.923518797869979,Sig Down
5.511045169378089e-13,0.32939793501209014,0.592,0.515,1.3764937519555653e-8,DGKB,7.861225755572779,Sig Up
6.740884834813114e-13,0.61605405154459,0.234,0.164,1.6836708051912714e-8,GHR,7.773742818694232,Sig Up
7.724287948068017e-13,-0.7002776473452679,0.106,0.172,1.9292954007889485e-8,PFKFB3,7.71460127100279,Sig Down
9.403731993924877e-13,0.9404855215546899,0.11,0.062,2.3487701401226165e-8,SLC1A2,7.6291594829077605,Sig Up
1.0497614346514155e-12,-0.5001439315367402,0.248,0.328,2.6219891353288407e-8,CAMTA1,7.581369112217448,Sig Down
1.2463811096686557e-12,0.2457902278108275,0.876,0.847,3.1130860976194015e-8,GPC5,7.5068088680087985,Not sig
1.2718656590640176e-12,-0.9058622352078882,0.081,0.139,3.176738856644197e-8,PLOD2,7.498018484820268,Sig Down
1.3192114669845405e-12,-0.4152940130935736,0.338,0.424,3.294994481087287e-8,BACH1,7.482145308485857,Sig Down
1.3916192837415838e-12,-0.710674219882363,0.079,0.139,3.4758474850013535e-8,PARVB,7.458939287998825,Sig Down
1.4423923857082174e-12,0.19193847634773498,0.885,0.862,3.602663461783415e-8,EBF1,7.443376305048322,Not sig
1.890375343977666e-12,0.6975813277710583,0.155,0.097,4.7215904966530165e-8,ROR1,7.325911681966301,Sig Up
3.1125674098760705e-12,-0.9532978026886534,0.056,0.108,7.774259619647461e-8,STIP1,7.109340960296261,Sig Down
3.552340203439165e-12,0.49571975572257365,0.357,0.283,8.872680126130002e-8,MAP2,7.051945175188006,Sig Up
3.854758965781004e-12,0.2863206186600409,0.539,0.454,9.628031468831214e-8,MAST4,7.01646249892075,Sig Up
4.163965986508177e-12,-0.1433083476195005,0.807,0.851,1.0400337844501474e-7,SGIP1,6.98295255285318,Not sig
4.959726911774811e-12,-0.7080190229719483,0.139,0.205,1.2387909907539944e-7,ITGA11,6.90700196175895,Sig Down
5.745824955135881e-12,0.41352867945105043,0.4,0.322,1.435134699044289e-7,TRPC3,6.8431073349535,Sig Up
6.577885946611338e-12,-0.5167584513154515,0.3,0.375,1.642958572885114e-7,COL4A2,6.784373387139633,Sig Down
7.522275764259812e-12,-0.35786205054108633,0.372,0.458,1.8788388176391734e-7,ZNF638,6.726110475680431,Sig Down
8.18296774676891e-12,0.7262667926355914,0.183,0.124,2.0438598541104705e-7,LRMDA,6.689548886753154,Sig Up
8.710569375027177e-12,0.2809058155262285,0.626,0.571,2.175638912800538e-7,ADGRL3,6.662413182131449,Sig Up
9.526110717311288e-12,0.9715347794223668,0.107,0.061,2.3793366738628403e-7,MCAM,6.623544101360943,Sig Up
1.0998949548865792e-11,0.6236017705798733,0.134,0.081,2.747207628820209e-7,LRRC37A3,6.561108516173433,Sig Up
1.506921167257052e-11,0.45595047551496304,0.412,0.342,3.763836999457939e-7,SSH2,6.424369192834791,Sig Up
1.779483095349719e-11,-0.6486337599845438,0.213,0.282,4.444614927254993e-7,CYSLTR2,6.352165859488489,Sig Down
2.311587203784899e-11,-0.7322044575443594,0.126,0.186,5.773651358893542e-7,C7orf50,6.238549444473333,Sig Down
2.4703273215072784e-11,-0.25159686760241406,0.833,0.858,6.170136550928729e-7,PDE7B,6.209705224514794,Sig Down
3.0598050337857793e-11,0.44350761019780527,0.297,0.225,7.642475032886741e-7,RAPH1,6.116765971391174,Sig Up
3.6711049627523433e-11,0.5114711376619414,0.204,0.14,9.169318865466528e-7,KLF7,6.037662924303387,Sig Up
4.9569933041271004e-11,-0.32080822570642065,0.163,0.238,1.238108217571826e-6,XIST,5.907241393894033,Sig Down
5.299747502088655e-11,0.6198874348295658,0.155,0.1,1.3237179335966833e-6,CYP7B1,5.87820454732313,Sig Up
6.139059337722603e-11,-0.8840617093847097,0.062,0.112,1.5333528507829747e-6,DLGAP2,5.814357895038045,Sig Down
6.35646256857216e-11,0.5889981887147961,0.154,0.1,1.5876536557522684e-6,SLC35F1,5.799244232262122,Sig Up
6.636734402287853e-11,-0.9010714898873271,0.068,0.119,1.6576571516594369e-6,GABRE,5.780505288345066,Sig Down
6.98330470554277e-11,0.8335126253419449,0.105,0.061,1.7442200163034177e-6,NRXN1,5.75839873394486,Sig Up
7.108028457711196e-11,0.7733475519105315,0.13,0.082,1.7753722678825254e-6,COL24A1,5.750710568278893,Sig Up
7.599949702034719e-11,-0.6782760214648214,0.117,0.175,1.8982394370772118e-6,DCBLD1,5.721649008113732,Sig Down
8.110677473246002e-11,0.2626958680664866,0.57,0.499,2.025803912492654e-6,DAAM2,5.693402594436642,Sig Up
9.10437809278446e-11,0.45964862712163734,0.272,0.204,2.2740005162347746e-6,PSD3,5.643209441056425,Sig Up
9.11272251685041e-11,0.3624176147775482,0.385,0.311,2.276084703033727e-6,FRYL,5.642811579985378,Sig Up
9.339790437705953e-11,-0.6158008704603866,0.1,0.159,2.332799457625816e-6,TACC2,5.63212259433526,Sig Down
1.0821468976849827e-10,0.41648963783031334,0.358,0.287,2.7028783063477814e-6,PRKN,5.568173507416848,Sig Up
1.095207277587079e-10,-0.4538835548135567,0.304,0.373,2.7354992172292473e-6,LARGE1,5.562963405161075,Sig Down
1.5961671061428422e-10,-0.24529455703636804,0.654,0.739,3.986746581012977e-6,AC016831.7,5.399381369545921,Not sig
1.7402305619745764e-10,-0.6143076742520239,0.141,0.204,4.3465738746439e-6,GBE1,5.361852934679653,Sig Down
1.7679865397175492e-10,-0.7431405724505237,0.139,0.2,4.415899980252522e-6,GRID1,5.354980771899406,Sig Down
1.904026148306608e-10,-0.6062714013966946,0.17,0.234,4.755686110625415e-6,WDR41,5.322786817830046,Sig Down
2.1230482040016048e-10,-0.8209123507625907,0.1,0.153,5.3027374991348085e-6,MRPS6,5.275499871184083,Sig Down
2.1590534982139772e-10,0.4394104905574783,0.307,0.235,5.392667922489051e-6,EDIL3,5.26819632250267,Sig Up
2.7506010058075525e-10,0.5186733974606161,0.281,0.216,6.870176132205524e-6,ABCA9,5.163032128695268,Sig Up
2.8969105959465387e-10,-0.6177291781012502,0.1,0.157,7.235613595495669e-6,CEBPD,5.140524633883094,Sig Down
3.2491055361997303e-10,-0.4870382567778515,0.306,0.374,8.115290897766066e-6,MGLL,5.090695907996679,Sig Down
3.368202857978066e-10,-0.5769938293251727,0.13,0.191,8.412760278371816e-6,SH3PXD2A,5.07506148613058,Sig Down
3.389527270046369e-10,0.545228791703851,0.327,0.265,8.466022262394815e-6,JUND,5.072320593832418,Sig Up
3.502035430707107e-10,0.35275523068759895,0.422,0.343,8.74703389527714e-6,MT-ND3,5.058139190554391,Sig Up
3.901943204931652e-10,-0.4870647628910898,0.271,0.338,9.745883542957788e-6,XKR6,5.011178782463547,Sig Down
4.291854586438634e-10,-0.664749724777333,0.076,0.128,1.0719765200547777e-5,SSTR2,4.969814727070787,Sig Down
4.519101722132332e-10,0.2591491325295139,0.676,0.636,1.1287360371369926e-5,PDZD2,4.947407609021173,Sig Up
4.583485611798911e-10,-0.7007512665918981,0.124,0.181,1.144817201259014e-5,AL136164.2,4.9412638537802955,Sig Down
5.068170836271267e-10,0.24353027363423196,0.594,0.53,1.2658770297754745e-5,INPP4B,4.897608480640798,Not sig
5.604034989599581e-10,0.31844994759193357,0.423,0.353,1.3997198193522874e-5,ADK,4.853958887955193,Sig Up
6.174259964429592e-10,0.3168250775185104,0.611,0.553,1.5421449113155794e-5,PLCL1,4.811874814853319,Sig Up
6.304131894200982e-10,-0.4269053648559349,0.344,0.412,1.5745830232145794e-5,SPIDR,4.8028344353301575,Sig Down
7.447137542162392e-10,0.2756644092353322,0.697,0.648,1.8600715439059007e-5,TCF4,4.730470351198216,Sig Up
7.506754122638481e-10,-0.3870159686964607,0.238,0.311,1.8749619772114136e-5,CCNY,4.727007535005439,Sig Down
7.582353452798296e-10,0.8282412948959457,0.114,0.071,1.8938444219054306e-5,NOSTRIN,4.7226557008782475,Sig Up
7.812301038061825e-10,0.3608091272323666,0.34,0.267,1.951278430276702e-5,MUC20-OT1,4.709680756179448,Sig Up
8.459866041043302e-10,-0.6274097409111756,0.15,0.209,2.1130207410713857e-5,FXR1,4.675096239962054,Sig Down
9.532325812573848e-10,0.33795190052945445,0.461,0.39,2.38088901820657e-5,BCAS3,4.623260848149854,Sig Up
1.048751801756768e-9,0.5111221257866991,0.19,0.135,2.6194673752478793e-5,POU6F2,4.58178700620174,Sig Up
1.139019855895114e-9,-0.5495981081522601,0.167,0.228,2.8449298940692264e-5,TSPAN9,4.545928431200024,Sig Down
1.4810677926270622e-9,0.3719185128228353,0.22,0.16,3.6992630256446134e-5,THSD7B,4.4318847883047905,Sig Up
1.4870047948650772e-9,0.2062557373684215,0.675,0.623,3.714091876134503e-5,CASC15,4.430147357245483,Not sig
1.681420501305076e-9,-1.787168928154555,0.075,0.121,4.199683986109688e-5,AL138828.1,4.376783387757387,Sig Down
2.0348587718042383e-9,0.6376068059289265,0.123,0.079,5.082466754335446e-5,COL4A5,4.293925453507609,Sig Up
2.1034154759638957e-9,-0.5648503065370591,0.187,0.247,5.253700834315022e-5,AHI1,4.279534661223593,Sig Down
2.164057007848049e-9,-0.705629132509062,0.082,0.13,5.405165188502072e-5,AC104389.4,4.2671910289338575,Sig Down
2.621676913958921e-9,0.6879959024817651,0.107,0.066,6.548162427995197e-5,STAC,4.1838805563970665,Sig Up
2.7443667236322443e-9,0.4018179146968157,0.329,0.262,6.854604765616256e-5,ACTB,4.164017581437621,Sig Up
2.781584457985963e-9,0.44900074431475445,0.113,0.07,6.947563500711541e-5,FHL5,4.158167475082064,Sig Up
2.81182208692382e-9,0.27151579961952654,0.443,0.368,7.023088026509624e-5,ADARB2,4.153471888156715,Sig Up
3.84158492760668e-9,-0.7773736670249952,0.06,0.103,9.595126673683206e-5,OSMR-AS1,4.017949287388283,Sig Down
3.95518874096287e-9,0.3741470406691014,0.34,0.273,9.878874918302961e-5,PTN,4.005292513367368,Sig Up
4.345672261086904e-9,-0.2911987104705993,0.599,0.649,1.085418560651676e-4,FRMD3,3.9644027562596906,Sig Down
4.376072819018254e-9,0.23946708261487037,0.395,0.317,1.0930117080061894e-4,MT-CO2,3.9613751859960895,Not sig
4.776942577317547e-9,-0.2683893794870409,0.473,0.549,1.1931369475366038e-4,SBF2,3.9233097054109303,Sig Down
4.878259085649774e-9,-0.4767828700315772,0.099,0.152,1.2184427718227441e-4,AL645608.8,3.9141948640707667,Sig Down
5.562552128124693e-9,-0.5125641694807026,0.174,0.232,1.3893586450417045e-4,TBX15,3.8571856322627878,Sig Down
5.5782701864292505e-9,0.4838624589482541,0.179,0.126,1.393284544464434e-4,RERG,3.8559601804380637,Sig Up
5.891416429479918e-9,0.16156788823664847,0.845,0.82,1.471499081591199e-4,ZFHX3,3.8322400046211142,Not sig
6.120337105246152e-9,0.3956486715450631,0.309,0.244,1.5286765987773313e-4,MSC-AS1,3.8156843826204376,Sig Up
6.2125056595569184e-9,0.5892300680905412,0.115,0.073,1.5516975385875315e-4,DLGAP1,3.809192928776199,Sig Up
6.227447602580614e-9,0.6832036820242696,0.105,0.065,1.55542958769656e-4,NEO1,3.8081496440647493,Sig Up
6.366919731523231e-9,-0.5614919929716141,0.094,0.144,1.5902655413425575e-4,GLIS3,3.7985303514588136,Sig Down
6.4813093091032356e-9,0.27555739124212053,0.554,0.504,1.618836626134715e-4,QKI,3.790796978268452,Sig Up
7.151366521341558e-9,0.511748749877249,0.247,0.189,1.7861968160354808e-4,BGN,3.748070689115558,Sig Up
7.910768760684403e-9,0.528011620811297,0.188,0.137,1.9758727133561434e-4,RHOB,3.704241036300813,Sig Up
8.716614379189573e-9,-0.9075647948626269,0.074,0.118,2.1771487734901796e-4,TMEM108,3.6621118928246825,Sig Down
9.0323960677126492e-09,0.35101684885335827,0.346,0.281,2.2560215658325885e-4,CELF2,3.6466567531473277,Sig Up
1.0438696982665468e-8,0.34154098817802647,0.349,0.283,2.607273345360354e-4,SPECC1,3.5838134352073667,Sig Up
1.142313188722032e-8,-0.33188097519199533,0.202,0.269,2.8531556514710193e-4,SNX25,3.5446745351319042,Sig Down
1.1752512459679243e-8,0.5325659893352065,0.171,0.121,2.9354250370540843e-4,DOCK5,3.5323290058703583,Sig Up
1.3849998237565788e-8,0.5019428717008111,0.21,0.157,3.459314059796807e-4,TTLL7,3.4610100080217325,Sig Up
1.4678049149522684e-8,-0.6844772195590112,0.06,0.102,3.6661363360762807e-4,PXN,3.435791388554203,Sig Down
1.4689654505695855e-8,-0.3778961990619347,0.272,0.337,3.669035005887654e-4,FNDC3B,3.4354481446650613,Sig Down
1.549298542638939e-8,0.17508933417682737,0.649,0.592,3.8696829699492785e-4,FP236383.1,3.4123246138031766,Not sig
1.6552819283617704e-8,0.5724985454878428,0.158,0.111,4.134397672469194e-4,DIO3OS,3.3835877525145635,Sig Up
1.7536354312347796e-8,0.7167276740758748,0.145,0.1,4.380055216595109e-4,LRP1B,3.358520414584619,Sig Up
1.8695978285737893e-8,0.2580055628490836,0.516,0.448,4.6696944964287536e-4,KCNT2,3.3307115311801803,Sig Up
1.9843405851868345e-8,0.3845925649230326,0.355,0.294,4.956287479621157e-4,AGRN,3.3048435111756764,Sig Up
2.023698444850328e-8,-0.523136349120776,0.127,0.18,5.054591605702664e-4,HIF1A,3.2963139282143783,Sig Down
2.0301061846499003e-8,-0.441890482452614,0.199,0.259,5.070596217400056e-4,TNS3,3.29494097188893,Sig Down
2.0788620004974518e-8,-0.44892989948705064,0.152,0.207,5.192373618642485e-4,CASK,3.2846340653069017,Sig Down
2.3828089214054307e-8,-0.355876686325479,0.307,0.371,5.951541842994344e-4,PHF21A,3.22537050869838,Sig Down
2.7105962731448217e-8,-0.5448385481294441,0.16,0.214,6.770256311433821e-4,SCARB1,3.1693948892861656,Sig Down
2.987003295429979e-8,-0.39757338982763346,0.244,0.307,7.460638130995459e-4,INSR,3.1272240244150593,Sig Down
3.3932379072584484e-8,-0.3860592087427843,0.311,0.369,8.475290320959426e-4,PDS5B,3.0718454161182587,Sig Down
4.019782429479263e-8,-0.4578853226094346,0.202,0.26,0.0010040210574110355,MYOF,2.9982571786038337,Sig Down
4.043989534711145e-8,-0.8031100685193824,0.08,0.122,0.0010100672660848025,UPB1,2.9956497031315275,Sig Down
4.7526535003493746e-8,-0.5317602407790679,0.131,0.182,0.0011870702647822633,DENND3,2.925523573628345,Sig Down
5.773731566440056e-8,0.5165148164592136,0.106,0.068,0.0014421049333497328,HLF,2.841003137455205,Sig Up
6.549903617109721e-8,-0.3820272062142076,0.149,0.207,0.001635969426445495,YBX3,2.786224816832229,Sig Down
6.725197245750005e-8,-0.35102578264070217,0.301,0.361,0.0016797525160709788,HERC4,2.774754699715874,Sig Down
7.258098822575533e-8,-0.23561998614880997,0.683,0.723,0.0018128553429146907,LPP,2.741636849120359,Not sig
7.79892903526058e-8,-0.25994036439033064,0.371,0.435,0.0019479385051370353,CECR2,2.7104247575709577,Sig Down
8.094032309095574e-8,0.47512825590885033,0.376,0.318,0.0020216464498428012,CAMK1D,2.694294792517374,Sig Up
8.430213296787102e-8,0.4315839021732084,0.657,0.611,0.0021056143751385144,TACC1,2.6766211631050716,Sig Up
8.6152462267267e-8,0.3944322674789028,0.222,0.168,0.002151830050049528,NR2F1,2.667192031909123,Sig Up
8.845546868588698e-8,0.6056677486429695,0.103,0.066,0.002209352241367399,ANKRD36,2.6557350381861293,Sig Up
9.050295355933651e-8,0.40523326756098915,0.151,0.106,0.002260492271051548,TMTC2,2.645796973542495,Sig Up
9.220041865750743e-8,0.48533566658678684,0.216,0.166,0.002302889856808563,VWA8,2.637726833084038,Sig Up
9.407685849073549e-8,-0.7877448701902845,0.079,0.121,0.0023497576945231,MAP3K5,2.6289769195823447,Sig Down
1.0038435859571725e-7,-0.9432973494663468,0.066,0.103,0.0025073001246452295,CHORDC1,2.6007936777386416,Sig Down
1.1012821870194487e-7,0.4971627992065395,0.15,0.106,0.0027506725185184773,ITGA7,2.56056111148826,Sig Up
1.288939356538047e-7,-0.5397394188660178,0.166,0.218,0.0032193838308250803,EDNRA,2.492227241496497,Sig Down
1.2959019216689198e-7,-0.5184012675187215,0.192,0.243,0.003236774229752461,MIB1,2.489887592284855,Sig Down
1.2960117731896837e-7,-0.47079955639744403,0.065,0.105,0.0032370486058958727,BHLHE40,2.489850779400676,Sig Down
1.3501188149012218e-7,-0.3983767943687764,0.193,0.248,0.003372191763978782,RBM17,2.472087736636323,Sig Down
1.425881891106599e-7,0.6600879082557507,0.103,0.067,0.0035614251994169526,DSCAML1,2.4483761727069187,Sig Up
1.524069842046604e-7,1.0364526577336686,0.233,0.196,0.003806669244479803,ENPEP,2.4194548567127296,Sig Up
1.615997418535378e-7,-0.4363243638031559,0.089,0.134,0.004036276752275814,FOSL2,2.3940190634793317,Sig Down
1.7001312584069527e-7,0.4286897905898259,0.287,0.234,0.0042464178441230455,LINC02147,2.37197727383735,Sig Up
1.7041454710713046e-7,-0.35349933298233727,0.269,0.331,0.004256444143094797,AC022414.1,2.370953061438737,Sig Down
1.734016657633339e-7,0.31663668274799917,0.338,0.278,0.004331053405770791,PREX2,2.3634064609968823,Sig Up
1.811439954005663e-7,-0.3697062836240097,0.239,0.297,0.004524433573119944,ABCA1,2.3444357836336387,Sig Down
1.9294694561949877e-7,0.3899506020242638,0.286,0.232,0.004819235860738221,CPQ,2.3170218181456783,Sig Up
1.942766164199394e-7,0.35271874697652716,0.265,0.208,0.004852447048320827,PITPNM2,2.3140391950941686,Sig Up
2.0572165781605385e-7,-0.351977862229957,0.202,0.259,0.005138309847271577,PPP3CA,2.2891797107152603,Sig Down
2.1132232839275196e-7,0.33128713066065707,0.285,0.229,0.005278197796265766,LRBA,2.2775143389706125,Sig Up
2.2273051505747785e-7,-0.2818818791453048,0.466,0.53,0.005563140074590625,ARHGAP6,2.2546800047983613,Sig Down
2.6925094854047495e-7,0.4493220890143983,0.231,0.182,0.006725080941695443,PIP4K2A,2.172302484214753,Sig Up
2.765736392484455e-7,0.3791789988570424,0.2,0.15,0.006907979787508424,KANK2,2.160648941832199,Sig Up
3.686520398460654e-7,0.3599997655814744,0.418,0.364,0.009207821999235175,SLC6A13,2.0358430848492834,Sig Up
4.0717541351028405e-7,-0.5693623333194849,0.097,0.14,0.010170020303246364,FAM219A,1.9926781800586655,Sig Down
4.297698915838883e-7,0.33667039799688325,0.286,0.231,0.010734362582090777,ACYP2,1.969223739332029,Sig Up
4.4565505635949703e-7,-0.6712600171151492,0.085,0.124,0.011131126342691157,NSF,1.9534608878067343,Sig Down
4.549061021302485e-7,0.5794514983589822,0.349,0.305,0.011362189712907218,CCNH,1.9445379636434363,Sig Up
4.6530863708647117e-7,0.602846952581958,0.112,0.076,0.01162201382850879,MYO5A,1.9347186121495699,Sig Up
5.017394215381886e-7,-0.5469972462982504,0.129,0.175,0.012531945531759337,EGLN1,1.9019815013827173,Sig Down
5.142839450610518e-7,0.4436467587036817,0.151,0.109,0.01284527009578989,FAM13C,1.8912567594491811,Sig Up
5.150088235765341e-7,0.26497661280248286,0.364,0.305,0.012863375386471093,LDB2,1.890645056343978,Sig Up
5.175502010587753e-7,-0.4308342058656266,0.125,0.173,0.012926851371845032,LPL,1.888507244520556,Sig Down
5.261838390342208e-7,-0.26907561828978555,0.254,0.314,0.013142493747557734,RGL3,1.881322220921812,Sig Down
5.627530132717567e-7,-0.5463155901102261,0.146,0.191,0.014055882012488667,DNAJB6,1.852141897040662,Sig Down
6.341567463381703e-7,0.344894523004728,0.206,0.156,0.01583933305328848,TTN,1.8002631091969434,Sig Up
6.842218925003562e-7,-0.3625563680420709,0.233,0.286,0.017089810208981395,PNISR,1.7672627603131883,Sig Down
7.162024905807985e-7,0.3770595364974034,0.29,0.239,0.017888589607236605,TNRC6C,1.7474238992280746,Sig Up
7.317245176050768e-7,-0.27789114952425087,0.24,0.3,0.018276283276222004,STAT3,1.7381121191462823,Sig Down
7.905395485800796e-7,-0.535053680872627,0.131,0.175,0.01974530630488465,KLHL24,1.7045361247540072,Sig Down
8.30475697121224e-7,-0.4448418153274756,0.146,0.193,0.020742791486996814,COL27A1,1.6831327982931628,Sig Down
9.012607864048988e-7,0.3604407181055041,0.13,0.091,0.02251079066203516,APOD,1.6476092507067897,Sig Up
1.046790104101511e-6,0.48469606614765437,0.16,0.118,0.026145676430143438,ZDHHC21,1.5826001178014892,Sig Up
1.257201330453847e-6,-0.31486053823716675,0.245,0.301,0.03140111763074574,SETBP1,1.5030548942125264,Sig Down
1.3014851249419758e-6,0.4007419512071311,0.164,0.121,0.03250719396567573,FGD4,1.488020517363871,Sig Up
1.316949210649388e-6,0.6989590441290355,0.146,0.107,0.03289344043438976,ALG13,1.4828906998366391,Sig Up
1.75600397316066e-6,-0.4721253610910787,0.191,0.236,0.043859711237633804,PAPOLA,1.3579342319452048,Sig Down
1.993654271251465e-6,0.6308654288658972,0.315,0.278,0.049795502733047836,AXL,1.302809878654276,Sig Up
2.0636626075341765e-6,-0.44336360126875496,0.137,0.181,0.051544100948381126,SORBS3,1.2878210311013742,Not sig
2.1966284838434914e-6,0.4290939682114533,0.13,0.092,0.054865189640958885,STARD8,1.2607031153272912,Not sig
2.246982703351444e-6,0.5304622757305748,0.133,0.096,0.05612288698160902,PIK3R1,1.2508599968038054,Not sig
2.305735659961177e-6,0.6610373009270654,0.502,0.478,0.05759035957885032,ARHGEF7,1.239650209842676,Not sig
2.353082546482461e-6,0.39131745019752007,0.236,0.19,0.05877294276349243,SPRED2,1.2308225635998709,Not sig
2.356179138461463e-6,-0.3035810032770061,0.273,0.327,0.05885028634135196,SEM1,1.2302514197166117,Not sig
2.3708004847074215e-6,-0.32681468490039034,0.199,0.249,0.059215483706537266,MIR29B2CHG,1.2275647187995478,Not sig
2.529797869803076e-6,0.38477310328436465,0.222,0.176,0.06318676139407142,UTY,1.1993739036125617,Not sig
2.659153612292382e-6,-0.7428846349033326,0.071,0.105,0.06641767977422683,NAA16,1.177716300054264,Not sig
2.692097169213827e-6,-0.1598346363499643,0.518,0.578,0.06724051099545375,ARHGAP26,1.1723689947914218,Not sig
2.8792417833885776e-6,0.1578801636747471,0.623,0.571,0.0719148220236965,MAGI2,1.1431815900108035,Not sig
3.0890728732143954e-6,0.4529113955368962,0.174,0.132,0.07715577315427595,NDUFA4L2,1.1126315724492988,Not sig
3.2910918244165646e-6,-0.3568974403994991,0.142,0.188,0.08220160049845253,ATP11A,1.0851197264881811,Not sig
3.3391095658238757e-6,0.360855496225003,0.22,0.172,0.08340093962558294,SIL1,1.0788290564137366,Not sig
3.5819766051236803e-6,0.4702484035271439,0.204,0.162,0.08946702966617416,WDR7,1.04833698113221,Not sig
3.601807881769835e-6,-0.34067010791677954,0.253,0.303,0.08996235546296516,RB1,1.0459391820583712,Not sig
3.850793625920102e-6,-0.21643301831312067,0.406,0.463,0.09618127239460639,DENND2A,1.0169094818858218,Not sig
3.895321180304197e-6,-0.6472490890085132,0.068,0.101,0.09729343712045792,JAK2,1.011916453858046,Not sig
3.919371510078734e-6,-0.3068431553548763,0.401,0.451,0.09789414220723654,SH3RF1,1.0092432947462593,Not sig
3.965678236598051e-6,0.2903644162327823,0.378,0.327,0.09905074531550953,FRMD4A,1.0041422522284602,Not sig
4.121184911913877e-6,0.38744222746685675,0.132,0.094,0.10293483554487291,RFTN2,0.98743762499811,Not sig
4.74687211395706e-6,-0.43160471452173943,0.179,0.224,0.11856262479030549,SIPA1L2,0.926052194660567,Not sig
4.929131377894168e-6,0.26025597025095504,0.42,0.373,0.12311491442566265,ITPR2,0.9096893324430501,Not sig
5.007501451646035e-6,-0.43398812270922194,0.119,0.16,0.125072363757763,FANCC,0.9028386422924237,Not sig
5.036175441721388e-6,-0.3429754278147983,0.444,0.486,0.12578855400787511,ZIC1,0.9003588752450831,Not sig
5.406179271440039e-6,0.353826578622233,0.264,0.217,0.13503013966275784,SPARC,0.869569283147356,Not sig
5.713154710275613e-6,-0.4684019551309736,0.099,0.138,0.14269746519855397,SEPT6,0.845583741391717,Not sig
5.720198822551747e-6,0.29958285556623265,0.187,0.143,0.142873405990875,ADD3,0.8450486019036003,Not sig
5.835264980323753e-6,0.5401860338614758,0.141,0.104,0.14574741341354638,SCLT1,0.8363991439459068,Not sig
6.333733001546954e-6,-0.3882031963347172,0.128,0.171,0.15819764917963827,FAM208B,0.8007999744154387,Not sig
6.473156496873668e-6,0.7223550680354248,0.115,0.083,0.1616800298224136,UBA6-AS1,0.7913436193856985,Not sig
6.580460835166928e-6,0.28637672559049454,0.338,0.288,0.16436017027996436,ST5,0.7842034174733776,Not sig
6.621435532662192e-6,-0.5631389698907304,0.097,0.133,0.16538359529930358,SQSTM1,0.781507571109486,Not sig
6.753590187146837e-6,0.31606849175574436,0.221,0.176,0.16868442210436654,DNM3,0.7729250223693426,Not sig
6.8219267784087995e-6,-0.763458220213172,0.072,0.104,0.17039126514431657,RBAK-RBAKDN,0.7685526724616658,Not sig
7.014548396039929e-6,-0.5286285518382153,0.078,0.112,0.17520237528788932,GGNBP2,0.7564600102259832,Not sig
7.055699349869667e-6,0.40004862645283507,0.151,0.114,0.17623020266169467,SLC39A11,0.7539196593447797,Not sig
7.107239907799661e-6,-0.3626261106570614,0.131,0.175,0.17751753117711214,IL1R1,0.7507587506792294,Not sig
7.133842913327316e-6,0.41646351879453,0.112,0.078,0.17818199444617636,PSAP,0.7491361841810333,Not sig
7.209090372547665e-6,-0.37465542715167055,0.15,0.194,0.18006145023512302,DNM2,0.7445792563209327,Not sig
7.304150707134513e-6,-0.2887347518233311,0.136,0.182,0.18243577221209875,GALNT18,0.7388900007055516,Not sig
7.381280183195044e-6,-0.2284569335515605,0.41,0.467,0.18436223513566263,CACHD1,0.7343280352990885,Not sig
7.383170584682377e-6,0.2161849274512666,0.587,0.553,0.18440945169361173,KIAA1109,0.7342168234495015,Not sig
8.245247707680996e-6,0.5143340242835361,0.196,0.157,0.20594155199474826,GMDS-DT,0.6862560186981682,Not sig
8.633826267623607e-6,-0.486542808304064,0.097,0.134,0.21564707868643482,SAMD4A,0.6662564207499083,Not sig
8.719809928725525e-6,-0.7012921250790812,0.095,0.129,0.21779469258977743,BCR,0.6619527077164123,Not sig
8.840387062370446e-6,0.2838912187729651,0.201,0.155,0.22080634765682663,KAT6B,0.6559884458309392,Not sig
9.078505359480048e-6,-0.44500621244777894,0.147,0.188,0.22675382836373315,XPO1,0.6444453718612144,Not sig
9.144863254363642e-6,0.5955727659261487,0.124,0.091,0.2284112495042407,TPM4,0.641282510420483,Not sig
9.62781067432679e-6,0.4714561904900463,0.204,0.162,0.24047382721266025,CDC14B,0.6189321846359366,Not sig
9.633659480729856e-6,0.35941198272046226,0.146,0.107,0.24061991285018963,SYNPO2,0.6186684348386269,Not sig
9.654638251711895e-6,-0.5368805451882074,0.085,0.119,0.241143899613008,SAMD8,0.6177237202563811,Not sig
1.1727932031777358e-5,0.32413290243879733,0.272,0.226,0.2929285583577031,GMDS,0.5332382857695599,Not sig
1.2048666185452198e-5,-0.21133410914486017,0.458,0.512,0.30093953531403955,DISC1,0.5215207539653246,Not sig
1.262830627851693e-5,0.5132089010235625,0.195,0.156,0.31541720591851735,CDK8,0.501114619720956,Not sig
1.3069528055221197e-5,-0.5888800744086097,0.078,0.111,0.32643760223525986,CRIP2,0.48619982080452634,Not sig
1.3268269309796447e-5,0.455574246590561,0.135,0.1,0.33140156255078584,RNF144A,0.47964544822330796,Not sig
1.3653681754813921e-5,-0.2897305810593971,0.324,0.369,0.3410280091899873,CLASP1,0.4672099502242001,Not sig
1.3689622373113558e-5,-0.33556893185816783,0.212,0.257,0.34192569801325734,WNK1,0.46606825782888195,Not sig
1.3943759752236208e-5,-0.2906787840771945,0.191,0.238,0.3482732873316038,OGA,0.4580798347848773,Not sig
1.483032443134012e-5,0.5161868683981092,0.101,0.071,0.37041701332158217,PPFIA2,0.4313090743065312,Not sig
1.5769821720281555e-5,-0.2710595670119662,0.291,0.341,0.3938828371074724,AFF1,0.404632942551887,Not sig
1.6336153580168183e-5,0.36626836835810317,0.197,0.155,0.4080281079718607,DTNA,0.3893099184870605,Not sig
2.006466639374534e-5,-0.456793111226159,0.115,0.152,0.5011551725165774,SSH1,0.30002778284821213,Not sig
2.120723368121158e-5,-0.205551261866459,0.496,0.538,0.5296930756556216,GRAMD2B,0.27597570428586704,Not sig
2.1675753899617903e-5,0.6622416181004543,0.16,0.127,0.5413953051507564,PHLDB3,0.2664855146459713,Not sig
2.305323132955478e-5,0.33083822781365657,0.213,0.17,0.5758005589182897,CFH,0.23972791789661124,Not sig
2.444861533938294e-5,0.2842961995839599,0.384,0.342,0.6106530653317677,TEAD1,0.2142054585054243,Not sig
2.4646492274866488e-5,0.4025395972588939,0.457,0.426,0.6155954375493402,NID1,0.21070460757754425,Not sig
2.508370567552188e-5,1.3523963942456758,0.163,0.133,0.6265157166575099,PGAP1,0.20306802990204792,Not sig
2.6188725145822635e-5,0.20666279690403488,0.371,0.321,0.6541157879672119,MYCBP2,0.18434536845816923,Not sig
2.9065551431985788e-5,0.2091262786456547,0.277,0.227,0.725970278116709,PHLDB2,0.13908115934692433,Not sig
2.9958898544132827e-5,-0.19352240250645547,0.39,0.444,0.7482834089368056,ASAP1,0.12593388391911856,Not sig
3.435493239727725e-5,0.5707521431998575,0.114,0.084,0.8580831464867938,AGPAT3,0.06647062787291166,Not sig
3.593517741072836e-5,-0.2445833264400199,0.331,0.38,0.8975529261877623,ANKRD17,0.04693993286264252,Not sig
3.828468072330675e-5,-0.2113948899190805,0.304,0.354,0.9562364704260328,STK3,0.0194346965294466,Not sig
3.969704873258226e-5,-0.17835859891026784,0.646,0.693,0.9915131861937072,ARHGAP42,0.003701505711745215,Not sig
4.0429242666239325e-5,-0.41420588259619145,0.107,0.142,1,TTLL5,-0,Not sig
4.087661751044096e-5,-0.391471300468371,0.087,0.121,1,NAA38,-0,Not sig
4.115826100300219e-5,0.24965592644155343,0.362,0.318,1,DST,-0,Not sig
4.267449264634258e-5,-0.28722755182463033,0.255,0.3,1,ABL1,-0,Not sig
4.290923530690703e-5,0.488324502184465,0.132,0.1,1,NRG3,-0,Not sig
4.383555259265836e-5,-0.30451201402334016,0.205,0.248,1,ABCA5,-0,Not sig
4.465288903917439e-5,-0.49089465046715264,0.083,0.114,1,ABCB1,-0,Not sig
4.716097544938628e-5,0.3836510485317304,0.157,0.122,1,FUT8,-0,Not sig
4.7446683844482065e-5,0.30353905964428973,0.385,0.344,1,SLC22A23,-0,Not sig
4.8718935491472776e-5,-0.33520628095469096,0.16,0.201,1,WWTR1,-0,Not sig
4.935751743778684e-5,0.4860941170781959,0.108,0.079,1,KIAA1324L,-0,Not sig
5.202681994840276e-5,0.41770375656850833,0.117,0.086,1,TMEM117,-0,Not sig
5.4198294639680816e-5,-0.341298547222316,0.133,0.171,1,MKL2,-0,Not sig
5.8893316563572976e-5,0.23563300367337825,0.342,0.295,1,MYO6,-0,Not sig
5.9483964452320124e-5,0.5000390279250111,0.106,0.077,1,DNAJB2,-0,Not sig
5.958053047493026e-5,-0.6325131273206697,0.072,0.101,1,GCLC,-0,Not sig
6.093537161544065e-5,0.4325287388624184,0.108,0.079,1,NT5DC1,-0,Not sig
6.394140364175697e-5,-0.41117792918910884,0.122,0.159,1,NRDC,-0,Not sig
6.638119519740957e-5,-0.3569514460780694,0.2,0.242,1,MXI1,-0,Not sig
7.090189465664364e-5,0.34675766921698736,0.459,0.43,1,PAG1,-0,Not sig
7.171348163409759e-5,-0.40746284049113207,0.113,0.147,1,AL359915.2,-0,Not sig
7.277874951467462e-5,0.42175620440588046,0.138,0.105,1,RGL1,-0,Not sig
7.866590670269179e-5,0.29085537133456757,0.137,0.103,1,A2M,-0,Not sig
7.868288985815521e-5,-0.5034386208674491,0.078,0.108,1,PPCDC,-0,Not sig
8.068593372607093e-5,-0.47962749725501874,0.075,0.105,1,NUAK1,-0,Not sig
8.107709616687941e-5,0.4302183232705892,0.148,0.115,1,SUCLG2,-0,Not sig
8.306598099213093e-5,0.30448706605102105,0.273,0.231,1,SH3KBP1,-0,Not sig
8.328859987920213e-5,0.4083465703037037,0.199,0.163,1,SFPQ,-0,Not sig
8.579591991254677e-5,0.6218126345514565,0.126,0.097,1,PPP1CB,-0,Not sig
8.641723199455652e-5,-0.31710234509553037,0.198,0.239,1,CFLAR,-0,Not sig
8.700070299074403e-5,-0.4919408497384829,0.115,0.148,1,SFMBT2,-0,Not sig
8.72336036703589e-5,-0.46490099644307853,0.125,0.159,1,ZNF516,-0,Not sig
8.749446646244389e-5,-0.3416765164989837,0.145,0.183,1,RHOBTB3,-0,Not sig
9.170384843146321e-5,0.3279216551238938,0.173,0.137,1,ATP2A2,-0,Not sig
9.401925919293309e-5,-0.3617699883208254,0.151,0.188,1,ELF1,-0,Not sig
9.756021718578247e-5,0.15103398386748879,0.441,0.394,1,DACH1,-0,Not sig
9.860619846373459e-5,0.43848915507817116,0.121,0.092,1,XRRA1,-0,Not sig
9.974781598311625e-5,-0.30870639118212284,0.264,0.307,1,PAM,-0,Not sig
9.990268674240923e-5,0.41285790490650526,0.106,0.078,1,EYA1,-0,Not sig
1.0032804325261368e-4,-0.289566370422947,0.194,0.236,1,ARL15,-0,Not sig
1.0069961750648204e-4,0.4058298534654683,0.172,0.137,1,DOCK4,-0,Not sig
1.0293315838307472e-4,0.30980432904392674,0.204,0.166,1,FIGN,-0,Not sig
1.0990228657706139e-4,-0.3641438653535986,0.109,0.142,1,RPS6KA3,-0,Not sig
1.1005907835541607e-4,0.41681310375045455,0.202,0.168,1,FAM182B,-0,Not sig
1.1523295333169601e-4,0.6386879639497578,0.274,0.237,1,SMCHD1,-0,Not sig
1.2108158269236791e-4,0.3396850369705427,0.138,0.106,1,WLS,-0,Not sig
1.2149002641045182e-4,-0.3358730379725826,0.15,0.186,1,HNRNPH1,-0,Not sig
1.2204540741003713e-4,-0.3793572300060084,0.119,0.154,1,RASSF8,-0,Not sig
1.2206183510111643e-4,0.5513192082467079,0.101,0.074,1,CTNND2,-0,Not sig
1.2492812522505557e-4,0.43973272501591154,0.109,0.081,1,PACS2,-0,Not sig
1.249945146806561e-4,-0.24415799972933327,0.285,0.329,1,KMT2E,-0,Not sig
1.2558211244065057e-4,0.3623147419973429,0.164,0.131,1,BCKDHB,-0,Not sig
1.267962499001697e-4,-0.33546549610801135,0.155,0.193,1,DENND4C,-0,Not sig
1.2803799799559584e-4,-0.20933162903973956,0.328,0.374,1,EGFR,-0,Not sig
1.435996077338422e-4,-0.31425851292393103,0.214,0.253,1,CAPZB,-0,Not sig
1.4843671082879234e-4,0.26193651753749236,0.278,0.238,1,CCDC102B,-0,Not sig
1.499688308061809e-4,0.33222002307188925,0.233,0.196,1,KIF1B,-0,Not sig
1.5085016942009146e-4,0.2620817858264797,0.374,0.337,1,MPPED2,-0,Not sig
1.5264517840001766e-4,0.39022159093648023,0.11,0.082,1,SCD5,-0,Not sig
1.5835631861059425e-4,0.5153402678400002,0.176,0.144,1,NRP2,-0,Not sig
1.6296410008928257e-4,-0.4114730125912534,0.077,0.106,1,WDR13,-0,Not sig
1.6908199460856339e-4,-0.2749750477577795,0.231,0.271,1,CAST,-0,Not sig
1.745524871742784e-4,-0.5549644291826156,0.082,0.11,1,NSD2,-0,Not sig
1.8359644098391752e-4,0.21525739769304542,0.331,0.288,1,DPYD,-0,Not sig
1.8515771879793513e-4,-0.431397117283377,0.113,0.146,1,DENND5B,-0,Not sig
1.8598215938538554e-4,0.701992251420122,0.16,0.133,1,RASSF1,-0,Not sig
1.9117627061213908e-4,-0.21968269732047396,0.405,0.448,1,N4BP2L2,-0,Not sig
1.946298008048936e-4,0.27716148337519186,0.404,0.363,1,FYN,-0,Not sig
1.9472959086900128e-4,-0.24636485848179834,0.274,0.317,1,CUX1,-0,Not sig
1.963528818876355e-4,0.2885929064843611,0.154,0.122,1,ZNF618,-0,Not sig
2.0758505563461208e-4,-0.5473101780991261,0.115,0.145,1,TSHZ1,-0,Not sig
2.0899090725351956e-4,-0.4928889790779942,0.089,0.118,1,TBC1D15,-0,Not sig
2.0970031519725754e-4,0.34212462648555253,0.154,0.122,1,RNLS,-0,Not sig
2.108214451765913e-4,-0.30495978665631696,0.143,0.179,1,KANK3,-0,Not sig
2.1358272447910003e-4,0.29407768926027833,0.269,0.23,1,MPDZ,-0,Not sig
2.187514220755924e-4,0.13958334220194102,0.704,0.687,1,ZEB1,-0,Not sig
2.3224837678732454e-4,-0.2244556794473862,0.419,0.46,1,GRK5,-0,Not sig
2.4066513412631003e-4,0.38337293410758283,0.163,0.131,1,SRSF11,-0,Not sig
2.4135166679304098e-4,-0.2343610211894802,0.212,0.253,1,ACAP2,-0,Not sig
2.4622636079401256e-4,-0.341707646682072,0.127,0.16,1,IGF1R,-0,Not sig
2.493832986590029e-4,-0.14458589746326522,0.591,0.63,1,MKLN1,-0,Not sig
2.5052508905860693e-4,-0.38095671946307375,0.085,0.115,1,PPARA,-0,Not sig
2.511981579539678e-4,0.3068551477225796,0.376,0.344,1,CACNB2,-0,Not sig
2.560223527958381e-4,-0.2086401660675079,0.258,0.302,1,MYO9A,-0,Not sig
2.712626551423887e-4,0.4776590745191979,0.1,0.075,1,ACAP3,-0,Not sig
2.9093695110735926e-4,0.45919352566940874,0.126,0.097,1,ZNF462,-0,Not sig
3.0966792657838733e-4,-0.23192588666719827,0.238,0.278,1,EPB41L4A,-0,Not sig
3.1335521614087036e-4,0.17649382052050466,0.57,0.549,1,DDX17,-0,Not sig
3.2028738067892755e-4,0.3661329361378183,0.109,0.082,1,GALNT7,-0,Not sig
3.2716438903277313e-4,-0.45041167066727406,0.103,0.133,1,AC104123.1,-0,Not sig
3.446020508476894e-4,0.4967016909366786,0.162,0.133,1,POM121,-0,Not sig
3.558025005017103e-4,-0.15334493381336323,0.364,0.41,1,MTUS1,-0,Not sig
3.6098886683368585e-4,0.5526461805422366,0.117,0.092,1,BMPR1B,-0,Not sig
3.61533491077708e-4,-0.3540468386518909,0.379,0.41,1,CPE,-0,Not sig
3.622415870623753e-4,-0.36229000439152936,0.241,0.275,1,TIAM2,-0,Not sig
3.6252183975661205e-4,0.1591774825777046,0.491,0.449,1,BCL2,-0,Not sig
3.7346594626890087e-4,-0.2078588578713465,0.302,0.343,1,UBE2D3,-0,Not sig
3.780716353845013e-4,-0.40644876765638716,0.076,0.103,1,SPATS2,-0,Not sig
3.795223493073906e-4,0.4980379877945408,0.176,0.147,1,ABHD2,-0,Not sig
3.80873754072313e-4,-0.47286184079766924,0.085,0.112,1,RNPC3,-0,Not sig
3.8342444574436974e-4,0.28360652018107935,0.187,0.152,1,FMNL2,-0,Not sig
3.9121295896032596e-4,-0.37996481989083,0.15,0.182,1,ANAPC16,-0,Not sig
3.932460567061309e-4,-0.2111572924037436,0.16,0.198,1,ARMH3,-0,Not sig
3.942060867553048e-4,0.6216657480056131,0.149,0.123,1,PER1,-0,Not sig
4.0275820683285994e-4,-0.4283887261905329,0.095,0.123,1,FAM193B,-0,Not sig
4.0937860851346554e-4,0.27838484596941004,0.25,0.214,1,ITFG1,-0,Not sig
4.282352064960929e-4,0.35709080681199473,0.134,0.105,1,FLNA,-0,Not sig
4.326104277217477e-4,-0.2904603424138845,0.189,0.226,1,AEBP2,-0,Not sig
4.480279778273619e-4,-0.32679779001490816,0.12,0.151,1,SLTM,-0,Not sig
4.492859670585993e-4,0.3148419766144308,0.145,0.115,1,ARAP2,-0,Not sig
4.6295071220424735e-4,-0.3198854615337312,0.279,0.316,1,PRKCA,-0,Not sig
4.675261495120716e-4,-0.4190065525735317,0.132,0.162,1,HIBCH,-0,Not sig
4.7674792348709617e-4,-0.354414185916942,0.113,0.144,1,FOXO1,-0,Not sig
4.861431540658046e-4,-0.314658215526866,0.181,0.215,1,ASXL1,-0,Not sig
5.040480134314687e-4,0.2191769304719906,0.292,0.251,1,ACTN4,-0,Not sig
5.041897107482142e-4,-0.3585418760039061,0.157,0.189,1,DHRSX,-0,Not sig
5.054496175517058e-4,0.3705825189474887,0.136,0.108,1,WDPCP,-0,Not sig
5.28356413284631e-4,-0.3456865556023083,0.141,0.173,1,ZBTB1,-0,Not sig
5.38990183672143e-4,-0.3030523220741218,0.134,0.166,1,ITSN2,-0,Not sig
5.580233149218015e-4,-0.16333184132364797,0.283,0.327,1,WAC,-0,Not sig
5.585231372400133e-4,-0.47907705307803483,0.075,0.101,1,SSBP4,-0,Not sig
5.595209993283429e-4,0.3589663513955431,0.183,0.153,1,CHD2,-0,Not sig
5.632106639243942e-4,0.2989199859534215,0.217,0.183,1,GPC6,-0,Not sig
5.771888806686459e-4,-0.3355722025470994,0.133,0.165,1,IFITM3,-0,Not sig
5.913550901294454e-4,0.3312462796192732,0.118,0.091,1,SLIT2,-0,Not sig
6.161813097638192e-4,-0.3736735306030613,0.093,0.12,1,CTIF,-0,Not sig
6.248020368837665e-4,-0.2917290461297689,0.136,0.169,1,FAM49A,-0,Not sig
6.253752145176333e-4,-0.3738162322504293,0.092,0.12,1,MTREX,-0,Not sig
6.287417791707402e-4,-0.2241298185087297,0.324,0.361,1,TRIO,-0,Not sig
6.372386920253936e-4,0.258114845352742,0.233,0.196,1,PIK3CD,-0,Not sig
6.406148280994219e-4,0.22454588799203823,0.177,0.143,1,RANBP3L,-0,Not sig
6.542624078785468e-4,-0.26833725235783223,0.112,0.142,1,GALNT2,-0,Not sig
6.564580977725522e-4,0.28201897269057774,0.512,0.591,1,PITPNC1,-0,Not sig
6.607043313264351e-4,0.12561907808549044,0.654,0.624,1,SLC6A12,-0,Not sig
6.641825887264489e-4,0.27990227640752574,0.156,0.125,1,AC019197.1,-0,Not sig
6.7345830242556e-4,-0.42559905651320307,0.099,0.127,1,KDM4B,-0,Not sig
6.899208128338999e-4,0.36809677526410506,0.137,0.11,1,DIS3L2,-0,Not sig
7.131287636677375e-4,0.263414319561619,0.21,0.175,1,ITPR1,-0,Not sig
7.498056269351381e-4,0.2961058497230885,0.188,0.155,1,USP12,-0,Not sig
7.621120670314774e-4,-0.26961265407181867,0.265,0.303,1,NEDD4L,-0,Not sig
7.734701073309272e-4,0.2142237383383654,0.282,0.244,1,NR3C2,-0,Not sig
7.796336415798761e-4,-0.251252723297396,0.2,0.235,1,AGO2,-0,Not sig
8.171628018095443e-4,-0.17296146872039397,0.264,0.303,1,CSNK1A1,-0,Not sig
8.593564286930277e-4,0.25946545182376546,0.162,0.131,1,CHN1,-0,Not sig
8.60834679212707e-4,-0.26936913552718145,0.123,0.155,1,RAF1,-0,Not sig
8.6811242226676e-4,0.2440868223626187,0.244,0.209,1,VCL,-0,Not sig
8.815937244190902e-4,-0.253572630196355,0.183,0.219,1,NCOR2,-0,Not sig
8.847726799395485e-4,0.23946281502439026,0.248,0.212,1,C9orf3,-0,Not sig
9.351856894982782e-4,-0.1900631326067379,0.296,0.334,1,RAPGEF2,-0,Not sig
9.39475685728386e-4,-0.2391088608358385,0.298,0.332,1,KANSL1L,-0,Not sig
9.646677414314686e-4,-0.3007278807061351,0.139,0.171,1,PLEKHG3,-0,Not sig
9.737638201600309e-4,0.2514116333174099,0.202,0.17,1,PTPN13,-0,Not sig
9.745679579973634e-4,-0.28578594489773557,0.237,0.269,1,ADCY9,-0,Not sig
9.76925034725954e-4,-0.2149035562252699,0.348,0.388,1,PTPRM,-0,Not sig
9.992937200905235e-4,0.46550572839888454,0.119,0.095,1,SH2B3,-0,Not sig
0.001012660611066545,0.19795023011779245,0.39,0.353,1,GPHN,-0,Not sig
0.0010153226410394964,0.637191969222597,0.17,0.143,1,CMSS1,-0,Not sig
0.001015648606649753,-0.35650401246639785,0.114,0.142,1,ZNF83,-0,Not sig
0.0010269621253021484,-0.2650217873161286,0.14,0.172,1,CNN3,-0,Not sig
0.0010306830181922853,0.2719311971314762,0.265,0.23,1,ITGA1,-0,Not sig
0.0010398833913641842,-0.30819859215438883,0.144,0.175,1,RSF1,-0,Not sig
0.0010633934714863967,0.31193306034324836,0.131,0.105,1,SLC2A13,-0,Not sig
0.0010805870124426832,-0.13457076886170474,0.075,0.1,1,UBASH3B,-0,Not sig
0.0011251982188064246,-0.27436286567759827,0.14,0.173,1,VMP1,-0,Not sig
0.0011759438519523425,-0.387276033838695,0.081,0.106,1,SUZ12,-0,Not sig
0.0012489970751904773,-0.5626341825912444,0.103,0.127,1,CNNM2,-0,Not sig
0.0012554295862639323,0.3106271010731649,0.144,0.116,1,SLC25A13,-0,Not sig
0.0012573228256742982,-0.3010776586589061,0.106,0.133,1,MAPKAPK2,-0,Not sig
0.0012670997597729018,-0.35132438779946734,0.117,0.144,1,CPNE8,-0,Not sig
0.0013035481517589295,0.34131774946769977,0.106,0.082,1,KITLG,-0,Not sig
0.0013311381992693922,-0.1877991748652863,0.202,0.239,1,UBE2K,-0,Not sig
0.0013353988485175201,0.38695236399150984,0.133,0.108,1,EZR,-0,Not sig
0.0013568690811386634,-0.360804387699528,0.118,0.146,1,SP3,-0,Not sig
0.00141504184704363,-0.31237468109590216,0.1,0.126,1,ZFYVE9,-0,Not sig
0.0014330011498248452,0.3631845514723646,0.242,0.212,1,TNS2,-0,Not sig
0.0014779193932651588,-0.38759969194416355,0.131,0.159,1,HIPK3,-0,Not sig
0.00149726835414846,0.16746498227312423,0.253,0.215,1,CCDC3,-0,Not sig
0.0015145252322795197,-0.3787259029447184,0.09,0.115,1,NECTIN2,-0,Not sig
0.0015203688414331625,-0.24258427385105719,0.144,0.175,1,SMTN,-0,Not sig
0.0015466479916094048,-0.17700602625641126,0.208,0.246,1,PI4KA,-0,Not sig
0.0015601845054835442,-0.16655535958084444,0.377,0.417,1,ASH1L,-0,Not sig
0.001565590293873616,-0.31636266497437937,0.106,0.132,1,CORO2B,-0,Not sig
0.0015835517856400301,-0.17991612244172162,0.292,0.333,1,ZBTB46,-0,Not sig
0.0015975247011024035,-0.33441666364142114,0.124,0.152,1,AC002546.1,-0,Not sig
0.0016587460450038982,0.24669322959858236,0.108,0.084,1,TMBIM6,-0,Not sig
0.0017430208468373737,0.23749086398163044,0.222,0.191,1,RAD51B,-0,Not sig
0.001747521219781376,0.18981950781373758,0.196,0.163,1,PLA2R1,-0,Not sig
0.0017692809117961581,0.35852534074271214,0.113,0.09,1,PHF14,-0,Not sig
0.0017863486294520529,-0.26261764643922103,0.131,0.16,1,SORBS1,-0,Not sig
0.0018673193511942233,-0.1916905581040802,0.378,0.414,1,MBNL1,-0,Not sig
0.0019236459300280221,0.18086854794725715,0.275,0.24,1,PRRC2B,-0,Not sig
0.0019482078441380112,-0.17705732835552013,0.184,0.218,1,HIPK2,-0,Not sig
0.001969029221120893,-0.28684113645383613,0.151,0.181,1,AVL9,-0,Not sig
0.0019717677632573416,-0.36866692589662603,0.083,0.106,1,UBE2Q2,-0,Not sig
0.0019736858733025186,-0.34772258230870223,0.197,0.223,1,TCF7L1,-0,Not sig
0.0020796466748294177,-0.2144813465339508,0.23,0.263,1,SHISA6,-0,Not sig
0.002110968191189262,-0.15981170293678781,0.29,0.327,1,RFX3,-0,Not sig
0.002134396683410497,-0.11355743128322482,0.511,0.547,1,ZFAND3,-0,Not sig
0.002150647595410171,-0.2759147974203585,0.114,0.141,1,RNF216,-0,Not sig
0.002290960319512212,0.2234905569489195,0.157,0.129,1,MAPKAP1,-0,Not sig
0.002351594820570245,0.21208285255426862,0.224,0.191,1,GTDC1,-0,Not sig
0.0023894216149357014,0.3240124223008829,0.15,0.124,1,ACBD6,-0,Not sig
0.0024067034075826487,0.3810584414744149,0.128,0.104,1,CTNNA2,-0,Not sig
0.002418406088316601,-0.2130600910117415,0.173,0.203,1,SNX29,-0,Not sig
0.0024494702649193014,-0.2744290115147632,0.184,0.214,1,PLOD1,-0,Not sig
0.0025603213857144885,-0.22360522936302196,0.267,0.299,1,KDM2A,-0,Not sig
0.0025944389103740514,0.3175590559657809,0.12,0.096,1,PMP22,-0,Not sig
0.0026085907514612986,0.1411202225115371,0.37,0.33,1,CACNA2D1,-0,Not sig
0.0026106005206361373,0.36167485556354023,0.13,0.107,1,ZNF518A,-0,Not sig
0.002666085669688382,-0.33990374884116026,0.102,0.127,1,NPTN,-0,Not sig
0.002700472174012402,-0.37227682671394646,0.096,0.12,1,ADIPOR2,-0,Not sig
0.0027290109770883256,-0.2476569847132516,0.138,0.166,1,ANO6,-0,Not sig
0.0027312675065414974,0.1816652397923768,0.446,0.416,1,SLC19A1,-0,Not sig
0.0027361903198629967,-0.2187982366669763,0.227,0.259,1,RAP1A,-0,Not sig
0.0027813787452287846,0.5537511905695018,0.11,0.089,1,ZNF141,-0,Not sig
0.002839083703249741,0.2469463986306134,0.175,0.147,1,NHSL2,-0,Not sig
0.0028711715835677103,0.26252297375012756,0.241,0.211,1,LRCH1,-0,Not sig
0.0028781086337492726,0.2613652901652398,0.159,0.131,1,GNAI1,-0,Not sig
0.0028825581604664118,-0.2644515896843851,0.242,0.272,1,PRELP,-0,Not sig
0.002891643365763356,0.16451061609143958,0.421,0.387,1,PICALM,-0,Not sig
0.002934585522106276,-0.34222897819274295,0.083,0.106,1,GPCPD1,-0,Not sig
0.0029481775520727505,0.24249731731649038,0.111,0.088,1,SGK3,-0,Not sig
0.0029509074351757787,-0.35276995925305316,0.094,0.117,1,FSTL1,-0,Not sig
0.002984030939967097,0.20017309402929095,0.28,0.247,1,NBEA,-0,Not sig
0.003060291373957367,0.20116282228141613,0.197,0.167,1,FARP2,-0,Not sig
0.003132864579687165,-0.34034967316509357,0.152,0.178,1,LINC02172,-0,Not sig
0.003199266794668301,0.2718415801942271,0.17,0.143,1,TTTY14,-0,Not sig
0.0032263330275426848,-0.18763634200683477,0.34,0.373,1,DYRK1A,-0,Not sig
0.003227432439117874,-0.160317228206607,0.321,0.358,1,UBR5,-0,Not sig
0.0032277303625703854,-0.32742751623300675,0.087,0.11,1,ARNT,-0,Not sig
0.0032766417217727187,0.19098960015368993,0.324,0.29,1,SEPT7,-0,Not sig
0.00329172205940839,0.16667510810048025,0.492,0.462,1,SIK3,-0,Not sig
0.003335248189984753,-0.2779946629996308,0.126,0.151,1,SEC14L1,-0,Not sig
0.003362720610331635,-0.2592917507686924,0.156,0.185,1,PELI2,-0,Not sig
0.0033923719300620945,-0.30182690070827406,0.098,0.122,1,IP6K1,-0,Not sig
0.0033924194964174924,-0.3679180045134741,0.102,0.125,1,KATNBL1,-0,Not sig
0.0034041436221668815,-0.12377340213769827,0.134,0.163,1,PPP2R1B,-0,Not sig
0.003430383601342113,0.24512564655124391,0.354,0.328,1,CDKAL1,-0,Not sig
0.0035355741998441873,-0.28615151713034587,0.083,0.105,1,ACSL4,-0,Not sig
0.0035421962360323938,-0.15245451905291962,0.136,0.165,1,TCF25,-0,Not sig
0.003586818292213528,-0.16069759092975966,0.482,0.512,1,RBMS1,-0,Not sig
0.0036119137306136894,-0.18591826887076812,0.245,0.277,1,KAT6A,-0,Not sig
0.0036266794506733258,-0.2819329213277334,0.127,0.152,1,TBCA,-0,Not sig
0.0037103283518777406,-0.2916040815825792,0.149,0.176,1,EFCAB2,-0,Not sig
0.003795247126881661,-0.32252317474380077,0.105,0.129,1,WDR60,-0,Not sig
0.0038322689569272365,-0.15471296952194535,0.286,0.323,1,SETD5,-0,Not sig
0.003876126419371988,-0.29899849249371746,0.144,0.17,1,TRIB2,-0,Not sig
0.0038785142031606146,-0.2080744748999771,0.159,0.187,1,UBR1,-0,Not sig
0.0038936519636401474,0.14281417495083093,0.155,0.129,1,CA2,-0,Not sig
0.0039026726311424008,0.1896367430378738,0.301,0.268,1,TBL1XR1,-0,Not sig
0.003903969798741077,-0.44466048648125855,0.095,0.116,1,ZNF800,-0,Not sig
0.003908486712165535,-0.18503010919555152,0.395,0.426,1,CAMK2D,-0,Not sig
0.003913554444382758,-0.27859149651043624,0.15,0.176,1,RNF180,-0,Not sig
0.003917993552634976,-0.34003819743423847,0.143,0.167,1,PCMTD1,-0,Not sig
0.0039423515109593835,-0.28230737846037374,0.084,0.106,1,DIDO1,-0,Not sig
0.003993962043831928,-0.2840451037531334,0.14,0.166,1,FAM222B,-0,Not sig
0.0040299117129611525,0.1407600668185327,0.264,0.234,1,GRK3,-0,Not sig
0.004096156281811317,0.3537193155663422,0.126,0.103,1,ARMCX4,-0,Not sig
0.0041458405433225255,-0.29695240471164824,0.12,0.145,1,ABO,-0,Not sig
0.004230840041745393,0.21911684390045583,0.226,0.197,1,SUMF1,-0,Not sig
0.004244760453446878,-0.22717551855407603,0.243,0.274,1,MTSS1,-0,Not sig
0.004259927023641807,0.20710205510697777,0.246,0.216,1,FHIT,-0,Not sig
0.00433637462529813,-0.2215831805934747,0.144,0.172,1,DCAF6,-0,Not sig
0.0044772984610664465,-0.18207878364410446,0.342,0.377,1,ANKRD12,-0,Not sig
0.00452602213066202,0.2617242765503722,0.16,0.134,1,ARHGAP21,-0,Not sig
0.0045401787716858495,0.3442689147130137,0.108,0.087,1,CYB5R3,-0,Not sig
0.004627396714814347,-0.257765107288761,0.098,0.121,1,STAT6,-0,Not sig
0.004781814974461835,-0.23978261590857963,0.321,0.347,1,CBLB,-0,Not sig
0.00479695994766267,-0.18328716759743124,0.22,0.25,1,RAPGEF4,-0,Not sig
0.00480837523993125,-0.3371484176018138,0.111,0.134,1,PPP2CB,-0,Not sig
0.0048472311798788996,-0.2254660971931226,0.166,0.194,1,SESN1,-0,Not sig
0.004855116844535834,0.15686932006763943,0.317,0.285,1,RTN4,-0,Not sig
0.004858875961739859,0.17944343424954745,0.192,0.234,1,SLC6A17,-0,Not sig
0.004906611556578474,-0.2867803880357954,0.104,0.127,1,DDX3X,-0,Not sig
0.004961956141305304,0.21079230248740322,0.155,0.129,1,AC124312.1,-0,Not sig
0.004970493543258806,-0.1870017371099424,0.223,0.253,1,BMPR2,-0,Not sig
0.005132275990880484,0.2718456135828444,0.213,0.186,1,SPRED1,-0,Not sig
0.005202553225886181,0.20928459612153816,0.377,0.349,1,ZEB2,-0,Not sig
0.005262474893586938,-0.23042148083791436,0.232,0.259,1,KTN1,-0,Not sig
0.005336931855855419,0.27897906490847946,0.105,0.084,1,MGMT,-0,Not sig
0.005363641218953732,0.3402278406772635,0.121,0.1,1,LPGAT1,-0,Not sig
0.005380924377736594,-0.43216276709500656,0.087,0.107,1,HSP90AB1,-0,Not sig
0.005435626372123527,-0.2689914708980006,0.12,0.145,1,SMG1,-0,Not sig
0.0055177810446921036,-0.268855726415814,0.142,0.166,1,ARHGAP5,-0,Not sig
0.005644726454661139,0.1419259480943662,0.436,0.407,1,ATXN1,-0,Not sig
0.005662741395328249,-0.2543147566616979,0.129,0.154,1,AMOTL1,-0,Not sig
0.00570180588329605,-0.10219685064358419,0.472,0.504,1,STAG1,-0,Not sig
0.00574839760105255,0.1871336156297384,0.149,0.124,1,TGFBR2,-0,Not sig
0.005811812665647074,-0.35223066807979786,0.087,0.108,1,AL158152.2,-0,Not sig
0.005883186167504267,-0.3342900159576352,0.079,0.1,1,ADCY3,-0,Not sig
0.005996006382258924,-0.4649843532872807,0.096,0.116,1,NFIB,-0,Not sig
0.00613860309769309,0.2702967353291452,0.136,0.113,1,RBMS3-AS3,-0,Not sig
0.006191015849665544,-0.10693321916826903,0.338,0.371,1,UBE2E2,-0,Not sig
0.006242493158394959,0.22342953516665606,0.106,0.085,1,ZEB1-AS1,-0,Not sig
0.006283801527877563,-0.19803028103666986,0.197,0.224,1,HELZ,-0,Not sig
0.006297278028701684,-0.26770750819153766,0.129,0.153,1,RELL1,-0,Not sig
0.006395155057583303,0.19265878430200378,0.247,0.218,1,FRMD6,-0,Not sig
0.006407133617744296,-0.2684058173897776,0.089,0.111,1,CAB39,-0,Not sig
0.006489459899550458,0.22958935309286643,0.134,0.11,1,CHPT1,-0,Not sig
0.006499263086276096,0.1539056444878748,0.22,0.189,1,MICU3,-0,Not sig
0.006582706002703678,-0.24450938861094784,0.131,0.156,1,PPP2R2D,-0,Not sig
0.006735191367851077,0.3952319269449318,0.136,0.115,1,AC098829.1,-0,Not sig
0.00745979128399605,-0.18622718209492728,0.19,0.219,1,R3HDM2,-0,Not sig
0.007460567796164691,0.45914485198312277,0.126,0.106,1,RCOR1,-0,Not sig
0.007703823999221833,0.17746822424215103,0.2,0.173,1,SDCCAG8,-0,Not sig
0.007716797021592934,-0.2586648860617792,0.117,0.139,1,DAB2IP,-0,Not sig
0.007724582946751073,0.35334989907260905,0.165,0.144,1,CIRBP,-0,Not sig
0.007736390344426622,-0.1278378212321294,0.282,0.315,1,PUM1,-0,Not sig
0.007845135379775697,0.20628077988203808,0.296,0.265,1,SERINC5,-0,Not sig
0.007856925478770987,0.251045883443761,0.106,0.086,1,CPEB2,-0,Not sig
0.007866318087039371,0.2678629680800742,0.116,0.096,1,SFSWAP,-0,Not sig
0.008060589292304248,-0.3010037239933866,0.094,0.115,1,DOCK11,-0,Not sig
0.008105778409133397,-0.304261960212779,0.12,0.142,1,SIPA1L3,-0,Not sig
0.008107600689998428,-0.2543048744527392,0.191,0.217,1,NFATC3,-0,Not sig
0.008154999249665807,-0.18984529854200805,0.199,0.228,1,NPEPPS,-0,Not sig
0.00815737038712716,0.27904652863529433,0.138,0.116,1,SLC7A11,-0,Not sig
0.008204521569528906,-0.4252445491682464,0.104,0.125,1,KCNAB1,-0,Not sig
0.008291710985666488,-0.2137403970226377,0.221,0.248,1,ZNF532,-0,Not sig
0.008315008734947909,-0.12857125814369375,0.235,0.267,1,CLIP2,-0,Not sig
0.008415116097239796,0.1988035142260091,0.108,0.088,1,TAPT1-AS1,-0,Not sig
0.008439735601247528,-0.1447020637909575,0.313,0.343,1,STARD13,-0,Not sig
0.00846333564139288,-0.14228936632232614,0.454,0.484,1,MBD5,-0,Not sig
0.008463865569559048,0.2044689602573425,0.195,0.169,1,ANKIB1,-0,Not sig
0.008512423149178307,0.1362000430894174,0.143,0.119,1,COL1A2,-0,Not sig
0.008704988523896588,0.31138931183397023,0.103,0.083,1,SGCE,-0,Not sig
0.00872723949377277,-0.2663451160579744,0.108,0.129,1,PIP5K1A,-0,Not sig
0.008735413046676414,-0.20590960428962735,0.199,0.227,1,BRWD1,-0,Not sig
0.00874358676115341,-0.1898253430866763,0.156,0.183,1,COL6A2,-0,Not sig
0.008770876303669788,0.33520690370434414,0.134,0.113,1,TTC7B,-0,Not sig
0.009005065359245806,-0.23810496882817322,0.12,0.144,1,PRKAR2A,-0,Not sig
0.009239850100591874,0.2709168959307098,0.416,0.395,1,SNRK,-0,Not sig
0.009290046357755542,0.38147347188328706,0.118,0.099,1,OPA1,-0,Not sig
0.009303318396552502,-0.2780006374751326,0.104,0.126,1,WDR26,-0,Not sig
0.009316079936255823,0.2211896744312868,0.15,0.127,1,TESC,-0,Not sig
0.00949081974360149,0.2191987601945773,0.212,0.186,1,CADPS2,-0,Not sig
0.009544348229223619,-0.10745893845542875,0.228,0.262,1,GPBP1,-0,Not sig
0.009549662552008148,0.18086033552066053,0.119,0.098,1,PRPSAP1,-0,Not sig
0.009658241508398795,0.24600475382003095,0.261,0.237,1,SPAG9,-0,Not sig
0.009920505671848013,-0.11771572149233522,0.295,0.328,1,ARID4B,-0,Not sig
0.009944538969021505,0.12276298427954302,0.366,0.336,1,SLC12A7,-0,Not sig
0.010036487773618182,-0.18772355517492129,0.094,0.115,1,NAXD,-0,Not sig
0.010062616928332808,-0.24878160418555795,0.171,0.195,1,TAF15,-0,Not sig
0.010145866327591915,0.15242248182909268,0.205,0.178,1,NAV1,-0,Not sig
0.010247864299666709,0.22155811728646524,0.126,0.105,1,EFNA5,-0,Not sig
0.01030983522746636,-0.25684044464469935,0.176,0.199,1,TMEM131,-0,Not sig
0.010457496729630622,0.4190514590144825,0.233,0.286,1,CRISPLD2,-0,Not sig
0.011063440049621334,0.39066448909285356,0.112,0.093,1,HLCS,-0,Not sig
0.011081440447478797,-0.14971613757885427,0.473,0.501,1,TNS1,-0,Not sig
0.01108695214253105,0.17045102117763244,0.354,0.328,1,FBXL7,-0,Not sig
0.011157360256058582,0.18843429785512344,0.304,0.276,1,SENP6,-0,Not sig
0.011334703077789915,-0.1940176340569555,0.199,0.225,1,PCNX1,-0,Not sig
0.011339176658072972,0.348483464940176,0.109,0.09,1,MITF,-0,Not sig
0.011578990210165622,-0.25507959305669436,0.149,0.172,1,TULP4,-0,Not sig
0.011652043384903743,0.2561541504530199,0.134,0.114,1,DOCK7,-0,Not sig
0.011667411118647972,-0.19210159521433834,0.142,0.166,1,SEPT9,-0,Not sig
0.011686565140699202,-0.2067543204686766,0.119,0.142,1,PHC2,-0,Not sig
0.01174802087939401,-0.23592045895688263,0.165,0.189,1,DOK6,-0,Not sig
0.011836977644501033,-0.16593935235408352,0.205,0.233,1,MAGI3,-0,Not sig
0.011960988574850178,0.1445843734657457,0.243,0.215,1,CCDC91,-0,Not sig
0.01196709537739558,-0.195577369667712,0.112,0.133,1,NEMF,-0,Not sig
0.012010256519479656,-0.24843263209220612,0.146,0.17,1,PBX3,-0,Not sig
0.012061763134707597,-0.2810271598085594,0.144,0.166,1,NUFIP2,-0,Not sig
0.01223146958914941,-0.3435133298871798,0.118,0.138,1,ATF2,-0,Not sig
0.012238348525633005,0.11962230527082474,0.345,0.312,1,KIF13A,-0,Not sig
0.012243856510033188,0.23184944788963469,0.216,0.19,1,MAML3,-0,Not sig
0.012249288673287964,0.22481030914844302,0.164,0.141,1,ROBO1,-0,Not sig
0.012266145600334677,0.2469328030061957,0.145,0.123,1,MICU2,-0,Not sig
0.012324412886313115,0.21592730812782424,0.177,0.154,1,RSU1,-0,Not sig
0.012357320593254397,-0.1488849852141123,0.205,0.231,1,DNAJC1,-0,Not sig
0.012584495652912054,-0.12595887998530486,0.347,0.378,1,SYNE2,-0,Not sig
0.012886858463618034,0.35909058203395094,0.112,0.093,1,URI1,-0,Not sig
0.013280148091387825,-0.3102761306197217,0.081,0.1,1,PIK3C2A,-0,Not sig
0.013493538003143332,-0.22948797264291587,0.126,0.148,1,YAF2,-0,Not sig
0.0135638527247873,-0.1989266793149258,0.177,0.202,1,UBR2,-0,Not sig
0.013672991277853057,-0.12368832264400886,0.442,0.479,1,NCOA1,-0,Not sig
0.013891408744181927,-0.14482836804463206,0.285,0.316,1,SRPK2,-0,Not sig
0.01397287648878269,0.18680501683582595,0.321,0.297,1,ARIH1,-0,Not sig
0.014302633027817917,0.1574542833890561,0.167,0.144,1,METTL15,-0,Not sig
0.01436946217333065,-0.312204014805398,0.089,0.108,1,CEBPB,-0,Not sig
0.014406121744520908,0.17965558594963216,0.134,0.114,1,SOX6,-0,Not sig
0.014429110727845765,-0.2315667795734755,0.177,0.2,1,WASF2,-0,Not sig
0.014497546023839562,0.16730371243285802,0.39,0.359,1,PLCB1,-0,Not sig
0.014502457437924094,-0.1581567628551146,0.258,0.286,1,NCKAP1,-0,Not sig
0.014735556517365377,-0.281670840931776,0.117,0.137,1,MICU1,-0,Not sig
0.014827252372106048,-0.28120251278854846,0.114,0.134,1,MIER1,-0,Not sig
0.015079775591943954,-0.18902139473495838,0.208,0.233,1,ADD1,-0,Not sig
0.01510665499109849,0.3510462084938434,0.108,0.091,1,TRAPPC10,-0,Not sig
0.015188108206398666,-0.16259326848245426,0.279,0.309,1,SMURF1,-0,Not sig
0.015193147102038984,-0.1996351352724255,0.225,0.249,1,ARID2,-0,Not sig
0.015194702897706861,0.11442511999843452,0.34,0.313,1,PDZRN3,-0,Not sig
0.015356973270692879,0.316614791175848,0.15,0.131,1,JADE1,-0,Not sig
0.015462218093954858,0.23813509739163186,0.231,0.207,1,FN1,-0,Not sig
0.015498013251810612,0.2654014684619581,0.164,0.143,1,CCDC88A,-0,Not sig
0.015608867725584587,-0.1576076465516032,0.273,0.301,1,MNAT1,-0,Not sig
0.015628370669902154,-0.25159539376702433,0.133,0.154,1,TBX3,-0,Not sig
0.01578397194387137,0.2813021593509685,0.162,0.141,1,SF1,-0,Not sig
0.015888796574754803,-0.18693848194083307,0.19,0.215,1,MEF2A,-0,Not sig
0.015978479622143087,-0.19375257902274157,0.107,0.129,1,WTAP,-0,Not sig
0.016071247571217383,-0.23947480989407782,0.11,0.131,1,CLIP1,-0,Not sig
0.016220488679340117,-0.2123694724198928,0.188,0.21,1,CNOT2,-0,Not sig
0.01630459486595133,-0.2498904737150237,0.16,0.181,1,GATAD2B,-0,Not sig
0.01635969093373605,-0.1425721601348795,0.202,0.228,1,TOP1,-0,Not sig
0.016788858896769076,0.3464755194759707,0.113,0.096,1,NISCH,-0,Not sig
0.01697600519591595,-0.2799245577493177,0.091,0.109,1,XIAP,-0,Not sig
0.017018051065325873,-0.15069048856895617,0.182,0.207,1,SMG6,-0,Not sig
0.017061959345438915,-0.16469693235444782,0.15,0.173,1,AP3B1,-0,Not sig
0.017141912758495144,-0.19437952282383364,0.236,0.26,1,DGKH,-0,Not sig
0.017169003735903066,0.2355642665459261,0.143,0.122,1,MMP16,-0,Not sig
0.017188390810032463,-0.23298059619117734,0.085,0.103,1,RANBP9,-0,Not sig
0.017289951202113518,0.34443738109327604,0.165,0.146,1,GLUD1,-0,Not sig
0.017347451060466704,0.2803759913791195,0.352,0.336,1,DOCK6,-0,Not sig
0.017650358665838636,-0.15237382522329823,0.211,0.24,1,KDM6A,-0,Not sig
0.017716745648057586,-0.22297481336438463,0.113,0.133,1,TMOD1,-0,Not sig
0.017926001196440562,0.20028399618319648,0.118,0.099,1,WWP2,-0,Not sig
0.01814376453443206,-0.22300928140276904,0.108,0.128,1,SNX9,-0,Not sig
0.018236109325107244,0.11330019604041697,0.415,0.385,1,CTDSPL,-0,Not sig
0.018609550229468044,0.267612995214797,0.17,0.15,1,AMBRA1,-0,Not sig
0.01885082189868987,0.17863481568352624,0.299,0.274,1,NUTM2A-AS1,-0,Not sig
0.018921558269382212,-0.25543749943344674,0.184,0.206,1,ADAMTS10,-0,Not sig
0.019153134046177925,-0.2386400460091368,0.109,0.129,1,NR6A1,-0,Not sig
0.019343576912139757,-0.16422102431358976,0.268,0.292,1,AC008014.1,-0,Not sig
0.01942633152997404,-0.2784960107845259,0.086,0.104,1,AGO4,-0,Not sig
0.019449911568696118,0.23527027559375258,0.141,0.122,1,EVL,-0,Not sig
0.019517914646056234,-0.21284007981117314,0.083,0.101,1,UBE2G2,-0,Not sig
0.019873031772917223,-0.14741983437917972,0.177,0.201,1,PDS5A,-0,Not sig
0.020167780113758648,0.25781366106853487,0.189,0.167,1,NUCKS1,-0,Not sig
0.020210531525574036,-0.14469205769925508,0.091,0.11,1,CSF1R,-0,Not sig
0.020266217311854684,-0.22075467930598314,0.182,0.203,1,PPP3CC,-0,Not sig
0.020270006770875693,-0.13205676566937263,0.128,0.151,1,CDK17,-0,Not sig
0.020448707215268473,-0.29593174991103843,0.092,0.11,1,ANXA6,-0,Not sig
0.02053331925180427,-0.12040789013549147,0.284,0.31,1,HP1BP3,-0,Not sig
0.02105134998309518,-0.12784164758772776,0.104,0.124,1,CREB3L2,-0,Not sig
0.021142117059547882,0.23607204486829553,0.102,0.085,1,ANTXR1,-0,Not sig
0.021325180636071365,0.18088751727680208,0.219,0.195,1,NFASC,-0,Not sig
0.021852304975507355,-0.3682023046337838,0.088,0.104,1,LAMB2,-0,Not sig
0.021895028162219797,0.16191003545590688,0.287,0.262,1,NR3C1,-0,Not sig
0.022032021369198813,-0.1130212451048167,0.484,0.511,1,UST,-0,Not sig
0.022219107616974,0.12588367614256502,0.442,0.418,1,KLF12,-0,Not sig
0.02231421674659582,0.14968313088839125,0.397,0.374,1,CERS6,-0,Not sig
0.02261585639151016,0.19180946513777797,0.26,0.236,1,IGF2R,-0,Not sig
0.022949981711474773,0.12280828711716207,0.414,0.39,1,EXOC4,-0,Not sig
0.023063834993710768,0.20569801875702987,0.183,0.162,1,SPATA6,-0,Not sig
0.023259433872004083,-0.265969468538392,0.145,0.164,1,PPA2,-0,Not sig
0.02333100173047202,-0.22060201555403003,0.11,0.13,1,FUBP1,-0,Not sig
0.02348146784365875,-0.17481813378735311,0.195,0.217,1,PRICKLE2,-0,Not sig
0.023501879382674794,0.19705241587525224,0.184,0.163,1,MAPK1,-0,Not sig
0.023854781502523553,-0.23314682709887857,0.199,0.22,1,LINC00882,-0,Not sig
0.02437232446248558,0.20794823350436797,0.108,0.091,1,TBC1D12,-0,Not sig
0.024553195292576477,-0.25428555076511394,0.111,0.129,1,MAOA,-0,Not sig
0.02470141475804579,0.12684455491119095,0.387,0.362,1,RABGAP1L,-0,Not sig
0.024774640759954607,-0.2102615723346124,0.228,0.248,1,KDM5A,-0,Not sig
0.024950143024057053,-0.17773575999581648,0.155,0.176,1,CDC42EP4,-0,Not sig
0.025073400062076357,0.2281229709937883,0.11,0.093,1,APC,-0,Not sig
0.025166048476447274,-0.1312273160117916,0.113,0.134,1,CYSTM1,-0,Not sig
0.025245941260598793,0.2164098838627267,0.101,0.084,1,FNIP2,-0,Not sig
0.025777778414554687,-0.1743455586559013,0.182,0.204,1,UBE2E1,-0,Not sig
0.025956740134699664,-0.22679704021224656,0.087,0.104,1,PDXK,-0,Not sig
0.026036059689118752,-0.2509290519452778,0.122,0.14,1,WIPF1,-0,Not sig
0.02611874973240219,-0.10569997097746642,0.452,0.48,1,MED13L,-0,Not sig
0.02624023259193855,-0.24504965320005198,0.099,0.117,1,TRA2B,-0,Not sig
0.02643631033759033,-0.23377050920590609,0.107,0.125,1,MAVS,-0,Not sig
0.026681309897594985,0.12889628492728555,0.141,0.121,1,BICD1,-0,Not sig
0.026800924483333037,-0.23397644976460819,0.21,0.229,1,GTF2I,-0,Not sig
0.026942615114920195,-0.3466448794964532,0.156,0.174,1,MAP2K6,-0,Not sig
0.027061253348955695,-0.36274615374881225,0.089,0.105,1,DANT2,-0,Not sig
0.02767219008867904,-0.16407733416515313,0.179,0.202,1,CPEB4,-0,Not sig
0.02775674126203581,0.21283722538207417,0.115,0.098,1,PTPN1,-0,Not sig
0.02780962500100861,-0.13513688488156117,0.126,0.146,1,REEP3,-0,Not sig
0.02785260792935864,-0.18513676741555174,0.151,0.172,1,ETNK1,-0,Not sig
0.02803453090139626,0.30467765670925173,0.246,0.231,1,AFF4,-0,Not sig
0.028132944348831547,-0.17014176590654118,0.169,0.19,1,MIPOL1,-0,Not sig
0.02873042964430877,0.1715194558087667,0.463,0.441,1,RHOJ,-0,Not sig
0.02889256546425587,-0.19281322446979438,0.115,0.134,1,NAP1L4,-0,Not sig
0.02899692504890597,-0.14381034468392273,0.209,0.234,1,KDM4C,-0,Not sig
0.02920577302129678,0.24089973133283693,0.123,0.106,1,FAM85B,-0,Not sig
0.029248987739223766,-0.13464232555853928,0.109,0.128,1,KIF5C,-0,Not sig
0.029341038302786258,0.17476586054844323,0.264,0.241,1,ACSS3,-0,Not sig
0.029458359791324273,-0.2107199236002459,0.1,0.118,1,CDYL,-0,Not sig
0.02949588752192971,0.2618787426378264,0.137,0.119,1,CHM,-0,Not sig
0.029744702271143283,-0.21292425629894662,0.212,0.232,1,TRA2A,-0,Not sig
0.030009937528559648,-0.19910002329893467,0.09,0.107,1,RAB11FIP3,-0,Not sig
0.030205123150692147,-0.3708874913663336,0.09,0.106,1,TENT4B,-0,Not sig
0.03048627571530274,0.26666558691753806,0.125,0.108,1,C2CD5,-0,Not sig
0.03106077634927889,-0.11399901436382742,0.277,0.305,1,PDE5A,-0,Not sig
0.031151659469512965,0.25702806237869774,0.122,0.105,1,RPRD1A,-0,Not sig
0.031167453845372475,-0.12046261830813165,0.316,0.344,1,C20orf194,-0,Not sig
0.03121149506110779,-0.15244839185438774,0.169,0.189,1,RPRD2,-0,Not sig
0.031421591089290844,-0.23723326466075734,0.102,0.119,1,PPP4R2,-0,Not sig
0.03151632842856009,0.3227696086920022,0.122,0.106,1,RANBP2,-0,Not sig
0.03153496028075708,0.23410742433181608,0.184,0.165,1,LINC00894,-0,Not sig
0.032576195701777555,-0.280671467955884,0.117,0.134,1,MAF,-0,Not sig
0.03283408864431929,-0.22650337270738258,0.113,0.131,1,CLEC16A,-0,Not sig
0.03318071160511531,0.2044671960221631,0.117,0.101,1,SCARB2,-0,Not sig
0.03321552344645066,-0.328899904295579,0.089,0.105,1,HIVEP3,-0,Not sig
0.0334993577023155,-0.1072473094925046,0.62,0.625,1,BTBD9,-0,Not sig
0.03416800028969477,0.28162207480730617,0.105,0.09,1,KLHL5,-0,Not sig
0.03440160885629925,-0.10940069109392248,0.445,0.471,1,TTC28,-0,Not sig
0.034416989768338214,-0.20629233999767727,0.103,0.121,1,ATP2B4,-0,Not sig
0.03451761632813779,-0.2240822615098571,0.092,0.108,1,ZBTB8OS,-0,Not sig
0.0346586496950906,0.3403040917240525,0.147,0.131,1,UBR4,-0,Not sig
0.035422286895504654,0.1994834326669963,0.223,0.203,1,TRIP12,-0,Not sig
0.03570841925309138,0.19043272112208215,0.12,0.103,1,C11orf49,-0,Not sig
0.03589301516640577,0.19238222350481937,0.142,0.124,1,SERPINB6,-0,Not sig
0.036477609947940824,-0.17244589391401924,0.103,0.12,1,ARL8B,-0,Not sig
0.03649033568840287,-0.14224785361698578,0.404,0.429,1,STK39,-0,Not sig
0.03649905026190844,0.1564557767537893,0.259,0.235,1,GGT5,-0,Not sig
0.036729091313948796,-0.1936868030943862,0.098,0.115,1,PTMA,-0,Not sig
0.03723973396032291,-0.21817133245808606,0.096,0.112,1,XRN2,-0,Not sig
0.03781849887452693,-0.1444557783796112,0.219,0.243,1,WSB1,-0,Not sig
0.03818886568968341,-0.20644658273384994,0.098,0.115,1,CCND2,-0,Not sig
0.038480159638505394,-0.18732243413773833,0.096,0.113,1,GNA12,-0,Not sig
0.038526755704480324,0.19132274443609099,0.295,0.275,1,CTNNA1,-0,Not sig
0.03901201515822319,0.22992114960287371,0.11,0.095,1,CSDE1,-0,Not sig
0.03920641625548797,0.21440157848165214,0.109,0.093,1,GPER1,-0,Not sig
0.03947434240987097,-0.24256471534565838,0.157,0.174,1,PKN2,-0,Not sig
0.03951670714355831,-0.169990707960735,0.211,0.232,1,GIGYF2,-0,Not sig
0.03964581787885622,-0.20714013477806903,0.111,0.128,1,CNOT6L,-0,Not sig
0.03998133552514862,0.2324570323086037,0.176,0.159,1,NLK,-0,Not sig
0.04006345977312765,-0.1263213788725912,0.195,0.217,1,HNRNPA2B1,-0,Not sig
0.04024438596201687,-0.16638544707028724,0.239,0.258,1,PUM2,-0,Not sig
0.04070673341683271,0.14750383718941418,0.323,0.299,1,EVA1C,-0,Not sig
0.04080361313504504,-0.2242150987762762,0.146,0.164,1,SLMAP,-0,Not sig
0.04091132496820939,-0.15857456055496444,0.345,0.366,1,BAZ2B,-0,Not sig
0.041305554745304236,-0.220016897729856,0.258,0.279,1,UBA2,-0,Not sig
0.04172052186402649,-0.1984976036934767,0.115,0.132,1,EEA1,-0,Not sig
0.042273345323503464,0.2457824588597588,0.102,0.087,1,HTT,-0,Not sig
0.042298049468198304,0.24271258017511155,0.216,0.199,1,CSPG4,-0,Not sig
0.04235577205272482,-0.10115963807288242,0.146,0.167,1,CDC27,-0,Not sig
0.0428707743372245,-0.34163728391205356,0.094,0.11,1,EDA,-0,Not sig
0.04298686235068734,-0.28435246318716084,0.12,0.137,1,DCUN1D4,-0,Not sig
0.04357696390576588,-0.15376522524695901,0.251,0.272,1,PTPN12,-0,Not sig
0.044095565898970776,-0.24475017315029213,0.123,0.14,1,SMIM3,-0,Not sig
0.044457207867653836,0.12044343649833,0.179,0.159,1,KCNB1,-0,Not sig
0.044512719854459586,-0.22322129328001944,0.095,0.111,1,WAPL,-0,Not sig
0.04451315918738877,-0.1683182988522961,0.146,0.165,1,STAU2,-0,Not sig
0.04456498701434324,-0.23255032988142676,0.136,0.153,1,SPEN,-0,Not sig
0.04510657846290056,-0.17275888161546948,0.157,0.176,1,TMEM184B,-0,Not sig
0.045268490288212865,-0.18400410143824386,0.149,0.167,1,SNX13,-0,Not sig
0.04551615560744959,-0.18812288558506873,0.178,0.197,1,AAK1,-0,Not sig
0.04559850979163001,-0.20265608351822925,0.089,0.105,1,RNF145,-0,Not sig
0.04563218352823366,-0.2508700898888088,0.092,0.107,1,RCOR3,-0,Not sig
0.04577848726924801,-0.23343169453031815,0.091,0.107,1,MAPK8IP3,-0,Not sig
0.04583803647993623,0.21773477896277194,0.133,0.117,1,TMEM135,-0,Not sig
0.04653741688277999,-0.17983630567422937,0.235,0.255,1,TAOK3,-0,Not sig
0.04745580521926629,-0.24005255796089453,0.1,0.116,1,NFIC,-0,Not sig
0.048127182645434974,-0.13991822224367145,0.181,0.201,1,NSD3,-0,Not sig
0.04821848959767224,-0.30119272866320573,0.099,0.114,1,LHFPL2,-0,Not sig
0.04823276109260908,-0.21361556225117306,0.192,0.21,1,GNAS,-0,Not sig
0.048598252155891614,-0.17305937955936002,0.19,0.209,1,FBXL20,-0,Not sig
0.04887091395153008,0.27876724956238097,0.111,0.097,1,NAIP,-0,Not sig
0.04939334201104339,0.10752281351152132,0.122,0.104,1,CTTNBP2,-0,Not sig
0.04949449328114183,-0.163991458924305,0.089,0.104,1,KCTD1,-0,Not sig
0.04978314914235815,0.19010803689898248,0.25,0.233,1,NDRG2,-0,Not sig
0.049942126981505824,0.21092675347085144,0.161,0.144,1,TPM1,-0,Not sig
0.04998438613678956,0.3355814584836694,0.19,0.174,1,JAM3,-0,Not sig
0.050531554130897424,0.1779342480927204,0.314,0.295,1,EHBP1,-0,Not sig
0.050572238563985725,0.2413030212879197,0.127,0.111,1,MAN1A2,-0,Not sig
0.051394692851166955,0.17756653874063688,0.18,0.162,1,FAM13B,-0,Not sig
0.0518555548776928,-0.2389648357267089,0.169,0.187,1,EHD2,-0,Not sig
0.05203325889597411,-0.16920027659362297,0.119,0.136,1,XPR1,-0,Not sig
0.05304180754860864,-0.17711416295634907,0.181,0.199,1,PIK3CA,-0,Not sig
0.053094152751976174,-0.12125721633555187,0.232,0.254,1,TBC1D22A,-0,Not sig
0.0532255437465822,0.15075670146655262,0.15,0.133,1,FOCAD,-0,Not sig
0.053568840370331355,-0.377572591472892,0.098,0.112,1,HDAC4,-0,Not sig
0.05358200756039653,0.11357256851418618,0.306,0.286,1,PALD1,-0,Not sig
0.053610003603371315,0.14640640023822837,0.109,0.094,1,STOM,-0,Not sig
0.05398570906733368,-0.10832607659358695,0.357,0.384,1,FARP1,-0,Not sig
0.05402167372499236,0.10247034085051099,0.286,0.265,1,SUPT3H,-0,Not sig
0.054169156040795086,-0.22233991484290677,0.124,0.14,1,EFR3A,-0,Not sig
0.054277749153565445,0.1981206941151723,0.364,0.347,1,NAV2,-0,Not sig
0.05429692920379829,0.1681325774146093,0.114,0.099,1,PLS3,-0,Not sig
0.05433483078184853,-0.21544364759871296,0.094,0.109,1,SMURF2,-0,Not sig
0.054361046836622046,-0.17680092353473087,0.131,0.148,1,FBXL5,-0,Not sig
0.05438402004634152,0.20338789421466996,0.138,0.121,1,UBE2E3,-0,Not sig
0.054412670155247596,-0.2009526780250913,0.146,0.164,1,MCPH1,-0,Not sig
0.054780079807274035,-0.20554315291379788,0.169,0.188,1,RSRP1,-0,Not sig
0.0555767473860611,0.24529277326618226,0.287,0.272,1,ZBTB38,-0,Not sig
0.0558641412284745,-0.19219851753285944,0.108,0.125,1,AK3,-0,Not sig
0.05599423427853263,0.16674942824312533,0.135,0.119,1,GABPB2,-0,Not sig
0.056122107763814405,0.2372753605710245,0.527,0.522,1,CYTH3,-0,Not sig
0.056632284504863004,-0.24832926370324931,0.11,0.126,1,COL6A1,-0,Not sig
0.05667825296496491,0.2365380965007282,0.225,0.209,1,RBM39,-0,Not sig
0.05706250529145707,0.18330159759797016,0.189,0.172,1,FBXW7,-0,Not sig
0.05866285601884413,-0.15962020129498783,0.112,0.128,1,SPART,-0,Not sig
0.059408333018367426,-0.1842819142865888,0.111,0.126,1,ZCCHC2,-0,Not sig
0.05970780428779093,-0.16952075305678105,0.235,0.253,1,PEAK1,-0,Not sig
0.05979380293694605,-0.180762939929753,0.19,0.208,1,FERMT2,-0,Not sig
0.05992919020218777,0.188525483969119,0.104,0.09,1,ZNF280D,-0,Not sig
0.060334863088781034,0.1294262420343261,0.107,0.092,1,ANPEP,-0,Not sig
0.060967046515283604,0.11119384272056143,0.474,0.46,1,RGS5,-0,Not sig
0.061401811242096184,-0.14278542495290691,0.155,0.172,1,SON,-0,Not sig
0.06140896900275277,0.18495909627991608,0.105,0.091,1,SSFA2,-0,Not sig
0.062296018747317126,-0.27504783033205504,0.149,0.162,1,MIRLET7BHG,-0,Not sig
0.062393759994196274,0.2576836836729059,0.132,0.118,1,SENP5,-0,Not sig
0.06256771751460392,-0.24291503416698879,0.131,0.147,1,WWC2,-0,Not sig
0.06258779257039118,-0.11368453200493356,0.197,0.216,1,MTMR3,-0,Not sig
0.06376869610357919,-0.16188787389248382,0.178,0.196,1,CUL1,-0,Not sig
0.06413588735800024,-0.15388435231184072,0.376,0.394,1,MAGI1,-0,Not sig
0.064366969891173,-0.1146888504639636,0.169,0.188,1,TMOD3,-0,Not sig
0.06454590502577062,0.28165034045870124,0.106,0.092,1,ALMS1,-0,Not sig
0.06488001142598587,-0.14871426466121718,0.109,0.125,1,TNFRSF21,-0,Not sig
0.06493853823554206,-0.17850296717091274,0.096,0.11,1,GAPVD1,-0,Not sig
0.06557722046224122,0.1688629134790146,0.1,0.086,1,ANKAR,-0,Not sig
0.06595514971648392,-0.14329170091089716,0.293,0.315,1,ITSN1,-0,Not sig
0.06636164979071961,-0.239829918043932,0.107,0.122,1,PKNOX2,-0,Not sig
0.06742975633153418,-0.1921152320798547,0.184,0.202,1,YAP1,-0,Not sig
0.06746576454921484,-0.1948082506473281,0.197,0.214,1,ARHGAP32,-0,Not sig
0.0679774157273113,0.2600560404967128,0.174,0.159,1,TFCP2,-0,Not sig
0.06814243948444187,0.11881990443804602,0.242,0.222,1,KIAA1328,-0,Not sig
0.06890409344595848,-0.14710424615720274,0.148,0.165,1,XRCC5,-0,Not sig
0.06948703966351324,0.13957623527614738,0.263,0.244,1,PACSIN2,-0,Not sig
0.06949069482287322,0.19115740327896663,0.127,0.112,1,MTMR2,-0,Not sig
0.06963829502641594,-0.24127341681773484,0.136,0.151,1,ANKS1A,-0,Not sig
0.06966675840400212,-0.15428784436494558,0.152,0.169,1,MAP2K5,-0,Not sig
0.06993141663564212,-0.218132871431624,0.092,0.106,1,LATS1,-0,Not sig
0.07133551746741398,0.11496443236957177,0.359,0.341,1,PPM1L,-0,Not sig
0.07205761414212132,-0.13007051557902005,0.286,0.305,1,SVIL,-0,Not sig
0.07254476882876863,-0.21983494394697378,0.14,0.155,1,RALGAPA2,-0,Not sig
0.07313802194642699,0.14266496946082086,0.197,0.179,1,CRYBG3,-0,Not sig
0.07369102196253907,0.17872792052975428,0.154,0.138,1,AP2B1,-0,Not sig
0.07412870188793357,0.1957781452521309,0.145,0.13,1,SCFD1,-0,Not sig
0.07413365954013663,-0.3064406997349014,0.097,0.11,1,ARRB1,-0,Not sig
0.07432302896069752,-0.15312090575256784,0.093,0.107,1,SPOP,-0,Not sig
0.07450450247584782,-0.12825239354466977,0.226,0.245,1,MAP3K20,-0,Not sig
0.07515764773840262,0.12394834129160537,0.188,0.171,1,CPT1A,-0,Not sig
0.07553255928585004,-0.15837980735462132,0.113,0.128,1,BAZ1B,-0,Not sig
0.07554753702751167,-0.21350661245534702,0.106,0.12,1,ZNF586,-0,Not sig
0.07641436536959748,-0.35647488948148764,0.089,0.101,1,AC090825.1,-0,Not sig
0.07722796031502112,-0.2201715557975329,0.122,0.136,1,AHCYL2,-0,Not sig
0.07775548832293303,-0.22187353718451736,0.104,0.118,1,GULP1,-0,Not sig
0.07806215593175235,-0.1425415787075307,0.086,0.1,1,NDUFAF2,-0,Not sig
0.07847584320127812,0.16397080232403916,0.209,0.193,1,CENPP,-0,Not sig
0.07851723684844528,0.14829915060548027,0.154,0.137,1,RTN1,-0,Not sig
0.07960546839956181,-0.23034544533055912,0.19,0.205,1,KIRREL1,-0,Not sig
0.07984951258085579,-0.21062463520596664,0.138,0.153,1,RHOQ,-0,Not sig
0.08099938915701133,0.12797698383452571,0.332,0.314,1,BIRC6,-0,Not sig
0.08107160878549939,-0.2897822385617819,0.101,0.114,1,WBP1L,-0,Not sig
0.08136445541085843,-0.2510825415969709,0.093,0.106,1,CRK,-0,Not sig
0.0814199774718011,0.14960784415973594,0.227,0.209,1,MBNL2,-0,Not sig
0.08146572271161133,-0.11318918978457992,0.152,0.169,1,NFE2L2,-0,Not sig
0.08181275455499076,-0.15521295729093776,0.163,0.18,1,PARP8,-0,Not sig
0.08218867546018456,0.22814168547451213,0.132,0.118,1,INO80D,-0,Not sig
0.08311526869442692,-0.11675143061152149,0.151,0.168,1,RIMKLB,-0,Not sig
0.08410962342558795,0.11027049568572145,0.141,0.125,1,PLEKHA2,-0,Not sig
0.08464059524435308,0.17004403309069405,0.214,0.198,1,TMEM165,-0,Not sig
0.08471058080716452,-0.17633231144925599,0.146,0.162,1,TAF3,-0,Not sig
0.08509500628822213,-0.24688532835677623,0.109,0.122,1,SLC16A1-AS1,-0,Not sig
0.08574730899102437,0.1308436809915322,0.113,0.099,1,KAT2B,-0,Not sig
0.08582938162348104,0.24942122844147135,0.13,0.116,1,SMG7,-0,Not sig
0.08628912829255142,0.20881441205720408,0.136,0.122,1,SIPA1L1,-0,Not sig
0.08669672480525177,-0.18388435273648981,0.088,0.101,1,NOVA1,-0,Not sig
0.08741067188110521,0.13495675356508452,0.153,0.138,1,SKI,-0,Not sig
0.0874502239851889,0.1297467952802543,0.129,0.115,1,RAP1GDS1,-0,Not sig
0.08903011337102072,-0.17802877384414006,0.121,0.135,1,SMAP1,-0,Not sig
0.08934934705467441,-0.16765939255167228,0.225,0.239,1,APP,-0,Not sig
0.08980432764747448,-0.12576238594671496,0.391,0.406,1,CDK14,-0,Not sig
0.09012832064719578,0.12624541746562393,0.117,0.103,1,NR1D2,-0,Not sig
0.09022484934515289,-0.14527985821646738,0.183,0.2,1,ETV6,-0,Not sig
0.09092688223268272,-0.19197109223942532,0.12,0.134,1,AP3S1,-0,Not sig
0.09148297834817545,0.13048692866056355,0.13,0.115,1,GSN,-0,Not sig
0.09216839028920622,-0.16753078568270807,0.09,0.103,1,STX12,-0,Not sig
0.09265938368901776,-0.22000938605960063,0.157,0.171,1,PPP2R5E,-0,Not sig
0.09554076341857898,-0.17331316075057757,0.18,0.196,1,CRADD,-0,Not sig
0.096683293499527,-0.14070192005318027,0.292,0.307,1,SPATS2L,-0,Not sig
0.09884057768721748,-0.26169055333827257,0.099,0.11,1,ZFX,-0,Not sig
0.10001594402285599,0.17806889863282693,0.136,0.123,1,SORCS1,-0,Not sig
0.10117854071109605,0.2384000064396632,0.173,0.16,1,PRKAR1A,-0,Not sig
0.1015282424328947,-0.15828958647925062,0.244,0.26,1,DPYSL2,-0,Not sig
0.10174194031507706,-0.2253633594309219,0.099,0.111,1,WDR20,-0,Not sig
0.10393243225524836,0.15094723895538475,0.228,0.213,1,ITCH,-0,Not sig
0.10550422285398271,0.10654545124978343,0.175,0.159,1,RYK,-0,Not sig
0.10574049819190053,0.15902330919895658,0.254,0.238,1,PHKB,-0,Not sig
0.10602098874744292,-0.21251562933434243,0.145,0.158,1,PHF3,-0,Not sig
0.10660861628146574,-0.1730873919701278,0.159,0.174,1,SSBP3,-0,Not sig
0.10678333445451942,-0.1999487304380001,0.107,0.12,1,TLK1,-0,Not sig
0.10712511785129827,0.17862555239549105,0.141,0.127,1,RASGRF2,-0,Not sig
0.10729351061415252,0.20746195739290324,0.113,0.101,1,HEY2,-0,Not sig
0.1076256253403701,-0.146973511141414,0.138,0.153,1,RYBP,-0,Not sig
0.10828679508652213,0.12717467146657113,0.248,0.232,1,LAMC3,-0,Not sig
0.10851524826225903,-0.13007616279799095,0.197,0.21,1,ZNF292,-0,Not sig
0.10937469406727343,0.16298359862161993,0.235,0.221,1,SCMH1,-0,Not sig
0.10942707502528747,-0.15127478971590103,0.199,0.214,1,HERC2,-0,Not sig
0.10944925162116517,-0.17608448870971305,0.15,0.165,1,SP100,-0,Not sig
0.10987009403906788,-0.2000169997930264,0.089,0.102,1,ZCCHC14,-0,Not sig
0.11194772063641427,0.1742705667139714,0.105,0.093,1,ABCA10,-0,Not sig
0.11346347258335839,0.1878217414541148,0.197,0.182,1,FUS,-0,Not sig
0.11366828774290706,-0.16638488910724406,0.099,0.111,1,POM121C,-0,Not sig
0.11402452029799512,-0.23971856908932376,0.152,0.166,1,LTBP1,-0,Not sig
0.1141926149656085,-0.18421368058922083,0.099,0.112,1,CBFB,-0,Not sig
0.11440163908028361,-0.15870852801399127,0.194,0.208,1,THOC2,-0,Not sig
0.11487838172752075,0.14188455795029753,0.119,0.106,1,VPS41,-0,Not sig
0.11491247400622641,0.1101354517324486,0.126,0.112,1,PSMD1,-0,Not sig
0.11738507783376828,-0.24725963942772283,0.098,0.109,1,DNMT3A,-0,Not sig
0.11787217876936282,0.16096127903918644,0.129,0.116,1,ITGB1,-0,Not sig
0.11806404173329119,0.21308346658504337,0.113,0.101,1,FAM135A,-0,Not sig
0.11885968919028418,-0.23059773117112975,0.089,0.1,1,EHBP1L1,-0,Not sig
0.11897704100310275,-0.11548454440878264,0.217,0.234,1,MARCH6,-0,Not sig
0.11907088380557948,-0.15188648730831322,0.184,0.199,1,NKTR,-0,Not sig
0.12244147880821223,-0.12516051732836553,0.159,0.173,1,NRF1,-0,Not sig
0.12289367479193765,-0.14120092742819965,0.099,0.112,1,UNK,-0,Not sig
0.12301679070386592,-0.19781133320212257,0.112,0.125,1,MSRA,-0,Not sig
0.12342245097426348,0.18806436038773033,0.133,0.121,1,SLC9A9,-0,Not sig
0.12368794646680607,-0.1791937530808912,0.1,0.112,1,UBE2G1,-0,Not sig
0.124026007301026,-0.11356448107693407,0.417,0.432,1,PLXDC1,-0,Not sig
0.12614301262475186,0.18098975108230303,0.114,0.101,1,G3BP1,-0,Not sig
0.12686749702945466,-0.1615479427481732,0.099,0.111,1,PTMS,-0,Not sig
0.12782416630487145,-0.12116881181559513,0.297,0.312,1,MOB3B,-0,Not sig
0.1278475805606976,0.13039808872299585,0.208,0.194,1,HMBOX1,-0,Not sig
0.12793983361592742,0.10723584180598209,0.113,0.1,1,HMGB1,-0,Not sig
0.13198069065033688,0.10211794270278673,0.178,0.163,1,RASA1,-0,Not sig
0.13230434181855777,0.1309695242438787,0.124,0.111,1,SPATA5,-0,Not sig
0.13253136172104554,-0.1787239794870834,0.183,0.197,1,ATF7IP,-0,Not sig
0.13253687595866578,0.18862028615041468,0.112,0.1,1,OTUD7A,-0,Not sig
0.13328890521902473,-0.1716807470672881,0.125,0.137,1,ZBTB7A,-0,Not sig
0.1338233962836247,0.15172395312478737,0.147,0.134,1,ZNF131,-0,Not sig
0.13450147368280121,0.25265261692457897,0.113,0.101,1,GPD2,-0,Not sig
0.13456311314519945,-0.19968005672087646,0.089,0.1,1,CSNK2A1,-0,Not sig
0.1353394413533044,0.1165866855034976,0.211,0.195,1,ERCC6L2,-0,Not sig
0.13610457620018213,-0.16473843556046414,0.122,0.134,1,SHOC2,-0,Not sig
0.1363621482814824,0.25041055319574124,0.117,0.106,1,TNFRSF1B,-0,Not sig
0.13743656558605186,0.19270735111330972,0.204,0.191,1,KLF6,-0,Not sig
0.1396320845780292,0.14884941831891899,0.111,0.099,1,SAMD4B,-0,Not sig
0.14049759386312832,0.16475441501090748,0.171,0.158,1,RBMS2,-0,Not sig
0.1406917769532148,-0.17675804335802797,0.091,0.102,1,ZC3H7A,-0,Not sig
0.14072495543806282,0.12988238931888735,0.122,0.109,1,AUH,-0,Not sig
0.14096957154879391,-0.10005750495318999,0.215,0.232,1,DOCK9,-0,Not sig
0.141311773105641,0.20360777041878358,0.117,0.106,1,PPP4R3A,-0,Not sig
0.14157867824162212,-0.15682758523511087,0.169,0.184,1,CHST11,-0,Not sig
0.14231100691228504,-0.11652320234935742,0.111,0.123,1,U2SURP,-0,Not sig
0.14399608208196252,-0.10825527133783464,0.21,0.225,1,SRRM2,-0,Not sig
0.1445745315622832,0.16406439962789754,0.146,0.134,1,INF2,-0,Not sig
0.14479476053585294,0.1624549356825366,0.142,0.131,1,POLK,-0,Not sig
0.14481166774675974,0.19824238096532776,0.15,0.137,1,ZFYVE16,-0,Not sig
0.14573148995499824,0.10448557186755103,0.195,0.181,1,PCSK5,-0,Not sig
0.14639246026057937,-0.15966896588393586,0.108,0.12,1,KCMF1,-0,Not sig
0.14758237381230072,-0.15869442681886275,0.099,0.11,1,IWS1,-0,Not sig
0.14928076890695188,0.11336987357093342,0.197,0.183,1,RPS6KC1,-0,Not sig
0.15077641917263945,-0.10233080871144806,0.249,0.265,1,SOS1,-0,Not sig
0.1512520035519208,-0.12708793400026674,0.119,0.132,1,CDK19,-0,Not sig
0.15194744276392072,0.1421466368597636,0.155,0.142,1,HUWE1,-0,Not sig
0.15196673251564166,-0.15522378282043242,0.116,0.128,1,ZNF91,-0,Not sig
0.15354974049578907,0.12093942886343179,0.262,0.246,1,NR2F2,-0,Not sig
0.15456118489068757,0.12627044630249196,0.143,0.131,1,HECTD1,-0,Not sig
0.15596522114331074,0.13743113525224515,0.135,0.123,1,ITGA10,-0,Not sig
0.1586099409981945,-0.1690660568270459,0.272,0.284,1,EPB41L3,-0,Not sig
0.1589852413036343,0.11232240787800152,0.14,0.128,1,ELP4,-0,Not sig
0.16040578092408891,0.10014802231418463,0.156,0.142,1,RCSD1,-0,Not sig
0.16158204270014534,-0.11068135669017687,0.121,0.133,1,ZDHHC17,-0,Not sig
0.16227834080502757,0.3578917974570809,0.154,0.147,1,CREM,-0,Not sig
0.1645166717604955,-0.32469402069599196,0.097,0.106,1,AHCTF1,-0,Not sig
0.1684307259197034,-0.10594971529645791,0.268,0.281,1,ANKRD10,-0,Not sig
0.17108715211944855,-0.2062726253023158,0.105,0.116,1,RHOT1,-0,Not sig
0.1711877250189234,-0.1935745404694415,0.105,0.115,1,MICAL3,-0,Not sig
0.1719108838814411,0.13832314873873275,0.134,0.122,1,NCOA6,-0,Not sig
0.17263260105025047,0.35300601956670763,0.103,0.094,1,EEPD1,-0,Not sig
0.17307680418787094,-0.13032815625091707,0.089,0.1,1,ACTR2,-0,Not sig
0.17431609622342917,0.10859216995843401,0.154,0.142,1,OPHN1,-0,Not sig
0.174382738959264,-0.23640647020412942,0.091,0.1,1,PPM1E,-0,Not sig
0.17445855005163688,-0.14629077016075998,0.16,0.173,1,UBE3C,-0,Not sig
0.17571066018069417,-0.13031929371723663,0.091,0.102,1,ACIN1,-0,Not sig
0.17584136390636387,-0.10223147788684295,0.139,0.152,1,BTBD7,-0,Not sig
0.17624331762332132,0.1452127455887522,0.203,0.192,1,YWHAZ,-0,Not sig
0.17774719256330107,-0.10021143351062434,0.295,0.307,1,ATRX,-0,Not sig
0.17871156468872443,-0.14381466667864864,0.103,0.113,1,UBE2B,-0,Not sig
0.17907390424368028,-0.17685303638836347,0.119,0.129,1,MYO9B,-0,Not sig
0.17933434242665036,0.16676998540935317,0.14,0.129,1,MEF2C-AS1,-0,Not sig
0.18119306470943128,0.11407197943999242,0.118,0.107,1,PPHLN1,-0,Not sig
0.18229724297460737,-0.13915524976954358,0.12,0.131,1,ITPKB,-0,Not sig
0.1854001732186243,-0.1543980128093343,0.122,0.133,1,TAB2,-0,Not sig
0.18544941481756763,0.2626250135988808,0.235,0.227,1,MCC,-0,Not sig
0.18599275699412618,0.10156133996582906,0.618,0.622,1,CPM,-0,Not sig
0.1861206611138132,-0.15788513517260827,0.183,0.195,1,KLHL23,-0,Not sig
0.1862577408099151,-0.1240986694267982,0.103,0.115,1,STT3B,-0,Not sig
0.19001209059517496,-0.1078208141842778,0.208,0.221,1,LIMS1,-0,Not sig
0.19098413333796127,0.23551949622585644,0.183,0.172,1,FOXK2,-0,Not sig
0.191610212225676,-0.11903860953689116,0.18,0.193,1,CBFA2T2,-0,Not sig
0.1931634727660348,0.17150923645776084,0.501,0.534,1,SIK2,-0,Not sig
0.19344332482998977,0.13968759278208143,0.127,0.116,1,ITM2B,-0,Not sig
0.19358482859469614,0.15021123880604048,0.135,0.124,1,PAK2,-0,Not sig
0.19399466279841118,-0.1619103842160442,0.166,0.176,1,CEP170,-0,Not sig
0.19450067805878943,0.1801000814419869,0.112,0.103,1,INO80,-0,Not sig
0.19703496460583966,-0.15342742693080424,0.09,0.1,1,SYNRG,-0,Not sig
0.1997955980183017,-0.14411112694276035,0.116,0.127,1,TRPM7,-0,Not sig
0.2001491717471609,-0.19240329679856072,0.169,0.178,1,INPP4A,-0,Not sig
0.20068681569229221,0.20227013833553673,0.107,0.097,1,SECISBP2,-0,Not sig
0.20079330559917957,-0.15491091576743354,0.125,0.135,1,CLOCK,-0,Not sig
0.20198931043495333,0.1673900296537364,0.17,0.16,1,SMAD3,-0,Not sig
0.20234582286900996,0.12385463687875387,0.203,0.19,1,ENOX1,-0,Not sig
0.20305027266966408,0.22797483235927202,0.115,0.106,1,PSEN1,-0,Not sig
0.2033106560468438,-0.15843213987303129,0.144,0.155,1,SELENOW,-0,Not sig
0.20385273836631165,-0.14497510594991936,0.192,0.203,1,OSBPL9,-0,Not sig
0.20395237887091455,0.11233461907946729,0.127,0.115,1,REV1,-0,Not sig
0.20532771735378996,-0.14165967876208535,0.112,0.122,1,MSN,-0,Not sig
0.20545370319475914,-0.14875867392221265,0.129,0.14,1,STAT5B,-0,Not sig
0.20549411724662311,-0.1391572759120141,0.117,0.126,1,RIF1,-0,Not sig
0.2055200225207285,-0.11847444669383367,0.204,0.218,1,EVI5,-0,Not sig
0.20885419053900592,0.14695188908218593,0.107,0.097,1,TTC14,-0,Not sig
0.20912048866871874,0.16655189265570572,0.118,0.108,1,CAPZA1,-0,Not sig
0.20923733275298245,-0.2207670293601554,0.095,0.104,1,EXOC5,-0,Not sig
0.20947671071360996,-0.11082993457562124,0.092,0.102,1,RARS2,-0,Not sig
0.21065944475714707,-0.17494582709931905,0.133,0.142,1,IQSEC1,-0,Not sig
0.21111258597532206,0.14590638690543617,0.129,0.118,1,MAP3K2,-0,Not sig
0.21112471517025888,-0.11305902609697341,0.095,0.105,1,GNG12,-0,Not sig
0.21210842371920569,-0.14283735895184957,0.135,0.146,1,KHDRBS1,-0,Not sig
0.21570945698568583,0.17174322019066662,0.117,0.107,1,RALGAPB,-0,Not sig
0.215795730411046,0.1279436930291981,0.115,0.105,1,PKIG,-0,Not sig
0.21638457495145824,0.13065313400716405,0.143,0.133,1,CDC73,-0,Not sig
0.2177972658181563,0.21913146289185703,0.133,0.124,1,DUSP16,-0,Not sig
0.21910726737539998,0.11108825133488853,0.158,0.148,1,TAX1BP1,-0,Not sig
0.21971667995600894,0.14858928125812831,0.153,0.142,1,FAM120B,-0,Not sig
0.22087118002873174,0.11244471712789242,0.103,0.094,1,DYNC2H1,-0,Not sig
0.22435924685396288,-0.10892511530764193,0.142,0.153,1,TBC1D4,-0,Not sig
0.22745285114446334,-0.13662815752516222,0.236,0.246,1,L3MBTL4,-0,Not sig
0.22820104889916368,0.23737688205688828,0.119,0.11,1,COPA,-0,Not sig
0.22910196921216097,-0.15155650123624975,0.157,0.167,1,DCAF5,-0,Not sig
0.23363868336362398,0.11528822628246638,0.194,0.183,1,USP15,-0,Not sig
0.23462847145331306,0.10785395055975044,0.467,0.466,1,CDC42BPA,-0,Not sig
0.23678831078270707,0.18347862601440745,0.193,0.183,1,STK38,-0,Not sig
0.2387084424487348,-0.17639638356393972,0.108,0.117,1,AHNAK,-0,Not sig
0.2390429606275587,-0.11374152087020856,0.12,0.13,1,LMBR1,-0,Not sig
0.23936206781642927,-0.12306775805916909,0.118,0.128,1,TTC37,-0,Not sig
0.2411957676642912,-0.1321229066948737,0.179,0.189,1,TENT2,-0,Not sig
0.2413106653716728,-0.19819229294126342,0.102,0.11,1,OGT,-0,Not sig
0.24375673277546567,0.13093640217698033,0.521,0.512,1,NCOA2,-0,Not sig
0.24428628263793195,0.16581761697443437,0.106,0.097,1,VPS35L,-0,Not sig
0.24439134351859673,-0.12077175784961916,0.101,0.11,1,OGDH,-0,Not sig
0.2446217346453224,0.17852752788885234,0.135,0.126,1,PRKRIP1,-0,Not sig
0.24534431661746414,-0.12743499586438367,0.229,0.21,1,MT-CYB,-0,Not sig
0.24561913849124778,-0.16325943112657704,0.102,0.111,1,NAB1,-0,Not sig
0.24613361660089628,-0.17524860998278352,0.091,0.1,1,MSL2,-0,Not sig
0.246633172321921,-0.13465297073731497,0.124,0.134,1,CFDP1,-0,Not sig
0.24764033213994366,-0.1368983559178938,0.138,0.148,1,ARID5B,-0,Not sig
0.24948770696221562,0.11183823439491292,0.262,0.253,1,LRCH3,-0,Not sig
0.250889833989875,0.3050889676205295,0.106,0.099,1,B4GALT5,-0,Not sig
0.25187007525939387,-0.13944591478490542,0.214,0.225,1,ZNF148,-0,Not sig
0.25217200268796797,0.15967333199792133,0.21,0.199,1,WDR70,-0,Not sig
0.25430633242335454,0.15498257359783452,0.133,0.124,1,SLC22A3,-0,Not sig
0.2543567361469074,-0.16555848647654148,0.118,0.128,1,MBD2,-0,Not sig
0.2561633117723265,-0.15828239778924322,0.096,0.104,1,TSPAN14,-0,Not sig
0.25767386098723793,-0.11743208155522747,0.091,0.1,1,SNX14,-0,Not sig
0.2590282575187853,-0.10713260465510088,0.157,0.169,1,UVRAG,-0,Not sig
0.26001927184573215,0.2696071971499704,0.112,0.104,1,ARPC2,-0,Not sig
0.260461490911726,0.21369827541814845,0.238,0.233,1,APOLD1,-0,Not sig
0.26096828116876386,0.1151399647111524,0.139,0.129,1,JAZF1,-0,Not sig
0.2614599222241668,-0.10199498475752633,0.19,0.2,1,GOLGA4,-0,Not sig
0.2621979412546941,0.14264204470842545,0.175,0.164,1,DDX5,-0,Not sig
0.26500395185503395,-0.1524972332681771,0.184,0.195,1,UMAD1,-0,Not sig
0.26604787894902887,0.12820620875836958,0.1,0.092,1,LRPPRC,-0,Not sig
0.2668562206365125,0.1193587849260414,0.111,0.102,1,ZNF438,-0,Not sig
0.27083444490231323,-0.15410040737729483,0.094,0.101,1,STRN,-0,Not sig
0.27116664916092775,-0.1461782380745114,0.117,0.126,1,HNRNPH3,-0,Not sig
0.2711772046279343,-0.11095754976755567,0.152,0.162,1,ATE1,-0,Not sig
0.27185487630292215,0.12451296091899122,0.187,0.176,1,MAP2K4,-0,Not sig
0.2765098086799208,0.11796092264027114,0.311,0.301,1,GNB1,-0,Not sig
0.27681291715439266,-0.14617817856586757,0.183,0.191,1,NCOA3,-0,Not sig
0.2772435633944631,-0.14816883276412407,0.111,0.12,1,PCNX4,-0,Not sig
0.2797596378574537,-0.20790682241707872,0.102,0.109,1,RUSC2,-0,Not sig
0.2812180441121606,-0.23641254201478734,0.098,0.105,1,MLLT6,-0,Not sig
0.2812185348017289,-0.10626066839321224,0.109,0.118,1,TNPO1,-0,Not sig
0.2815690250022161,0.2218438336688374,0.112,0.104,1,ATP6V0A1,-0,Not sig
0.2823211302950369,-0.18488323345897162,0.104,0.112,1,CSPP1,-0,Not sig
0.28379645839458734,-0.12542993583966644,0.129,0.138,1,SPG11,-0,Not sig
0.28907658670934866,0.11894917272191735,0.122,0.113,1,C6orf62,-0,Not sig
0.2913077475154127,-0.11095847363485081,0.091,0.1,1,ARFGAP3,-0,Not sig
0.2944386305480595,0.17453295666803076,0.131,0.123,1,MDM4,-0,Not sig
0.2977294081310248,0.12137476753733789,0.15,0.141,1,NEURL1B,-0,Not sig
0.2980466056117568,0.14548418425343196,0.122,0.113,1,MORF4L1,-0,Not sig
0.29997093548882703,-0.18131871698041224,0.109,0.117,1,ZNF704,-0,Not sig
0.3013871346136078,-0.13671803203682864,0.134,0.143,1,HNRNPD,-0,Not sig
0.3016517273443946,-0.18134411455412114,0.106,0.114,1,ARIH2,-0,Not sig
0.30266212649552443,0.15405371575294946,0.133,0.125,1,WDFY2,-0,Not sig
0.3076488397989731,-0.14356314126711306,0.097,0.104,1,PIKFYVE,-0,Not sig
0.3131172704713789,0.128121699152966,0.112,0.105,1,STIM1,-0,Not sig
0.31621475919805947,-0.13105138245444203,0.109,0.117,1,TMEM51,-0,Not sig
0.3168057037152608,0.13242232089163644,0.11,0.103,1,KIAA0319L,-0,Not sig
0.3169648273882457,0.15523870238398385,0.183,0.176,1,ATP9B,-0,Not sig
0.3185922947838016,-0.11142755938568437,0.098,0.105,1,CLK1,-0,Not sig
0.3206836079296942,-0.11404450233749516,0.104,0.112,1,PABPC1,-0,Not sig
0.32160421651892324,0.10472836023484833,0.193,0.184,1,SMARCA2,-0,Not sig
0.32165065380802493,0.14082930500732876,0.105,0.097,1,CUL5,-0,Not sig
0.3220631683080436,-0.13336056096144033,0.149,0.157,1,PMEPA1,-0,Not sig
0.32383323632737354,-0.10599159559758742,0.152,0.16,1,ASCC3,-0,Not sig
0.3243729128844946,-0.1442094651698918,0.101,0.108,1,ARMH4,-0,Not sig
0.3243949450924212,-0.1450070395474956,0.101,0.108,1,EZH1,-0,Not sig
0.32861865471011376,-0.20962064851015294,0.111,0.117,1,LEMD3,-0,Not sig
0.32873388439513146,0.1276376904273584,0.198,0.188,1,PHLDB1,-0,Not sig
0.33267192281774377,0.1087650986344526,0.209,0.199,1,NBAS,-0,Not sig
0.33283908755231545,0.1631152666188483,0.135,0.128,1,FBXW4,-0,Not sig
0.3356465598028587,0.17681777635882256,0.129,0.122,1,SREBF2,-0,Not sig
0.3375746523292155,-0.10575143707561885,0.119,0.128,1,SEC31A,-0,Not sig
0.33812115801599646,0.1104433622631863,0.114,0.106,1,GAB2,-0,Not sig
0.3389822883507395,0.10743785087839153,0.113,0.105,1,STAU1,-0,Not sig
0.3402437688205225,0.11925514999882236,0.175,0.167,1,TRAPPC9,-0,Not sig
0.3421305932608118,0.17135704855702094,0.109,0.102,1,KIFAP3,-0,Not sig
0.34219556668970785,0.12716241216560498,0.246,0.238,1,SCAPER,-0,Not sig
0.3429570248915449,-0.19991469366871395,0.231,0.236,1,CHSY3,-0,Not sig
0.34345057742836516,-0.14366104504853605,0.121,0.128,1,HK1,-0,Not sig
0.3489153488813649,-0.14436442078851253,0.11,0.117,1,FRS2,-0,Not sig
0.35053020070846463,0.14824870298285805,0.1,0.093,1,UBAC2,-0,Not sig
0.3506219135738693,-0.12968318471656878,0.097,0.103,1,KPNA4,-0,Not sig
0.3534042461223385,0.1716297751635526,0.162,0.156,1,USP9X,-0,Not sig
0.35465054655101397,0.13777095282780116,0.135,0.147,1,C11orf96,-0,Not sig
0.3579466238759496,0.13772951194784827,0.116,0.109,1,YWHAQ,-0,Not sig
0.359899622225321,-0.12075730709424581,0.241,0.249,1,ELOVL5,-0,Not sig
0.363673347476458,0.1164458753599189,0.437,0.43,1,ROCK2,-0,Not sig
0.3643986382370606,0.15694436524047917,0.183,0.176,1,JPX,-0,Not sig
0.3651709707137093,0.1448708834463972,0.245,0.237,1,PIP5K1B,-0,Not sig
0.37324134520511726,0.1870727790319724,0.106,0.1,1,LMBRD1,-0,Not sig
0.37611298324265735,0.12111838089730198,0.144,0.137,1,LONP2,-0,Not sig
0.37874173617111256,0.10446789892906061,0.229,0.222,1,ANO10,-0,Not sig
0.3795821236305197,-0.18529202597757868,0.106,0.111,1,LINC01004,-0,Not sig
0.3828565595017449,-0.17429668912959423,0.114,0.119,1,RNF213,-0,Not sig
0.38502444678352526,0.21792748240811344,0.134,0.128,1,NFKB1,-0,Not sig
0.3904812367071522,-0.1210160579639479,0.096,0.103,1,CCNT2,-0,Not sig
0.39214996765917176,-0.10935498199874817,0.095,0.102,1,DYNC1LI2,-0,Not sig
0.3936101989139444,-0.16909110646782768,0.103,0.108,1,HIGD1B,-0,Not sig
0.40133153903920477,0.26026192237598633,0.215,0.214,1,LINGO1,-0,Not sig
0.404479708466663,-0.1339963141975345,0.117,0.123,1,DENND6A,-0,Not sig
0.4102705420768319,-0.17108896955935193,0.174,0.18,1,TLE1,-0,Not sig
0.41379846376646245,-0.11703451000742315,0.127,0.134,1,BCLAF1,-0,Not sig
0.4146793920708591,0.15610435365001019,0.136,0.129,1,TOM1L2,-0,Not sig
0.41843873440181883,0.1428354332620158,0.11,0.104,1,TIMM23B,-0,Not sig
0.4197110337606692,0.1224323789418105,0.104,0.098,1,ZNF420,-0,Not sig
0.4212153304544293,-0.12056511689613622,0.095,0.101,1,ZNF718,-0,Not sig
0.4226766778001096,-0.12042163441113823,0.123,0.129,1,FBXO42,-0,Not sig
0.4243366934897438,0.10393807873758076,0.108,0.102,1,MBOAT2,-0,Not sig
0.42443992654375606,0.11038387497536076,0.11,0.103,1,NDUFS2,-0,Not sig
0.42577811317261266,-0.21806737992832936,0.107,0.112,1,MBTD1,-0,Not sig
0.428417484172458,-0.1046314907177408,0.273,0.28,1,SGMS1,-0,Not sig
0.4300888939162427,-0.11464516577389894,0.258,0.263,1,MARK3,-0,Not sig
0.44196399320150226,0.11099538880002059,0.1,0.094,1,KIAA1468,-0,Not sig
0.4492185196839797,0.1238977392337367,0.124,0.118,1,RPTOR,-0,Not sig
0.45222809631446775,0.1191464252457003,0.148,0.142,1,MSRB3,-0,Not sig
0.4584903652403953,-0.10336660146001142,0.124,0.13,1,SLAIN2,-0,Not sig
0.45867693419480016,0.22698307390341982,0.116,0.112,1,GFAP,-0,Not sig
0.4696005696266451,0.23576619418753553,0.217,0.217,1,HIF3A,-0,Not sig
0.4758091639944308,0.15565139650226334,0.162,0.156,1,AIG1,-0,Not sig
0.4824264016385728,-0.13584533914042052,0.099,0.103,1,MCU,-0,Not sig
0.49578045787753594,-0.10883273864593801,0.184,0.189,1,CAMSAP2,-0,Not sig
0.5003158966509855,-0.1882934541804807,0.11,0.114,1,ZNF706,-0,Not sig
0.5045019977540961,-0.16924040567598936,0.103,0.108,1,NDFIP1,-0,Not sig
0.5157564450930177,-0.22654791788980044,0.199,0.199,1,PHACTR2,-0,Not sig
0.5163762577435259,0.10191152708398854,0.119,0.115,1,EML4,-0,Not sig
0.5273664380127051,0.15585924913310079,0.118,0.114,1,NUP153,-0,Not sig
0.5345197210606025,0.11079518930306931,0.165,0.161,1,RBM5,-0,Not sig
0.5354927868693687,-0.12412253558798828,0.107,0.111,1,RNF111,-0,Not sig
0.5398886894626109,-0.11567247539638784,0.101,0.106,1,TCAIM,-0,Not sig
0.5438356245120317,0.11772820677258328,0.123,0.118,1,PRKX,-0,Not sig
0.5470151254995435,-0.10550629178422788,0.136,0.14,1,TNRC18,-0,Not sig
0.5542167059377123,0.17677427586532746,0.184,0.183,1,RGS6,-0,Not sig
0.5593339263728301,-0.10218161547210469,0.326,0.325,1,MEF2C,-0,Not sig
0.5662156823350191,0.14827618386961194,0.148,0.145,1,ATL2,-0,Not sig
0.5760905102135506,-0.1015445407833675,0.134,0.137,1,LCORL,-0,Not sig
0.5798430645146218,0.11822981131483697,0.101,0.097,1,NR1H3,-0,Not sig
0.5827889929211847,-0.10533358707915719,0.204,0.207,1,EPS15,-0,Not sig
0.61315217818002,-0.11740295019687805,0.096,0.1,1,PRMT2,-0,Not sig
0.6189533778096846,0.3416570752624829,0.109,0.108,1,JUNB,-0,Not sig
0.6348448741819811,-0.15614987887064563,0.123,0.126,1,RREB1,-0,Not sig
0.6378879257447245,-0.10749782390193796,0.211,0.212,1,ARHGEF17,-0,Not sig
0.6506900424839053,0.10524870589764768,0.216,0.215,1,NHSL1,-0,Not sig
0.6571294056602189,-0.10457259727625762,0.124,0.127,1,CLTC,-0,Not sig
0.6735951519078504,0.10887299052356525,0.409,0.412,1,ANKRD44,-0,Not sig
0.6857390742687033,-0.10194505069950252,0.099,0.101,1,SERGEF,-0,Not sig
0.6873637075925907,0.11928630277645014,0.155,0.153,1,SEPT2,-0,Not sig
0.7079974257139112,0.2752763601686037,0.243,0.259,1,ANKH,-0,Not sig
0.7285789707974473,0.10767979763476099,0.296,0.297,1,JAK1,-0,Not sig
0.7431652414968899,-0.1005952414046839,0.165,0.167,1,TLE4,-0,Not sig
0.7500507573411259,-0.14236372470156006,0.117,0.118,1,MERTK,-0,Not sig
0.7506765417560324,0.11971296323592495,0.118,0.116,1,PSME4,-0,Not sig
0.8159621043675228,0.14519655018308447,0.114,0.114,1,SUSD6,-0,Not sig
0.8171929405617885,-0.11686512420757572,0.121,0.117,1,OSBPL1A,-0,Not sig
0.8179285237415176,-0.12323432237332987,0.174,0.173,1,PPARGC1B,-0,Not sig
0.8312905332445168,-0.10512665404416899,0.139,0.14,1,MARK1,-0,Not sig
0.8327270194251326,-0.16161646807689944,0.119,0.12,1,WWP1,-0,Not sig
0.8533427358302664,0.1281428471818093,0.112,0.115,1,AASS,-0,Not sig
0.8590347282320637,0.4571500276101248,0.297,0.317,1,ESYT2,-0,Not sig
0.8766324816083139,0.19712597929161985,0.112,0.113,1,PCGF5,-0,Not sig
0.9009569728197964,0.3314259683328177,0.101,0.102,1,FGFR1,-0,Not sig
0.9176285675523214,-0.11812935283017345,0.125,0.124,1,ATM,-0,Not sig
0.9284925782265538,0.14591994957146126,0.153,0.157,1,FOXK1,-0,Not sig
0.9436284488210268,-0.11471530657347206,0.305,0.3,1,REV3L,-0,Not sig
0.9673777581392053,0.10482862859876485,0.143,0.145,1,NEK1,-0,Not sig
0.9970747825879931,0.11724185272053367,0.343,0.351,1,HIVEP2,-0,Not sig
