p_val,avg_log2FC,pct.1,pct.2,p_val_adj,gene,neg_log10_pval,Significance,label
2.5006812010271834e-115,-1.7843244886389147,0.147,0.307,6.2977155366668584e-111,ELL2,110.20081696002941,Sig Down,ELL2
2.3056822760994793e-98,0.4602751797755973,0.928,0.886,5.806630244128928e-94,CTNND2,93.23607582818524,Sig Up,CTNND2
1.9261677121118738e-91,-1.0891849191866787,0.355,0.502,4.850860766182543e-87,CD44,86.31418119071024,Sig Down,CD44
2.3931104755080393e-90,-1.325859165704802,0.15,0.296,6.026809421519446e-86,GLUL,85.21991254148233,Sig Down,GLUL
3.0389174497181977e-87,-1.9103514929467456,0.058,0.169,7.65320970537031e-83,FLT1,82.11615638641739,Sig Down,FLT1
5.49191057684402e-85,-1.1499627891355826,0.248,0.398,1.383082759672398e-80,TPST1,79.85915183218737,Sig Down,NA
1.1496852961972293e-84,-0.4464298254761472,0.886,0.93,2.8953674499431024e-80,DTNA,79.53829631229716,Sig Down,NA
1.3214082665969377e-84,0.36056109202888464,0.926,0.873,3.327834578597728e-80,MIR99AHG,79.47783826993772,Sig Up,MIR99AHG
8.20074253249248e-81,-1.5258487225928263,0.107,0.232,2.065274999382906e-76,ZFYVE28,75.68502211216116,Sig Down,NA
4.1001619493792445e-75,-1.390111799320989,0.065,0.171,1.032584785331669e-70,OSMR,69.9860742783738,Sig Down,NA
1.5327167236524421e-71,-1.3848191198402249,0.064,0.166,3.8599937968463104e-67,YBX3,66.41341339325508,Sig Down,NA
1.7973785094318529e-71,-1.3762728356459206,0.086,0.197,4.526518038153178e-67,OSMR-AS1,66.34423574462856,Sig Down,NA
9.330041130982692e-71,0.32337760431820506,0.954,0.905,2.3496775584266812e-66,DPP10,65.62899173100652,Sig Up,DPP10
1.1560504990915084e-67,-0.9379507397141271,0.183,0.318,2.9113975769120544e-63,MT-ND4,62.53589848378517,Sig Down,NA
3.1650938731203834e-65,-0.763488025755497,0.383,0.519,7.970972410066374e-61,SAMD4A,60.09848869409132,Sig Down,NA
1.616639016187746e-63,-1.7255911703560591,0.062,0.154,4.07134369836722e-59,NAMPT,58.39026223340942,Sig Down,NA
1.92984242412454e-62,-1.4097059142933381,0.055,0.145,4.860115160915242e-58,EPAS1,57.313353439964565,Sig Down,NA
1.8356080149260768e-60,-0.5850075368722303,0.652,0.734,4.622795224789831e-56,NAV2,55.33509534400805,Sig Down,NA
7.755026380663175e-60,-1.6063716173998905,0.137,0.249,1.953025843706214e-55,ADAMTS9,54.70929200980752,Sig Down,NA
2.416839530600066e-59,0.3132879788156169,0.884,0.818,6.0865686738632055e-55,GPM6A,54.21562747353831,Sig Up,NA
2.7883584192213308e-59,-0.834323267221464,0.204,0.334,7.022201842966999e-55,MT-CO3,54.15352669152875,Sig Down,NA
6.544267133009309e-59,-0.4695683262224182,0.746,0.802,1.6481082347770642e-54,MACF1,53.78301427065898,Sig Down,NA
2.788420080435234e-58,-0.9555162424284048,0.169,0.289,7.022357130568093e-54,IRS2,53.15351708773152,Sig Down,NA
6.64253561342133e-58,-0.760869859710525,0.263,0.396,1.672856168884028e-53,CNN3,52.77654139779748,Sig Down,NA
7.583754892351775e-58,0.336589982453388,0.913,0.864,1.909892832089871e-53,CTNNA2,52.71899100120137,Sig Up,NA
4.4972689027115203e-57,-0.290237817043848,1,1,1.1325922004588692e-52,MALAT1,51.94592643344703,Sig Down,NA
2.3479533924335257e-56,-1.9844429984006569,0.032,0.102,5.913085823504591e-52,PDE10A,51.22818581753329,Sig Down,PDE10A
4.55804964257449e-56,-1.5619385880690893,0.038,0.111,1.1478992219859595e-51,PGK1,50.940096238468165,Sig Down,NA
2.7197913435483788e-55,-1.2148542385582621,0.062,0.149,6.849522519592237e-51,F3,50.16433970213296,Sig Down,NA
4.31919219684786e-55,-0.7843937727587604,0.246,0.371,1.087745362854165e-50,BCL6,49.96347275946355,Sig Down,NA
1.0955257024585557e-54,-1.3727785485616835,0.15,0.259,2.7589719290716265e-50,TACC1,49.5592527181911,Sig Down,NA
3.3039287977723187e-54,0.8710901471387349,0.331,0.21,8.320614284309808e-50,COL21A1,49.079844609954705,Sig Up,NA
6.404729239881043e-54,-1.7438739491639852,0.04,0.112,1.612967011771642e-49,MYOF,48.79237451466438,Sig Down,NA
1.1652973326488314e-53,-1.5011098781624583,0.04,0.113,2.9346848025428172e-49,VWF,48.53243853696059,Sig Down,NA
3.9060502640945745e-53,0.3743122312765843,0.825,0.761,9.836996985095777e-49,ANK2,48.00713746171623,Sig Up,NA
4.1396876103590336e-53,-0.9522511429613091,0.143,0.254,1.042538927792819e-48,MT-ATP6,47.98190771974991,Sig Down,NA
3.532471587853095e-52,-2.020889442959528,0.036,0.104,8.896176446849235e-48,PCBP3,47.05079661187566,Sig Down,PCBP3
5.491251965311729e-52,-0.6373605865017549,0.398,0.519,1.3829168949441058e-47,TRIO,46.85920391761421,Sig Down,NA
2.2367297410728183e-51,-0.36209510403186496,0.938,0.962,5.632980179917785e-47,NEAT1,46.24926177686113,Sig Down,NA
1.7263346901502759e-50,-1.395014766016906,0.056,0.134,4.347601283674455e-46,AL355974.2,45.36175029168786,Sig Down,NA
2.488595450118245e-50,-0.8106232685062302,0.224,0.345,6.2672787815777876e-46,WWTR1,45.20292098654974,Sig Down,NA
7.51447886388657e-49,-0.6643136902462765,0.286,0.407,1.8924463570811939e-44,FKBP5,43.7229764220809,Sig Down,NA
2.4076150898115197e-48,-1.2824618085867596,0.092,0.181,6.063337842181332e-44,BNIP3L,43.21728823270394,Sig Down,NA
7.628331686835057e-48,-1.5142998139428618,0.047,0.118,1.921119052012541e-43,RAPGEF4,42.71644572101544,Sig Down,NA
1.0320147178661622e-47,-1.4348039426484558,0.049,0.121,2.599025865474143e-43,ATP10A,42.585189398384024,Sig Down,NA
1.6763466442609776e-47,-1.513721115259127,0.056,0.131,4.221711388906846e-43,EMP1,42.37451145991739,Sig Down,NA
1.3656864699916263e-46,-0.9649254989502274,0.091,0.181,3.4393448060269113e-42,MT-ND2,41.46352428249487,Sig Down,NA
2.6112309667037342e-46,0.8217374717588377,0.258,0.153,6.576124066546685e-42,MBP,41.18203000189922,Sig Up,NA
2.9533588241741762e-46,0.3481661562701337,0.743,0.648,7.437738862800245e-42,CNTN1,41.12855907368285,Sig Up,NA
1.1967258924050118e-45,-0.7914251920152453,0.221,0.331,3.0138344874327816e-41,ARHGEF3,40.52088060177864,Sig Down,NA
1.3035330493546305e-45,-1.1621685625315787,0.048,0.119,3.2828176314947013e-41,PLSCR1,40.4837532427155,Sig Down,NA
1.896052798266729e-44,-0.8508405107698485,0.222,0.326,4.77501936715493e-40,ATP9A,39.32102486260768,Sig Down,NA
9.514865999105015e-44,-1.3442580898728842,0.043,0.109,2.396223853214607e-39,BACE2,38.620472612962736,Sig Down,NA
1.895034310921907e-43,-1.3137928300390564,0.061,0.133,4.772454408625731e-39,CLDN5,38.321258211740336,Sig Down,NA
2.657977011532264e-43,-0.6151407245625569,0.272,0.387,6.693849305842853e-39,DENND4A,38.17432406884971,Sig Down,NA
7.0326713237507025e-43,-0.9908464664181541,0.1,0.186,1.771107946173377e-38,ARID5B,37.75175496845489,Sig Down,NA
9.682845340244661e-43,-0.8636146692618709,0.134,0.229,2.4385277704872154e-38,ITGAV,37.612872294203775,Sig Down,NA
2.5814756774652968e-42,-0.9647820321970998,0.077,0.156,6.501188346128604e-38,MT-ND1,37.187007251819395,Sig Down,NA
3.663867713861337e-42,-1.425414566359671,0.04,0.103,9.22708445058839e-38,SVIL,37.03493550450458,Sig Down,NA
3.7612618348133777e-42,-0.8879986777953509,0.101,0.188,9.47236180479401e-38,HIF1A,37.02354172206281,Sig Down,NA
5.1966760762250844e-42,0.3231116721282552,0.768,0.676,1.3087309030365253e-37,CDH20,36.88314964247938,Sig Up,NA
2.2268923840279257e-41,-0.7770882826992077,0.163,0.262,5.608205779935928e-37,MT-CO2,36.2511760593333,Sig Down,NA
1.8626403674805946e-40,-1.3101472763559812,0.066,0.138,4.69087350146313e-36,ELOVL7,35.32874627849119,Sig Down,NA
2.311159809929738e-40,-0.8026259607098918,0.091,0.174,5.8204248653270525e-36,MT-CYB,35.23504531261257,Sig Down,NA
4.731472360182336e-40,0.7402022625169045,0.372,0.275,1.1915739991883195e-35,SLC44A1,34.923878981902305,Sig Up,NA
1.276997661249268e-39,-1.180109019925889,0.063,0.134,3.2159909100901563e-35,SYNE2,34.49268518744326,Sig Down,NA
2.5028290838341906e-39,-1.0973592837031738,0.065,0.136,6.303124764728026e-35,ARHGAP29,34.200444096317725,Sig Down,NA
1.1540174973391934e-38,0.2818577051380524,0.884,0.83,2.9062776652990245e-34,WWOX,33.53666289563108,Sig Up,NA
1.2047455945653672e-38,-0.7947813001462851,0.246,0.35,3.034031305353421e-34,LINC00511,33.51797994244444,Sig Down,NA
3.8965903305413074e-38,-0.8558560526441521,0.137,0.226,9.813173088435229e-34,MT2A,33.0081905408385,Sig Down,NA
1.41953794937503e-37,-1.0962821254454254,0.06,0.128,3.5749643717060755e-33,IFITM3,32.44672828204431,Sig Down,NA
1.8303536302419609e-37,-0.8144050586699512,0.133,0.221,4.609562582401354e-33,ESYT2,32.33634028438529,Sig Down,NA
3.495044203898601e-37,-1.1017367380925818,0.054,0.118,8.801919323098237e-33,MECOM,32.055422616424494,Sig Down,NA
4.935480921310451e-37,-1.1629472415494124,0.111,0.19,1.242951515222824e-32,CALD1,31.90554581189083,Sig Down,NA
8.23264809438454e-37,-0.5708548259370039,0.316,0.421,2.0733100960898028e-32,ADAMTS9-AS2,31.683335737486974,Sig Down,NA
2.9690917856558492e-36,-0.7380596012550146,0.157,0.247,7.477360752995691e-32,CPNE8,31.12625166586183,Sig Down,NA
3.872082833939272e-36,-1.1480921944681317,0.185,0.275,9.751453408992663e-32,PLOD2,31.010930649894913,Sig Down,NA
4.213848765181031e-35,-0.7924641297573682,0.09,0.165,1.0612156730231909e-30,EBF1,29.97419634457623,Sig Down,NA
4.3868998555821176e-35,0.32309614766425643,0.775,0.707,1.1047968596298005e-30,TRPS1,29.956717568903887,Sig Up,NA
4.5819526169636435e-35,-0.45593473050931754,0.555,0.638,1.153918947056124e-30,LPP,29.93782469558455,Sig Down,NA
7.92501561719755e-35,-1.1601134856270874,0.059,0.122,1.995835933035031e-30,UGCG,29.699875162600826,Sig Down,NA
1.1243022740697716e-34,-1.4535691729093814,0.066,0.131,2.831442847017313e-30,AFF3,29.547992200230464,Sig Down,NA
1.1841567122841324e-34,-1.237006018111877,0.052,0.112,2.9821802642163592e-30,TIPARP,29.52546610823773,Sig Down,NA
2.3841566413610494e-34,-1.210218152626864,0.066,0.131,6.004260085603667e-30,SORBS2,29.22154050375454,Sig Down,NA
2.8094005122125484e-34,0.6354172537045648,0.273,0.181,7.075194249956082e-30,IL1RAPL1,29.15026163205442,Sig Up,NA
3.2715006867322878e-34,-1.0403456467287715,0.089,0.161,8.238947329466594e-30,BSG,29.084128273522346,Sig Down,NA
3.801890084987102e-34,0.5325753311955852,0.529,0.444,9.574679990031517e-30,PLXDC2,29.018875732334372,Sig Up,NA
6.20776561599633e-34,0.20124429284432122,0.975,0.959,1.5633636927325158e-29,NRG3,28.80593997823602,Not sig,NA
7.74925008877331e-34,-0.7566481881306555,0.175,0.264,1.9515711423566705e-29,MKL2,28.709615612371575,Sig Down,NA
9.439610325123663e-34,-0.7391749879839062,0.219,0.311,2.3772714642791433e-29,MAPRE2,28.62392122268626,Sig Down,NA
2.9221154158266605e-33,0.7567211262779394,0.3,0.212,7.359055463217861e-29,ADAMTSL3,28.133177923901144,Sig Up,NA
7.725021717260549e-33,-1.3482285394557312,0.046,0.102,1.9454694692748966e-28,THSD4,27.710975580295592,Sig Down,NA
1.0412741358587499e-32,-1.1676826812713705,0.052,0.11,2.6223447837466755e-28,IFI16,27.58131020820867,Sig Down,NA
1.794449895410976e-32,-1.145243411311563,0.076,0.142,4.519142616603001e-28,LRAT,27.34494395284309,Sig Down,NA
2.172780056796866e-32,-0.4966579230099297,0.41,0.503,5.471929295037227e-28,NTRK3,27.261859522942466,Sig Down,NA
4.2208985520762506e-32,-0.6881543234583046,0.145,0.229,1.0629910913548829e-27,MRVI1,26.973470375167793,Sig Down,NA
5.133858053651422e-32,-0.7321357622868061,0.15,0.234,1.2929108122315741e-27,RBPMS,26.88843143265373,Sig Down,NA
5.681193138509751e-32,0.3031320554992747,0.753,0.687,1.4307516800022958e-27,NCAM2,26.844435735466543,Sig Up,NA
1.7379240147352928e-31,-0.6373623129134365,0.311,0.404,4.376787838709362e-27,HSPB1,26.358844504954394,Sig Down,NA
1.7727864155291936e-31,-1.4093510553831607,0.062,0.122,4.464585308868721e-27,ATP1B3,26.35021887416265,Sig Down,NA
1.8951194253602083e-31,0.5211546896885952,0.571,0.493,4.772668760827149e-27,DCLK1,26.321238706077263,Sig Up,NA
5.814118121095235e-30,0.382785596689597,0.613,0.539,1.464227507616624e-25,GPM6B,24.83439143856038,Sig Up,NA
1.5816633540440099e-29,0.6665885219366707,0.347,0.258,3.9832609908244344e-25,FLRT2,24.399761236859202,Sig Up,NA
2.706328810188041e-29,0.24659926350858274,0.9,0.867,6.815618475577562e-25,LRP1B,24.166494728480338,Not sig,NA
2.769454144595119e-29,-0.7436569309938474,0.106,0.178,6.9745933177483485e-25,MT-CO1,24.156481110636008,Sig Down,NA
5.158150362008474e-29,-0.7151145613050023,0.097,0.166,1.2990285871682142e-24,COBLL1,23.886381291488327,Sig Down,NA
8.364566044757841e-29,-0.6338325667253549,0.139,0.218,2.1065323127118145e-24,ECE1,23.67643187471667,Sig Down,NA
8.831167091839142e-29,0.39322159106588206,0.579,0.503,2.2240411204087695e-24,FUT9,23.652857187323107,Sig Up,NA
1.0102965466661774e-28,0.21273932528570683,0.954,0.918,2.544330823124101e-24,PCDH9,23.594426420808087,Not sig,NA
1.5095585652250599e-28,-0.9463914840917487,0.089,0.154,3.801672290662791e-24,NXN,23.420025322633865,Sig Down,NA
1.601019206579645e-28,-0.5004595114042854,0.391,0.48,4.0320067698501775e-24,PTPRG,23.394478747369547,Sig Down,NA
3.962578712715299e-28,-1.1855201443776218,0.072,0.131,9.979358230102209e-24,COL4A2,23.000897387178277,Sig Down,NA
6.517728641210659e-28,-0.8615301546802151,0.048,0.1,1.6414247810024922e-23,ABCB1,22.784779014210326,Sig Down,NA
7.501369404036698e-28,-0.3736658400547177,0.612,0.685,1.889144870712602e-23,ERBIN,22.72373473655217,Sig Down,NA
7.559393825711165e-28,0.7689915805194286,0.156,0.089,1.9037577410670998e-23,SLC24A2,22.720388317722406,Sig Up,NA
1.230709714121506e-27,-0.7458139017287573,0.213,0.298,3.099419344043601e-23,MT-ND3,22.508719660777988,Sig Down,NA
1.8680538136241475e-27,-0.6426807218825425,0.121,0.195,4.7045067242310535e-23,SDC4,22.3274859063866,Sig Down,NA
5.3537047397651706e-27,-1.2195110078110614,0.054,0.106,1.3482770016624606e-22,GRK5,21.870220873427648,Sig Down,NA
5.505874723023299e-27,0.3793111189915792,0.59,0.525,1.3865994902461876e-22,SOX6,21.858048963796346,Sig Up,NA
1.1466546183945122e-26,-0.8905641859151328,0.081,0.142,2.8877349909647392e-22,GAPDH,21.539442664718234,Sig Down,NA
1.3421416928318124e-26,0.877692109294658,0.201,0.131,3.3800496392276366e-22,TTLL7,21.471076921650052,Sig Up,NA
1.5714180384915043e-26,-0.9568674298439734,0.061,0.116,3.9574591881370044e-22,AC098829.1,21.402583555166373,Sig Down,NA
3.298487008650344e-26,0.47688387904485285,0.513,0.435,8.306909682585026e-22,LINC00609,21.08056051140405,Sig Up,NA
3.9835844451126035e-26,-0.9359349064563973,0.064,0.119,1.003225906657158e-21,SLC7A5,20.998601261428654,Sig Down,NA
5.035958587491698e-26,-0.6325500405915969,0.165,0.241,1.2682558106739092e-21,PAM,20.89679313923107,Sig Down,NA
1.0249599905293767e-25,-0.63501233544206,0.241,0.319,2.5812592401491823e-21,CACNA1C,20.58816837635018,Sig Down,NA
1.0584413722510857e-25,0.9462351125712806,0.152,0.09,2.665578751877134e-21,PLP1,20.57420848215029,Sig Up,PLP1
1.0904114608684553e-25,0.1986810988496428,0.851,0.798,2.746092223051118e-21,ERBB4,20.56128488177892,Not sig,NA
2.3185114058324683e-25,-0.4894483256521771,0.275,0.363,5.838939124448488e-21,TMTC1,20.233666052588056,Sig Down,NA
2.4104473559299887e-25,-0.9376638999209583,0.104,0.167,6.070470621174083e-21,CADPS,20.216777638371852,Sig Down,NA
3.7903460367888327e-25,-0.6136030999388525,0.161,0.236,9.545607459048996e-21,CRIM1,20.020196428955124,Sig Down,NA
4.741541033874064e-25,0.27555157995292845,0.761,0.713,1.1941096939708444e-20,MAML2,19.92295577597212,Sig Up,NA
5.0861156965375635e-25,0.171092824242991,0.919,0.887,1.28088737701602e-20,PPP2R2B,19.892489054244937,Not sig,NA
1.0272123292265561e-24,0.7033814192458605,0.185,0.118,2.586931529924159e-20,SHTN1,19.5872150658987,Sig Up,NA
1.0552115820456542e-24,-1.187240240213228,0.056,0.105,2.6574448482237753e-20,IGFBP5,19.575535739922493,Sig Down,NA
1.1771551738672875e-24,0.49702014648738824,0.37,0.291,2.964547589867377e-20,STK33,19.52804157353595,Sig Up,NA
2.734643784130728e-24,1.0930368131414414,0.108,0.056,6.886926905954825e-20,MOBP,19.16197452635241,Sig Up,MOBP
3.7490418765134766e-24,-0.5629455425726775,0.177,0.254,9.44158706181154e-20,P4HA1,19.024954997835955,Sig Down,NA
5.1211610327405904e-24,-0.9074234386287583,0.102,0.162,1.2897131944853902e-19,PFKP,18.8895068570658,Sig Down,NA
1.2437061046257045e-23,-0.7722360750380839,0.172,0.243,3.132149453889374e-19,LYST,18.50415752329006,Sig Down,NA
2.0030619544342336e-23,0.4296264580134297,0.373,0.293,5.044511226047174e-19,SGCD,18.297180907150366,Sig Up,NA
2.2188893247557523e-23,0.4948318259540345,0.487,0.412,5.588050875464887e-19,AQP4-AS1,18.252739648579137,Sig Up,NA
2.6270903840028382e-23,-0.3826704104156593,0.464,0.542,6.616064423072748e-19,MIR4300HG,18.1794002745485,Sig Down,NA
2.676937805988339e-23,-0.9174489241334266,0.059,0.109,6.741600170601034e-19,AKAP12,18.171237008096682,Sig Down,NA
3.885448535897885e-23,-0.6071493673882837,0.182,0.256,9.785113592805233e-19,BOC,18.009434128366518,Sig Down,NA
6.055930114397174e-23,-0.4009816025699453,0.418,0.501,1.5251254400097844e-18,AHCYL1,17.816694434570557,Sig Down,NA
6.174056591294897e-23,-0.6897570991614723,0.182,0.253,1.5548744119517069e-18,MAN1C1,17.80830468342107,Sig Down,NA
6.715722602332042e-23,-0.6345337742160885,0.094,0.154,1.6912875801713015e-18,IL6ST,17.771782540325024,Sig Down,NA
7.670843455659977e-23,-0.5299633624324924,0.175,0.248,1.931825215873409e-18,HIVEP2,17.714032169439946,Sig Down,NA
9.397904696438883e-23,0.5930344052312075,0.312,0.242,2.366768318751168e-18,CDH4,17.62584425276482,Sig Up,NA
1.0691103600699281e-22,-0.9807414064548536,0.053,0.1,2.692447530800107e-18,RNMT,17.56985275128198,Sig Down,NA
1.073572995290215e-22,0.3734983320423644,0.529,0.459,2.7036862313388777e-18,ADD3,17.56804371062423,Sig Up,NA
1.0739321909310405e-22,-0.8633041216963259,0.078,0.132,2.7045908296407324e-18,RBMS1,17.567898428845922,Sig Down,NA
1.519179320689487e-22,-0.7249808196261293,0.062,0.112,3.825901201224404e-18,MYH9,17.41726624923739,Sig Down,NA
2.0072399121153113e-22,-0.6054793891621949,0.125,0.19,5.0550329946712e-18,RBMS3,17.296276005383195,Sig Down,NA
2.0101444897566024e-22,-0.800628630327463,0.062,0.111,5.062347883003028e-18,AF165147.1,17.29564801356788,Sig Down,NA
2.178025282361185e-22,-0.8644618779237256,0.063,0.113,5.4851388710984075e-18,SLC44A3,17.260812372612833,Sig Down,NA
2.180850255280925e-22,-0.6890391409970305,0.072,0.126,5.4922532828994816e-18,KLF9,17.26024944287935,Sig Down,NA
2.775784595631007e-22,0.6638963400167265,0.221,0.154,6.99053592563713e-18,KCNJ3,17.155489528027584,Sig Up,NA
3.886543168496645e-22,0.9829013755611877,0.116,0.065,9.78787031554195e-18,KIRREL3,17.009311793469987,Sig Up,KIRREL3
4.792666348138385e-22,0.5713503188586662,0.341,0.269,1.2069850931151708e-17,NKAIN2,16.918298093629083,Sig Up,NA
4.804633800943943e-22,-1.4319633654627433,0.062,0.11,1.2099989764297226e-17,FBXO32,16.917214997064633,Sig Down,NA
6.3322268492417545e-22,0.49118528673805306,0.338,0.264,1.5947080097130435e-17,FAM171A1,16.79731882444322,Sig Up,NA
9.843381861740879e-22,-0.4983340965169878,0.207,0.281,2.478957288060823e-17,ETV6,16.605730955974938,Sig Down,NA
9.909740957918389e-22,0.1925038998369919,0.791,0.718,2.495669162842167e-17,CADM2,16.60281298720881,Not sig,NA
1.0680181340214518e-21,0.33775171649031854,0.515,0.44,2.6896968687196242e-17,NCKAP5,16.57029666262232,Sig Up,NA
1.5479060550494783e-21,0.8137014245401702,0.114,0.063,3.8982466090366064e-17,CERCAM,16.409130690216852,Sig Up,NA
1.6241507565772458e-21,0.19840163408843203,0.78,0.725,4.090261265364136e-17,NTRK2,16.3882489505545,Not sig,NA
1.6313438658349678e-21,-0.3986303633659187,0.275,0.356,4.108376391718783e-17,DGKG,16.386329775065438,Sig Down,NA
2.149032606195361e-21,-0.30623858484999644,0.762,0.794,5.412123715442397e-17,DST,16.266632284446946,Sig Down,NA
2.252925707615034e-21,-0.4741185657722693,0.21,0.285,5.673768102057701e-17,ELF2,16.24612841863795,Sig Down,NA
2.6598755219418825e-21,0.3542570005422987,0.516,0.451,6.698630514458437e-17,ZHX3,16.174013976524062,Sig Up,NA
2.896720153038352e-21,-0.6411276452734852,0.091,0.147,7.295100033411786e-17,CRISPLD1,16.136968748505158,Sig Down,NA
3.4676326767501094e-21,0.49249312979007276,0.36,0.289,8.732886133127475e-17,DAAM2,16.0588422025092,Sig Up,NA
3.721372349122197e-21,-0.5787763178707829,0.179,0.249,9.371904124029341e-17,CLIC4,16.02817216294938,Sig Down,NA
3.947917193125527e-21,0.6431600266249042,0.172,0.111,9.942434659167327e-17,ST18,16.0025072544789,Sig Up,NA
4.380633523852767e-21,0.3428950253742751,0.56,0.49,1.1032187466470809e-16,NKAIN3,15.957338366940792,Sig Up,NA
5.0079109817997485e-21,-0.8662842548752085,0.11,0.166,1.2611923016564487e-16,ANGPTL4,15.899218688858424,Sig Down,NA
6.20866956266715e-21,0.7683306966246751,0.164,0.106,1.563591342662095e-16,RHPN1,15.805876742847419,Sig Up,NA
6.318198303046619e-21,-0.4155997249225032,0.333,0.41,1.5911750606392604e-16,TENM4,15.798282036766246,Sig Down,NA
6.492837045874704e-21,-0.6889880999091607,0.055,0.101,1.6351560816330856e-16,PMP2,15.786440786027127,Sig Down,NA
6.796951893942255e-21,0.2054447416798002,0.778,0.726,1.7117443649704175e-16,NAV3,15.766561093147386,Not sig,NA
7.62699310906224e-21,0.32537204867256,0.545,0.472,1.9207819445862346e-16,PBX1,15.716521935314326,Sig Up,NA
9.187795531596702e-21,0.26430378182907965,0.721,0.667,2.3138544266773133e-16,PARD3B,15.635663967631231,Sig Up,NA
9.766995456984106e-21,0.3407039812429695,0.475,0.4,2.459720135886877e-16,MGAT4C,15.609114303609745,Sig Up,NA
9.781964091795813e-21,-0.2496873847341563,0.821,0.842,2.463489836877858e-16,PITPNC1,15.608449225066348,Not sig,NA
3.813705074795383e-20,-0.7095295569604387,0.085,0.138,9.604434860364692e-16,SLC24A4,15.017528184601968,Sig Down,NA
4.747606330664278e-20,-0.4414359338331453,0.268,0.348,1.1956371783144917e-15,RTN4,14.92240058904444,Sig Down,NA
5.228554242929606e-20,0.20580154872231304,0.742,0.682,1.316759100539392e-15,ADGRV1,14.880493671413328,Not sig,NA
5.405787570221391e-20,-0.8240394814502272,0.112,0.167,1.361393541684555e-15,DNAJB1,14.866016313976324,Sig Down,NA
5.449879802923252e-20,-0.5210755489222064,0.161,0.227,1.3724977295681917e-15,CADPS2,14.862488365301784,Sig Down,NA
5.528686346718314e-20,-0.41738042118199115,0.129,0.193,1.3923443695575402e-15,TTTY14,14.856253337066024,Sig Down,NA
5.664919882641757e-20,0.39065636781511914,0.489,0.425,1.4266534232445e-15,BICD1,14.845681517182095,Sig Up,NA
5.855945351131893e-20,-0.6343032404773394,0.096,0.151,1.474761277229056e-15,DPY19L3,14.831278274175851,Sig Down,NA
7.249312516979108e-20,-0.7635710684391419,0.065,0.111,1.8256668642760183e-15,SCARA3,14.738578466783038,Sig Down,NA
9.8668808245964075e-20,-0.4549643721523082,0.251,0.326,2.4848752668663592e-15,TSC22D2,14.604695406637383,Sig Down,NA
2.7400979873444247e-19,0.6431920118370238,0.4,0.339,6.900662771328199e-15,HMGB1,14.161109195623974,Sig Up,NA
3.766498899717043e-19,0.8181004201257123,0.146,0.094,9.485550829047402e-15,ABCA2,14.022937444420045,Sig Up,NA
3.9183388907031164e-19,0.6008928086980581,0.219,0.157,9.867944662346728e-15,LINC00499,14.005773294620571,Sig Up,NA
4.103448681898326e-19,0.2731141754505422,0.619,0.56,1.0334125160492744e-14,NCAM1,13.985726282854012,Sig Up,NA
4.412391906687485e-19,-0.45301535184359465,0.189,0.257,1.111216777780176e-14,RGS20,13.954201209996915,Sig Down,NA
5.105863725142304e-19,0.12786486621875248,0.975,0.963,1.285860720539838e-14,NPAS3,13.890806069962965,Not sig,NA
5.228352241026401e-19,-0.9425166847120325,0.141,0.194,1.3167082283800889e-14,HSPA1B,13.88051045043149,Sig Down,NA
5.619637051303976e-19,0.5883029263301423,0.301,0.237,1.4152493950003932e-14,PTPRD,13.849167022098234,Sig Up,NA
6.675526042065615e-19,-0.9568967414425684,0.081,0.13,1.6811644784338044e-14,GBE1,13.774389794840264,Sig Down,NA
7.356974941893033e-19,-0.7763022637153913,0.06,0.105,1.8527805693663413e-14,EGFL7,13.732176012497794,Sig Down,NA
8.541943252005505e-19,-0.6041534058238345,0.101,0.156,2.1512029885850664e-14,GYG2,13.667318607435414,Sig Down,NA
9.2870398089644e-19,0.49189352780448403,0.31,0.244,2.3388481054895944e-14,CAMK2G,13.630997982162517,Sig Up,NA
1.1925215582763696e-18,-0.42233787246537147,0.205,0.276,3.003246292363209e-14,PPFIA1,13.522409050409014,Sig Down,NA
1.4786472869040913e-18,-0.32287093701345837,0.605,0.684,3.7238253273392633e-14,FYN,13.429010698569273,Sig Down,NA
4.0367292591399214e-18,-0.5374012017672287,0.151,0.211,1.0166098966217978e-13,PTPN9,12.992845666788227,Sig Down,NA
5.92728268322703e-18,-0.7562586470266071,0.082,0.131,1.4927268709438952e-13,CHSY1,12.826019649269785,Sig Down,NA
7.423054344719848e-18,-0.35794692036907816,0.281,0.357,1.8694220061742464e-13,MYO9A,12.72829264925527,Sig Down,NA
9.425317040469182e-18,-0.7402350893612093,0.087,0.136,2.3736718434717587e-13,ALPK1,12.624579321784255,Sig Down,NA
1.0034482537714078e-17,0.44205576837085236,0.362,0.299,2.5270840822979134e-13,LGI1,12.597380307794962,Sig Up,NA
1.0112291036089973e-17,0.19839958423597626,0.761,0.731,2.5466793745288987e-13,MAPK10,12.594025729020672,Not sig,NA
1.0413029316445361e-17,0.36984815248038583,0.465,0.407,2.6224173030536e-13,MTSS1L,12.581298198232123,Sig Up,NA
1.0421850239514176e-17,-0.43257074844263044,0.181,0.247,2.62463876431925e-13,STAT3,12.580930461194558,Sig Down,NA
1.5928039306015984e-17,0.35193578863902264,0.478,0.423,4.0113174188270654e-13,PHLPP1,12.396712970581135,Sig Up,NA
1.8653149642722818e-17,-0.3371172795276087,0.314,0.392,4.697609206023315e-13,MAPK4,12.328123115001352,Sig Down,NA
2.2441440277345523e-17,-0.4930896212491142,0.142,0.201,5.651652319446696e-13,MYO1E,12.247824563099165,Sig Down,NA
2.919657435731784e-17,-0.7871816367110541,0.066,0.11,7.352865286146925e-13,RASL12,12.133543390783185,Sig Down,NA
3.165171987082568e-17,-0.6527687760430485,0.074,0.12,7.971169132268738e-13,PKM,12.098477975911868,Sig Down,NA
3.1896731310174077e-17,0.4396631679078751,0.348,0.288,8.03287281315424e-13,CPQ,12.09512910929485,Sig Up,NA
3.6325819898928994e-17,0.41780427868732106,0.368,0.306,9.148294483346279e-13,PPP1R9A,12.038659863912923,Sig Up,NA
3.9032329401932324e-17,-0.4986247379993307,0.176,0.238,9.829901836582636e-13,SH3PXD2B,12.007450819100047,Sig Down,NA
4.3429222492697215e-17,0.8508442004753408,0.101,0.059,1.0937215392560867e-12,SEMA3A,11.961093235002638,Sig Up,NA
4.9200410030685743e-17,0.5085073332235426,0.271,0.21,1.2390631262127897e-12,SPON1,11.906906567177202,Sig Up,NA
7.978304473370487e-17,-0.6350326193636766,0.4,0.458,2.0092561985736237e-12,FAM189A2,11.696964683195603,Sig Down,NA
8.03157017110461e-17,-0.34768413925943076,0.358,0.428,2.022670631890985e-12,ZBTB16,11.694074831217353,Sig Down,NA
8.268144187050214e-17,0.830542296609964,0.148,0.1,2.082249432066726e-12,CDH10,11.681467247696904,Sig Up,NA
1.1622292954425763e-16,-0.7876223080653971,0.108,0.158,2.9269582576425843e-12,DGKD,11.533583471144874,Sig Down,NA
1.224699528909028e-16,-0.6158934835829757,0.07,0.114,3.084283293604496e-12,EGLN1,11.510845738533307,Sig Down,NA
1.5106331938275655e-16,0.46248650931345003,0.387,0.33,3.804378635335341e-12,FUT8,11.419716265905624,Sig Up,NA
1.9332882278007746e-16,-0.6295350457659563,0.076,0.121,4.868793072893471e-12,FLNA,11.312578682880725,Sig Down,NA
2.393323445106711e-16,-0.652357723101904,0.095,0.144,6.0273457641567415e-12,RHOQ,11.21987389412059,Sig Down,NA
2.9592230374476203e-16,-0.5737639936467589,0.087,0.135,7.452507297508087e-12,STOM,11.127697590033213,Sig Down,NA
3.0233409838310353e-16,-0.4781678110076304,0.197,0.26,7.61398193368008e-12,MGAT5,11.118388158006596,Sig Down,NA
3.8915256485018713e-16,-0.5656875271658564,0.065,0.108,9.800418193187113e-12,LRP2BP,11.008755392152551,Sig Down,NA
4.0294062582798257e-16,-0.6156606759837868,0.084,0.13,1.0147656720851913e-11,TERF2IP,10.993634232696008,Sig Down,NA
4.782772936951771e-16,-0.510341862586686,0.137,0.193,1.204493536441934e-11,SDK1,10.919195526172183,Sig Down,NA
4.815863037247452e-16,0.5430831659825345,0.243,0.185,1.2128269473003982e-11,SYNPO2,10.916201162195323,Sig Up,NA
5.85778321112415e-16,-0.5781530537468251,0.131,0.185,1.475224123889506e-11,SEC14L1,10.831141994347366,Sig Down,NA
7.476680028764193e-16,-0.4044811250136904,0.225,0.291,1.8829270984439744e-11,WSB1,10.725166494299003,Sig Down,NA
8.069587289065869e-16,-0.5268757948163708,0.193,0.252,2.0322448628783483e-11,PLEKHG1,10.692023965585912,Sig Down,NA
8.131881580267591e-16,-0.7000946067256363,0.061,0.101,2.04793305717459e-11,AK4,10.688684243680015,Sig Down,NA
8.551764578429563e-16,-0.678835795786288,0.068,0.109,2.153676391431701e-11,RBMS2,10.666819552650741,Sig Down,NA
9.433300489389236e-16,0.8850037101861963,0.114,0.072,2.3756823952477853e-11,KCNN2,10.62421162059787,Sig Up,KCNN2
9.728019998813346e-16,0.15324716901994329,0.616,0.552,2.449904556501153e-11,PDE4B,10.610850834571096,Not sig,NA
1.0291214052136878e-15,0.48591421355076636,0.189,0.134,2.5917393468901515e-11,SGK1,10.586408677916962,Sig Up,NA
1.1548772210662365e-15,0.28099690983978975,0.57,0.529,2.90844279353321e-11,ZSWIM6,10.536339473965386,Sig Up,NA
1.267573065256729e-15,0.14677988180052193,0.943,0.932,3.192256007542546e-11,ZBTB20,10.495902287056676,Not sig,NA
1.352788825986451e-15,0.4324625477330968,0.279,0.22,3.4068633793642786e-11,CTNNA3,10.467645281981838,Sig Up,NA
1.3698438796171945e-15,-0.7511483355429063,0.137,0.188,3.4498148264279424e-11,CABLES1,10.46220421565682,Sig Down,NA
1.4040709670798519e-15,-0.4835863330480681,0.135,0.189,3.536012323493899e-11,GNA12,10.451486230079759,Sig Down,NA
1.6967099371936347e-15,-0.3766779322980014,0.265,0.332,4.27299430582845e-11,AKAP13,10.369267685921145,Sig Down,NA
2.3385330109242618e-15,-0.3019927822389925,0.331,0.404,5.889361534711661e-11,PNISR,10.229931784496621,Sig Down,NA
3.016598077299559e-15,-0.39409675371694197,0.347,0.411,7.59700059787121e-11,KAZN,10.119357839417466,Sig Down,NA
3.2357916918106825e-15,-0.5514755171212931,0.129,0.18,8.149017796656022e-11,BAG3,10.088894733738353,Sig Down,NA
3.7210436484013745e-15,-0.5165459573607164,0.086,0.131,9.371076324134022e-11,CD99,10.028210524930056,Sig Down,NA
3.98371098192265e-15,-0.4807217597420328,0.107,0.156,1.0032577736874001e-10,AL137145.2,9.998587466474302,Sig Down,NA
5.168914494144671e-15,0.20488740817253603,0.666,0.625,1.301739426205394e-10,FMNL2,9.885475941333699,Not sig,NA
6.322092997392479e-15,-0.36236563252484877,0.293,0.362,1.592155900463322e-10,NPAS2,9.798014409339562,Sig Down,NA
7.855161856389527e-15,0.3841978109153579,0.452,0.402,1.9782439619131385e-10,NR2F1-AS1,9.703720151171947,Sig Up,NA
8.252454410873496e-15,-0.3330447296396306,0.242,0.309,2.0782981188343812e-10,TAOK1,9.682292155489932,Sig Down,NA
8.481107179813928e-15,-0.42504293778615104,0.125,0.177,2.1358820321643396e-10,LMBR1,9.670422737689771,Sig Down,NA
9.141684295890042e-15,-0.37732198658670646,0.167,0.226,2.302241773076948e-10,FERMT2,9.637849070280684,Sig Down,NA
9.621406028722768e-15,-0.6546948868004715,0.077,0.119,2.423054894273542e-10,ATP11A,9.615636746815843,Sig Down,NA
1.0905514048051398e-14,-0.3588267427670484,0.26,0.324,2.746444657861264e-10,NAV1,9.561229147790492,Sig Down,NA
1.245194671623415e-14,-0.4210062712825746,0.188,0.248,3.1358982610164084e-10,BAALC,9.503638035718438,Sig Down,NA
1.2533518793594401e-14,0.6304349629630828,0.174,0.126,3.156441372978814e-10,PEX5L,9.500802272748237,Sig Up,NA
1.5172027120116876e-14,-0.5646754825141758,0.121,0.171,3.820923309930234e-10,RFTN1,9.417831678984808,Sig Down,NA
1.641011228791271e-14,0.43391735865863157,0.235,0.18,4.1327226785879365e-10,PACRG,9.383763736552273,Sig Up,NA
1.9406312425564733e-14,-0.42521081119944215,0.254,0.317,4.887285721254222e-10,CCNY,9.310932270438412,Sig Down,NA
1.9828329581759198e-14,-0.34426404788346254,0.179,0.238,4.993566521870237e-10,HNRNPU,9.301589160288755,Sig Down,NA
2.1602581139841975e-14,-0.4170294762297455,0.226,0.287,5.440394034257803e-10,BACH2,9.264369644289587,Sig Down,NA
2.390629082834715e-14,-0.2506068051171262,0.413,0.478,6.020560282210946e-10,LRIG1,9.220363090777065,Sig Down,NA
2.5334013201378643e-14,0.5584164122550161,0.229,0.177,6.380117884635197e-10,MVB12B,9.195171296800218,Sig Up,NA
2.692383749280257e-14,0.363121956552245,0.235,0.177,6.780499234187399e-10,LINC01094,9.16873832874787,Sig Up,NA
2.882805749386246e-14,-0.5776250380824295,0.079,0.121,7.260057999254322e-10,ZBTB38,9.13905990978813,Sig Down,NA
2.9699985990865046e-14,-0.4077100625368209,0.082,0.125,7.479644471939453e-10,BHLHE40,9.12611904485538,Sig Down,NA
3.2658354021243673e-14,-0.4055299854334114,0.104,0.152,8.224679876710007e-10,PNPLA8,9.084880996780296,Sig Down,NA
3.557144749088406e-14,-0.5322551614563102,0.229,0.287,8.958313336104241e-10,DLC1,9.047773751250432,Sig Down,NA
3.6337989910767243e-14,-0.5056787990743752,0.094,0.138,9.151359379127623e-10,TOGARAM2,9.038514389321119,Sig Down,NA
3.7363662373723234e-14,-0.4440738651896534,0.153,0.208,9.40966473219846e-10,RAB7A,9.026425850276262,Sig Down,NA
3.820950085008243e-14,-0.6913001135459435,0.062,0.1,9.622680694084758e-10,KDM7A,9.016703925002702,Sig Down,NA
4.189327096431165e-14,-0.5004617311927491,0.183,0.237,1.0550401359652246e-9,GALNT15,8.9767310185685,Sig Down,NA
4.23950387559345e-14,-0.37617067466816545,0.124,0.175,1.0676766560294545e-9,ATF6,8.971560252704444,Sig Down,NA
4.486371035668869e-14,0.5007833285725097,0.121,0.079,1.129847681622848e-9,ANK3,8.946980101197559,Sig Up,NA
4.96480015807416e-14,-0.5596001606232259,0.081,0.123,1.2503352718093964e-9,CHD1,8.902973517253447,Sig Down,NA
5.234118232405896e-14,-0.491967691760291,0.096,0.141,1.3181603356491007e-9,PAXBP1,8.880031760718825,Sig Down,NA
5.4882845276270935e-14,0.39089721941684585,0.373,0.319,1.3821695754376071e-9,LRMDA,8.859438671029173,Sig Up,NA
7.061324616333606e-14,0.46673325573154134,0.263,0.21,1.7783239913774554e-9,ANGPT1,8.749989112404654,Sig Up,NA
7.176363088487038e-14,-0.36192030438404066,0.201,0.26,1.8072952802045756e-9,PFKFB3,8.742970885575797,Sig Down,NA
7.388696772870794e-14,-0.525455427595732,0.107,0.153,1.8607693952797807e-9,RPGR,8.730307445548997,Sig Down,NA
9.134559461451306e-14,-0.430560740604024,0.109,0.156,2.300447454771897e-9,RAP1B,8.638187682139778,Sig Down,NA
9.94097553062561e-14,-0.6505668722056093,0.159,0.208,2.5035352776327537e-9,LAMA2,8.601446284523393,Sig Down,NA
9.964798370801493e-14,-0.45948007469910235,0.173,0.227,2.509534821702648e-9,ANO6,8.600406773774157,Sig Down,NA
1.2499218215050563e-13,-0.4825366743571593,0.11,0.156,3.1478031152783336e-9,USP6NL,8.501992439153568,Sig Down,NA
1.4493111665397515e-13,-0.438063970169677,0.075,0.116,3.6499452418137102e-9,SMARCA1,8.437713650983671,Sig Down,NA
1.507694366918733e-13,-0.5175609100848864,0.098,0.142,3.7969774936481374e-9,PTPN12,8.420561977106553,Sig Down,NA
1.9367740757814566e-13,-0.4235099595489584,0.228,0.286,4.8775718324480206e-9,ANKRD28,8.311796325991654,Sig Down,NA
2.0710575455831946e-13,-0.3960613533400066,0.219,0.277,5.2157513227967175e-9,GALNT18,8.282683123125775,Sig Down,NA
2.32699681989529e-13,-0.4208341534897773,0.114,0.161,5.860308791224298e-9,PPP3CC,8.232079499546492,Sig Down,NA
2.484084926540735e-13,-0.45031184664551077,0.112,0.159,6.255919479000188e-9,BCLAF1,8.203708849790111,Sig Down,NA
2.507439781024423e-13,-0.43000516250516885,0.272,0.329,6.314736344531907e-9,MAOB,8.19964477757188,Sig Down,NA
2.7337409162537833e-13,0.438349322030712,0.281,0.227,6.884653123493528e-9,FGFR3,8.162117936358065,Sig Up,NA
2.7418716142836474e-13,-0.4053441414467318,0.115,0.162,6.905129473411937e-9,EFR3A,8.160828173846944,Sig Down,NA
3.0148006442371053e-13,0.4266450429549218,0.266,0.213,7.592473942446727e-9,RFTN2,8.119616689916253,Sig Up,NA
3.4920481339823637e-13,-0.3826187721032115,0.327,0.39,8.794374020621185e-9,DIP2C,8.055795067981983,Sig Down,NA
4.674329645681273e-13,-0.5807393387074038,0.087,0.128,1.1771831779683717e-8,CRYBG3,7.929155952627226,Sig Down,NA
5.679137111707233e-13,0.6217386838368759,0.133,0.092,1.4302338902123495e-8,EDIL3,7.844592935316382,Sig Up,NA
6.276777015849883e-13,0.39104046688518834,0.365,0.311,1.5807435236716344e-8,TRIM2,7.801138588821677,Sig Up,NA
6.874863395795988e-13,0.1312066729387924,0.878,0.862,1.7313655975972618e-8,MAGI2,7.761611216206571,Not sig,NA
6.886403505425414e-13,-0.2677936773883318,0.429,0.496,1.7342718588063362e-8,CAMTA1,7.760882822935309,Sig Down,NA
6.984092259491588e-13,0.7834491942453643,0.1,0.064,1.7588737946303616e-8,B3GALT5,7.754765321578349,Sig Up,NA
7.197972767255267e-13,-0.300113898214756,0.343,0.407,1.8127374617055665e-8,SPARCL1,7.741665090106824,Sig Down,NA
7.281415683079759e-13,-0.31293769904412105,0.256,0.318,1.8337517256268065e-8,CSNK1A1,7.736659464461628,Sig Down,NA
7.824781790730653e-13,-0.304540780583316,0.264,0.327,1.9705930461776077e-8,MTUS1,7.705403054080556,Sig Down,NA
8.077282489982606e-13,-0.450606056578614,0.137,0.185,2.0341828222772196e-8,GALNT2,7.691610017422086,Sig Down,NA
8.693260950518106e-13,-0.6997636858570959,0.066,0.102,2.18931083777848e-8,RPS6KA3,7.659692573037724,Sig Down,NA
1.0890503449078302e-12,-0.5309735215525804,0.203,0.257,2.7426643886158795e-8,DNER,7.561827332420832,Sig Down,NA
1.1182419520773845e-12,-0.43758817898256336,0.108,0.153,2.8161805321116852e-8,ATP13A3,7.550339508057341,Sig Down,NA
1.4268964377387253e-12,-0.428889032751575,0.092,0.134,3.593495988801206e-8,ENO1,7.4444828355832104,Sig Down,NA
1.637422584401504e-12,0.2572606595281419,0.553,0.503,4.1236850365567475e-8,ASTN2,7.384714513153095,Sig Up,NA
1.7266007318915811e-12,-0.6287695169563468,0.09,0.129,4.348271283195758e-8,RETREG1,7.36168336865206,Sig Down,NA
2.09589977874361e-12,-0.3855539393978091,0.144,0.194,5.278314002787908e-8,SMCHD1,7.277504777507074,Sig Down,NA
2.143156782500801e-12,0.37992213380273654,0.247,0.196,5.397326041050018e-8,KLHL32,7.267821346331303,Sig Up,NA
2.644057591272275e-12,-0.5438937102909582,0.278,0.332,6.658794637860097e-8,CACNA2D3,7.176604378863191,Sig Down,NA
2.7840843194604284e-12,0.5906169815705595,0.159,0.117,7.011437950129144e-8,CYP7B1,7.154192905034142,Sig Up,NA
2.941120077072018e-12,0.3827152249124006,0.271,0.218,7.40691680209817e-8,LMNTD1,7.130362533516705,Sig Up,NA
3.1050231350140357e-12,-0.3382875327756725,0.249,0.308,7.819690263219348e-8,CLEC16A,7.106810448939991,Sig Down,NA
3.213663098813562e-12,0.39585573763510573,0.362,0.315,8.093289148052075e-8,ACYP2,7.091874943339039,Sig Up,NA
3.312925109056077e-12,-0.3189099062799121,0.257,0.317,8.343270594646824e-8,PCGF5,7.078663670852685,Sig Down,NA
3.5091821249407154e-12,-0.22678654813032817,0.35,0.419,8.837524263450698e-8,ZNF638,7.053669380836539,Not sig,NA
3.5302629039706e-12,-0.27466059426044054,0.176,0.232,8.890614097359558e-8,AFF4,7.051068240167739,Sig Down,NA
3.616219749197274e-12,-0.3863382564436007,0.148,0.198,9.107087816378415e-8,CAST,7.040620475658187,Sig Down,NA
3.639216175402106e-12,-0.39939850247969033,0.107,0.151,9.165002016132663e-8,DPY19L1,7.037867435164919,Sig Down,NA
3.716381391823344e-12,-0.24313174585222108,0.347,0.412,9.35933489716791e-8,ANKRD12,7.0287550124534475,Not sig,NA
4.293245310292531e-12,-0.3443221086258239,0.478,0.538,1.0812108989440709e-7,REV3L,6.96608958512702,Sig Down,NA
4.3997033708622825e-12,-0.33755125409207754,0.194,0.248,1.1080212969179572e-7,RIN2,6.955451892093995,Sig Down,NA
5.0750357935368014e-12,-0.4781017814715559,0.078,0.116,1.278097014244308e-7,LRCH1,6.893436179705099,Sig Down,NA
5.295478446574933e-12,0.5991482054337929,0.139,0.098,1.3336132919854312e-7,SPOCK3,6.8749700845904,Sig Up,NA
5.6517782601757135e-12,-0.49992167015824385,0.073,0.11,1.4233438370426517e-7,DEAF1,6.846690174762907,Sig Down,NA
5.7618429662604205e-12,-0.29436905265617064,0.557,0.602,1.4510625326230243e-7,NRCAM,6.838313871512684,Sig Down,NA
5.78832840005901e-12,-0.2412941020739039,0.632,0.668,1.457732624270861e-7,SLC1A2,6.836322126534089,Not sig,NA
6.1365228557410634e-12,-0.4279951160396246,0.092,0.133,1.5454219159898294e-7,DARS,6.810952933215644,Sig Down,NA
6.3599882955316286e-12,-0.3886138276211474,0.169,0.22,1.6016994523466854e-7,HIPK3,6.795418972916437,Sig Down,NA
6.5194871102130836e-12,-0.4773212512637816,0.073,0.11,1.641867633836063e-7,MSN,6.784661858307785,Sig Down,NA
6.861495453289516e-12,-0.28877714971583823,0.234,0.293,1.7279990149564318e-7,NKTR,6.762456509426054,Sig Down,NA
7.448935478981459e-12,-0.5830117518025606,0.066,0.101,1.8759399110266905e-7,PGAP1,6.726781076792497,Sig Down,NA
7.689079271483449e-12,-0.23476368454341,0.47,0.528,1.936417723730392e-7,CLU,6.713000950983078,Not sig,NA
7.932873380430747e-12,-0.39999311347182176,0.204,0.257,1.997814832127679e-7,FGF2,6.6994447669167485,Sig Down,NA
8.802950032350922e-12,-0.47163663324207494,0.122,0.166,2.2169349361472563e-7,RNF24,6.65424705261707,Sig Down,NA
8.838476565384714e-12,-0.4873429309697852,0.156,0.203,2.2258819382264864e-7,LIMS1,6.6524978745639896,Sig Down,NA
9.020195643055555e-12,0.2958830221123785,0.486,0.443,2.271646070747111e-7,ARHGEF4,6.643659332069775,Sig Up,NA
9.093041269655689e-12,-0.6148222490394075,0.066,0.101,2.2899915133500888e-7,ITGB1,6.6401661271413595,Sig Down,NA
9.114449174415584e-12,-0.24945694313525624,0.331,0.394,2.2953828800848207e-7,KALRN,6.639144861830881,Not sig,NA
9.15549782696423e-12,-0.34927558161304695,0.122,0.167,2.3057205727426715e-7,CFLAR,6.637193325432041,Sig Down,NA
1.0458900163082203e-11,0.5377258492984327,0.17,0.128,2.633969417070622e-7,FHOD3,6.5793892719234295,Sig Up,NA
1.0761072841096027e-11,0.24177008119042753,0.451,0.397,2.710068584301623e-7,FRMD5,6.567019718200561,Not sig,NA
1.1018778890862744e-11,0.49266674413679,0.221,0.175,2.7749692758748735e-7,CIRBP,6.556741820970808,Sig Up,NA
1.2239810839866508e-11,-0.3793859860571278,0.137,0.184,3.0824739619119815e-7,TOP1,6.5111005832628734,Sig Down,NA
1.237156783136445e-11,-0.27432096384557103,0.353,0.414,3.1156556426508233e-7,ARHGEF12,6.506450548676264,Sig Down,NA
1.2502797553403733e-11,-0.39973123267497435,0.104,0.146,3.148704535849196e-7,EPB41L4A,6.501868090227412,Sig Down,NA
1.4002025274100044e-11,-0.22829946735471307,0.152,0.202,3.526270045029355e-7,UTY,6.452684432089071,Not sig,NA
1.4613388005531582e-11,-0.31423092565540206,0.143,0.192,3.680235635313074e-7,CTNNB1,6.434124373761259,Sig Down,NA
1.5056016732609585e-11,-0.6301708736061784,0.116,0.156,3.791707253940398e-7,CP,6.421165200581367,Sig Down,NA
1.5512412721234418e-11,0.45418840351750045,0.255,0.208,3.906646019715676e-7,KIAA1958,6.408195938314189,Sig Up,NA
1.5723746664947336e-11,-0.4131095509405003,0.084,0.122,3.959868360100337e-7,KLF6,6.402319251304863,Sig Down,NA
2.1034126160697335e-11,0.39704754614518034,0.265,0.217,5.297234332310017e-7,LINC00299,6.2759508148729415,Sig Up,NA
2.2537216987284912e-11,0.6941095432219083,0.111,0.076,5.675772726077832e-7,RYR1,6.245975003240364,Sig Up,NA
2.3160965709240004e-11,-0.3897435966988569,0.12,0.163,5.832857604215002e-7,TNS1,6.234118625740142,Sig Down,NA
2.33884779071304e-11,0.36055587163990155,0.266,0.218,5.89015427613172e-7,EYA2,6.2298733299335725,Sig Up,NA
2.367378339919978e-11,0.6554352359999048,0.131,0.093,5.962005611254473e-7,AC012593.1,6.2246076195587206,Sig Up,NA
2.4614368340451123e-11,0.4005169954957857,0.284,0.236,6.198882522859211e-7,TMEM178B,6.207686594033559,Sig Up,NA
2.4891699371269225e-11,-0.4197800964480627,0.134,0.179,6.268725569660442e-7,TMEM164,6.202820742155121,Sig Down,NA
2.6076346127514353e-11,-0.4229181317647097,0.109,0.151,6.567067008753215e-7,WDR41,6.182628552254619,Sig Down,NA
2.67758014949183e-11,0.222108394114235,0.441,0.384,6.743217848480225e-7,NHSL1,6.1711328096449405,Not sig,NA
2.7433969307385126e-11,-0.2783082668688803,0.216,0.271,6.90897083037187e-7,GOLGA4,6.160586640900601,Sig Down,NA
2.98343940818283e-11,-0.2967330621329791,0.227,0.283,7.513493805567639e-7,OSBPL9,6.124158067304835,Sig Down,NA
3.056575639314783e-11,-0.3082694253939001,0.123,0.168,7.697680090050349e-7,DDX5,6.113640141827141,Sig Down,NA
3.307248501394372e-11,-0.2978941727890715,0.199,0.252,8.328974625911587e-7,CDC14B,6.079408460984392,Sig Down,NA
3.3122027540782746e-11,0.38922940013698293,0.333,0.284,8.341451415870727e-7,DLGAP1,6.078758375374186,Sig Up,NA
4.043254000454351e-11,-0.29960835837584665,0.169,0.219,1.0182530874744238e-6,ENSA,5.9921442644031995,Sig Down,NA
4.276019633346639e-11,-0.17806708450789976,0.67,0.729,1.0768727844620177e-6,AC016831.7,5.967835598716344,Not sig,NA
4.368265047557791e-11,-0.4280435561760464,0.067,0.101,1.1001038695769542e-6,RCOR1,5.95856630770137,Sig Down,NA
4.37420273163801e-11,-0.4113949578457352,0.147,0.193,1.1015992159357164e-6,UBE2E1,5.957976381860531,Sig Down,NA
4.457543621025506e-11,-0.3908690995199823,0.132,0.177,1.1225877855190634e-6,AKAP10,5.949779687495403,Sig Down,NA
4.50118769270747e-11,0.5627049387833598,0.173,0.132,1.1335791085314493e-6,CSRNP3,5.945548166583035,Sig Up,NA
4.538647990321817e-11,-0.676865887245715,0.187,0.231,1.1430131098826464e-6,HSPA1A,5.941948788399959,Sig Down,NA
4.95829009220243e-11,0.5176634466219554,0.176,0.134,1.24869577682026e-6,WNK2,5.903543357095519,Sig Up,NA
5.302906619571132e-11,0.2757135029975446,0.441,0.396,1.3354840030727939e-6,AHCYL2,5.874361309753295,Sig Up,NA
5.357542965402296e-11,-0.27448652181877686,0.29,0.349,1.3492436204069142e-6,MGST1,5.869909626721058,Sig Down,NA
5.5961748017829595e-11,0.2996456230065565,0.331,0.277,1.4093406620810205e-6,AL589740.1,5.850984017692785,Sig Up,NA
5.70493708960934e-11,-0.3535666977390173,0.301,0.354,1.4367313566472162e-6,TRIM9,5.842624429661654,Sig Down,NA
5.917276216558439e-11,-0.24569100290326595,0.808,0.84,1.4902068423780772e-6,GLIS3,5.826753446843534,Not sig,NA
5.939060295009699e-11,0.5700305507062209,0.205,0.162,1.4956929446952425e-6,ROBO2,5.825157554941958,Sig Up,NA
6.006644958755627e-11,0.218700958980647,0.64,0.601,1.5127134664130172e-6,DLG2,5.820243326927561,Not sig,NA
7.21421185570452e-11,-0.27473945017963874,0.434,0.486,1.8168271137406265e-6,PTPRZ1,5.74068639746948,Sig Down,NA
7.544750100066587e-11,-0.30764420365853506,0.125,0.169,1.9000698652007693e-6,WRN,5.72123042982963,Sig Down,NA
8.268556443505476e-11,-0.3075509756649597,0.224,0.278,2.082353254732419e-6,VPS13D,5.68144559395742,Sig Down,NA
9.019392512223752e-11,0.20336483102259972,0.605,0.56,2.2714438102784298e-6,NFIB,5.6436980020533385,Not sig,NA
9.579843361158416e-11,-0.3776796142576775,0.142,0.187,2.4125877520741353e-6,JAK1,5.617516881280137,Sig Down,NA
1.0180804803959678e-10,-0.4136796092954025,0.111,0.151,2.563933881829205e-6,ZIC1,5.591093178500713,Sig Down,NA
1.0794175136528027e-10,0.15459756855968632,0.489,0.436,2.7184050663832185e-6,CSGALNACT1,5.565685829065,Not sig,NA
1.234446517515731e-10,0.3637801909696652,0.317,0.272,3.1088301097116166e-6,DAPK1,5.507403010485195,Sig Up,NA
1.337231479964232e-10,0.19638522757038523,0.277,0.224,3.367683759141922e-6,CFAP54,5.472668697489466,Not sig,NA
1.3700586567203543e-10,-0.27381561009542055,0.169,0.218,3.45035572108454e-6,HELZ,5.462136128190426,Sig Down,NA
1.372390077005652e-10,0.1800021257458262,0.628,0.587,3.456227169931034e-6,FP236383.1,5.461397720068976,Not sig,NA
1.4468981460932515e-10,0.4004800533931203,0.215,0.17,3.6438682911212445e-6,PLCL1,5.438437329139493,Sig Up,NA
1.4668824458959232e-10,0.32663293760063983,0.227,0.18,3.6941967517442932e-6,CFAP47,5.432479977893791,Sig Up,NA
1.7161591546280918e-10,-0.328830500498007,0.335,0.388,4.321975215015386e-6,CAMK2D,5.364317727969417,Sig Down,NA
1.8199858225730992e-10,-0.3293458504542422,0.113,0.154,4.583452295568093e-6,EVA1C,5.3388072844141155,Sig Down,NA
1.8716523332572526e-10,-0.21534106786292795,0.192,0.245,4.713569236075065e-6,LUC7L3,5.326650109326271,Not sig,NA
1.945070082806587e-10,0.5072426187237713,0.223,0.182,4.898464496540109e-6,ZNF704,5.3099400353159405,Sig Up,NA
1.9689935065785575e-10,-0.3246806076689156,0.127,0.17,4.958713246967439e-6,HIVEP1,5.304631005413359,Sig Down,NA
2.0140570519366793e-10,-0.26218309939107964,0.267,0.324,5.072201279597333e-6,PRICKLE2,5.294803520724907,Sig Down,NA
2.208493641442713e-10,0.1998654232034225,0.621,0.591,5.561870386609328e-6,RFX3,5.254779136118432,Not sig,NA
2.2369180072527197e-10,-0.39088289547327354,0.102,0.141,5.6334543094652495e-6,FGFR1,5.2492252237091135,Sig Down,NA
2.3090247502465178e-10,-0.3066434649802201,0.08,0.115,5.815047931020831e-6,ARHGAP39,5.235446701212047,Sig Down,NA
2.3831370824930926e-10,-0.33935744395761325,0.104,0.144,6.001692428550604e-6,UGP2,5.2217262648268505,Sig Down,NA
2.413700270014708e-10,-0.3786855317844745,0.087,0.123,6.07866276000504e-6,ZNF654,5.216191950303929,Sig Down,NA
2.485554499063993e-10,0.3433691732587849,0.37,0.329,6.25962045044276e-6,SDCCAG8,5.203451999261712,Sig Up,NA
2.5734065622700476e-10,0.539091807671984,0.139,0.102,6.480867086420888e-6,SOX2,5.188366885231911,Sig Up,NA
2.6261501442162006e-10,-0.4066157211217669,0.084,0.12,6.61369652319408e-6,CREM,5.179555737049472,Sig Down,NA
2.643341418550431e-10,-0.4799055834733753,0.08,0.114,6.656991028477406e-6,IBTK,5.176722028339809,Sig Down,NA
2.8512208729381426e-10,-0.28697438644062667,0.121,0.163,7.180514646407419e-6,AHCTF1,5.14384442761216,Sig Down,NA
2.9075392997577745e-10,-0.36401363825928473,0.097,0.135,7.322346972509979e-6,ABHD2,5.135349695739084,Sig Down,NA
2.9187412105504183e-10,-0.4885270767246911,0.071,0.104,7.350557864650173e-6,LEPR,5.133679699236178,Sig Down,NA
3.0208370870596903e-10,0.5214668122649031,0.2,0.16,7.607676120051124e-6,SLC16A9,5.118747984802067,Sig Up,NA
3.0851268864257184e-10,-0.42477154250301874,0.185,0.232,7.769583550774529e-6,ALDH1L1,5.109602258734172,Sig Down,NA
3.1869777185129534e-10,-0.3310738596577512,0.102,0.141,8.026084686303022e-6,RAB11A,5.095496262170077,Sig Down,NA
3.2987220196650527e-10,-0.17715505731555936,0.454,0.513,8.307501534324469e-6,FAM155A,5.0805295698387685,Not sig,NA
3.325792479700578e-10,-0.31056836594065906,0.225,0.277,8.375675780877936e-6,CECR2,5.076980142372777,Sig Down,NA
3.345952781969733e-10,0.25771334063151485,0.472,0.432,8.426447486112576e-6,ARAP2,5.074355481407949,Sig Up,NA
3.4080872434580073e-10,0.33606660061630134,0.275,0.229,8.582926913924645e-6,ACSS1,5.066364585600948,Sig Up,NA
3.442161750896995e-10,0.17083767474640688,0.792,0.756,8.668740153458992e-6,PRKG1,5.062044014883387,Not sig,NA
3.768696386803065e-10,-0.3452198999702498,0.124,0.166,9.49108498052484e-6,SMG1,5.022684138034137,Sig Down,NA
3.916518874673906e-10,-0.2955148678677473,0.201,0.251,9.863361133978765e-6,AFDN,5.005975065464752,Sig Down,NA
4.5006977790249385e-10,0.2523229420701112,0.475,0.436,1.1334557286696404e-5,SIPA1L1,4.945595438192924,Sig Up,NA
4.802643271922057e-10,-0.26027999109407807,0.407,0.461,1.2094976816008508e-5,LHFPL6,4.917394959769172,Sig Down,NA
5.073288118279899e-10,-0.24038738963051298,0.118,0.16,1.2776568797076097e-5,PLCB4,4.893585762184793,Not sig,NA
5.07505649743956e-10,-0.36269164354302635,0.137,0.179,1.2781022283151786e-5,RAB1A,4.8934344079791945,Sig Down,NA
5.356360673080995e-10,-0.426056405368305,0.07,0.103,1.3489458719087178e-5,WTAP,4.870005476571971,Sig Down,NA
5.920626634817235e-10,-0.23309919140284907,0.106,0.146,1.4910506117123725e-5,RBBP6,4.826507614753343,Not sig,NA
5.997571840591864e-10,-0.4306328364150229,0.071,0.104,1.510428492334655e-5,CCNT2,4.820899830549313,Sig Down,NA
6.04944645266522e-10,0.12861411831193958,0.83,0.812,1.5234925946392091e-5,SOX5,4.817159652445669,Not sig,NA
6.253388725571966e-10,-0.30567674686113655,0.107,0.147,1.574853416648044e-5,BRD4,4.802759863019443,Sig Down,NA
6.757735148413389e-10,-0.43171289857035144,0.091,0.127,1.701868019776428e-5,UBE2B,4.769074122574159,Sig Down,NA
6.956950538888675e-10,-0.321743691305336,0.216,0.265,1.752038423713724e-5,SORT1,4.7564563736109395,Sig Down,NA
7.537138961319923e-10,-0.3298483108556968,0.113,0.153,1.8981530760188092e-5,CRTC3,4.721668766940562,Sig Down,NA
7.612945443888013e-10,-0.28476197918444424,0.295,0.349,1.917244180588757e-5,STK3,4.717322571770366,Sig Down,NA
7.764042310031969e-10,-0.29560405884394636,0.286,0.336,1.955296415358451e-5,ST8SIA1,4.708787395916999,Sig Down,NA
8.010607574140189e-10,-0.4307181636170446,0.126,0.167,2.017391411471465e-5,TXNIP,4.695209832401641,Sig Down,NA
8.900787732503352e-10,-0.28382089053048903,0.09,0.127,2.241574382553644e-5,TMBIM6,4.649446845289549,Sig Down,NA
8.931370762962749e-10,0.31084959213880436,0.32,0.275,2.249276412944539e-5,PHYHIPL,4.6479571709582705,Sig Up,NA
9.138972800817363e-10,-0.3393984750207901,0.141,0.184,2.3015589101578448e-5,SPRED1,4.637977904528838,Sig Down,NA
9.222723520951317e-10,-0.2328391704867863,0.13,0.173,2.3226506915163797e-5,CPSF6,4.634016099779532,Not sig,NA
9.439597414092891e-10,-0.4820659916871798,0.113,0.151,2.3772682127651536e-5,PDZD2,4.623921816693115,Sig Down,NA
9.53354028538857e-10,-0.30971458169578736,0.179,0.226,2.4009267854722574e-5,OSBPL11,4.619621083237515,Sig Down,NA
9.761100604357423e-10,-0.4187848894251506,0.09,0.125,2.4582355762013734e-5,KCTD3,4.609376500399143,Sig Down,NA
1.0235735505565088e-9,-0.2828252691200712,0.204,0.254,2.577767629721512e-5,MKL1,4.58875623425884,Sig Down,NA
1.0346130223177862e-9,0.46732006863620645,0.182,0.143,2.6055694354051128e-5,NSMF,4.584097348898493,Sig Up,NA
1.1215054095544855e-9,0.5210153662147592,0.104,0.072,2.8243992234220162e-5,C10orf90,4.5490739165879575,Sig Up,NA
1.1642139829914602e-9,0.45963654455095915,0.198,0.159,2.9319564947656936e-5,SESN3,4.532842478172578,Sig Up,NA
1.1846645749820313e-9,-0.5352069360187858,0.161,0.205,2.9834592656347476e-5,TGFB2,4.525279887376049,Sig Down,NA
1.1910729411254359e-9,0.4122871257151588,0.259,0.218,2.9995980949302978e-5,ASTN1,4.5229369308959475,Sig Up,NA
1.2360470027184329e-9,0.12672114719267658,0.733,0.691,3.1128607716461014e-5,ADGRB3,4.506840303492888,Not sig,NA
1.3234742637000758e-9,-0.32685865006966797,0.278,0.331,3.333037585702271e-5,KDM4C,4.477159788898408,Sig Down,NA
1.3601173298611815e-9,0.5073159420665079,0.119,0.085,3.4253194835223996e-5,ACAP3,4.465298915132154,Sig Up,NA
1.3647094108921046e-9,-0.44909696512776676,0.302,0.351,3.436884180390676e-5,MARCH3,4.463835102912162,Sig Down,NA
1.4016290372125861e-9,-0.2709924643167795,0.098,0.135,3.529862567316177e-5,TMED10,4.4522422032292095,Sig Down,NA
1.4730964354552332e-9,-0.308436500360007,0.108,0.147,3.7098460630504595e-5,ARGLU1,4.430644110696208,Sig Down,NA
1.554044415036796e-9,-0.29031421486296005,0.257,0.307,3.913705454828667e-5,DANT2,4.40741186241743,Sig Down,NA
1.564870578843427e-9,-0.2636200631478307,0.21,0.257,3.9409700657592866e-5,BMPR2,4.404396863872011,Sig Down,NA
1.588327602376564e-9,0.28780195325255375,0.413,0.368,4.000044233825139e-5,WDR49,4.39793520607205,Sig Up,NA
1.6228544069249654e-9,-0.22096560858944192,0.152,0.198,4.086996538399833e-5,RBM39,4.388595730126549,Not sig,NA
1.6845154840701044e-9,-0.25460411921309656,0.245,0.297,4.242283795082151e-5,ZNF292,4.372400281949692,Sig Down,NA
1.6965658501553948e-9,-0.3167187814605975,0.136,0.178,4.272631437031346e-5,PRRC2C,4.3693045683967116,Sig Down,NA
1.732643412214831e-9,0.5782979218174423,0.168,0.132,4.36348916932183e-5,GDAP1,4.360166097664396,Sig Up,NA
1.820015308208747e-9,-0.29989178042510267,0.168,0.213,4.583526552192909e-5,ACSL3,4.3388002484553905,Sig Down,NA
1.8952493912069277e-9,-0.33717886205826586,0.112,0.151,4.7729960668155265e-5,PITPNM2,4.3212089235137094,Sig Down,NA
2.1585143065924437e-9,0.5479283543319163,0.103,0.072,5.4360024297224105e-5,FRMD4B,4.264720357823502,Sig Up,NA
2.2770265330831383e-9,-0.37192037674888173,0.081,0.114,5.734463620916575e-5,UACA,4.241507198053951,Sig Down,NA
2.297114812838039e-9,-0.28193685683344727,0.202,0.249,5.785053944651318e-5,SUMF1,4.23769258697063,Sig Down,NA
2.3535688482088353e-9,-0.3870838459911333,0.151,0.192,5.927227787329131e-5,DDR2,4.227148382212786,Sig Down,NA
2.5130429690149193e-9,-0.3368241085996536,0.131,0.172,6.328847413167173e-5,SLCO1C1,4.198675374924023,Sig Down,NA
2.5241202740165173e-9,-0.33571085054503846,0.183,0.229,6.356744498083198e-5,IGFBP7,4.196765244177938,Sig Down,NA
2.554521152110995e-9,-0.3734417259944842,0.131,0.171,6.43330606947633e-5,ITSN2,4.191565786214646,Sig Down,NA
2.7611613130486067e-9,-0.452001540871497,0.09,0.124,6.953708650781611e-5,BTAF1,4.157783509512488,Sig Down,NA
2.812615492900186e-9,-0.24918138817573787,0.247,0.297,7.083290857319829e-5,PHIP,4.149764924637368,Not sig,NA
2.8235991791805177e-9,0.5327659648602996,0.143,0.108,7.110952172848215e-5,SNTA1,4.148072242346648,Sig Up,NA
2.8327762934933765e-9,-0.2938370146622876,0.124,0.164,7.134063817533719e-5,HS6ST3,4.146663010013255,Sig Down,NA
2.943410066215949e-9,-0.404634909886436,0.107,0.144,7.412683910758246e-5,CNOT6L,4.130024518526616,Sig Down,NA
2.953662295146876e-9,-0.4451568641316875,0.071,0.102,7.438503124097893e-5,LIMK2,4.128514450253775,Sig Down,NA
3.1252491852063275e-9,-0.49121530106510336,0.115,0.152,7.870627548023616e-5,VMP1,4.103990638698335,Sig Down,NA
3.173853717851355e-9,-0.3629924556179924,0.114,0.152,7.993033203036853e-5,RLF,4.097288382968352,Sig Down,NA
3.266154151319146e-9,0.44599657435086004,0.243,0.204,8.225482614682137e-5,RNF220,4.0848386112206185,Sig Up,NA
3.7114456690930287e-9,-0.26829136906616813,0.23,0.279,9.346904773043883e-5,RALGAPA2,4.029332181911997,Sig Down,NA
4.343611671906839e-9,0.16183038637832325,0.504,0.455,1.0938951634530183e-4,GABRB1,3.961024297852251,Not sig,NA
4.389157148911351e-9,-0.43037749149362736,0.087,0.12,1.1053653363818346e-4,PTTG1IP,3.956494158764679,Sig Down,NA
4.45113406353298e-9,-0.27695354936426153,0.11,0.148,1.1209736025601458e-4,SLC25A36,3.9504046143429825,Sig Down,NA
4.6130730407505845e-9,0.17384975000186786,0.653,0.624,1.1617563145826272e-4,FHIT,3.9348849582887864,Not sig,NA
4.68960909952747e-9,-0.28942179166515114,0.249,0.299,1.1810311556249981e-4,AHI1,3.9277386455384367,Sig Down,NA
4.896597148710161e-9,0.37498084075512716,0.325,0.286,1.233159025931167e-4,ZFHX4,3.9089809139711744,Sig Up,NA
5.183210156349181e-9,-0.2499993382845458,0.24,0.292,1.3053396457749777e-4,UBE2D3,3.8842764713955504,Not sig,NA
5.257816165995055e-9,-0.4347355305787488,0.074,0.104,1.3241284232441946e-4,OXSR1,3.8780698919344143,Sig Down,NA
5.34572865636224e-9,0.31972659009151105,0.17,0.132,1.3462683048182664e-4,DOCK10,3.8708683786781624,Sig Up,NA
5.47271622326448e-9,0.17600789099176817,0.66,0.632,1.3782488536669265e-4,RPS6KA2,3.8606723600649713,Not sig,NA
5.601146780660434e-9,-0.16680891115245844,0.257,0.312,1.4105928052415238e-4,CCNH,3.85059833561397,Not sig,NA
5.814385616300354e-9,-0.4602541956169406,0.071,0.101,1.4642948736090812e-4,DLG5,3.8343714580548656,Sig Down,NA
5.981425780420848e-9,-0.1948638253612449,0.407,0.462,1.5063622685411863e-4,ASAP1,3.8220705710912197,Not sig,NA
6.117477342470361e-9,-0.44136386041637243,0.075,0.105,1.5406254939277357e-4,FOXK2,3.81230291980694,Sig Down,NA
6.596947641341342e-9,-0.24103187106725388,0.424,0.474,1.6613752939954036e-4,ASPH,3.779532252135646,Not sig,NA
7.0564247114682506e-9,0.48035532762378363,0.199,0.162,1.7770899993361643e-4,ATF7IP,3.7502905771326227,Sig Up,NA
7.7483884497394e-9,-0.2315357616540865,0.515,0.567,1.9513541471823705e-4,HIF3A,3.7096639042551782,Not sig,NA
8.06726687631734e-9,-0.2713454064015346,0.106,0.142,2.031660490131759e-4,PMP22,3.6921488650798335,Sig Down,NA
8.231353311119067e-9,0.33409968905912457,0.312,0.273,2.072984017872226e-4,C11orf49,3.683404046182385,Sig Up,NA
8.620298962628173e-9,-0.24144057337227343,0.142,0.183,2.1709360907482792e-4,TIMP3,3.663352961365433,Not sig,NA
8.813562798185968e-9,-0.4228920768329658,0.111,0.147,2.2196076550951542e-4,RANBP9,3.653723786038512,Sig Down,NA
9.128946294481173e-9,0.2798227121427681,0.403,0.365,2.2990338348021386e-4,AC245297.3,3.6384546371866855,Sig Up,NA
9.528695567205863e-9,0.19840836533921724,0.511,0.46,2.3997066916451245e-4,RNF219-AS1,3.619841837448585,Not sig,NA
1.0063563535679901e-8,0.5564418051518547,0.137,0.104,2.534407840825626e-4,KIF6,3.596123496489734,Sig Up,NA
1.0103504313736226e-8,-0.35894964408659363,0.092,0.125,2.544466526371331e-4,ARL17B,3.594403258096972,Sig Down,NA
1.0158611629492346e-8,-0.36186331825792556,0.084,0.117,2.558344752771352e-4,INTS10,3.5920409320475004,Sig Down,NA
1.0684250988824273e-8,0.4651443070040515,0.315,0.278,2.6907217690255047e-4,MAN2A1,3.5701312076335183,Sig Up,NA
1.0829453086639259e-8,0.3668568533881639,0.203,0.164,2.727289465339231e-4,AL645568.1,3.5642687650551044,Sig Up,NA
1.1126397389218e-8,0.39610649044594026,0.246,0.207,2.802071918500661e-4,GABBR1,3.552520722223994,Sig Up,NA
1.1133427061144652e-8,-0.3816848198040411,0.091,0.124,2.803842271078669e-4,SETBP1,3.5522464210644644,Sig Down,NA
1.1691243362940067e-8,-0.1641051707985552,0.133,0.174,2.9443227285228267e-4,ATP1B2,3.5310145885142674,Not sig,NA
1.1961794943951392e-8,-0.2592638748485383,0.193,0.238,3.0124584386847185e-4,HNRNPA2B1,3.521078936109822,Sig Down,NA
1.329933368196484e-8,-0.3319469708109807,0.134,0.173,3.3493041944660255e-4,RAPGEF1,3.475045406661831,Sig Down,NA
1.4906289923407043e-8,0.12791263400136987,0.857,0.844,3.75400005431083e-4,NEBL,3.425505725431536,Not sig,NA
1.4917420362993907e-8,-0.3437764417354347,0.084,0.116,3.7568031442163855e-4,MTERF1,3.4251815612902043,Sig Down,NA
1.5158041540711332e-8,-0.37127959931680277,0.094,0.127,3.817401181612742e-4,RHOJ,3.418232196402717,Sig Down,NA
1.527049582900233e-8,-0.2550423959814956,0.182,0.224,3.8457216695759463e-4,UBC,3.415022150607523,Sig Down,NA
1.5414614719162576e-8,-0.4022532517435884,0.071,0.101,3.882016570873903e-4,YY1AP1,3.4109426151033135,Sig Down,NA
1.5472226018199833e-8,0.398501497450259,0.246,0.208,3.896525400423446e-4,FARS2,3.409322488364158,Sig Up,NA
1.738383288685883e-8,-0.299650539999843,0.148,0.188,4.377944474226528e-4,USP24,3.3587297509201988,Sig Down,NA
1.8413021514341515e-8,-0.44432776725714596,0.169,0.208,4.637135338171767e-4,PTGES3,3.3337502287185017,Sig Down,NA
1.9638568080725637e-8,-0.28841456468819593,0.161,0.202,4.945776985449945e-4,ROCK2,3.305765470702604,Sig Down,NA
2.1741943093630726e-8,0.594244303984863,0.101,0.072,5.475490948699962e-4,AC104574.2,3.2615769346152956,Sig Up,NA
2.315234208686875e-8,0.16211213818836967,0.56,0.525,5.830685831157026e-4,GRAMD2B,3.2342803585910804,Not sig,NA
2.448511368258149e-8,-0.2740768759768424,0.129,0.168,6.166331029821323e-4,ZNF207,3.2099731645647824,Sig Down,NA
2.4731073858257224e-8,-0.38204651091622793,0.071,0.101,6.2282736404635e-4,RANBP2,3.2056323148687467,Sig Down,NA
2.4933994039354506e-8,-0.2330251946935653,0.374,0.424,6.279377058871038e-4,IGF1R,3.202083438000666,Not sig,NA
2.608195540142512e-8,-0.2090577551176469,0.305,0.353,6.568479648294902e-4,ZFHX3,3.182535141363355,Not sig,NA
2.7066215176326678e-8,-0.3245510084847224,0.148,0.187,6.816355630006111e-4,APOE,3.1664477591861675,Sig Down,NA
2.788396679875686e-8,-0.25168143494994344,0.188,0.233,7.022298198598927e-4,TANC1,3.153520732367637,Sig Down,NA
3.526340196282592e-8,-0.34394062865807185,0.166,0.206,8.88073515031808e-4,VCL,3.0515510816863274,Sig Down,NA
4.076790478470218e-8,-0.30417192436627627,0.088,0.119,0.0010266989140979399,EXOC5,2.9885568973151435,Sig Down,NA
4.178664931827645e-8,-0.28723517009541055,0.305,0.35,0.001052354976431474,RHOBTB3,2.9778377408843633,Sig Down,NA
4.23158485123607e-8,0.3123828216008888,0.174,0.138,0.0010656823289352919,ELMO1,2.972372235601381,Sig Up,NA
4.592114073265173e-8,-0.306831081471272,0.316,0.362,0.0011564780082111011,PTPRM,2.9368626214349756,Sig Down,NA
4.6140397360643176e-8,0.3229334711288425,0.243,0.203,0.0011619997671304377,NEK11,2.934793958980091,Sig Up,NA
4.693862377403808e-8,-0.20867244268203566,0.226,0.274,0.001182102301125375,GLG1,2.927344937251959,Not sig,NA
4.861038016001565e-8,-0.47995757129415384,0.085,0.115,0.0012242038139498343,PPP4R4,2.912146271810539,Sig Down,NA
5.1933449427609813e-8,-0.3215153502158723,0.133,0.17,0.0013078919903849256,PPP2CB,2.8834281198624137,Sig Down,NA
5.2800217447587624e-8,-0.3145429071198891,0.127,0.164,0.0013297206762000466,SMURF2,2.8762395782248507,Sig Down,NA
5.408876045113169e-8,0.1499214658314929,0.652,0.615,0.0013621713432013006,PDE4DIP,2.865768260465431,Not sig,NA
5.67401208119059e-8,-0.27639392644779914,0.128,0.165,0.0014289432025270381,C1orf198,2.844985033153966,Sig Down,NA
5.693566342655402e-8,-0.3504858405366467,0.09,0.121,0.0014338677477343366,TPM1,2.843490903813218,Sig Down,NA
5.726530539961285e-8,-0.2879496585905797,0.114,0.149,0.0014421694511838501,SPRED2,2.8409837081391207,Sig Down,NA
5.778381483150306e-8,-0.2254199753769197,0.211,0.257,0.001455227592716573,BRWD1,2.8370690791652033,Not sig,NA
6.35005926564031e-8,-0.3979435229340327,0.086,0.116,0.0015991989254588556,LAMC1,2.796097510703,Sig Down,NA
6.821265739095568e-8,-0.2340377035826674,0.141,0.179,0.001717867563733828,INTS6,2.7650103204562377,Not sig,NA
6.860502524771632e-8,-0.22979053047697112,0.126,0.162,0.0017277489558384877,SSFA2,2.7625193608238874,Not sig,NA
6.905714259419187e-8,0.4597551885287166,0.13,0.1,0.0017391350790921282,AC007262.2,2.759666684917331,Sig Up,NA
8.010716297475892e-8,-0.3149581120092318,0.137,0.174,0.0020174187923563285,ITGA6,2.6952039380142447,Sig Down,NA
8.379862111642227e-8,-0.15086637882585568,0.098,0.131,0.0021103844741959784,ITM2B,2.675638416829844,Not sig,NA
8.427159091507063e-8,-0.3528618527832533,0.175,0.214,0.0021222957456051386,PTEN,2.673194096525759,Sig Down,NA
8.517741141400659e-8,-0.35108818895188276,0.081,0.11,0.0021451079290503417,WWC2,2.668550851818746,Sig Down,NA
8.618739883621549e-8,0.3055157846138641,0.325,0.287,0.002170543452291251,VCAN,2.6634315155606307,Sig Up,NA
8.888675816116906e-8,-0.18804884924982534,0.277,0.327,0.0022385241175308817,SETD5,2.6500382222302097,Not sig,NA
9.134171333907513e-8,-0.3029962827009334,0.124,0.158,0.002300349708731268,CASC15,2.638206135709701,Sig Down,NA
9.2359483568721e-8,-0.37840182232679015,0.136,0.172,0.0023259812341946697,AEBP2,2.6333937934418694,Sig Down,NA
9.250294439032029e-8,0.37477020977224207,0.223,0.188,0.002329594151525826,KAT6B,2.6327197326672156,Sig Up,NA
9.449071838774948e-8,-0.3433713710248267,0.076,0.104,0.0023796542518770827,KDM5B,2.6234861384938073,Sig Down,NA
9.486049863997103e-8,-0.3805475912330307,0.107,0.139,0.00238896679774903,TRPC4AP,2.6217898861038624,Sig Down,NA
1.0043438452321434e-7,0.10078813454274638,0.864,0.84,0.0025293395398326302,NFIA,2.5969928668289115,Not sig,NA
1.0278616772668676e-7,0.2681787314149202,0.185,0.15,0.0025885668480288794,TMEM144,2.5869406151692016,Sig Up,NA
1.0986562542672501e-7,-0.2872115271577532,0.081,0.11,0.0027668559107466425,TM9SF3,2.5580134569765103,Sig Down,NA
1.1081598315541348e-7,0.47753700947737565,0.219,0.186,0.0027907897197859332,FAM19A5,2.554272885466602,Sig Up,NA
1.1309893396858291e-7,0.2859734464056274,0.367,0.333,0.002848283553064792,ARNT2,2.5454167778857943,Sig Up,NA
1.1966411412580413e-7,-0.3148750168329143,0.086,0.116,0.0030136210501442513,SLC35F5,2.5209113592470627,Sig Down,NA
1.3486918054966523e-7,-0.19624310164622738,0.113,0.148,0.0033965454429627693,RBM5,2.468962570534185,Not sig,NA
1.4014913413911024e-7,-0.35004659043108183,0.082,0.111,0.003529515794159352,FNBP4,2.452284870348293,Sig Down,NA
1.4038014766792695e-7,0.32741834858188734,0.305,0.273,0.0035353336388690725,ATP2B4,2.4515695944038884,Sig Up,NA
1.4802957135559045e-7,-0.233285524994725,0.173,0.214,0.00372797672501919,RASAL2,2.428526807752414,Not sig,NA
1.5486959783003136e-7,-0.2082320456828861,0.241,0.287,0.00390023595175151,BABAM2,2.408909118757095,Not sig,NA
1.5490220739390495e-7,-0.25331109678535585,0.144,0.181,0.003901057191008102,TTC19,2.408817682716364,Sig Down,NA
1.6546685181130586e-7,0.5058742231237773,0.139,0.109,0.004167117196015927,ATG4C,2.380164285271714,Sig Up,NA
1.6603244291527008e-7,0.33189532869765626,0.318,0.283,0.0041813610423781615,ZNF609,2.378682331386938,Sig Up,NA
1.758785383006746e-7,-0.14929614530634616,0.395,0.449,0.004429325108564189,SBF2,2.353662441712621,Not sig,NA
1.7670105060609396e-7,-0.31621692833495874,0.139,0.175,0.00445003925846387,ZFAND5,2.351636157635019,Sig Down,NA
1.858060759950141e-7,-0.33720636946188576,0.079,0.108,0.004679340217858435,PDXK,2.32981537768299,Sig Down,NA
1.8703140309924098e-7,-0.3084095393833294,0.093,0.124,0.004710198855651285,CALCOCO2,2.326960757395731,Sig Down,NA
1.8780773362588635e-7,-0.2788354359773159,0.129,0.164,0.004729749963634322,ANKDD1A,2.325161817461788,Sig Down,NA
1.9500896791562685e-7,-0.22874737859585487,0.153,0.191,0.0049111058479871465,RB1CC1,2.308820705513814,Not sig,NA
2.044048369478282e-7,-0.23008196006254145,0.171,0.211,0.005147731413694105,DCAF5,2.288384120779605,Not sig,NA
2.0827898344083861e-7,0.47883725207842215,0.131,0.101,0.0052452979189740795,KITLG,2.280229839998149,Sig Up,NA
2.135007913004077e-7,0.16437980753690518,0.576,0.548,0.005376803928109468,KCNMA1,2.269475800326433,Not sig,NA
2.142416191093819e-7,0.362141153406506,0.273,0.238,0.005395460935650674,EFEMP1,2.267971447504043,Sig Up,NA
2.2810930428250882e-7,0.45129100731980865,0.203,0.17,0.0057447047190507024,RHOT1,2.2407322893747574,Sig Up,NA
2.4127124959166995e-7,0.22717271562244923,0.502,0.473,0.006076175149716616,KANK1,2.216369715806768,Not sig,NA
2.474436466198218e-7,-0.36170757843422563,0.078,0.106,0.006231620796473592,PRPF4B,2.2053989820058435,Sig Down,NA
2.475703977596819e-7,-0.18683952069850407,0.267,0.313,0.006234812897179828,TBL1X,2.205176574894594,Not sig,NA
2.6022804697562187e-7,-0.25624245746310614,0.194,0.234,0.006553583135034061,SCMH1,2.1835211869866322,Sig Down,NA
2.607877891043758e-7,-0.3159358084982668,0.098,0.128,0.006567679680804601,SEMA4B,2.182588036803866,Sig Down,NA
2.759076230939829e-7,-0.2253523319815618,0.334,0.38,0.006948457579998866,C9orf3,2.15811158948731,Not sig,NA
2.8451293237520674e-7,0.33698639988351214,0.166,0.133,0.007165173688937206,FGF1,2.1447732775300388,Sig Up,NA
2.92806423931018e-7,-0.2899150484041001,0.085,0.113,0.007374036980278757,SLC38A2,2.132294688768045,Sig Down,NA
2.94936269052945e-7,-0.1794732834637054,0.264,0.312,0.007427674999829366,SPAG9,2.1291471072032073,Not sig,NA
3.0796420193637545e-7,-0.23822360425478128,0.189,0.228,0.007755770461565679,FAM135A,2.1103750527071226,Not sig,NA
3.2062395331597856e-7,-0.2838042631029021,0.172,0.209,0.008074593640309604,SLC35F1,2.092879324626812,Sig Down,NA
3.339132512457932e-7,0.2259081801347751,0.29,0.251,0.008409271319374056,MAP2,2.075241635080276,Not sig,NA
3.47800804299871e-7,0.16171537072284448,0.73,0.702,0.008759015455487951,GFAP,2.0575447073340603,Not sig,NA
3.6929433709958704e-7,-0.32677325978604976,0.08,0.108,0.009300308585516,MICU3,2.03150264125645,Sig Down,NA
3.790928444091121e-7,0.3851472800864526,0.218,0.185,0.009547074193599079,PLPP3,2.0201297023701064,Sig Up,NA
3.812481257020787e-7,0.26193296609247185,0.294,0.256,0.009601352797681149,IQCK,2.0176675720461756,Sig Up,NA
3.8678652646937064e-7,0.5213635394547798,0.17,0.14,0.00974083188260463,MOB1B,2.0114039520949665,Sig Up,NA
3.9105335566358037e-7,0.4029784360551032,0.194,0.161,0.009848287709031608,DOCK5,2.006639272361504,Sig Up,NA
4.004763120211953e-7,0.38574586728099414,0.149,0.118,0.010085595441941783,AF279873.3,1.9962984564481596,Sig Up,NA
4.1119859416551697e-7,-0.2823884400140026,0.076,0.103,0.01035562539546438,HNRNPK,1.9848236681275897,Sig Down,NA
4.175774990641778e-7,0.4965172268652817,0.1,0.074,0.010516271736432254,DCHS2,1.9781382004176782,Sig Up,NA
4.189567555805257e-7,-0.23278945514696114,0.285,0.329,0.010551006932539958,RAPGEF2,1.9767060916100767,Not sig,NA
4.311416139234225e-7,-0.4152780504591256,0.083,0.11,0.010857870405047473,GLCCI1,1.9642553462048042,Sig Down,NA
4.51377499082784e-7,-0.24471643909867202,0.274,0.316,0.011367490936900832,RGL1,1.9443353833780137,Not sig,NA
4.5568398989409937e-7,-0.21730566804686346,0.179,0.219,0.011475945601492999,UBR2,1.9402115190725544,Not sig,NA
4.7518421789541906e-7,-0.30962281095254,0.103,0.133,0.011967039343478234,RAB3GAP2,1.9220132811583974,Sig Down,NA
4.7523770044109514e-7,0.15322191585924694,0.701,0.684,0.01196838624790854,AUTS2,1.921964403551428,Not sig,NA
4.859294350437137e-7,0.6598916155603995,0.114,0.088,0.012237646892140885,PCLO,1.9123020821907795,Sig Up,NA
4.957327308518384e-7,-0.1945029896667137,0.107,0.138,0.012484533093772699,HOOK3,1.9036276950899502,Not sig,NA
5.098015868704716e-7,-0.33125774778398875,0.124,0.157,0.012838843163745957,AGPAT5,1.8914741063478107,Sig Down,NA
5.147762490663591e-7,0.3498859602166049,0.245,0.209,0.012964125056487186,COL5A3,1.8872567882630644,Sig Up,NA
5.291854513976055e-7,-0.4827374629251008,0.111,0.141,0.013327006407997298,DIRC3,1.8752673934589907,Sig Down,NA
5.307701889980631e-7,-0.508750450721785,0.171,0.205,0.013366916439727221,EGLN3,1.8739687668340106,Sig Down,NA
5.530413091736503e-7,0.27110883181520373,0.26,0.223,0.01392779233022921,EYA1,1.8561177173723373,Sig Up,NA
5.786249430194108e-7,-0.27675158402093103,0.092,0.121,0.014572090565000842,RNPC3,1.8364781382976831,Sig Down,NA
5.896528530508737e-7,-0.22534525471641642,0.174,0.213,0.014849817451233203,PDS5A,1.828278885094876,Not sig,NA
5.994514022016471e-7,-0.364047670959514,0.146,0.18,0.015096584113046282,ASAP2,1.821121308910617,Sig Down,NA
6.019780784984091e-7,0.44571484177383675,0.142,0.113,0.015160215928903936,ZNF273,1.8192946129477896,Sig Up,NA
6.169680867469609e-7,0.26277160188729076,0.338,0.304,0.015537724296635464,ATP13A4,1.8086125889962845,Sig Up,NA
7.061200844298492e-7,-0.2001476465259614,0.198,0.238,0.017782928206281322,TSC22D1,1.7499967248549924,Not sig,NA
7.075104677582643e-7,0.192783740894098,0.455,0.417,0.01781794362002413,PRKD1,1.7491424196038228,Not sig,NA
7.122125749025637e-7,-0.26062110035174313,0.115,0.147,0.017936361486346163,MAP3K20,1.746265651964567,Sig Down,NA
7.780369737096034e-7,-0.32920445962010736,0.074,0.1,0.019594083145902653,ZBED5,1.7078750533898108,Sig Down,NA
8.226832999921586e-7,-0.20622927687379927,0.14,0.175,0.02071845622700252,TRPC1,1.6836426078588436,Not sig,NA
8.373946661653717e-7,0.2721548904530531,0.364,0.335,0.02108894727270872,CLASP2,1.6759450990212799,Sig Up,NA
8.416493382272475e-7,-0.15339179551543958,0.308,0.357,0.021196096933915,ASH1L,1.6737441030391889,Not sig,NA
8.813649261032992e-7,-0.18028786953655246,0.129,0.162,0.022196294298985488,ELOVL5,1.6537195255420447,Not sig,NA
8.931223687389231e-7,-0.2680928878322755,0.168,0.205,0.022492393734321037,GNAS,1.6479643226752487,Sig Down,NA
9.12808007951332e-7,-0.2125530177882935,0.239,0.281,0.022988156872246347,ZNF608,1.638495847882585,Not sig,NA
9.157541911883545e-7,-0.22406726746319683,0.097,0.126,0.02306235355088752,PPP4R3B,1.6370963743177152,Not sig,NA
9.323959799680438e-7,-0.1752027246132053,0.226,0.271,0.023481460359515215,ARIH1,1.629274896932228,Not sig,NA
9.516246805790863e-7,0.15537057960587264,0.58,0.563,0.02396571595570371,SIK3,1.6204095922942716,Not sig,NA
9.643982415498274e-7,-0.21021081955641407,0.162,0.2,0.024287405315190854,DKK3,1.6146188794923273,Not sig,NA
9.822655974129423e-7,0.2212699926145183,0.286,0.249,0.024737376805247537,LMO3,1.6066463556126083,Not sig,NA
9.883025122413867e-7,-0.4403362980577139,0.096,0.124,0.024889410468287083,TMEM132C,1.603985389988513,Sig Down,NA
1.0043147606185088e-6,-0.1718881993389716,0.266,0.312,0.025292662931416524,FNDC3B,1.5970054436671794,Not sig,NA
1.0707211534878098e-6,-0.5128192389671908,0.204,0.236,0.026965041529437003,GNA14,1.5691989065090863,Sig Down,NA
1.0770438160006217e-6,-0.2770766824382389,0.079,0.105,0.027124271462159656,HNRNPM,1.5666419178148616,Sig Down,NA
1.111307072464643e-6,-0.15958335323121586,0.521,0.57,0.027987157312949568,ITPKB,1.5530412110728034,Not sig,NA
1.2140933069462383e-6,0.3228626952585867,0.132,0.103,0.030575725842134065,FAM13C,1.514623224381885,Sig Up,NA
1.25697332854796e-6,-0.3053355500345273,0.123,0.155,0.031655616306151824,GRK3,1.499549226740351,Sig Down,NA
1.2771713818329136e-6,-0.14218454690664473,0.261,0.309,0.0321642840800801,NIPBL,1.4926261107809748,Not sig,NA
1.4034278216918127e-6,0.4629566537777515,0.144,0.117,0.03534392626148661,MICALL2,1.4516852075461713,Sig Up,NA
1.4153619718279997e-6,-0.43566448681860814,0.321,0.353,0.035644475898516347,PDE7B,1.4480077665886875,Sig Down,NA
1.4494025314638956e-6,-0.2802948059432504,0.172,0.208,0.03650175335238675,INSR,1.4376862738181124,Sig Down,NA
1.4542444141381243e-6,-0.2413492061317595,0.104,0.134,0.036623691325654524,PAK2,1.4362378850051012,Not sig,NA
1.494890884144661e-6,-0.24836204340000068,0.104,0.134,0.03764733202629914,AASS,1.4242657957531026,Not sig,NA
1.567490067885903e-6,0.2288255909631003,0.268,0.233,0.03947566986963858,HYDIN,1.4036704916371026,Not sig,NA
1.688853759091424e-6,-0.2347327841333112,0.099,0.128,0.04253209306895842,SNX25,1.3712832444683967,Not sig,NA
1.6923538591395922e-6,0.1822701128177664,0.172,0.139,0.04262023958857149,MARCH1,1.3703841132397883,Not sig,NA
1.8100605180031236e-6,-0.26788898173656023,0.084,0.111,0.04558456408539067,ALG13,1.3411821939018795,Sig Down,NA
1.884962861716467e-6,-0.2351609426133015,0.108,0.138,0.04747090470946751,CDYL,1.3235724913365092,Not sig,NA
1.8956343103981098e-6,-0.13344393922824815,0.158,0.195,0.047739654473065996,NAP1L1,1.3211207286259512,Not sig,NA
1.9127424908901754e-6,0.3918732208930833,0.235,0.203,0.048170506890578176,HPSE2,1.3172187836498015,Sig Up,NA
1.9645578259785746e-6,-0.24848659291865155,0.141,0.174,0.049475424289444424,SPEN,1.3056104726996494,Not sig,NA
2.0148341226696067e-6,-0.15891637001066483,0.415,0.462,0.05074158254531137,TMEM161B-AS1,1.2946359919826709,Not sig,NA
2.226259710032996e-6,-0.1767689413474862,0.11,0.141,0.05606612453747097,MARK1,1.2512994626309524,Not sig,NA
2.275010221726592e-6,-0.30984506354765584,0.087,0.114,0.057293857423962494,LINC00598,1.241891937018236,Not sig,NA
2.2946997627568976e-6,0.12294657826597444,0.69,0.663,0.05778971882526971,FBXL7,1.2381494185796609,Not sig,NA
2.3262976387026284e-6,-0.21198402073873907,0.08,0.107,0.058585479733087,CAPN7,1.2322100094632014,Not sig,NA
2.3646412752238946e-6,-0.1511022120678569,0.396,0.444,0.059551125875238566,CDC42BPA,1.2251100233200578,Not sig,NA
2.3654342769666985e-6,-0.192211748282882,0.142,0.176,0.059571096831129336,XRN1,1.2249644035385276,Not sig,NA
2.398695842964721e-6,-0.18821409099936848,0.158,0.194,0.060408756109223534,UBR1,1.2189001068373622,Not sig,NA
2.473297602289745e-6,-0.2808746587385538,0.105,0.134,0.06228752681606494,NHS,1.2055989128481148,Not sig,NA
2.479559245213932e-6,-0.2753932021851256,0.096,0.125,0.062445220031467664,KHDRBS1,1.2045007997783532,Not sig,NA
2.5415599288768102e-6,-0.20283711010493632,0.182,0.219,0.0640066452488336,TCF7L1,1.1937749346867323,Not sig,NA
2.5540774322504737e-6,-0.3457844840901998,0.084,0.11,0.06432188605379593,ARHGAP10,1.1916412296397805,Not sig,NA
2.557950435949405e-6,-0.18530153251878587,0.121,0.153,0.06441942377894982,RPAP2,1.1909831641909885,Not sig,NA
2.5641518980956937e-6,-0.2350986704736866,0.207,0.246,0.06457560140164195,SERINC5,1.1899315404903281,Not sig,NA
2.8729296905550022e-6,0.32100478189122894,0.228,0.195,0.07235186132693718,RTN1,1.1405502917236618,Not sig,NA
2.8892070918276535e-6,-0.21774172548642445,0.22,0.259,0.07276179140058762,CDK14,1.1380966171152493,Not sig,NA
2.929174871692066e-6,-0.14109035543356763,0.626,0.667,0.07376833996869299,AKT3,1.1321299894919816,Not sig,NA
3.0076152330192402e-6,-0.13107431981634055,0.096,0.125,0.07574378202835655,FADS2,1.1206530135400132,Not sig,NA
3.0355678875219174e-6,-0.25328114902110765,0.107,0.136,0.07644774167935196,ACTN4,1.1166353394299748,Not sig,NA
3.036364294402271e-6,-0.2524125880332265,0.082,0.108,0.07646779839022678,SENP5,1.1165214135476995,Not sig,NA
3.0376351844150983e-6,-0.30039492528720657,0.107,0.136,0.07649980448430983,GLS,1.1163396748005507,Not sig,NA
3.0434478632333483e-6,-0.1889744046879498,0.259,0.303,0.07664619098766864,ARID4B,1.1155094229901767,Not sig,NA
3.0461414672817013e-6,-0.29372112216069524,0.091,0.118,0.07671402671202236,ZNF708,1.1151252205793298,Not sig,NA
3.1047161619508425e-6,-0.2896172515590992,0.091,0.118,0.07818917182257001,XRN2,1.1068533868802721,Not sig,NA
3.126120722302755e-6,0.45926795783993024,0.138,0.111,0.07872822427047259,GRIA1,1.1038695440391464,Not sig,NA
3.223913297798808e-6,-0.2278709928588587,0.22,0.259,0.08119103249176518,MFHAS1,1.0904919357146108,Not sig,NA
3.2257301800194607e-6,-0.3888955429711396,0.097,0.124,0.0812367888536101,ABCD3,1.0902472518196686,Not sig,NA
3.2388007496254736e-6,-0.1581678381200664,0.3,0.346,0.08156595807856792,FOXO3,1.0884910581987428,Not sig,NA
3.3854853610054805e-6,0.2604970362223691,0.246,0.212,0.08526006333156202,AC099792.1,1.0692543490928546,Not sig,NA
3.527107564319328e-6,-0.21043250565172977,0.276,0.316,0.08882667689981796,MXI1,1.0514565850042594,Not sig,NA
3.638963319060513e-6,0.5221210752249126,0.123,0.098,0.09164365222721996,FRMD6,1.037897611423692,Not sig,NA
3.6463812699905534e-6,0.23961866654969266,0.291,0.257,0.0918304659034421,NDRG2,1.0370132122769187,Not sig,NA
3.704032686727154e-6,0.1362553202224479,0.65,0.641,0.09328235918253665,DDX17,1.0302004788050316,Not sig,NA
3.7228589286531383e-6,-0.28011397799965937,0.11,0.139,0.09375647925920064,RAB11FIP3,1.0279987096345407,Not sig,NA
3.7374587523734607e-6,0.2611542951466391,0.227,0.194,0.09412416121977324,PLXNB1,1.026298880955887,Not sig,NA
3.917378759234288e-6,-0.18612685832608444,0.157,0.192,0.09865526667255631,SLC7A2,1.0058797251530454,Not sig,NA
3.931507969896133e-6,0.2987274135620772,0.271,0.238,0.09901109671386421,DPH6-DT,1.0043161289223588,Not sig,NA
4.024118007000724e-6,-0.3530545759839222,0.086,0.111,0.10134338788830624,NDUFS1,0.9942045814287785,Not sig,NA
4.04264968304968e-6,0.18974768890286597,0.323,0.286,0.10181008961792315,AC073050.1,0.9922091802678769,Not sig,NA
4.087125436774849e-6,0.5179822923000069,0.115,0.09,0.10293016699973781,DNMT3A,0.9874573225996061,Not sig,NA
4.094059479593997e-6,-0.22206111763664244,0.121,0.152,0.10310479393409522,ATP2B2,0.9867211414020137,Not sig,NA
4.13888406587338e-6,0.29496176140770214,0.173,0.143,0.10423365631495521,CASTOR3,0.9819920277563696,Not sig,NA
4.318441860855282e-6,0.38627323080517184,0.217,0.189,0.10875563982377942,COL4A5,0.963548212250691,Not sig,NA
4.516765688356441e-6,-0.2750884434469202,0.093,0.119,0.11375022709556862,COPA,0.94404772762686,Not sig,NA
4.708686106035951e-6,-0.16449064436536304,0.144,0.178,0.11858355089440939,PHF3,0.9259755491777765,Not sig,NA
4.770969379454666e-6,-0.34460333463883014,0.087,0.113,0.12015209285218631,MTURN,0.9202686600973677,Not sig,NA
4.932448339063608e-6,0.28461462978934615,0.271,0.24,0.1242187789709779,NALCN,0.9058127440388887,Not sig,NA
4.997261551745497e-6,0.2953561448714095,0.221,0.19,0.12585103491915858,R3HDM2,0.9001432087383301,Not sig,NA
5.0280862623937565e-6,-0.20677082671572367,0.18,0.215,0.12662732443212438,KAT6A,0.8974725694399175,Not sig,NA
5.048677871467609e-6,-0.31138231624114354,0.085,0.11,0.12714590351504026,TBC1D15,0.8956976276980466,Not sig,NA
5.127710522565372e-6,0.20911046565243785,0.374,0.341,0.12913626180028634,CERS6,0.8889517895811447,Not sig,NA
5.168497171324685e-6,0.1994934609851735,0.44,0.411,0.13016343276264086,SPTBN1,0.8855110063971516,Not sig,NA
5.6410375007594395e-6,0.5724712871334442,0.112,0.088,0.14206388841912573,DENND1B,0.8475163024623692,Not sig,NA
5.672491377459695e-6,0.12087276155890692,0.335,0.299,0.14285602284994495,TMEM232,0.8451014449182244,Not sig,NA
5.781372968604667e-6,-0.18335310191977516,0.24,0.281,0.14559809684133992,REPS1,0.8368443017860734,Not sig,NA
5.908185369903703e-6,-0.17811650234875281,0.154,0.188,0.14879174035565484,VAPA,0.8274211764347825,Not sig,NA
5.965408786003561e-6,-0.3553658412670237,0.129,0.158,0.15023285486671367,PKP4,0.8232350798020702,Not sig,NA
5.9918333173448335e-6,-0.22379669061496704,0.141,0.172,0.15089833026401228,TTC14,0.8213155657985501,Not sig,NA
6.0330912331349905e-6,0.2869345212474861,0.204,0.173,0.1519373696152716,GRIK4,0.8183353965013088,Not sig,NA
6.040228868999847e-6,0.2032251020119613,0.34,0.306,0.15211712383689216,KCNN3,0.8178218946302648,Not sig,NA
6.133163856903348e-6,0.19176250442377762,0.582,0.557,0.1544575985722539,DCLK2,0.811190721633645,Not sig,NA
6.157278454371959e-6,-0.15005585110822484,0.135,0.167,0.1550649005949034,ZNF91,0.8094864949202755,Not sig,NA
6.199471408092817e-6,-0.38749483424146114,0.088,0.112,0.15612748794140952,PAG1,0.8065206279413222,Not sig,NA
6.318691675403698e-6,-0.24568709159902613,0.242,0.281,0.15912993115336674,PTPN13,0.7982481251166732,Not sig,NA
6.410578656507126e-6,0.30862492353403403,0.227,0.197,0.16144401288547547,FAM171B,0.7919780560603427,Not sig,NA
6.47843994506544e-6,0.48371609722527986,0.162,0.136,0.16315303157652805,NACC2,0.7874048520953796,Not sig,NA
6.5792887871962016e-6,-0.20299983710210623,0.212,0.249,0.16569280881674914,KMT2E,0.7806963398545039,Not sig,NA
6.651203454429327e-6,-0.2758446223610189,0.186,0.22,0.16750390779634816,OTUD7B,0.7759750565997119,Not sig,NA
6.66759256777543e-6,-0.2410102610973558,0.102,0.13,0.16791665122685642,ASCC1,0.7749062355035469,Not sig,NA
6.745849266471274e-6,-0.18597731041017918,0.194,0.231,0.16988746792681259,SOX9,0.7698386565104095,Not sig,NA
6.88655699264386e-6,-0.4296044182440937,0.161,0.191,0.17343105130274297,DOCK9,0.7608731432949688,Not sig,NA
7.131252986073371e-6,-0.2095813567514173,0.611,0.627,0.17959347520127178,RYR3,0.7457094457063412,Not sig,NA
7.325856782839697e-6,-0.1813481122536882,0.252,0.294,0.18449437721903494,MUC20-OT1,0.7340168651686437,Not sig,NA
7.360827837331439e-6,-0.20366869726263936,0.136,0.168,0.18537508825535495,AC091078.1,0.7319486291999499,Not sig,NA
7.49048894391132e-6,0.25938803907747743,0.314,0.283,0.1886404735634627,NPL,0.7243651219937882,Not sig,NA
7.662050777046788e-6,-0.2176151222552682,0.108,0.135,0.1929610867691463,PTN,0.7145302635588366,Not sig,NA
7.92103441716955e-6,-0.20566974438049712,0.431,0.475,0.19948333076199792,PPP3CA,0.7000933890025024,Not sig,NA
8.246248162682205e-6,-0.11804173640988525,0.108,0.137,0.20767351372898865,TIMM23B,0.6826188889961484,Not sig,NA
8.25809548248019e-6,-0.2530387921493905,0.094,0.12,0.2079718766307811,PTMA,0.6819953893153403,Not sig,NA
8.382273291016426e-6,-0.20123877864139472,0.177,0.211,0.21109917056095767,AUH,0.6755134730945551,Not sig,NA
8.768511663969301e-6,-0.2616173862242679,0.253,0.289,0.22082619774540288,GPC6,0.6559494053026561,Not sig,NA
8.822233665795239e-6,0.4512478696475554,0.155,0.13,0.2221791326393873,SMG7,0.6532967329970298,Not sig,NA
8.839977295083223e-6,-0.13934750775573468,0.259,0.302,0.2226259881993759,WAC,0.6524241397641477,Not sig,NA
8.927527904176173e-6,-0.26018545000229776,0.24,0.276,0.22483086273877273,MEF2A,0.6481440730089072,Not sig,NA
9.253674491588019e-6,-0.22152701201774497,0.091,0.117,0.23304453839615266,HBP1,0.6325610706855141,Not sig,NA
9.630455503418581e-6,-0.30818366821605403,0.086,0.11,0.24253339139809355,STK24,0.6152284603540469,Not sig,NA
9.818755146731948e-6,-0.29941089818388295,0.086,0.11,0.24727552961529736,PTH1R,0.6068188592912318,Not sig,NA
1.0111049440684106e-5,-0.11887680049233418,0.311,0.356,0.25463666911418853,TNKS,0.5940790553279466,Not sig,NA
1.0160286529118306e-5,-0.21484730917165923,0.126,0.155,0.2558766559493154,SON,0.59196933370971,Not sig,NA
1.0338968501097332e-5,-0.14045967172828644,0.331,0.377,0.2603765827316352,MAP4,0.5843980771228291,Not sig,NA
1.0345821259112643e-5,0.35851278148275945,0.213,0.185,0.2605491625894928,BCAR3,0.5841103183266072,Not sig,NA
1.0354710534546403e-5,-0.2809907157664087,0.102,0.128,0.26077303010201663,MTR,0.583737326604,Not sig,NA
1.0467021019339672e-5,-0.25365559412723704,0.095,0.121,0.2636014573510503,HSP90AB1,0.579052193024273,Not sig,NA
1.0623308819322334e-5,0.2595885894359484,0.264,0.233,0.26753740930581366,SERPINI2,0.5726154827299956,Not sig,NA
1.0678937276161535e-5,-0.18594220852420917,0.158,0.19,0.26893835636285207,APBB2,0.5703472536755992,Not sig,NA
1.071244529812854e-5,-0.28912911494166826,0.105,0.131,0.26978222238806915,BCAT2,0.5689866720590006,Not sig,NA
1.091717217384925e-5,0.26362721692866464,0.378,0.352,0.2749380640262195,EIF4G3,0.5607651297375805,Not sig,NA
1.1172703811703066e-5,-0.19891428938827782,0.247,0.282,0.28137337279393004,MACROD2,0.5507170035459701,Not sig,NA
1.1208635107695811e-5,-0.2511301228452137,0.118,0.146,0.28227826655221133,GMDS,0.5493225581966709,Not sig,NA
1.1379967133478893e-5,0.3918255470596252,0.175,0.149,0.28659309228953245,HIP1,0.5427342815475104,Not sig,NA
1.1507892829782669e-5,0.3151728699432301,0.322,0.295,0.2898147730252467,ST7,0.5378794805631802,Not sig,NA
1.1552615088107352e-5,-0.25660818119492496,0.138,0.168,0.29094105837889556,SNX9,0.5361949856311748,Not sig,NA
1.1833891978443696e-5,0.4003918488678213,0.155,0.129,0.29802473558512604,TNS3,0.5257476886676774,Not sig,NA
1.1974576943639391e-5,0.48690834639718195,0.103,0.08,0.30156774574861445,GPC4,0.5206151103900424,Not sig,NA
1.202478224610379e-5,-0.16811538287438876,0.149,0.181,0.30283211608587784,RSF1,0.5187980687385113,Not sig,NA
1.2030146535090963e-5,-0.21108918388333486,0.133,0.163,0.3029672103397308,AGFG1,0.5186043719567605,Not sig,NA
1.2134905901710537e-5,-0.2725087236498432,0.087,0.111,0.3056054702286782,SEPT9,0.5148388763107863,Not sig,NA
1.216381987314461e-5,-0.1746207516071776,0.156,0.188,0.3063336396852739,RB1,0.5138053090129067,Not sig,NA
1.2308176310100674e-5,0.487827932682169,0.122,0.098,0.30996911219357537,LINC01266,0.5086815805922611,Not sig,NA
1.2678350893564133e-5,0.2867898527494448,0.339,0.313,0.3192915889035191,IGSF11,0.4958125219268941,Not sig,NA
1.2775842320327224e-5,0.2357038997876566,0.248,0.217,0.3217468129951208,PLEKHA7,0.4924857462277335,Not sig,NA
1.289284176472229e-5,0.39245128084109027,0.203,0.176,0.32469332700276615,C8orf34,0.4885266367686893,Not sig,NA
1.3290149466393496e-5,-0.4111608395941248,0.087,0.11,0.3346991241616538,BACH1,0.4753454240995233,Not sig,NA
1.3330792825377221e-5,-0.21248905975572885,0.084,0.108,0.33572268651429993,ASAP3,0.4740193102412037,Not sig,NA
1.3717306064858009e-5,-0.14468094535281298,0.098,0.125,0.34545663593738407,G3BP1,0.4616064604607418,Not sig,NA
1.3843343769452716e-5,0.2867348887675303,0.295,0.266,0.3486307694898972,ZEB2,0.45763428552792296,Not sig,NA
1.3858153507603205e-5,-0.2308410172348594,0.204,0.238,0.3490037379354791,SLC38A1,0.4571699215907946,Not sig,NA
1.4133155770711005e-5,-0.12069693725062636,0.135,0.167,0.355929394929586,SEC24B,0.4486361436945264,Not sig,NA
1.414175076453851e-5,-0.297170531386131,0.094,0.119,0.35614585125413784,AC104123.1,0.44837211038982944,Not sig,NA
1.4278278235681891e-5,-0.16740200682722065,0.115,0.143,0.35958415908741276,NSUN6,0.4441994486753443,Not sig,NA
1.450590398649197e-5,-0.2016610218928456,0.097,0.123,0.36531668599581374,PTCHD1,0.43733049074891595,Not sig,NA
1.4740773420126608e-5,0.2721224578378796,0.314,0.285,0.3712316378124685,GAB1,0.43035501860117065,Not sig,NA
1.4754618038440505e-5,-0.11142489250488369,0.112,0.141,0.3715803006800857,TAX1BP1,0.4299473181786964,Not sig,NA
1.5077094895863608e-5,-0.18388019305269543,0.22,0.256,0.3797015578574291,UBE2H,0.4205576210126992,Not sig,NA
1.531814724047845e-5,-0.1300346367191576,0.156,0.19,0.3857722201042093,HNRNPA3,0.4136690496051309,Not sig,NA
1.5658887529683625e-5,-0.31096133120162156,0.131,0.16,0.39435342354755243,PRKAG2,0.4041143845289497,Not sig,NA
1.647422630313311e-5,0.3037575291001977,0.247,0.219,0.4148869152181042,GNAO1,0.382070261816444,Not sig,NA
1.7416849496880694e-5,-0.23848920204606108,0.119,0.148,0.4386259377294434,MARCH7,0.35790569030623254,Not sig,NA
1.7587460728182388e-5,0.17849612916872548,0.449,0.424,0.44292261097854524,ARHGAP5,0.35367214863246904,Not sig,NA
1.7600128626558753e-5,-0.16027436099406833,0.178,0.213,0.4432416393312556,TLK1,0.3533594475523021,Not sig,NA
1.7684191442193236e-5,-0.23443680142016765,0.309,0.35,0.44535867728019446,PCSK5,0.35129008155823516,Not sig,NA
1.834748315934018e-5,-0.20372411658955708,0.08,0.104,0.46206301588482307,RBAK-RBAKDN,0.33529879157636894,Not sig,NA
1.906505402273311e-5,-0.21000336481558113,0.162,0.194,0.4801343205085106,ANKRD36C,0.318637249092843,Not sig,NA
2.062582926651964e-5,-0.2352474658079935,0.088,0.112,0.5194408842480306,CYB5B,0.2844638708319864,Not sig,NA
2.067538570042394e-5,-0.2722467172026131,0.123,0.151,0.5206889134794764,PIAS2,0.28342166923413115,Not sig,NA
2.071001621043218e-5,-0.29244421455774694,0.087,0.111,0.521561048243524,FOXK1,0.2826948504904214,Not sig,NA
2.0898168887666668e-5,-0.13748061541643142,0.248,0.287,0.5262994852669973,MAP4K3,0.27876705473250785,Not sig,NA
2.105416915367699e-5,-0.24558665509295682,0.114,0.141,0.5302281959662013,FBXL5,0.27553718149364287,Not sig,NA
2.1150814420059996e-5,-0.21908219479686747,0.103,0.129,0.5326621103547909,RHOB,0.2735481946157234,Not sig,NA
2.1151171188300665e-5,-0.30518429730845026,0.1,0.125,0.532671095206164,APBA2,0.27354086907409614,Not sig,NA
2.1268269083447185e-5,-0.26122112251732676,0.115,0.142,0.535620088597534,USP3,0.27114314300534026,Not sig,NA
2.1496021483208847e-5,-0.22439650697183644,0.129,0.157,0.5413558050331316,MATN2,0.2665172018600785,Not sig,NA
2.1599261812597678e-5,-0.15121893291174165,0.093,0.118,0.5439558094884599,USP22,0.2644363805864742,Not sig,NA
2.193108668305761e-5,-0.1312269632295071,0.306,0.35,0.5523124870261229,ZEB1,0.2578151378640718,Not sig,NA
2.2010221296185493e-5,0.12550540186832082,0.656,0.639,0.5543054131231354,CELF2,0.2562508802420532,Not sig,NA
2.218991344090908e-5,-0.11854271798074922,0.456,0.502,0.5588307800958543,SSBP2,0.25271968119487354,Not sig,NA
2.2232035237254402e-5,-0.14847082715563187,0.208,0.244,0.5598915754150149,NEK1,0.25189606720460095,Not sig,NA
2.293367262866923e-5,0.5366747692692194,0.117,0.095,0.5775616114804059,BTBD3,0.2384016805289269,Not sig,NA
2.29385216736266e-5,0.32018173258819715,0.198,0.171,0.5776837298286123,AL022068.1,0.2383098639717571,Not sig,NA
2.36109293575073e-5,0.46252413864424735,0.108,0.086,0.5946176449394639,KAT2A,0.22576220749881984,Not sig,NA
2.3788709438194e-5,-0.19430792553000065,0.173,0.206,0.5990948584914777,SNX13,0.22250440756430284,Not sig,NA
2.401198267365037e-5,0.4963783206068977,0.118,0.095,0.6047177716532108,LPGAT1,0.21844726801137082,Not sig,NA
2.416912958249967e-5,-0.1809478643877214,0.133,0.163,0.6086753594056717,PIK3C2A,0.21561427914193307,Not sig,NA
2.468579562409014e-5,0.3169360940355215,0.233,0.204,0.6216870769970861,TOX,0.2064281602129718,Not sig,NA
2.4819415567572955e-5,-0.3273189691563382,0.082,0.105,0.6250521616537573,AP3S1,0.2040837385389162,Not sig,NA
2.5580298834547588e-5,-0.25491447441518333,0.178,0.21,0.6442142458492465,CDH11,0.19096967562730188,Not sig,NA
2.5729423507908014e-5,-0.16568147718791285,0.097,0.123,0.6479698016231554,KCNMB2-AS1,0.18844523378068864,Not sig,NA
2.6017666533160423e-5,-0.14254087482928646,0.232,0.27,0.655228913971112,NCOR1,0.1836069462582638,Not sig,NA
2.6580507763080903e-5,0.3268984819803895,0.224,0.196,0.6694035075054294,RGS7,0.17431201637880572,Not sig,NA
2.702066267746121e-5,-0.26695197076915944,0.115,0.142,0.6804883688691831,KANTR,0.16717929350120697,Not sig,NA
2.7291712672316702e-5,0.4762992179602126,0.1,0.078,0.6873144919396238,PLCXD3,0.16284449894986838,Not sig,NA
2.8626565756566785e-5,0.2669866675813348,0.275,0.248,0.720931432013378,PLPP1,0.14210603918391404,Not sig,NA
2.8809245358614883e-5,-0.13382226434514355,0.112,0.139,0.7255320351113572,IWS1,0.13934340698236483,Not sig,NA
2.903669744571383e-5,-0.1526713838215641,0.449,0.489,0.7312601884728571,DPYSL2,0.13592806994673284,Not sig,NA
2.975461474103779e-5,-0.12282500472183222,0.222,0.26,0.7493402176382956,NUMB,0.12532095787345365,Not sig,NA
3.0461610293447887e-5,-0.19778024743475098,0.104,0.13,0.7671451936301916,ANKRD13C,0.11512243158582265,Not sig,NA
3.056297010699908e-5,-0.2057095293097428,0.112,0.139,0.7696978391746648,ARFGEF2,0.11367973266338205,Not sig,NA
3.150851245668813e-5,-0.6279490858408594,0.159,0.184,0.7935103777092339,HSPH1,0.1004473890699606,Not sig,NA
3.1859796779839984e-5,-0.21744963212422652,0.202,0.236,0.8023571221034902,ARHGEF7,0.09563228802778066,Not sig,NA
3.2915513855033135e-5,-0.18287496506657508,0.524,0.558,0.8289443009251545,SASH1,0.08147464992442409,Not sig,NA
3.404742562558112e-5,-0.15840696975666824,0.143,0.173,0.857450366954635,UBAP1,0.06679100945611913,Not sig,NA
3.4582942690405576e-5,-0.1827527511478213,0.299,0.336,0.8709368287151741,CDHR3,0.060013344344063455,Not sig,NA
3.4620137720953156e-5,-0.16420895570743899,0.158,0.19,0.8718735483644843,ANKRD10,0.05954649812911162,Not sig,NA
3.497874606651951e-5,0.2350169317582016,0.301,0.273,0.8809047409392272,DDAH1,0.05507105267900763,Not sig,NA
3.598827602995493e-5,-0.20527450162099936,0.216,0.25,0.906328743538385,USP47,0.04271424646390161,Not sig,NA
3.605895438053509e-5,0.41142994879415706,0.113,0.091,0.9081087071193957,FAM66C,0.04186216020551977,Not sig,NA
3.7547217358095584e-5,0.2864194968918412,0.256,0.228,0.9455891219462792,ADRA1A,0.024297532556177226,Not sig,NA
3.7865720800827876e-5,0.17455925567288055,0.51,0.489,0.9536103126480492,TTC28,0.020629060978498717,Not sig,NA
3.824278939479991e-5,-0.27458163107003775,0.147,0.176,0.963106408118641,ARL15,0.016325727511201368,Not sig,NA
3.911401788943321e-5,-0.15288571561959308,0.296,0.334,0.985047426527486,HMBOX1,0.006542859265497892,Not sig,NA
3.9145910116806014e-5,-0.15431953431985534,0.112,0.139,0.9858506003816426,USP9X,0.0061888947402754645,Not sig,NA
3.926010529108051e-5,0.40946496379352165,0.117,0.095,0.9887264916505715,MALRD1,0.0049238293277007565,Not sig,NA
3.9295655368879285e-5,0.20634469245251474,0.296,0.266,0.989621784809856,RFX2,0.004530753032760562,Not sig,NA
3.931158274475987e-5,-0.2739152636138482,0.087,0.11,0.9900228998440325,PPP1CB,0.004354759785400936,Not sig,NA
3.9898976611297274e-5,-0.26577277157524437,0.109,0.134,1,ARL8B,-0,Not sig,NA
4.085489939180553e-5,-0.1621714154681555,0.124,0.152,1,KATNBL1,-0,Not sig,NA
4.0862609883250865e-5,-0.12364024752141689,0.235,0.274,1,MARCH6,-0,Not sig,NA
4.103129371489447e-5,0.1531758129624734,0.497,0.473,1,LMCD1-AS1,-0,Not sig,NA
4.1414137919349085e-5,-0.2200121495495002,0.237,0.272,1,CLIP1,-0,Not sig,NA
4.266910898580356e-5,-0.2809301272079349,0.097,0.121,1,CABIN1,-0,Not sig,NA
4.2840120411595947e-5,0.43398237020258323,0.137,0.114,1,MRAS,-0,Not sig,NA
4.291756111161558e-5,-0.16611037827924724,0.19,0.223,1,SESTD1,-0,Not sig,NA
4.3656185643078624e-5,-0.21257291207048398,0.094,0.118,1,PPP4R2,-0,Not sig,NA
4.3870205317265514e-5,-0.19412254177254085,0.144,0.173,1,ALDH1A1,-0,Not sig,NA
4.447724703295715e-5,0.22990081715777366,0.322,0.295,1,WDFY2,-0,Not sig,NA
4.6065873045017994e-5,-0.27916399232337663,0.239,0.271,1,MAP1B,-0,Not sig,NA
4.6565146147167616e-5,-0.28271119055658334,0.425,0.449,1,SGIP1,-0,Not sig,NA
4.6976695294895456e-5,-0.2794975493010924,0.151,0.179,1,FAM13A,-0,Not sig,NA
4.837728997862754e-5,-0.1545134841621898,0.309,0.348,1,RALGAPA1,-0,Not sig,NA
4.845185809492272e-5,-0.19848499814665133,0.095,0.119,1,CLK1,-0,Not sig,NA
4.855341533715059e-5,-0.2161074075176384,0.135,0.163,1,SH3RF1,-0,Not sig,NA
4.928199130878484e-5,-0.26575663945286365,0.081,0.104,1,EDEM3,-0,Not sig,NA
4.9812308438818564e-5,0.34317895293399375,0.177,0.151,1,FGD6,-0,Not sig,NA
5.121161378357997e-5,-0.15591426588028418,0.101,0.126,1,EXT2,-0,Not sig,NA
5.1686080241192434e-5,0.1930072767693245,0.39,0.366,1,TMTC2,-0,Not sig,NA
5.181225828166364e-5,0.10732445874020113,0.545,0.522,1,SLC39A11,-0,Not sig,NA
5.3245263734279705e-5,-0.11485944392970635,0.092,0.116,1,SREK1,-0,Not sig,NA
5.326876805717357e-5,0.2975870377605798,0.314,0.29,1,TAB2,-0,Not sig,NA
5.327727956298358e-5,-0.33810076652919135,0.083,0.105,1,ACTR3,-0,Not sig,NA
5.358627966895489e-5,-0.33592975108116413,0.133,0.159,1,SLC22A23,-0,Not sig,NA
5.469739535127773e-5,-0.27888607012086036,0.099,0.123,1,USP53,-0,Not sig,NA
5.640694493767766e-5,0.12491059705839036,0.286,0.256,1,DNAH7,-0,Not sig,NA
5.836255680814429e-5,-0.18565188248989217,0.139,0.167,1,RAB2A,-0,Not sig,NA
6.020476899233384e-5,0.2534211213464226,0.29,0.263,1,ZNF521,-0,Not sig,NA
6.0581765473877096e-5,-0.25405807914424833,0.101,0.126,1,LRRFIP1,-0,Not sig,NA
6.0617227903571726e-5,-0.1183938602908684,0.175,0.207,1,MON2,-0,Not sig,NA
6.158977455577101e-5,-0.18525636643212134,0.078,0.1,1,DHX36,-0,Not sig,NA
6.204541669113133e-5,-0.2549811599459267,0.084,0.106,1,KIF5B,-0,Not sig,NA
6.232616157669189e-5,0.29907157625915237,0.16,0.135,1,ACADVL,-0,Not sig,NA
6.24572929279326e-5,0.4273306966828998,0.1,0.08,1,CAP2,-0,Not sig,NA
6.250867325225357e-5,0.41498590335006386,0.102,0.082,1,AC010099.4,-0,Not sig,NA
6.344234321730984e-5,-0.23133839582707721,0.119,0.145,1,RREB1,-0,Not sig,NA
6.466268562238333e-5,0.2665046100705686,0.271,0.245,1,LINC00882,-0,Not sig,NA
6.49036117986213e-5,-0.1821749305228675,0.11,0.135,1,PDCD6IP,-0,Not sig,NA
6.548657596424631e-5,0.1213675646757073,0.542,0.513,1,BMPR1B,-0,Not sig,NA
6.610051186747924e-5,0.3093273580351671,0.172,0.146,1,PKIA,-0,Not sig,NA
6.642960926607411e-5,-0.1692788958592095,0.101,0.126,1,CCDC50,-0,Not sig,NA
6.650729125219317e-5,-0.12794003515440344,0.103,0.128,1,CUL1,-0,Not sig,NA
6.844653613376317e-5,-0.21049284912225041,0.156,0.184,1,SMURF1,-0,Not sig,NA
6.854633589327735e-5,-0.22031649778708906,0.301,0.336,1,SFMBT2,-0,Not sig,NA
6.859669493343314e-5,-0.22603851069872238,0.3,0.336,1,JARID2,-0,Not sig,NA
6.912019571057087e-5,-0.16091442014601226,0.147,0.176,1,TLK2,-0,Not sig,NA
7.00237763649509e-5,-0.17181016493423004,0.123,0.15,1,PKD2,-0,Not sig,NA
7.00973711461917e-5,0.3317594947140478,0.164,0.14,1,LRP6,-0,Not sig,NA
7.048924085830985e-5,-0.17445232792543486,0.287,0.324,1,PIP4K2A,-0,Not sig,NA
7.093017537181577e-5,-0.1543404588305448,0.168,0.199,1,PSAP,-0,Not sig,NA
7.196228707191522e-5,-0.23015636112614563,0.082,0.104,1,MGLL,-0,Not sig,NA
7.311148958114017e-5,-0.20999690073536584,0.099,0.123,1,IGF2R,-0,Not sig,NA
7.446650101855168e-5,0.36432618410890816,0.175,0.151,1,NR6A1,-0,Not sig,NA
7.668813726184419e-5,-0.13466086004643005,0.096,0.12,1,HNRNPDL,-0,Not sig,NA
7.789744009136511e-5,0.2651229765336771,0.286,0.257,1,LRRC4C,-0,Not sig,NA
8.105301890624934e-5,-0.21490913727023075,0.086,0.109,1,TAF1,-0,Not sig,NA
8.257007741729739e-5,-0.1597522757652745,0.287,0.321,1,COLEC12,-0,Not sig,NA
8.4673140857716e-5,-0.26688690229406986,0.252,0.283,1,EPS8,-0,Not sig,NA
8.860762851581428e-5,-0.15041345176872145,0.108,0.133,1,FUBP1,-0,Not sig,NA
9.044809748340646e-5,-0.18705302559340742,0.139,0.167,1,ETNK1,-0,Not sig,NA
9.13588873300476e-5,-0.24482180553004634,0.089,0.11,1,SCARB2,-0,Not sig,NA
9.154144967165008e-5,-0.27620316158021696,0.136,0.162,1,AC110023.1,-0,Not sig,NA
9.208815724745996e-5,-0.22825975382887487,0.174,0.201,1,MT3,-0,Not sig,NA
9.215891500887251e-5,0.27771230656351864,0.18,0.155,1,GMPR,-0,Not sig,NA
9.230901858809692e-5,-0.10113516046928872,0.651,0.685,1,MKLN1,-0,Not sig,NA
9.368040889113704e-5,-0.10984450013988445,0.264,0.304,1,NCKAP1,-0,Not sig,NA
9.380265019302085e-5,0.34389894842400603,0.27,0.247,1,LINC00894,-0,Not sig,NA
9.48242454564508e-5,-0.2074125849927757,0.314,0.342,1,ATP1A2,-0,Not sig,NA
9.48453589004198e-5,-0.1707027161857424,0.113,0.138,1,YAF2,-0,Not sig,NA
9.513682947589023e-5,-0.21563330344255188,0.087,0.108,1,SRSF4,-0,Not sig,NA
9.527004300199847e-5,-0.18574485168856447,0.228,0.261,1,PDS5B,-0,Not sig,NA
9.745079969646367e-5,-0.21362893359908997,0.497,0.523,1,ITPR2,-0,Not sig,NA
1.0115765443248147e-4,0.19814340800113284,0.419,0.396,1,KANSL1,-0,Not sig,NA
1.066729404355363e-4,0.31983154457312457,0.25,0.228,1,RGMA,-0,Not sig,NA
1.0744334132487319e-4,-0.1259023866096648,0.087,0.109,1,OCIAD1,-0,Not sig,NA
1.1046901711544279e-4,-0.1582164822010812,0.332,0.371,1,PDZRN3,-0,Not sig,NA
1.1330312991038156e-4,-0.14819081945497792,0.183,0.214,1,SMC5,-0,Not sig,NA
1.1365708681001688e-4,-0.13026038460073563,0.166,0.197,1,UBE2R2,-0,Not sig,NA
1.1366272189702841e-4,-0.23100077185240941,0.205,0.237,1,SERPINE2,-0,Not sig,NA
1.1687510652906145e-4,-0.24838119931566777,0.135,0.161,1,IQGAP1,-0,Not sig,NA
1.2176178156691324e-4,-0.15091058319989412,0.126,0.152,1,USP33,-0,Not sig,NA
1.2339930698895436e-4,-0.17659592243245958,0.677,0.696,1,SLC1A3,-0,Not sig,NA
1.2410215877167063e-4,-0.21642018743958422,0.092,0.114,1,ZCCHC24,-0,Not sig,NA
1.2443415091188174e-4,-0.24065018521966278,0.093,0.115,1,PPP4R1,-0,Not sig,NA
1.2543125739280408e-4,-0.21740045764293633,0.11,0.134,1,RNF150,-0,Not sig,NA
1.331324660757218e-4,-0.17015271344823812,0.176,0.206,1,AVL9,-0,Not sig,NA
1.35373321874952e-4,-0.16608491003906267,0.198,0.229,1,LDLRAD3,-0,Not sig,NA
1.3546621033079585e-4,0.3991107377880502,0.162,0.14,1,CCDC7,-0,Not sig,NA
1.356280041181936e-4,-0.23315858580612264,0.082,0.103,1,CHIC2,-0,Not sig,NA
1.414296662650897e-4,-0.17394444542846665,0.214,0.246,1,PON2,-0,Not sig,NA
1.4760996308258627e-4,-0.16741662503856636,0.15,0.178,1,WDR60,-0,Not sig,NA
1.4924299711410055e-4,0.13393970247610154,0.489,0.475,1,EXOC4,-0,Not sig,NA
1.514691577914218e-4,0.3175666777552053,0.157,0.134,1,LAMA4,-0,Not sig,NA
1.5282252978915484e-4,-0.17432302607638503,0.093,0.115,1,PTPN14,-0,Not sig,NA
1.5360650286422233e-4,-0.18884992246146337,0.101,0.123,1,STAT5B,-0,Not sig,NA
1.548593073036398e-4,-0.1825211047798437,0.1,0.123,1,CWF19L2,-0,Not sig,NA
1.5548978119673477e-4,0.4123770615153013,0.116,0.096,1,PAPSS1,-0,Not sig,NA
1.5594555405841953e-4,0.4283052050089498,0.172,0.15,1,ARMC2,-0,Not sig,NA
1.6679323016683116e-4,0.13822679010187033,0.335,0.305,1,RANBP3L,-0,Not sig,NA
1.6904481385076724e-4,-0.19474410136357195,0.093,0.115,1,PIKFYVE,-0,Not sig,NA
1.7394135219569488e-4,-0.18631697788411491,0.091,0.113,1,PREPL,-0,Not sig,NA
1.7408929312441994e-4,0.411723057792789,0.119,0.098,1,TECPR2,-0,Not sig,NA
1.7518769752137328e-4,0.21604876892143232,0.317,0.291,1,BBS9,-0,Not sig,NA
0.00017672632378852847,-0.17069427587245872,0.108,0.131,1,PRKX,-0,Not sig,NA
1.7894592768247664e-4,-0.24539641674973356,0.144,0.169,1,ECPAS,-0,Not sig,NA
1.7899444703991428e-4,0.4097979274461543,0.144,0.124,1,NPTN,-0,Not sig,NA
1.8116063894604617e-4,-0.14525214754459848,0.18,0.21,1,NBEAL1,-0,Not sig,NA
1.8265023456312727e-4,-0.21910006399244428,0.101,0.123,1,RAP1A,-0,Not sig,NA
1.8683859765869162e-4,-0.13924696422046057,0.311,0.348,1,CPEB4,-0,Not sig,NA
1.871553570648368e-4,0.43366254563175377,0.109,0.089,1,OSBPL3,-0,Not sig,NA
1.9858361590962897e-4,-0.1292669034679137,0.291,0.327,1,YAP1,-0,Not sig,NA
2.0219434711488102e-4,-0.19444021220273522,0.179,0.208,1,SPATS2L,-0,Not sig,NA
2.1016368192841307e-4,-0.2771156641452523,0.086,0.106,1,PFKL,-0,Not sig,NA
2.1287856074244182e-4,-0.17160365084095228,0.124,0.149,1,PRKRIP1,-0,Not sig,NA
2.1324423947720553e-4,0.29852802813388357,0.185,0.161,1,GABRG1,-0,Not sig,NA
2.1482712580855718e-4,0.2444047973638801,0.199,0.174,1,CSRP1,-0,Not sig,NA
2.2024921052049134e-4,-0.17753181797244094,0.145,0.171,1,WASF2,-0,Not sig,NA
2.2123007939481418e-4,-0.14169945024663266,0.147,0.174,1,USP32,-0,Not sig,NA
2.214493094367647e-4,0.3625497622247995,0.207,0.184,1,UNC5C,-0,Not sig,NA
2.2433251746282847e-4,-0.13079305566215993,0.348,0.386,1,AFF1,-0,Not sig,NA
2.3221057514436397e-4,-0.11585209610044878,0.222,0.256,1,SENP6,-0,Not sig,NA
2.3304452816455486e-4,-0.15057301136350754,0.361,0.397,1,USP34,-0,Not sig,NA
2.3374372304344731e-4,-0.13327525370448834,0.265,0.298,1,SIK2,-0,Not sig,NA
2.3641045960275632e-4,0.20645058579217368,0.384,0.362,1,RAD51B,-0,Not sig,NA
2.3769787475678219e-4,-0.1866465222698297,0.338,0.372,1,LIMCH1,-0,Not sig,NA
2.3983574581396054e-4,0.431526894161943,0.118,0.098,1,FBXL4,-0,Not sig,NA
2.468970112845419e-4,-0.11949908094124786,0.113,0.137,1,CDC27,-0,Not sig,NA
2.4858323553611966e-4,0.22178870952289365,0.335,0.312,1,CDH2,-0,Not sig,NA
2.520499055905557e-4,-0.16707928430094982,0.109,0.132,1,MEF2C,-0,Not sig,NA
2.55702391400931e-4,0.46214714805953416,0.131,0.111,1,SH3RF3,-0,Not sig,NA
2.584644105770853e-4,0.47771111600646254,0.139,0.12,1,TFCP2,-0,Not sig,NA
2.673063369693335e-4,0.12597150277138747,0.471,0.45,1,CPE,-0,Not sig,NA
2.711025716810079e-4,-0.33399018444540673,0.105,0.126,1,PRELID2,-0,Not sig,NA
2.7166011714712063e-4,-0.15495194454233596,0.188,0.217,1,CBLB,-0,Not sig,NA
2.751600087413551e-4,0.34515500574833186,0.14,0.119,1,SLC22A15,-0,Not sig,NA
2.789377442000593e-4,0.2158796753680945,0.205,0.181,1,KIAA0930,-0,Not sig,NA
2.8324900593634653e-4,0.4042418476488735,0.107,0.088,1,MITF,-0,Not sig,NA
2.8496382103107055e-4,-0.1376072126726341,0.124,0.148,1,USP25,-0,Not sig,NA
2.88282380763954e-4,-0.11198826080423532,0.1,0.122,1,TOP2B,-0,Not sig,NA
2.9830376164096485e-4,-0.2942721236382338,0.115,0.138,1,MYLK,-0,Not sig,NA
3.0988088930818743e-4,-0.10551576798708717,0.193,0.223,1,ATP9B,-0,Not sig,NA
3.104509565984141e-4,-0.12280457969250524,0.319,0.355,1,BIRC6,-0,Not sig,NA
3.1111615758589524e-4,-0.28222901814764084,0.093,0.114,1,HADHB,-0,Not sig,NA
3.133601161889856e-4,-0.1307223746252526,0.166,0.194,1,MTM1,-0,Not sig,NA
3.250829645226268e-4,-0.12629526383745393,0.415,0.452,1,JMJD1C,-0,Not sig,NA
3.292610144692383e-4,-0.10988874187944668,0.1,0.123,1,PRKAR2A,-0,Not sig,NA
3.3069695356078584e-4,0.2184009667554223,0.27,0.244,1,SRGAP3,-0,Not sig,NA
3.392205265788659e-4,0.41505499193721374,0.102,0.083,1,HDAC2-AS2,-0,Not sig,NA
3.4171266895174e-4,-0.2244462300002371,0.144,0.168,1,ADIPOR2,-0,Not sig,NA
3.5702190928132483e-4,-0.16978597680881968,0.386,0.416,1,PLCB1,-0,Not sig,NA
3.579806284476875e-4,0.3064299659846801,0.209,0.187,1,LRRC37A3,-0,Not sig,NA
3.7058129777476457e-4,-0.16446151176525267,0.11,0.133,1,BCR,-0,Not sig,NA
3.808179527957999e-4,0.23586294465366664,0.339,0.316,1,MBNL2,-0,Not sig,NA
3.840653415557185e-4,-0.1973982467881139,0.231,0.262,1,C1orf21,-0,Not sig,NA
3.887108096906637e-4,-0.31693462803769346,0.202,0.227,1,CHST11,-0,Not sig,NA
3.9513262550631035e-4,-0.12606931093821505,0.156,0.183,1,CST3,-0,Not sig,NA
3.954246155842226e-4,-0.13422008260428697,0.205,0.236,1,MAGI3,-0,Not sig,NA
4.0285044367070115e-4,-0.13615487596093323,0.308,0.342,1,GTF2I,-0,Not sig,NA
4.0383323221889345e-4,0.1315499284349464,0.53,0.509,1,PRKN,-0,Not sig,NA
4.065217445314721e-4,0.23604342875421258,0.205,0.181,1,NAIP,-0,Not sig,NA
4.135099829522222e-4,-0.1906670719347499,0.085,0.105,1,DUSP16,-0,Not sig,NA
4.146704657807246e-4,0.3121877598704925,0.156,0.135,1,LINGO1,-0,Not sig,NA
4.175443027546867e-4,-0.12380959001420955,0.401,0.438,1,CLASP1,-0,Not sig,NA
4.245008855659929e-4,0.2545564545775254,0.27,0.247,1,SGK3,-0,Not sig,NA
4.2720429336198253e-4,-0.14362899544887053,0.188,0.218,1,AKAP9,-0,Not sig,NA
4.29029984465244e-4,-0.1309666348920815,0.215,0.247,1,OGA,-0,Not sig,NA
4.2967638691446426e-4,-0.1879028380717431,0.111,0.133,1,AP2B1,-0,Not sig,NA
4.359139876585402e-4,-0.1997587217593253,0.162,0.186,1,ARHGAP24,-0,Not sig,NA
4.387577559862925e-4,-0.1906238553854908,0.101,0.122,1,VPS13A,-0,Not sig,NA
4.487625321190315e-4,0.4072798831727825,0.106,0.088,1,AC005162.3,-0,Not sig,NA
4.569077058161526e-4,0.36715066045182365,0.153,0.134,1,ZNF423,-0,Not sig,NA
4.651919444679927e-4,0.1349375382158624,0.517,0.499,1,RERE,-0,Not sig,NA
4.7187866353832445e-4,-0.1846085279576597,0.742,0.751,1,PRKCA,-0,Not sig,NA
4.7223936395719473e-4,0.14458485096455864,0.279,0.252,1,AC002429.2,-0,Not sig,NA
4.7265404244565157e-4,-0.1125989807283918,0.106,0.128,1,YTHDC1,-0,Not sig,NA
4.739146278872614e-4,-0.16419257959804823,0.187,0.215,1,HSD17B12,-0,Not sig,NA
4.7828058791880634e-4,-0.1790802904324944,0.155,0.181,1,GNA13,-0,Not sig,NA
4.89307423336148e-4,0.2627496886244095,0.229,0.207,1,SOBP,-0,Not sig,NA
4.958527440600589e-4,0.39562692459910015,0.131,0.113,1,PRCP,-0,Not sig,NA
4.991489281401045e-4,-0.22110796265763932,0.272,0.3,1,ACSS3,-0,Not sig,NA
4.996522742302896e-4,-0.17839349956291373,0.203,0.231,1,ZNF148,-0,Not sig,NA
5.032188516070718e-4,0.38478666595334776,0.11,0.091,1,CRYL1,-0,Not sig,NA
5.168475526043534e-4,-0.13923193456599714,0.183,0.211,1,KIDINS220,-0,Not sig,NA
5.236249435562276e-4,-0.1452018147375907,0.117,0.141,1,UBR4,-0,Not sig,NA
5.292360465193274e-4,-0.16474242395488714,0.392,0.423,1,CACHD1,-0,Not sig,NA
5.462093913158828e-4,-0.161775792322143,0.256,0.287,1,ABI1,-0,Not sig,NA
5.633401179385559e-4,0.2690938504261876,0.196,0.174,1,RAB30,-0,Not sig,NA
5.676085185793303e-4,-0.12721781644006197,0.095,0.116,1,LARP4,-0,Not sig,NA
5.757290214477132e-4,-0.274257007902084,0.107,0.127,1,FAM49A,-0,Not sig,NA
5.814482465211071e-4,-0.1649164866156686,0.105,0.126,1,NEMF,-0,Not sig,NA
5.815579972342454e-4,-0.16559337045542277,0.148,0.173,1,EFR3B,-0,Not sig,NA
5.902280397363167e-4,-0.13557280689537804,0.157,0.183,1,THOC2,-0,Not sig,NA
5.925271189519014e-4,0.34414391906506403,0.156,0.136,1,PABPN1,-0,Not sig,NA
5.958809421717862e-4,0.18401633121865868,0.134,0.113,1,ARMC3,-0,Not sig,NA
6.159790438983676e-4,0.27695782926720547,0.185,0.164,1,KIAA0319,-0,Not sig,NA
6.395341916056527e-4,-0.13527189634331876,0.133,0.156,1,GATAD2B,-0,Not sig,NA
6.64167159701181e-4,0.25204841410482803,0.236,0.213,1,EFNA5,-0,Not sig,NA
6.724433620790427e-4,-0.10014488425070428,0.11,0.131,1,NR2F2-AS1,-0,Not sig,NA
6.896104680342469e-4,-0.16535348525432259,0.092,0.111,1,GPBP1L1,-0,Not sig,NA
6.900991536625016e-4,0.17633675502405044,0.433,0.417,1,TBC1D5,-0,Not sig,NA
6.969466598124813e-4,-0.21451694110155622,0.112,0.133,1,ANKH,-0,Not sig,NA
7.09543173986738e-4,0.14691926865458194,0.269,0.243,1,NEDD4L,-0,Not sig,NA
7.179984091297075e-4,-0.12189322586675227,0.089,0.108,1,SAMD4B,-0,Not sig,NA
7.225467109495676e-4,-0.10962171558629039,0.118,0.14,1,PJA2,-0,Not sig,NA
7.227289153848083e-4,-0.1576805672208715,0.094,0.114,1,TRIP11,-0,Not sig,NA
7.442382518816642e-4,0.23071712172789915,0.243,0.222,1,ELP4,-0,Not sig,NA
7.564460331444775e-4,0.3414243288679688,0.206,0.185,1,LRRTM4,-0,Not sig,NA
7.919723782219447e-4,-0.14136737229697469,0.092,0.112,1,MTMR1,-0,Not sig,NA
7.928738991289949e-4,-0.17101605950990562,0.088,0.107,1,UBXN7,-0,Not sig,NA
8.028295191576148e-4,0.3225518923203203,0.179,0.16,1,WIPF2,-0,Not sig,NA
8.093922809276702e-4,-0.14530910713151313,0.144,0.168,1,SCAF11,-0,Not sig,NA
8.235334418273622e-4,-0.10455271014185896,0.167,0.194,1,PSME4,-0,Not sig,NA
8.304759860242213e-4,-0.1523978530221351,0.147,0.171,1,B4GALT5,-0,Not sig,NA
8.403433995221424e-4,-0.13639012414378726,0.392,0.424,1,BTBD9,-0,Not sig,NA
8.550640775450654e-4,-0.16357589295162833,0.104,0.124,1,EMSY,-0,Not sig,NA
8.718556267731471e-4,-0.1681743221416363,0.207,0.233,1,CMIP,-0,Not sig,NA
8.760037899190751e-4,-0.1272882866926165,0.105,0.126,1,C3orf70,-0,Not sig,NA
8.85099433142068e-4,-0.26356345352710375,0.118,0.139,1,PTPRJ,-0,Not sig,NA
8.909957647262935e-4,-0.17777316179432176,0.086,0.105,1,PURA,-0,Not sig,NA
8.98746078143932e-4,0.420673863964511,0.111,0.094,1,NWD1,-0,Not sig,NA
9.348585103128929e-4,0.326727714019125,0.144,0.126,1,WDR6,-0,Not sig,NA
9.398369267924286e-4,0.451002520336274,0.103,0.086,1,PPP1R21,-0,Not sig,NA
9.821568931872658e-4,-0.1326529778447444,0.189,0.215,1,FAM184A,-0,Not sig,NA
9.862918692029993e-4,0.3097357217219359,0.145,0.126,1,ASXL2,-0,Not sig,NA
9.930711635084562e-4,-0.30285404786945447,0.086,0.104,1,EXPH5,-0,Not sig,NA
0.0010146150105905059,-0.16436737650764857,0.11,0.131,1,FNBP1L,-0,Not sig,NA
0.0010207031373705418,-0.17755384213037784,0.128,0.15,1,PDE1C,-0,Not sig,NA
0.0010334428371752023,0.2547400042777673,0.162,0.142,1,SLC27A1,-0,Not sig,NA
0.0010346430188401404,-0.26079250109228835,0.15,0.172,1,CRYAB,-0,Not sig,NA
0.0010677754893523525,-0.15188435468338157,0.099,0.119,1,CLTC,-0,Not sig,NA
0.0010849331296883286,0.20086182660608531,0.218,0.197,1,UBA6-AS1,-0,Not sig,NA
0.0010907470938449036,0.1048408562687535,0.412,0.382,1,SLC4A4,-0,Not sig,NA
0.0010964650245893967,-0.17124007708802136,0.145,0.169,1,XRCC5,-0,Not sig,NA
0.0011118377348890798,0.29240363265234226,0.129,0.111,1,FTCDNL1,-0,Not sig,NA
0.001115185651724263,-0.14064629992737493,0.114,0.135,1,SH3D19,-0,Not sig,NA
0.0011218048109303618,-0.1929308293201068,0.102,0.122,1,UQCC1,-0,Not sig,NA
0.0011267985397273872,0.15055325878020742,0.487,0.472,1,DOCK7,-0,Not sig,NA
0.0011394346255639092,-0.11745652891065039,0.243,0.273,1,CTNNA1,-0,Not sig,NA
0.0011414222775969754,0.3539494260869037,0.108,0.091,1,SEMA3B,-0,Not sig,NA
0.0011439354157901159,0.3373986624690127,0.161,0.143,1,WASF3,-0,Not sig,NA
0.0011544298985937962,0.2146729455603018,0.17,0.149,1,MPP6,-0,Not sig,NA
0.001169105303555133,-0.1292068124570721,0.088,0.107,1,WASHC4,-0,Not sig,NA
0.0011692061506685537,0.36273818851953243,0.163,0.145,1,SPOP,-0,Not sig,NA
0.0011923773967382444,0.3041403751793087,0.183,0.164,1,NFIX,-0,Not sig,NA
0.0011956405042657995,-0.1402377752376744,0.089,0.108,1,MOSMO,-0,Not sig,NA
0.0012034968526690466,-0.43927453382342363,0.193,0.213,1,NRXN3,-0,Not sig,NA
0.0012057039993532105,-0.2363003253607865,0.191,0.215,1,AEBP1,-0,Not sig,NA
0.0012280307902934123,0.24551402882449042,0.161,0.141,1,KIF16B,-0,Not sig,NA
0.001233598996300514,0.34416231942293896,0.126,0.108,1,TTC8,-0,Not sig,NA
0.0012451769710442922,0.3826356311608363,0.191,0.172,1,KCND2,-0,Not sig,NA
0.0012467053008363583,-0.1641223127560425,0.315,0.348,1,SPIRE1,-0,Not sig,NA
0.0012485632685282446,0.36686507147466435,0.112,0.095,1,AC026316.5,-0,Not sig,NA
0.001268214084151834,-0.11504238836869041,0.332,0.36,1,TENM2,-0,Not sig,NA
0.0012719402224686048,0.2281252565944345,0.218,0.197,1,ZNF462,-0,Not sig,NA
0.0012945300801610233,-0.12266342713634437,0.189,0.217,1,KDM2A,-0,Not sig,NA
0.001329249827188618,-0.12483341747503895,0.318,0.349,1,MSRA,-0,Not sig,NA
0.0013348257853658607,-0.21894770935179692,0.094,0.112,1,SNX14,-0,Not sig,NA
0.0013523990188627764,0.311746972092676,0.211,0.192,1,AHNAK,-0,Not sig,NA
0.0013684485019489598,-0.22369252386223493,0.082,0.1,1,ZCCHC2,-0,Not sig,NA
0.0013712640724907106,-0.1165702459108483,0.144,0.168,1,TET2,-0,Not sig,NA
0.0013919153146961867,0.4054376023660577,0.126,0.108,1,CDC42SE2,-0,Not sig,NA
0.0014241804809392328,0.19110427702557475,0.11,0.093,1,PAPLN,-0,Not sig,NA
0.0014259448648934721,-0.2100554112238913,0.096,0.115,1,C8orf37-AS1,-0,Not sig,NA
0.001458769005782262,-0.14546717682258437,0.232,0.258,1,KAT2B,-0,Not sig,NA
0.0014588705785983907,-0.10796348480332424,0.139,0.161,1,DENND4C,-0,Not sig,NA
0.0014590773821590427,-0.18893740820210866,0.102,0.121,1,TRRAP,-0,Not sig,NA
0.0014654344056229795,-0.11817062967497399,0.097,0.116,1,SHOC2,-0,Not sig,NA
0.0014774566769812558,-0.18395806323919106,0.285,0.314,1,ITSN1,-0,Not sig,NA
0.001495308518498948,-0.12686749322303598,0.097,0.116,1,ARHGAP17,-0,Not sig,NA
0.0015190457209722794,-0.1840173723720422,0.095,0.113,1,CDK12,-0,Not sig,NA
0.001520138421478997,-0.1464546650913614,0.389,0.414,1,AC073941.1,-0,Not sig,NA
0.0015385152031648294,0.15915530871799421,0.298,0.275,1,GRID1,-0,Not sig,NA
0.0015613035229041128,-0.16134868379419426,0.102,0.121,1,CCSER1,-0,Not sig,NA
0.0015663735677163997,-0.1879521766509297,0.092,0.111,1,UNC13B,-0,Not sig,NA
0.0015840072549879072,0.24316497958244887,0.208,0.188,1,BRINP1,-0,Not sig,NA
0.0016233581211913984,-0.11953834860354529,0.298,0.326,1,AQP4,-0,Not sig,NA
0.0016286001021133512,0.13355005513038654,0.42,0.402,1,DOCK3,-0,Not sig,NA
0.0016634114262263932,-0.14375918544173794,0.171,0.196,1,TRIM44,-0,Not sig,NA
0.001678418285602657,0.17245933794413726,0.346,0.327,1,GPR75-ASB3,-0,Not sig,NA
0.0016878921767132056,-0.14259509269019222,0.083,0.101,1,TCERG1,-0,Not sig,NA
0.0016881111747820124,0.4135319343471237,0.139,0.121,1,TOB2,-0,Not sig,NA
0.0017238758647891161,0.32076832727500815,0.2,0.182,1,THADA,-0,Not sig,NA
0.0017691148827065999,-0.15325095417518494,0.123,0.144,1,OLMALINC,-0,Not sig,NA
0.0017762027663013203,-0.1266791266865357,0.147,0.17,1,ZBTB7C,-0,Not sig,NA
0.0018331232700769752,0.18963417033580818,0.101,0.084,1,LINC00854,-0,Not sig,NA
0.0018344790594351055,-0.11341572737639383,0.169,0.194,1,ZMYND11,-0,Not sig,NA
0.0018807828039606367,-0.10871475195558222,0.224,0.251,1,DENND5B,-0,Not sig,NA
0.0018809753968164322,-0.12172215279636445,0.146,0.169,1,KLHL24,-0,Not sig,NA
0.0018844790502084293,0.3152571083458878,0.115,0.098,1,PHYHD1,-0,Not sig,NA
0.0018920761988385111,-0.1302041802300365,0.088,0.106,1,RNF111,-0,Not sig,NA
0.0019164721594424098,-0.1901414287488269,0.12,0.141,1,ROR1,-0,Not sig,NA
0.0019188895615774744,0.10571206395100763,0.457,0.44,1,SLC7A11,-0,Not sig,NA
0.001983165759472337,0.132727203885052,0.308,0.285,1,GJA1,-0,Not sig,NA
0.0020197806579586334,0.2530678814387245,0.232,0.215,1,VWA8,-0,Not sig,NA
0.002048922529030598,0.3693965299066136,0.116,0.1,1,PRDX6,-0,Not sig,NA
0.002078781446237623,0.23813049488533866,0.261,0.243,1,GPATCH8,-0,Not sig,NA
0.002091491253124661,-0.16760110052267163,0.14,0.162,1,FAM193A,-0,Not sig,NA
0.0021019185101633585,-0.10543069855384735,0.363,0.397,1,RUFY3,-0,Not sig,NA
0.0021103306052579077,-0.10421424804828638,0.295,0.325,1,C20orf194,-0,Not sig,NA
0.002130406893514029,0.2988606701929075,0.131,0.114,1,FANCL,-0,Not sig,NA
0.0021687214633413407,-0.1300376007952153,0.15,0.172,1,ROCK1,-0,Not sig,NA
0.0022047748187636255,-0.17365305605577686,0.207,0.232,1,GPBP1,-0,Not sig,NA
0.0022114181214509107,-0.1891198883285239,0.124,0.144,1,ANKRD26,-0,Not sig,NA
0.002276987021387296,0.3113933290349983,0.184,0.167,1,KCTD1,-0,Not sig,NA
0.002288964797360003,0.3884788038003276,0.1,0.085,1,GTF2F2,-0,Not sig,NA
0.0023226883653958154,-0.10606960176866764,0.087,0.105,1,UBXN4,-0,Not sig,NA
0.0023301659658486683,-0.22274831682137114,0.124,0.144,1,CEP126,-0,Not sig,NA
0.002342438261718074,0.37294909041917257,0.115,0.099,1,SH3BGRL,-0,Not sig,NA
0.0023535392747229406,0.23859152605425876,0.157,0.138,1,SLX4IP,-0,Not sig,NA
0.0023584826735318725,0.1693477381644386,0.33,0.31,1,ANKS1B,-0,Not sig,NA
0.0023590639328551276,-0.13644834824342023,0.2,0.224,1,AC124312.1,-0,Not sig,NA
0.002410279698430058,-0.13439570423450053,0.436,0.46,1,MAP3K5,-0,Not sig,NA
0.002461989872844416,-0.16434260212747057,0.119,0.138,1,AC013394.1,-0,Not sig,NA
0.0024802542831324956,-0.15696091454651895,0.21,0.235,1,IQCA1,-0,Not sig,NA
0.002541266745811153,0.26935490816058905,0.233,0.216,1,EPB41L2,-0,Not sig,NA
0.0025525701855026056,-0.3162742477829319,0.087,0.103,1,IFT172,-0,Not sig,NA
0.0025745439136436498,0.29500381203336035,0.127,0.11,1,EFHD1,-0,Not sig,NA
0.002642135370759828,-0.19998016053392864,0.147,0.168,1,ANKS1A,-0,Not sig,NA
0.0026569558278341835,0.2858254171027257,0.197,0.179,1,SEM1,-0,Not sig,NA
0.002663025801841459,0.2537677925510405,0.159,0.141,1,MICAL3,-0,Not sig,NA
0.002671651219044653,-0.16776964726834875,0.205,0.229,1,FXR1,-0,Not sig,NA
0.0027151176509546786,-0.20999512905813664,0.108,0.126,1,FOS,-0,Not sig,NA
0.0027372872428713954,0.4224954154088479,0.114,0.099,1,WDR27,-0,Not sig,NA
0.0028347440838597765,0.3468670459859768,0.135,0.119,1,NUDCD3,-0,Not sig,NA
0.002866087248171497,-0.1075765651139251,0.309,0.339,1,MARK3,-0,Not sig,NA
0.0028799812088588206,-0.18045022656433718,0.196,0.22,1,CEP350,-0,Not sig,NA
0.0029061441266639517,0.17332153369372066,0.125,0.107,1,GRAMD1B,-0,Not sig,NA
0.002913422651633872,-0.10523918617194084,0.211,0.237,1,ANKRD11,-0,Not sig,NA
0.0029142302934512315,-0.1299219253224096,0.116,0.135,1,COL4A3BP,-0,Not sig,NA
0.0029318168932612678,0.17670457054549127,0.416,0.404,1,ZFP36L1,-0,Not sig,NA
0.0029400681774089965,-0.187504938531954,0.088,0.105,1,YEATS2,-0,Not sig,NA
0.003089174049163149,-0.1055820614549039,0.085,0.102,1,CDS2,-0,Not sig,NA
0.003154699742293586,0.16612767005925377,0.454,0.443,1,FTO,-0,Not sig,NA
0.0031683682398708536,0.2550520463050352,0.253,0.236,1,SSH2,-0,Not sig,NA
0.00318070633910655,-0.15408759056892157,0.091,0.108,1,UNC80,-0,Not sig,NA
0.0031817212928163777,-0.1661297186054792,0.11,0.128,1,OSBPL8,-0,Not sig,NA
0.0032089843409055237,-0.1117177091087847,0.099,0.117,1,WWP1,-0,Not sig,NA
0.003225683120787008,0.15137474145387708,0.416,0.396,1,PTCHD1-AS,-0,Not sig,NA
0.0033631945685070252,0.12891243041957257,0.41,0.392,1,MEIS2,-0,Not sig,NA
0.003385771060107297,0.3612963743213189,0.143,0.127,1,BICRAL,-0,Not sig,NA
0.0033988238518733215,0.15590116318718428,0.342,0.323,1,ADCY8,-0,Not sig,NA
0.0034116849706190564,0.3319416111771293,0.116,0.1,1,FEZ1,-0,Not sig,NA
0.00342906132262308,-0.12768047848373099,0.188,0.213,1,SLC20A2,-0,Not sig,NA
0.0034751237187564473,0.4339424575540388,0.103,0.088,1,FSTL5,-0,Not sig,NA
0.00350159888010289,-0.12968086788114208,0.632,0.639,1,CADM1,-0,Not sig,NA
0.003530894379366327,0.3153430468073801,0.174,0.157,1,GTDC1,-0,Not sig,NA
0.0036283481849600386,0.3308426543531884,0.159,0.143,1,UBAP2,-0,Not sig,NA
0.0036312825669282483,-0.12966631817973007,0.171,0.193,1,CDK17,-0,Not sig,NA
0.003764139102270318,0.14661677162505082,0.489,0.476,1,MBD5,-0,Not sig,NA
0.0037727296818571036,0.20898568876261003,0.229,0.211,1,SNX29,-0,Not sig,NA
0.003777640505193661,-0.19493893512528748,0.15,0.17,1,FTL,-0,Not sig,NA
0.003922164674886418,0.42704300561994013,0.101,0.087,1,LANCL1,-0,Not sig,NA
0.003926215812820002,-0.10511222860487734,0.413,0.443,1,TCF7L2,-0,Not sig,NA
0.003973213931547456,-0.13337507203791132,0.088,0.105,1,BDP1,-0,Not sig,NA
0.004039044681519684,-0.1715403452573011,0.158,0.179,1,NOL4,-0,Not sig,NA
0.004052638038380196,-0.16863584234000462,0.157,0.178,1,CHKA,-0,Not sig,NA
0.0040642292736461465,-0.19805543814474835,0.097,0.114,1,PPP2R1B,-0,Not sig,NA
0.004187762763033049,-0.1720375980869196,0.085,0.101,1,CNIH3,-0,Not sig,NA
0.004328294808388695,-0.15222714834418144,0.104,0.122,1,TTC37,-0,Not sig,NA
0.004338379621186531,0.30281488962264314,0.177,0.161,1,PSD2,-0,Not sig,NA
0.004347963015143353,-0.18325590985907103,0.131,0.149,1,GRM3,-0,Not sig,NA
0.00438488886031507,0.20003101953017177,0.318,0.303,1,TAPT1-AS1,-0,Not sig,NA
0.004448393633614079,-0.17222528012287608,0.131,0.149,1,ADCY9,-0,Not sig,NA
0.004500286001973685,0.42683765965111214,0.105,0.091,1,EPB41L1,-0,Not sig,NA
0.004607397386647283,-0.13492567395392108,0.182,0.204,1,FRY,-0,Not sig,NA
0.004627471067006177,-0.12548720251746326,0.09,0.107,1,HNRNPH1,-0,Not sig,NA
0.004646188478153105,0.22645934750161434,0.334,0.322,1,ZCCHC7,-0,Not sig,NA
0.004756956932176183,0.27115854826882835,0.234,0.219,1,FRS2,-0,Not sig,NA
0.004818212946054744,0.2381018782467217,0.251,0.234,1,BTRC,-0,Not sig,NA
0.004891907172481079,0.2753472765366821,0.224,0.208,1,NUTM2A-AS1,-0,Not sig,NA
0.004927709583968627,-0.1409161952128195,0.192,0.214,1,SNTB1,-0,Not sig,NA
0.005010978842540082,0.19325082453067965,0.426,0.416,1,BCKDHB,-0,Not sig,NA
0.005121207984634406,0.17876297393385454,0.263,0.242,1,PCDH7,-0,Not sig,NA
0.005152168131265536,0.26502432711858614,0.23,0.215,1,TOM1L2,-0,Not sig,NA
0.005154657625616817,-0.15192927462662317,0.121,0.139,1,RAB31,-0,Not sig,NA
0.005156323704412052,0.39462937395463676,0.106,0.093,1,SLC35G2,-0,Not sig,NA
0.0051656970447878335,-0.14483640485881,0.328,0.35,1,NEO1,-0,Not sig,NA
0.0051874658435074935,-0.1134594160819738,0.097,0.114,1,BMT2,-0,Not sig,NA
0.005189381231491456,-0.16994376347262408,0.088,0.104,1,CD47,-0,Not sig,NA
0.0052710327111211526,0.19705340773990787,0.162,0.145,1,ANOS1,-0,Not sig,NA
0.005283567998439145,-0.16790125121111488,0.168,0.189,1,MERTK,-0,Not sig,NA
0.005321407378559087,0.16389262646091507,0.248,0.23,1,LENG8,-0,Not sig,NA
0.0053918441894191356,0.26014855690911676,0.114,0.1,1,PSAT1,-0,Not sig,NA
0.005434131900696209,0.4883619088042127,0.105,0.092,1,ZBTB7A,-0,Not sig,NA
0.005436068455373257,-0.1277546237559408,0.135,0.154,1,STAG2,-0,Not sig,NA
0.005486149594613479,-0.2391290058697353,0.132,0.15,1,ABCC9,-0,Not sig,NA
0.005491465242888691,0.28058595775689976,0.161,0.145,1,JAZF1,-0,Not sig,NA
0.005525588198314046,0.2709684508840842,0.109,0.094,1,PACS2,-0,Not sig,NA
0.005525965780823338,0.3903215132027133,0.106,0.092,1,BMP7,-0,Not sig,NA
0.005612933574769614,-0.13189606901444245,0.151,0.171,1,RBPJ,-0,Not sig,NA
0.005620527112676488,-0.22935794590731412,0.118,0.135,1,APPL2,-0,Not sig,NA
0.0056938680981936975,0.2825551769578254,0.127,0.112,1,SLAIN1,-0,Not sig,NA
0.005699099321907407,0.34427883902487033,0.123,0.108,1,PHLDB1,-0,Not sig,NA
0.005746760409924164,0.301419125939954,0.154,0.139,1,MIRLET7BHG,-0,Not sig,NA
0.005849528695008249,0.3024668037149936,0.16,0.144,1,JUND,-0,Not sig,NA
0.006115796321246015,0.2731113678120332,0.127,0.112,1,DSE,-0,Not sig,NA
0.0062233693780213446,-0.16239501912611853,0.179,0.199,1,TMEM165,-0,Not sig,NA
0.006224777500753564,0.27741430323014843,0.16,0.145,1,ARHGEF10L,-0,Not sig,NA
0.006391782727321452,-0.22465369463766804,0.192,0.213,1,SPOCK1,-0,Not sig,NA
0.006482026075693118,0.24889906160519182,0.217,0.201,1,ZDHHC14,-0,Not sig,NA
0.006670350087443881,0.3662625837478017,0.115,0.101,1,PTPRS,-0,Not sig,NA
0.0066902292044285095,-0.11928262627085315,0.115,0.133,1,RASSF4,-0,Not sig,NA
0.006956824623880659,0.34703658265420073,0.118,0.103,1,PCED1B,-0,Not sig,NA
0.006972814450188575,-0.15566202479839397,0.264,0.289,1,AC027117.2,-0,Not sig,NA
0.007007814928750942,0.31054444566529155,0.126,0.111,1,FAM222B,-0,Not sig,NA
0.0070509397813525625,-0.1396722428247955,0.111,0.128,1,TCF25,-0,Not sig,NA
0.007051115525478189,-0.1565388035533014,0.134,0.152,1,ZNF680,-0,Not sig,NA
0.00706246387907089,-0.10117228026246483,0.544,0.57,1,ARHGAP26,-0,Not sig,NA
0.0072534095071419445,-0.10108250544953021,0.125,0.143,1,CAPZB,-0,Not sig,NA
0.007446265412050726,-0.12423043128119116,0.112,0.129,1,PIP5K1A,-0,Not sig,NA
0.007482823513940222,0.3182932653950715,0.123,0.109,1,TAF3,-0,Not sig,NA
0.00785679964991822,0.24023732158691113,0.164,0.149,1,PATJ,-0,Not sig,NA
0.007889200460446078,0.2853645956054181,0.115,0.1,1,EFCAB6,-0,Not sig,NA
0.007985456522914249,0.39897326873380545,0.143,0.129,1,MIPOL1,-0,Not sig,NA
0.007985775659265644,-0.17068845911944644,0.107,0.123,1,FCHO2,-0,Not sig,NA
0.00826303688633389,0.15292394347532134,0.516,0.495,1,LINC01088,-0,Not sig,NA
0.008266818806840161,-0.13171131065637476,0.107,0.123,1,DYNC1LI2,-0,Not sig,NA
0.008317527719963129,-0.10190085402892901,0.159,0.18,1,DENND5A,-0,Not sig,NA
0.008369600885566394,0.16208739933873106,0.348,0.334,1,TLN2,-0,Not sig,NA
0.00851565868151625,-0.11737437581851168,0.091,0.107,1,SEC31A,-0,Not sig,NA
0.008530615255799802,-0.11309553238786013,0.119,0.136,1,ZKSCAN1,-0,Not sig,NA
0.008547080469636037,0.2977399284588522,0.137,0.122,1,AC006059.1,-0,Not sig,NA
0.00864498600027722,0.1813785429544088,0.29,0.275,1,RABGAP1L,-0,Not sig,NA
0.008703531822455087,0.1838536126348791,0.265,0.248,1,EXT1,-0,Not sig,NA
0.008790362832370426,0.17157395922266283,0.337,0.324,1,LINC00461,-0,Not sig,NA
0.00879987291037397,0.2385174200010014,0.229,0.216,1,HEPACAM,-0,Not sig,NA
0.008804356520058171,-0.15272498746079521,0.163,0.183,1,BNC2,-0,Not sig,NA
0.008860591467734475,-0.17308547746793734,0.189,0.209,1,DLEU2,-0,Not sig,NA
0.009090710670003901,0.36252602987025717,0.112,0.098,1,GALNT7,-0,Not sig,NA
0.009351969620501187,-0.10467269837742554,0.132,0.15,1,SEMA6A,-0,Not sig,NA
0.009388760841688278,0.24277138769167916,0.204,0.188,1,NADK2,-0,Not sig,NA
0.009455731749370774,0.2002598363042396,0.152,0.136,1,CLIP2,-0,Not sig,NA
0.009547824344550308,0.14507918364916472,0.361,0.347,1,NT5C2,-0,Not sig,NA
0.009691870470931603,0.12986811796287223,0.286,0.269,1,ARHGAP42,-0,Not sig,NA
0.009769079561903747,0.20471818974668987,0.209,0.193,1,ALDH7A1,-0,Not sig,NA
0.009864765806881809,0.22708184018383493,0.131,0.116,1,LSS,-0,Not sig,NA
0.009879089465835477,-0.12291066675030383,0.122,0.14,1,IRF2,-0,Not sig,NA
0.01029136681421438,0.34442278435719065,0.112,0.099,1,AKT2,-0,Not sig,NA
0.010694178030267608,0.21050032696352416,0.255,0.242,1,TMEM135,-0,Not sig,NA
0.010711213373093746,-0.23902774370685703,0.154,0.171,1,ZMYND8,-0,Not sig,NA
0.011439458806923628,-0.1180582459028405,0.122,0.138,1,SDC2,-0,Not sig,NA
0.011507515392366711,0.24567755648689715,0.247,0.232,1,SHROOM3,-0,Not sig,NA
0.011543230773979939,-0.20132794230854367,0.37,0.388,1,SLC14A1,-0,Not sig,NA
0.011583719019112716,0.22088085008272162,0.198,0.182,1,PLCH1,-0,Not sig,NA
0.011880237663386325,0.32160721677375326,0.133,0.12,1,MICU1,-0,Not sig,NA
0.011881812939306124,-0.1071783561171242,0.1,0.115,1,SLTM,-0,Not sig,NA
0.011931129027622103,0.24404197140708628,0.283,0.273,1,RBM26,-0,Not sig,NA
0.012106592108582762,0.1839510234436501,0.28,0.265,1,DIP2B,-0,Not sig,NA
0.012300912246978778,0.30829388349106734,0.137,0.124,1,RAMP1,-0,Not sig,NA
0.012626147963944337,0.18934497467359235,0.187,0.171,1,SYT17,-0,Not sig,NA
0.012700646905695384,0.3484078391030463,0.126,0.114,1,SCLT1,-0,Not sig,NA
0.012922495621928024,0.3005532813005334,0.151,0.137,1,SIL1,-0,Not sig,NA
0.01309280474027299,-0.11151167914957542,0.106,0.121,1,DOPEY1,-0,Not sig,NA
0.013092977582422755,0.2611252443769747,0.157,0.143,1,CFAP70,-0,Not sig,NA
0.01317411085445291,-0.14378941669009365,0.087,0.101,1,SAFB2,-0,Not sig,NA
0.013185181568114393,0.27576219085068104,0.158,0.145,1,RAP1GDS1,-0,Not sig,NA
0.013270420378712561,0.12760520855086455,0.157,0.142,1,CCDC30,-0,Not sig,NA
0.013331032078035173,0.2716268362283467,0.181,0.168,1,RUNX1T1,-0,Not sig,NA
0.013360074054028375,-0.1340839426116247,0.66,0.662,1,GPC5,-0,Not sig,NA
0.013439844296520906,0.25455715786415567,0.147,0.133,1,FAM69A,-0,Not sig,NA
0.013871084284720885,0.3200567957724525,0.142,0.129,1,MCPH1,-0,Not sig,NA
0.013875172699208514,0.21866081949262262,0.179,0.165,1,STPG2,-0,Not sig,NA
0.014111528906274403,-0.10281112535862891,0.113,0.128,1,YWHAZ,-0,Not sig,NA
0.014128932574593337,0.21687152891655226,0.188,0.173,1,RTN3,-0,Not sig,NA
0.014411513526576296,0.3166782806129089,0.15,0.137,1,PALM,-0,Not sig,NA
0.014448951102338502,0.33299108920724263,0.129,0.116,1,PSEN1,-0,Not sig,NA
0.014527773893347307,-0.19908970110132387,0.101,0.115,1,AQP1,-0,Not sig,NA
0.0148228117146019,0.2554850562444866,0.172,0.158,1,EPHB1,-0,Not sig,NA
0.015156961331811873,0.22283335779943614,0.283,0.27,1,CAMK1D,-0,Not sig,NA
0.015426913049114161,-0.17368537648781457,0.448,0.466,1,APC,-0,Not sig,NA
0.01585441852178312,0.2710257915924385,0.126,0.113,1,CCDC171,-0,Not sig,NA
0.016037812284095655,0.19244687453071707,0.179,0.165,1,EML6,-0,Not sig,NA
0.016304454437493048,0.22767936247248013,0.148,0.134,1,MOK,-0,Not sig,NA
0.0163215548841088,0.17653352131364475,0.175,0.161,1,ADAM10,-0,Not sig,NA
0.016328019227338616,0.25493662374471265,0.103,0.091,1,APBA1,-0,Not sig,NA
0.016828628986687744,0.11541225152154366,0.388,0.374,1,NAALADL2,-0,Not sig,NA
0.016967219705830525,-0.22052140017075617,0.094,0.107,1,NAA16,-0,Not sig,NA
0.017509079750080852,0.24998840106054301,0.1,0.088,1,AC016705.2,-0,Not sig,NA
0.017528050155579858,0.19351226886864803,0.175,0.161,1,ABI3BP,-0,Not sig,NA
0.01771144696740811,0.17732596026571534,0.189,0.175,1,NUBPL,-0,Not sig,NA
0.01781732980814385,0.15501413183621882,0.209,0.193,1,CDK19,-0,Not sig,NA
0.01785612339908393,-0.1784117572156132,0.284,0.304,1,LTBP1,-0,Not sig,NA
0.017968223013952688,0.3206238823357227,0.125,0.112,1,TENM3,-0,Not sig,NA
0.01801358313854568,0.23523074801354904,0.148,0.134,1,NT5DC1,-0,Not sig,NA
0.018093228936976853,0.17015827830539987,0.308,0.296,1,MYO6,-0,Not sig,NA
0.018315118336014576,-0.15059665383375243,0.194,0.211,1,MYRIP,-0,Not sig,NA
0.018959552060378252,0.28899890135692047,0.104,0.092,1,JDP2,-0,Not sig,NA
0.019344376536123593,0.13590495336425445,0.341,0.328,1,EHBP1,-0,Not sig,NA
0.01947707483297609,0.22600378921117037,0.207,0.194,1,WDR7,-0,Not sig,NA
0.019877064230102114,-0.12258837319762314,0.107,0.121,1,DYNC1H1,-0,Not sig,NA
0.019962755907151925,0.3383349385081088,0.102,0.09,1,SH3YL1,-0,Not sig,NA
0.020008134145203752,0.10035518076783356,0.449,0.442,1,ATXN1,-0,Not sig,NA
0.020789591791130862,0.43211125641427367,0.122,0.111,1,APCDD1,-0,Not sig,NA
0.021174738000531452,0.3997860939714128,0.112,0.101,1,SNX24,-0,Not sig,NA
0.021316853507094814,-0.10976199291060684,0.269,0.291,1,VGLL4,-0,Not sig,NA
0.021410858357106245,-0.12753225532797363,0.141,0.158,1,NLK,-0,Not sig,NA
0.02144307211717597,0.18454366698094815,0.199,0.184,1,COMMD10,-0,Not sig,NA
0.02145851301200508,0.20701353202857398,0.197,0.184,1,SLC16A1-AS1,-0,Not sig,NA
0.02158951606247,0.2705064221580891,0.138,0.126,1,RAD9A,-0,Not sig,NA
0.021843879777890717,-0.10149343410371535,0.102,0.116,1,TSHZ1,-0,Not sig,NA
0.021900622577734417,0.30122430129200106,0.165,0.153,1,TULP4,-0,Not sig,NA
0.022048911027676706,0.23200899467298697,0.146,0.134,1,HLCS,-0,Not sig,NA
0.022192348449750935,0.23174223853759512,0.227,0.215,1,SLCO3A1,-0,Not sig,NA
0.022628814107271893,0.17496238899162786,0.255,0.241,1,PRRX1,-0,Not sig,NA
0.02336889687330402,0.26107699695127035,0.16,0.148,1,RAVER2,-0,Not sig,NA
0.023791086955697083,0.1348096181593068,0.368,0.357,1,FAM172A,-0,Not sig,NA
0.02388889126507368,-0.11402729329331518,0.15,0.167,1,XKR6,-0,Not sig,NA
0.024327931407010724,0.2630274658921985,0.194,0.181,1,TMEM108,-0,Not sig,NA
0.024425008288607785,-0.13886788684578244,0.174,0.191,1,ALOX12-AS1,-0,Not sig,NA
0.024643600497758898,-0.2641866818654608,0.088,0.1,1,MRPL41,-0,Not sig,NA
0.02529717282844764,0.28712475079688926,0.112,0.1,1,WDR17,-0,Not sig,NA
0.025586697911972947,0.170653967919971,0.323,0.311,1,AF117829.1,-0,Not sig,NA
0.0255908681339236,0.2937802992151647,0.139,0.127,1,NMD3,-0,Not sig,NA
0.026621885642904304,-0.128913689052931,0.183,0.2,1,ACTB,-0,Not sig,NA
0.0266450198548889,0.1398433994638899,0.231,0.218,1,CNKSR2,-0,Not sig,NA
0.028236027598157062,0.14831459389281698,0.318,0.308,1,MAP4K5,-0,Not sig,NA
0.0286217987435664,0.101366948004717,0.122,0.109,1,PNPLA7,-0,Not sig,NA
0.028666693812886262,0.3637742350861862,0.134,0.123,1,ICA1L,-0,Not sig,NA
0.030877532859768974,-0.1202860895010196,0.164,0.18,1,FNDC3A,-0,Not sig,NA
0.03134232975140745,0.2347230114005321,0.18,0.169,1,ATP8A1,-0,Not sig,NA
0.032058639817263486,0.21842187569141558,0.214,0.202,1,CAMKMT,-0,Not sig,NA
0.032855128358486446,0.19196507066729485,0.257,0.247,1,ZNF644,-0,Not sig,NA
0.03307044621954159,0.19827989869696439,0.136,0.124,1,MTA3,-0,Not sig,NA
0.033317124469532625,0.2680630578285759,0.111,0.1,1,SLC25A33,-0,Not sig,NA
0.03361409995596431,0.3304131678258936,0.16,0.15,1,FBXW4,-0,Not sig,NA
0.03439398731889472,-0.13613906344110951,0.096,0.108,1,PPM1E,-0,Not sig,NA
0.03516221468005397,0.2613489631615928,0.124,0.113,1,MSH3,-0,Not sig,NA
0.03522793942592882,0.3243883737778087,0.102,0.092,1,PLEKHA6,-0,Not sig,NA
0.035835665963866795,0.10823697419131895,0.544,0.543,1,GNAQ,-0,Not sig,NA
0.03669393924462889,0.10298042414381614,0.544,0.538,1,SMYD3,-0,Not sig,NA
0.03680677318430567,0.2866530265718249,0.178,0.168,1,ACBD6,-0,Not sig,NA
0.03788981352624321,0.14685798792329696,0.192,0.18,1,DIS3L2,-0,Not sig,NA
0.038448726403124446,0.22725904227106453,0.263,0.255,1,ADK,-0,Not sig,NA
0.03954114365009911,-0.11861746184650213,0.274,0.292,1,NOVA1,-0,Not sig,NA
0.03980308766719481,0.13985992086279664,0.374,0.364,1,SCD5,-0,Not sig,NA
0.03990394333621518,-0.25918196232126756,0.099,0.11,1,CSMD3,-0,Not sig,NA
0.04012403140308232,0.15691425383769841,0.259,0.248,1,KLF12,-0,Not sig,NA
0.04127016025443637,0.3590918501478939,0.144,0.134,1,SF1,-0,Not sig,NA
0.04136619327634124,0.22537081675896542,0.261,0.253,1,ANTXR1,-0,Not sig,NA
0.04202354426596433,0.10692182455989574,0.385,0.377,1,NCOA2,-0,Not sig,NA
0.04298185302479227,0.1709099556626773,0.161,0.148,1,KIAA0825,-0,Not sig,NA
0.04308367943823396,0.13151574020770074,0.158,0.145,1,EPHA6,-0,Not sig,NA
0.043371921258841574,0.29620191251738637,0.156,0.146,1,URI1,-0,Not sig,NA
0.04456643920438113,0.21594939909434674,0.147,0.136,1,STOX1,-0,Not sig,NA
0.04476011999111576,0.17506801330972246,0.137,0.126,1,ARHGEF6,-0,Not sig,NA
0.0456012057138048,0.18775874054728076,0.137,0.125,1,AC009690.1,-0,Not sig,NA
0.04573403469070882,0.39370409918357957,0.104,0.095,1,CBX5,-0,Not sig,NA
0.04675802106056232,0.11612251977568877,0.195,0.182,1,CAB39L,-0,Not sig,NA
0.04704718356258493,-0.11309904503772428,0.309,0.326,1,FAT3,-0,Not sig,NA
0.04720881915159546,0.21617815698895865,0.151,0.14,1,C1QTNF3-AMACR,-0,Not sig,NA
0.047467399922311075,0.13633729383037196,0.283,0.273,1,CELF1,-0,Not sig,NA
0.04761477680612204,0.16824026406808823,0.318,0.311,1,STAG1,-0,Not sig,NA
0.047939493652396525,-0.1806930291337407,0.099,0.11,1,CDC42BPB,-0,Not sig,NA
0.04821675544414182,-0.14157576366478275,0.25,0.265,1,PDE8A,-0,Not sig,NA
0.04919012289602843,-0.12102515348032838,0.122,0.134,1,AL445426.1,-0,Not sig,NA
0.04933954180799711,-0.15581205980502208,0.094,0.105,1,FANK1,-0,Not sig,NA
0.04947617710513209,0.23238059446485804,0.179,0.168,1,RHBDD1,-0,Not sig,NA
0.050181255940028605,0.22787627902618113,0.19,0.181,1,RNF13,-0,Not sig,NA
0.05040003616917627,0.19960691215306903,0.242,0.233,1,SPIN1,-0,Not sig,NA
0.050724455595789135,0.11273203149898697,0.116,0.105,1,KIF13B,-0,Not sig,NA
0.05198399643910748,-0.16196474186266588,0.093,0.104,1,REEP3,-0,Not sig,NA
0.052730401441272313,0.1695642984141441,0.242,0.231,1,EVI5,-0,Not sig,NA
0.05317244677316864,0.27898225206936667,0.106,0.096,1,ANKRD6,-0,Not sig,NA
0.05389748923767702,-0.24996471885755014,0.095,0.105,1,PDE3B,-0,Not sig,NA
0.05390907780438581,0.18956660225782235,0.126,0.116,1,SLC24A3,-0,Not sig,NA
0.053915463086657026,-0.10207026147053333,0.119,0.132,1,CUL5,-0,Not sig,NA
0.05410583920433248,0.21295621533285614,0.214,0.204,1,NSD1,-0,Not sig,NA
0.05473582483725777,0.22107481264597448,0.113,0.103,1,MBTD1,-0,Not sig,NA
0.05589628575668619,0.12904308716037893,0.305,0.294,1,NR3C2,-0,Not sig,NA
0.05784000405991435,0.20105087581478165,0.14,0.13,1,DNAJB2,-0,Not sig,NA
0.05798624067354236,0.11407463160283582,0.39,0.382,1,SFXN5,-0,Not sig,NA
0.05826721623400719,-0.15996592055487985,0.098,0.109,1,INPP5F,-0,Not sig,NA
0.05896668809523251,0.1667162826905204,0.33,0.327,1,VPS13B,-0,Not sig,NA
0.059317745987651174,0.31548742876053104,0.13,0.12,1,AC108062.1,-0,Not sig,NA
0.05998343160550127,0.26945798226136036,0.143,0.133,1,ZNF652,-0,Not sig,NA
0.06010445675919,0.1365109456125172,0.177,0.165,1,PHF21B,-0,Not sig,NA
0.060104982870735846,0.10885396356840105,0.1,0.089,1,ZNF98,-0,Not sig,NA
0.06019841907937009,-0.2270675431092984,0.122,0.133,1,CCND3,-0,Not sig,NA
0.06122078321447015,0.2792636397127104,0.102,0.093,1,B3GLCT,-0,Not sig,NA
0.06229005749561742,0.2180436147927865,0.164,0.154,1,NIN,-0,Not sig,NA
0.06503339816305868,-0.14484749135145947,0.275,0.291,1,OSBPL1A,-0,Not sig,NA
0.06522619164396916,0.10390097943526688,0.213,0.2,1,COBL,-0,Not sig,NA
0.06823475220477476,0.3160027005230913,0.112,0.103,1,MGMT,-0,Not sig,NA
0.06825812826848739,0.2603791866892217,0.125,0.116,1,CEP192,-0,Not sig,NA
0.06899127406524044,0.16964035306961922,0.109,0.099,1,ACO2,-0,Not sig,NA
0.07021530800572362,0.2989424360933044,0.101,0.092,1,LIN52,-0,Not sig,NA
0.07080094276356319,-0.14061330001705344,0.11,0.121,1,CLMN,-0,Not sig,NA
0.07082768859468662,0.1952237242707171,0.228,0.22,1,CEP170,-0,Not sig,NA
0.07139558441830125,-0.12227867949227833,0.223,0.237,1,GAB2,-0,Not sig,NA
0.07172913635695402,0.23483000516811756,0.129,0.119,1,CWC27,-0,Not sig,NA
0.07232434396817422,-0.24279239340030756,0.101,0.111,1,PDK4,-0,Not sig,NA
0.07275278909298681,0.3604188646513323,0.105,0.096,1,LINC02340,-0,Not sig,NA
0.07684065375658125,0.2180492778055229,0.153,0.143,1,LAMA1,-0,Not sig,NA
0.078133904997723,-0.14368011366846778,0.391,0.407,1,LDLRAD4,-0,Not sig,NA
0.07903095777641557,0.24244315822451346,0.115,0.106,1,PARP8,-0,Not sig,NA
0.07953801828724098,0.1985582145396776,0.226,0.217,1,ALCAM,-0,Not sig,NA
0.07961296754175644,-0.11455400656379489,0.257,0.273,1,SPIDR,-0,Not sig,NA
0.08046951838144513,-0.10876599515574772,0.12,0.132,1,CBFB,-0,Not sig,NA
0.08113376327578459,0.3728155327038518,0.113,0.105,1,SLC39A10,-0,Not sig,NA
0.08157646277211011,0.1689369381085266,0.163,0.153,1,WDR11-AS1,-0,Not sig,NA
0.08204300895752721,0.1863188510933962,0.237,0.23,1,WDR70,-0,Not sig,NA
0.08265260609866314,0.21740898919643015,0.174,0.166,1,NBPF19,-0,Not sig,NA
0.08322702246728704,0.16869752715107156,0.232,0.223,1,MEGF10,-0,Not sig,NA
0.08532842776568401,0.19186227143299328,0.17,0.161,1,SUCLG2-AS1,-0,Not sig,NA
0.08597421729762744,0.11641934336345433,0.136,0.126,1,LRRC3B,-0,Not sig,NA
0.08599921082026611,0.190434880194505,0.108,0.099,1,AC098850.3,-0,Not sig,NA
0.08603491822830486,0.2303558052503295,0.151,0.142,1,PPM1K,-0,Not sig,NA
0.08632194157065111,0.3025598404706971,0.138,0.13,1,ANKAR,-0,Not sig,NA
0.08823531969668225,0.19615985191888985,0.135,0.126,1,PIK3CB,-0,Not sig,NA
0.08933676494583394,0.17149421223520445,0.15,0.141,1,CNNM2,-0,Not sig,NA
0.08975966503324459,0.14201366648504643,0.254,0.245,1,NBEA,-0,Not sig,NA
0.09074197721939262,0.21078870141144418,0.126,0.117,1,LPIN2,-0,Not sig,NA
0.0916241895388965,0.1798588203527065,0.253,0.246,1,CREBBP,-0,Not sig,NA
0.09314347974225555,0.21745511716672544,0.1,0.092,1,NCOA3,-0,Not sig,NA
0.09347931786106939,0.10302326994089372,0.194,0.184,1,STXBP5L,-0,Not sig,NA
0.09376671229211268,-0.11711246226184509,0.103,0.113,1,CTTN,-0,Not sig,NA
0.09416599728634094,0.20700881607404203,0.166,0.157,1,PTPN4,-0,Not sig,NA
0.0951631546314763,0.14557409147680223,0.252,0.244,1,THRB,-0,Not sig,NA
0.0966199281867253,0.2775379597632279,0.104,0.096,1,SPATA5,-0,Not sig,NA
0.09764781803595957,0.29499249384245,0.102,0.094,1,ATXN3,-0,Not sig,NA
0.09770451772930544,-0.170676352960482,0.124,0.134,1,RAPGEF3,-0,Not sig,NA
0.1013281618305813,0.1386141664660109,0.117,0.108,1,HIBADH,-0,Not sig,NA
0.1014022419257663,0.11243290690395108,0.154,0.144,1,RGS12,-0,Not sig,NA
0.10440379723275672,0.19397234456201512,0.102,0.094,1,ME1,-0,Not sig,NA
0.10579404682325809,0.14411476281331081,0.257,0.251,1,NSMCE2,-0,Not sig,NA
0.10603373623780131,0.1238123564935174,0.186,0.177,1,TBC1D19,-0,Not sig,NA
0.10614787229528282,0.2872154229789671,0.104,0.096,1,PRPF40A,-0,Not sig,NA
0.1074522643809017,0.10563006705056988,0.275,0.267,1,LINC01748,-0,Not sig,NA
0.10858214620437234,0.17039404244562031,0.13,0.121,1,ITGB5,-0,Not sig,NA
0.11050507408532646,0.15246039289556934,0.197,0.189,1,PIBF1,-0,Not sig,NA
0.11167126710709542,0.2690836552331643,0.1,0.092,1,EMID1,-0,Not sig,NA
0.11360093311803454,0.12478752550013783,0.258,0.25,1,GOLIM4,-0,Not sig,NA
0.11365722740625656,0.18696285982102245,0.222,0.214,1,NOTCH2,-0,Not sig,NA
0.11495572724245551,0.19045521792785455,0.118,0.109,1,KIZ,-0,Not sig,NA
0.11566141610082291,0.12300420431509118,0.337,0.334,1,RBM6,-0,Not sig,NA
0.11803483839130506,0.12114885606904702,0.286,0.281,1,BPTF,-0,Not sig,NA
0.11819316125794366,0.10754972663168183,0.211,0.201,1,LPIN1,-0,Not sig,NA
0.11833941737692334,0.30811355778759447,0.123,0.116,1,EPM2A,-0,Not sig,NA
0.11867650135044441,0.22683002597445587,0.139,0.131,1,CMTM4,-0,Not sig,NA
0.11908983279714419,0.17903788953405642,0.16,0.152,1,STIM1,-0,Not sig,NA
0.12051897802405112,0.14415076922756193,0.135,0.127,1,CLYBL,-0,Not sig,NA
0.1258540978901612,0.25083322364108396,0.1,0.093,1,ANXA4,-0,Not sig,NA
0.1266127584189489,0.16908952675860794,0.106,0.098,1,UPF3A,-0,Not sig,NA
0.12663194241768827,0.2676511123600245,0.115,0.108,1,PARG,-0,Not sig,NA
0.1277923113770962,0.30841667681458934,0.174,0.168,1,R3HDM1,-0,Not sig,NA
0.1281722080562155,-0.11239213280889915,0.102,0.111,1,HMGCLL1,-0,Not sig,NA
0.12836497099194338,0.15851459971927917,0.171,0.164,1,TESK2,-0,Not sig,NA
0.13139727005265198,-0.10743861857857595,0.134,0.144,1,SAMD12,-0,Not sig,NA
0.1320392308426821,-0.10259605350545298,0.148,0.159,1,C2CD2,-0,Not sig,NA
0.13242361415141463,0.25816515269562,0.162,0.156,1,TMEM132B,-0,Not sig,NA
0.13321315051374089,-0.22722049474181638,0.349,0.34,1,XIST,-0,Not sig,NA
0.13359058977695576,-0.11058636766184957,0.094,0.103,1,PDE7A,-0,Not sig,NA
0.13529464320712223,0.2983146628823614,0.102,0.096,1,MLC1,-0,Not sig,NA
0.13729646951041047,0.10346828515462603,0.447,0.448,1,BAZ2B,-0,Not sig,NA
0.1376317878866867,0.19610735339151641,0.192,0.186,1,RNF38,-0,Not sig,NA
0.13778203622761098,0.10323258794278117,0.098,0.108,1,PRDM2,-0,Not sig,NA
0.13826103292374636,0.2786324734190124,0.15,0.144,1,VPS45,-0,Not sig,NA
0.1420025450800646,0.10904584112635313,0.113,0.123,1,TXNRD1,-0,Not sig,NA
0.1422526252612761,0.21928398761455192,0.153,0.146,1,MAT2A,-0,Not sig,NA
0.1432757367850351,0.21154016095427478,0.101,0.094,1,FAM198B-AS1,-0,Not sig,NA
0.144015620031276,0.17523176704818644,0.255,0.25,1,FRYL,-0,Not sig,NA
0.14524114308924738,0.13670965053801165,0.24,0.234,1,AGO3,-0,Not sig,NA
0.14530717273108473,0.17124085389063642,0.143,0.135,1,SUGCT,-0,Not sig,NA
0.1455031637783856,0.21280946294373626,0.159,0.152,1,FOCAD,-0,Not sig,NA
0.14614166728883424,-0.10095062620723017,0.514,0.523,1,PLEKHA5,-0,Not sig,NA
0.14635948026256027,0.22049799358912547,0.136,0.129,1,VPS41,-0,Not sig,NA
0.14752622086197692,0.16717837761269952,0.123,0.115,1,KATNAL1,-0,Not sig,NA
0.14779959104293208,0.19089547073262875,0.125,0.118,1,KIAA0319L,-0,Not sig,NA
0.14845520533878315,0.15997661270367924,0.278,0.276,1,POGZ,-0,Not sig,NA
0.15145424766257573,0.2134889595410136,0.112,0.105,1,ARFIP1,-0,Not sig,NA
0.15184215568226384,0.2832312350843799,0.115,0.108,1,KIFAP3,-0,Not sig,NA
0.15471685714824632,0.1348143148509835,0.206,0.197,1,ENOX1,-0,Not sig,NA
0.1549046358913331,0.22584574606737368,0.16,0.153,1,FBXW11,-0,Not sig,NA
0.16197059289937338,0.12383898669250981,0.218,0.211,1,TTYH1,-0,Not sig,NA
0.1637312569856894,0.19573579274805264,0.175,0.169,1,SMAD2,-0,Not sig,NA
0.1640425230041477,0.13414161805579816,0.23,0.224,1,WDPCP,-0,Not sig,NA
0.1661445025716696,0.11518701950349497,0.358,0.357,1,BMP2K,-0,Not sig,NA
0.16722808577981116,0.10900194203683662,0.116,0.109,1,ARHGAP6,-0,Not sig,NA
0.16787073569991884,0.22380960825062923,0.189,0.184,1,PRKACB,-0,Not sig,NA
0.1746722714646564,0.18938619568319248,0.195,0.189,1,STX8,-0,Not sig,NA
0.179021979160932,0.11046626904232504,0.28,0.275,1,JAKMIP2,-0,Not sig,NA
0.18951421137109561,0.15232933396330672,0.249,0.245,1,PHF14,-0,Not sig,NA
0.18997659951590196,0.20051841356083297,0.103,0.097,1,ATRN,-0,Not sig,NA
0.19990264760225773,0.11735018203127989,0.329,0.326,1,VTI1A,-0,Not sig,NA
0.20194459373339518,0.1410273133890385,0.253,0.249,1,TBCK,-0,Not sig,NA
0.20631851257179992,0.187294585130166,0.116,0.11,1,SLC10A7,-0,Not sig,NA
0.20649159834299247,0.24558063826252385,0.139,0.134,1,STRBP,-0,Not sig,NA
0.20714247141096812,0.16229874841192649,0.187,0.182,1,C6orf62,-0,Not sig,NA
0.20750055424000818,0.12815953998512394,0.097,0.105,1,TTN,-0,Not sig,NA
0.21127390637296967,0.10204429936307402,0.151,0.162,1,UBAC2,-0,Not sig,NA
0.21145032681645792,0.20992749316123913,0.108,0.102,1,STXBP3,-0,Not sig,NA
0.21275150255285513,0.21549008239007278,0.138,0.132,1,COL27A1,-0,Not sig,NA
0.2147060118158503,0.10357796921010531,0.234,0.229,1,SORL1,-0,Not sig,NA
0.21474567311736256,0.254746158171658,0.134,0.129,1,RIC8B,-0,Not sig,NA
0.21527567684361984,0.15748370434387438,0.228,0.224,1,LCOR,-0,Not sig,NA
0.21976426107452054,0.21916761472934174,0.12,0.114,1,TASP1,-0,Not sig,NA
0.22138904476261226,0.21542372766279583,0.189,0.185,1,MAPK1,-0,Not sig,NA
0.22439154237660683,0.20810904075916797,0.143,0.137,1,BBOX1,-0,Not sig,NA
0.22882654477544545,0.10146891543872072,0.139,0.15,1,FAM85B,-0,Not sig,NA
0.22937542669730965,0.1845292287758119,0.193,0.189,1,ECHDC2,-0,Not sig,NA
0.2298376933330917,0.17849638691360767,0.132,0.125,1,DTNB,-0,Not sig,NA
0.23229595097240444,0.16703473058865692,0.154,0.149,1,SUCLG2,-0,Not sig,NA
0.23509413618055724,0.2900165002988708,0.104,0.099,1,KIF3A,-0,Not sig,NA
0.23620944684418962,0.14093845439538655,0.2,0.194,1,PIK3R1,-0,Not sig,NA
0.2367603075644034,0.13358349974449446,0.246,0.243,1,SPPL3,-0,Not sig,NA
0.24162146958007366,0.2633243191207525,0.128,0.124,1,ALMS1,-0,Not sig,NA
0.2417306582564096,0.12439390636644349,0.145,0.138,1,NME7,-0,Not sig,NA
0.24903127772724334,-0.1037294061555567,0.207,0.217,1,PRDM16,-0,Not sig,NA
0.2516259314603668,0.2521769402540627,0.107,0.101,1,NAT8L,-0,Not sig,NA
0.2549471983226083,0.1577544786230345,0.16,0.155,1,MAML3,-0,Not sig,NA
0.2568445146487558,0.26543042986025844,0.138,0.133,1,SLC6A1,-0,Not sig,NA
0.2615573763965083,0.23391576681642734,0.148,0.144,1,ANO10,-0,Not sig,NA
0.26266126986069743,0.15788193302633513,0.159,0.154,1,RORB,-0,Not sig,NA
0.2627781984126468,0.1197971639564323,0.121,0.131,1,POC1B,-0,Not sig,NA
0.262931912801293,0.15185116674903953,0.098,0.106,1,AL357153.2,-0,Not sig,NA
0.2664822932381277,0.1865048916412585,0.18,0.176,1,CAPS2,-0,Not sig,NA
0.26854332640946543,0.1486730394495952,0.149,0.144,1,PRTFDC1,-0,Not sig,NA
0.2721927473225391,0.22807697397111648,0.113,0.108,1,ZXDC,-0,Not sig,NA
0.2722050554726545,0.18826179504522,0.106,0.101,1,NBPF14,-0,Not sig,NA
0.2724131760036656,0.12471709207120418,0.175,0.169,1,RFX7,-0,Not sig,NA
0.2754221418730482,0.10486518785485888,0.202,0.196,1,PELI2,-0,Not sig,NA
0.28114793209789707,0.2801649594466944,0.111,0.107,1,GPATCH2L,-0,Not sig,NA
0.28140604019850346,0.1378855933252232,0.279,0.279,1,CDK13,-0,Not sig,NA
0.2843891770263246,0.2077371950357129,0.145,0.14,1,INPP4A,-0,Not sig,NA
0.2867995434360496,0.1701201497292949,0.187,0.183,1,UGGT2,-0,Not sig,NA
0.2919365233863247,0.2225769313932585,0.107,0.102,1,SLF2,-0,Not sig,NA
0.2930679419827088,0.20864121898493002,0.102,0.097,1,SYNRG,-0,Not sig,NA
0.29374934587790985,0.18476023346165754,0.129,0.125,1,CYFIP2,-0,Not sig,NA
0.29972947482567464,0.11724053271995105,0.322,0.323,1,CDKAL1,-0,Not sig,NA
0.30124080622369354,0.16044341553975583,0.245,0.243,1,ARID1A,-0,Not sig,NA
0.30187906214087756,0.12002420059753097,0.093,0.1,1,HDLBP,-0,Not sig,NA
0.3023574250002823,0.2388963632963989,0.101,0.096,1,MAPK6,-0,Not sig,NA
0.30472505005287864,0.1363567245550237,0.1,0.107,1,ITGA7,-0,Not sig,NA
0.32209452950721845,0.12421045513770812,0.099,0.106,1,ZNF277,-0,Not sig,NA
0.33102274468844106,0.14581006256972007,0.244,0.242,1,MAP2K5,-0,Not sig,NA
0.3327842997195233,0.1364596416948107,0.113,0.109,1,PXK,-0,Not sig,NA
0.33325855504367713,0.12876672086724716,0.241,0.238,1,SUPT3H,-0,Not sig,NA
0.3366309314128053,0.3554089000484658,0.105,0.102,1,WBP2NL,-0,Not sig,NA
0.338205550354142,0.17390653661072988,0.098,0.106,1,CCNI,-0,Not sig,NA
0.34548662512248485,0.10122401832659783,0.113,0.12,1,ATP6AP1L,-0,Not sig,NA
0.34730457605566634,0.11404570699540395,0.1,0.095,1,LTBP3,-0,Not sig,NA
0.35087824639991927,0.2022166684666478,0.133,0.13,1,ZNF827,-0,Not sig,NA
0.35356892831009773,0.10977307462598745,0.121,0.117,1,SPAG1,-0,Not sig,NA
0.3545741288593629,-0.1235555832388151,0.324,0.328,1,CACNB2,-0,Not sig,NA
0.35460115005173926,-0.12608185725034238,0.112,0.118,1,PPARGC1A,-0,Not sig,NA
0.3619900089581318,0.14953692973039312,0.194,0.192,1,CNOT4,-0,Not sig,NA
0.3629657612603408,0.13237435607890713,0.113,0.121,1,LINC00623,-0,Not sig,NA
0.36577976670749585,0.11919832527715513,0.163,0.158,1,RALGPS1,-0,Not sig,NA
0.3698894718971036,0.17004961325524737,0.167,0.164,1,STK39,-0,Not sig,NA
0.37061279135302455,0.25442499912390226,0.115,0.112,1,PRDM5,-0,Not sig,NA
0.3732785691079062,-0.10465882167057228,0.185,0.192,1,GSN,-0,Not sig,NA
0.37383757001683526,0.1367976698322797,0.133,0.129,1,MYO5A,-0,Not sig,NA
0.3767794548576256,0.12628962837639252,0.097,0.104,1,KDM3B,-0,Not sig,NA
0.3790565211542477,0.1576460757023045,0.207,0.205,1,TNRC6C,-0,Not sig,NA
0.3807200085650115,0.1145066164107264,0.105,0.111,1,SETD3,-0,Not sig,NA
0.3816888684532158,0.10865648258645455,0.105,0.112,1,PPARA,-0,Not sig,NA
0.3842141221318499,0.1528838109325068,0.278,0.281,1,SRPK2,-0,Not sig,NA
0.38794248305582696,0.14152090959139463,0.151,0.16,1,SMAD9,-0,Not sig,NA
0.38798873352944524,0.10870785993397947,0.17,0.166,1,AC118549.1,-0,Not sig,NA
0.39141980846588525,0.19251451959967364,0.117,0.114,1,ACER3,-0,Not sig,NA
0.3922336269432504,0.11537392084233611,0.261,0.261,1,WLS,-0,Not sig,NA
0.39243273955732716,0.24951273945736097,0.148,0.147,1,ANKRD36,-0,Not sig,NA
0.39569415121405993,0.1427171820946176,0.169,0.165,1,CSPP1,-0,Not sig,NA
0.3987551204043446,0.1352155391796451,0.14,0.136,1,ARHGAP35,-0,Not sig,NA
0.39920199683266605,0.25088825645832386,0.12,0.117,1,CALM1,-0,Not sig,NA
0.39989638994073035,0.11427471066645178,0.19,0.187,1,SORCS2,-0,Not sig,NA
0.4079588727706145,0.14554067008391192,0.242,0.241,1,CUX1,-0,Not sig,NA
0.4114659964728653,0.25114569667864906,0.135,0.133,1,YLPM1,-0,Not sig,NA
0.41364755119583974,0.11676118120276441,0.145,0.153,1,RSRP1,-0,Not sig,NA
0.4140284817507614,0.11667884120152827,0.171,0.167,1,FRMPD2,-0,Not sig,NA
0.4144879098528608,0.17460884379604638,0.131,0.128,1,STIM2,-0,Not sig,NA
0.41613648635422035,0.10562205441315942,0.226,0.223,1,MNAT1,-0,Not sig,NA
0.4192519635040235,0.1174752842713323,0.163,0.16,1,HECTD4,-0,Not sig,NA
0.4227407463741072,0.10412535378298032,0.127,0.135,1,GBF1,-0,Not sig,NA
0.4233529705800746,0.14531130865366237,0.143,0.14,1,FRMPD4,-0,Not sig,NA
0.4251957395603974,0.11294553362074189,0.199,0.195,1,NEGR1,-0,Not sig,NA
0.4340258908216478,0.15317402019467752,0.107,0.114,1,INO80D,-0,Not sig,NA
0.44943681229471083,-0.11516367990415022,0.309,0.316,1,SNED1,-0,Not sig,NA
0.45172093989709233,0.1860200005937467,0.141,0.139,1,LINC01004,-0,Not sig,NA
0.4557701397596857,0.13301878142073806,0.116,0.114,1,AC139887.2,-0,Not sig,NA
0.4608481928834525,0.12749012602425389,0.107,0.113,1,PIR,-0,Not sig,NA
0.4609944690787094,0.14975188498717745,0.154,0.152,1,USP40,-0,Not sig,NA
0.46138929509433574,0.16755379170113321,0.104,0.101,1,ARMCX4,-0,Not sig,NA
0.46682683743708026,0.14495957162618844,0.105,0.101,1,LINC01376,-0,Not sig,NA
0.4743280840126153,0.1355958589159242,0.11,0.116,1,METRN,-0,Not sig,NA
0.475789108827877,0.11755464556333695,0.333,0.338,1,ANKRD17,-0,Not sig,NA
0.4801413845888012,0.21627139716619415,0.134,0.133,1,LINC01184,-0,Not sig,NA
0.4841363845733693,0.15338558548822276,0.121,0.118,1,TMEM117,-0,Not sig,NA
0.4862556959534638,0.15263265642946527,0.106,0.112,1,SLC13A3,-0,Not sig,NA
0.4862591917531088,0.18604530715223816,0.115,0.113,1,ATM,-0,Not sig,NA
0.4888767974808661,0.20563396119653815,0.102,0.1,1,CREB1,-0,Not sig,NA
0.4965259558957891,0.19000765790138846,0.144,0.142,1,HCG17,-0,Not sig,NA
0.49815592252825336,0.18361137103820035,0.249,0.253,1,ATXN10,-0,Not sig,NA
0.5007622376528361,0.1360889992485903,0.26,0.263,1,TRA2A,-0,Not sig,NA
0.5058470634916763,0.19656075410946547,0.108,0.105,1,PCNX2,-0,Not sig,NA
0.5067570354290041,0.15130230634465458,0.279,0.282,1,TMCC1,-0,Not sig,NA
0.5082693724687777,0.134005522292314,0.143,0.15,1,PPP3CB,-0,Not sig,NA
0.5141183594098172,0.1368590734262478,0.244,0.245,1,MCC,-0,Not sig,NA
0.5166925620837998,0.1021771555815334,0.341,0.344,1,CRADD,-0,Not sig,NA
0.5183426875332102,0.11844138304163132,0.25,0.264,1,RFX3-AS1,-0,Not sig,NA
0.5187357866175771,0.18965923953332106,0.105,0.103,1,SRBD1,-0,Not sig,NA
0.5196612912822742,0.16518710500559336,0.104,0.101,1,VPS50,-0,Not sig,NA
0.5228175352899268,0.1568283801332211,0.102,0.1,1,HIP1R,-0,Not sig,NA
0.5259652435166073,0.1772373216843235,0.115,0.113,1,TTC7A,-0,Not sig,NA
0.5284990773765197,0.1447371669795403,0.257,0.259,1,PRKCE,-0,Not sig,NA
0.532463964199001,0.18666203996712696,0.108,0.106,1,SLC15A2,-0,Not sig,NA
0.5343607613791026,0.20379745598450733,0.104,0.102,1,ZSCAN5A,-0,Not sig,NA
0.5349180787183407,0.14878629586642106,0.128,0.125,1,DENND2A,-0,Not sig,NA
0.5359621608580337,-0.19410424330719422,0.396,0.382,1,ST6GALNAC3,-0,Not sig,NA
0.5362597988933142,0.20965753513625163,0.178,0.178,1,ZNF721,-0,Not sig,NA
0.5486742432933177,0.21609966185113494,0.123,0.122,1,ZNF706,-0,Not sig,NA
0.5530043307197341,0.1283147756944052,0.173,0.172,1,COMMD1,-0,Not sig,NA
0.5545170122011027,0.12277557026888086,0.224,0.237,1,TDRD3,-0,Not sig,NA
0.5558310142259004,0.11402821499929952,0.116,0.121,1,ATN1,-0,Not sig,NA
0.5695300943463151,0.1510895777116994,0.158,0.157,1,HIVEP3,-0,Not sig,NA
0.5734208311072371,0.15746351891062527,0.188,0.189,1,EIF3E,-0,Not sig,NA
0.5756550852150575,0.2357386399666253,0.154,0.155,1,FAR1,-0,Not sig,NA
0.5799653108684111,0.1507504677639766,0.103,0.101,1,STX18-AS1,-0,Not sig,NA
0.5887140884543988,0.13123213323368044,0.149,0.147,1,ATG10,-0,Not sig,NA
0.5893688337072012,0.19804483864534506,0.115,0.114,1,MTX2,-0,Not sig,NA
0.5918725822558675,0.135335141829945,0.101,0.106,1,XRRA1,-0,Not sig,NA
0.5919884391780492,0.1527215689988456,0.171,0.179,1,ZNF248,-0,Not sig,NA
0.5981558281433026,0.13396072516350932,0.212,0.213,1,PLEC,-0,Not sig,NA
0.6046893686214119,0.10478765481679408,0.308,0.311,1,CHL1,-0,Not sig,NA
0.6126127690082418,0.15596812839852645,0.122,0.12,1,FBN1,-0,Not sig,NA
0.6156238761923953,0.13461055763962948,0.241,0.244,1,CASK,-0,Not sig,NA
0.6204714968131412,0.20906524972354928,0.159,0.159,1,WDR11,-0,Not sig,NA
0.6210173772458477,0.11380567049280299,0.27,0.273,1,ZMYM2,-0,Not sig,NA
0.6214549301942738,0.1304613285829736,0.099,0.103,1,HTRA1,-0,Not sig,NA
0.6238292195211687,0.14511300534725624,0.257,0.26,1,CBFA2T2,-0,Not sig,NA
0.6262637609031111,0.14741642455302617,0.155,0.154,1,PER3,-0,Not sig,NA
0.6381139873252154,0.1298204450621051,0.179,0.187,1,HERC1,-0,Not sig,NA
0.6439053908685373,0.17143507695663696,0.219,0.222,1,PSPC1,-0,Not sig,NA
0.646541700118785,0.10648952243828919,0.107,0.106,1,SLC38A6,-0,Not sig,NA
0.6521771727100261,0.16316696277696274,0.157,0.157,1,DGLUCY,-0,Not sig,NA
0.6648590552355531,0.17131241673805808,0.167,0.167,1,VPS8,-0,Not sig,NA
0.6671991609980648,0.20572570025540435,0.136,0.136,1,NMT1,-0,Not sig,NA
0.6685995352133859,0.11807962667774274,0.188,0.19,1,HP1BP3,-0,Not sig,NA
0.669461593160024,0.13192051913760006,0.157,0.156,1,TIAM1,-0,Not sig,NA
0.6703173326877971,0.1470781220588993,0.112,0.111,1,ZNF718,-0,Not sig,NA
0.6735272836734656,0.1294184298803813,0.137,0.143,1,LINC02062,-0,Not sig,NA
0.6751276787862852,0.13318554937130953,0.109,0.108,1,DCUN1D1,-0,Not sig,NA
0.6811937032045566,0.18340883519912565,0.241,0.254,1,DGKB,-0,Not sig,NA
0.6813901019134267,0.14343020986504795,0.2,0.2,1,AC097103.2,-0,Not sig,NA
0.6819464977778018,0.14729781265438469,0.231,0.232,1,MAPK8,-0,Not sig,NA
0.685051136393708,0.1281155816259545,0.221,0.222,1,XPR1,-0,Not sig,NA
0.6866688983439095,0.16055691305827502,0.103,0.107,1,TOGARAM1,-0,Not sig,NA
0.6872351005829795,0.17769917645583996,0.142,0.142,1,SRRM2,-0,Not sig,NA
0.6901589166650655,0.15767761778046135,0.149,0.148,1,GSE1,-0,Not sig,NA
0.6958164068789059,0.1499056398598702,0.099,0.103,1,MPPED2,-0,Not sig,NA
0.6962536410926345,0.1542516614131289,0.109,0.108,1,SCRN1,-0,Not sig,NA
0.6980478050172247,0.15312180328630473,0.127,0.132,1,SS18,-0,Not sig,NA
0.7029662544645092,0.17844255235676482,0.148,0.154,1,EZR,-0,Not sig,NA
0.7086058712893152,0.12476425525494023,0.124,0.123,1,ATP2A2,-0,Not sig,NA
0.7144197555475176,0.10686452189729045,0.146,0.152,1,WDR33,-0,Not sig,NA
0.718635885545695,0.16136769445466065,0.12,0.12,1,REV1,-0,Not sig,NA
0.7192066170751474,0.194761487906789,0.113,0.118,1,AMER2,-0,Not sig,NA
0.7252842824456299,0.1378123076128649,0.131,0.136,1,ZC2HC1A,-0,Not sig,NA
0.7330032199241188,0.1603341856043016,0.107,0.106,1,DCAF10,-0,Not sig,NA
0.7411687142499934,0.15260162459631949,0.116,0.12,1,SRSF5,-0,Not sig,NA
0.7447782473496716,0.17156434619881486,0.114,0.113,1,TP53BP1,-0,Not sig,NA
0.7458595567314628,0.10543575221932944,0.104,0.103,1,RNF144A,-0,Not sig,NA
0.752058702460958,0.14459358756958252,0.164,0.165,1,RNGTT,-0,Not sig,NA
0.7549952405879773,0.14800188050757357,0.136,0.136,1,KIF9-AS1,-0,Not sig,NA
0.7561786137206978,0.24415763829239345,0.105,0.105,1,GRID2,-0,Not sig,NA
0.756466850800944,0.10788448893046076,0.174,0.181,1,EPN2,-0,Not sig,NA
0.7587209212376318,0.1478897978155081,0.098,0.102,1,KPNA3,-0,Not sig,NA
0.7606268566228491,0.10032661520322927,0.217,0.219,1,ACACA,-0,Not sig,NA
0.761139553044603,0.1267887672372204,0.103,0.102,1,ARIH2,-0,Not sig,NA
0.7687810325473275,0.12141370525702616,0.13,0.134,1,STXBP6,-0,Not sig,NA
0.7718813746251214,0.11460737539196797,0.154,0.159,1,NTNG1,-0,Not sig,NA
0.7752494168780683,0.14277972938049038,0.164,0.166,1,ZFYVE16,-0,Not sig,NA
0.7759782236839708,0.12858617304992626,0.151,0.152,1,MAPKAP1,-0,Not sig,NA
0.7765396994303081,0.11350348861941394,0.129,0.129,1,MFSD14C,-0,Not sig,NA
0.785029002540737,0.11468288120974823,0.196,0.198,1,NLGN1,-0,Not sig,NA
0.7877731948555057,0.1257861175882742,0.109,0.112,1,EP400,-0,Not sig,NA
0.7933614135672514,-0.19777379653160165,0.1,0.098,1,CFAP43,-0,Not sig,NA
0.7949848908739104,0.1544863670831386,0.133,0.134,1,CNTLN,-0,Not sig,NA
0.7985140381227266,0.13362117234510268,0.134,0.134,1,AL160272.2,-0,Not sig,NA
0.8051273275812219,0.10311689357379078,0.13,0.133,1,NR3C1,-0,Not sig,NA
0.807485158844461,0.21719464627272145,0.202,0.207,1,INVS,-0,Not sig,NA
0.809558297902885,0.1081911587250789,0.156,0.156,1,RSRC1,-0,Not sig,NA
0.8108106833779951,0.12215029559246038,0.161,0.166,1,SPTAN1,-0,Not sig,NA
0.8213625669345763,0.12778593188772688,0.115,0.118,1,TRAPPC12,-0,Not sig,NA
0.8235927880935218,0.11960338819965288,0.146,0.15,1,KATNAL2,-0,Not sig,NA
0.8417891758988431,0.11989258697905159,0.111,0.114,1,GRIA2,-0,Not sig,NA
0.84350470381165,0.17890381149496984,0.105,0.106,1,PIGN,-0,Not sig,NA
0.8514586283806164,0.1500754397093056,0.116,0.117,1,STXBP4,-0,Not sig,NA
0.857456099506666,0.11863323426122543,0.105,0.108,1,CREBRF,-0,Not sig,NA
0.8602241476733188,0.10579531356578381,0.141,0.145,1,RABEP1,-0,Not sig,NA
0.8650755577710352,0.1273594615851934,0.224,0.228,1,ENTPD1-AS1,-0,Not sig,NA
0.8726717389723024,0.11037910789104832,0.168,0.17,1,UBE2E3,-0,Not sig,NA
0.874743537626925,0.1399379382379987,0.131,0.134,1,RYBP,-0,Not sig,NA
0.8800651609655978,0.12412071683801629,0.225,0.233,1,EPC1,-0,Not sig,NA
0.8809598057247776,0.11951602122347188,0.11,0.113,1,ALK,-0,Not sig,NA
0.8994632416998475,0.251608511590977,0.109,0.112,1,NCAN,-0,Not sig,NA
0.9043938545591222,0.13281932323801704,0.224,0.232,1,ENAH,-0,Not sig,NA
0.9080450306001964,0.11422318062555033,0.113,0.115,1,NLGN4X,-0,Not sig,NA
0.9107611319106083,0.16324716154072313,0.106,0.107,1,SMARCAD1,-0,Not sig,NA
0.9153829219826634,0.11367988180768249,0.129,0.132,1,ELF1,-0,Not sig,NA
0.9240033409688928,0.11270393288941921,0.148,0.149,1,CCDC6,-0,Not sig,NA
0.9255774796993231,0.10081819362403066,0.214,0.218,1,MBOAT2,-0,Not sig,NA
0.9273459484617808,0.10419441880599623,0.18,0.186,1,HNRNPC,-0,Not sig,NA
0.9286045449443173,0.168202172845839,0.112,0.113,1,KMT5B,-0,Not sig,NA
0.9287207805564516,0.196081328327713,0.1,0.102,1,SFSWAP,-0,Not sig,NA
0.9318554244257018,0.13263681276949701,0.228,0.236,1,NRF1,-0,Not sig,NA
0.9323518106302335,0.21537459440894235,0.184,0.189,1,PPP6R2,-0,Not sig,NA
0.9324438676882304,0.15145376221464596,0.161,0.166,1,AC053527.1,-0,Not sig,NA
0.9375756541898591,0.1281410288312368,0.26,0.268,1,FAM107A,-0,Not sig,NA
0.9460629199144297,0.10766293633967172,0.146,0.149,1,UBE3C,-0,Not sig,NA
0.9469473428360891,0.14058336778829705,0.192,0.195,1,DPH6,-0,Not sig,NA
0.9488872683186191,0.10291147849399634,0.121,0.122,1,SCFD2,-0,Not sig,NA
0.9490688805013416,0.13857912640947853,0.121,0.123,1,MGA,-0,Not sig,NA
0.9543513615948973,0.17084893370680404,0.12,0.122,1,TBCA,-0,Not sig,NA
0.9552148171441784,0.12861310305104168,0.171,0.176,1,AK3,-0,Not sig,NA
0.960338735466405,0.14959820289791081,0.178,0.183,1,AC091826.2,-0,Not sig,NA
0.9730930444579167,0.1473146771425483,0.144,0.146,1,TULP3,-0,Not sig,NA
0.9733786708462026,0.23724120524170272,0.128,0.132,1,PPHLN1,-0,Not sig,NA
0.9740461676624401,0.10020372006869493,0.148,0.15,1,STAU2,-0,Not sig,NA
0.974439213298158,0.1346390541214006,0.147,0.15,1,FAM66D,-0,Not sig,NA
0.976285844244932,0.11494267896984597,0.135,0.137,1,LARP1,-0,Not sig,NA
