p_val,avg_log2FC,pct.1,pct.2,p_val_adj,gene,neg_log10_pval,Significance
1.0838081282742905e-39,1.6298318621590746,0.629,0.262,2.7070275619906954e-35,PCDH9,34.567507322375214,Sig Up
2.0390343929331578e-34,3.8537114068025264,0.28,0.028,5.092896203229148e-30,ARL17B,29.29303517495757,Sig Up
6.444713010790521e-33,-2.811919165642164,0.07,0.312,1.6096959687051485e-28,ADAMTS9,27.793256143584507,Sig Down
5.234712237212247e-28,-1.1001275711731844,0.611,0.771,1.307474075488503e-23,FP671120.1,22.883566913538246,Sig Down
2.6031427802239687e-25,-0.7005881957004938,0.932,0.945,6.5018697221654064e-21,NEAT1,20.186961736702628,Sig Down
1.0026794889664394e-23,-1.629084507475298,0.141,0.367,2.5043925595914756e-19,EGFL7,18.601297595149326,Sig Down
1.3684090286615172e-23,-0.5288694454459728,0.997,1,3.4178752308878717e-19,MALAT1,18.46624379519221,Sig Down
1.5116935433617317e-23,-1.984971314235703,0.143,0.364,3.7757569632545976e-19,BSG,18.422995968005946,Sig Down
2.0642111671099202e-22,0.6262296182174021,0.898,0.761,5.155780232090448e-18,PLXDC2,17.287705602960326,Sig Up
1.3753873891825324e-20,2.1681640590482756,0.254,0.061,3.4353050819612113e-16,PLP1,15.46403468814481,Sig Up
2.2810006212448356e-20,1.193749471286075,0.578,0.352,5.697255251683226e-16,HDAC9,15.24433432259805,Sig Up
1.2435107199606813e-19,10.482939978893459,0.132,0,3.1059167252457937e-15,AC068992.1,14.507810192603294,Sig Up
2.256955271979973e-18,0.5928181315591985,0.838,0.674,5.637197182824379e-14,ELMO1,13.24893677378105,Sig Up
7.361163950315955e-17,0.6131741676644538,0.8,0.598,1.8385979198704162e-12,ARHGAP24,11.735513235565612,Sig Up
9.383467152698565e-17,-2.06872650657962,0.062,0.21,2.3437085907295206e-12,SLCO4A1,11.630096388091529,Sig Down
1.984009440586837e-16,1.0473602792485677,0.508,0.295,4.955460379753743e-12,SRGAP1,11.304915991814678,Sig Up
3.309418245834043e-16,1.548787103360911,0.315,0.128,8.265933952619689e-12,CADM2,11.082708069188282,Sig Up
4.005454298911862e-16,0.6182106610234293,0.773,0.588,1.0004423202392158e-11,SLC1A3,10.999807945232599,Sig Up
6.534757281904387e-16,0.8174674029353386,0.562,0.336,1.6321863263012588e-11,DOCK10,10.787230264782247,Sig Up
2.9245931573043778e-15,1.0560908640840063,0.438,0.239,7.304756328999145e-11,DTNA,10.136394266620322,Sig Up
3.949972530254925e-15,-2.140479640045199,0.059,0.194,9.865846388817727e-11,HIF1A-AS2,10.005865650784294,Sig Down
4.006227994235995e-15,1.1207399551908657,0.44,0.243,1.0006355661203246e-10,SHTN1,9.999724064819299,Sig Up
4.721407628379223e-15,0.5831650454102619,0.747,0.544,1.1792659833402785e-10,SRGAP2,9.928388228773636,Sig Up
6.627721631477902e-15,1.2941600266514452,0.373,0.179,1.6554060318942356e-10,IL1RAPL1,9.781095466671538,Sig Up
1.5122282625361864e-14,0.5177192206775612,0.878,0.744,3.7770925313366327e-10,DOCK4,9.422842375681698,Sig Up
1.8335052781648768e-14,-1.3697342446388816,0.127,0.288,4.579546133272413e-10,CACNA1C,9.339177561642988,Sig Down
6.071429664782878e-14,0.8783991492003707,0.535,0.336,1.5164609873728194e-9,FMN1,8.819168757912927,Sig Up
8.576877402588122e-14,3.562253050358173,0.116,0.01,2.1422466688444353e-9,AC026316.5,8.669130523816863,Sig Up
1.0753515942938745e-13,-2.1224668131520636,0.06,0.187,2.6859056770678102e-9,SLC2A3,8.570909242839395,Sig Down
1.4442892458551807e-13,-1.8404118041264337,0.072,0.205,3.607401249372485e-9,RNF152,8.442805548644618,Sig Down
3.5275482406421886e-13,1.2286141801027948,0.318,0.147,8.810757240651994e-9,SLC44A1,8.054986764538684,Sig Up
5.788267195180999e-13,1.18021967064733,0.371,0.199,1.4457354973403581e-8,MT-ND3,7.8399111555567185,Sig Up
6.624278248720008e-13,-1.1010880316865204,0.21,0.378,1.654545978182796e-8,FLT1,7.781321159725871,Sig Down
8.13078505044052e-13,-1.9834337396723725,0.092,0.225,2.0308261820485286e-8,NAMPT,7.6923272461705725,Sig Down
1.488538033369088e-12,0.8313637142281833,0.494,0.3,3.717921445945971e-8,BNC2,7.429699790452394,Sig Up
1.5952669175174568e-12,-1.4274423506716172,0.116,0.258,3.984498179883352e-8,SYNE2,7.399626367224172,Sig Down
1.954552051643722e-12,-1.5052628306025662,0.08,0.211,4.881884659390525e-8,SHC2,7.311412485546026,Sig Down
2.202525449157611e-12,1.129937964003465,0.298,0.133,5.5012478143609655e-8,P2RY12,7.2595387909736315,Sig Up
3.3643921041689418e-12,0.7546251041517049,0.546,0.366,8.403242158582765e-8,CSGALNACT1,7.075553121090722,Sig Up
3.5813622258985997e-12,-1.2674312231743594,0.129,0.276,8.945168431626932e-8,MECOM,7.048411477540713,Sig Down
7.895337099304284e-12,-1.0447988776847528,0.122,0.27,1.972018347293231e-7,CLDN5,6.705089048780639,Sig Down
9.93584774245004e-12,-1.333471075561941,0.112,0.25,2.481676690631747e-7,ELOVL7,6.60525479842975,Sig Down
1.3167705403981445e-11,0.6225676313902655,0.648,0.471,3.2888977787524456e-7,MAML3,6.482949624484399,Sig Up
1.5023940565700578e-11,1.7116649684773697,0.178,0.055,3.752529635095033e-7,SLC24A2,6.425675869289243,Sig Up
1.5908444489327516e-11,-2.051778083405164,0.075,0.192,3.973452180099334e-7,PCBP3,6.400832009284549,Sig Down
1.6212717020860095e-11,1.2098929008576722,0.319,0.165,4.049450330300226e-7,PPP2R2B,6.392603923629404,Sig Up
1.803133745167934e-11,0.6277808568806993,0.623,0.47,4.503687155305949e-7,SRGAP2B,6.346431784995773,Sig Up
1.8878938076763034e-11,0.9394071375829809,0.425,0.253,4.715392363433103e-7,FRMD4B,6.326482164181322,Sig Up
2.191961556260412e-11,0.6536384885957842,0.657,0.496,5.474862379071631e-7,ARHGAP15,6.261626793156514,Sig Up
2.240753523719262e-11,-1.9603058497731478,0.049,0.154,5.596730076193601e-7,BACE2,6.2520656381078235,Sig Down
2.7087719098969568e-11,1.9828473965204227,0.175,0.055,6.765699599349629e-7,NKAIN2,6.169687289025288,Sig Up
2.7741490973008583e-11,-1.055472112058825,0.149,0.293,6.928992200328354e-7,ADAMTS9-AS2,6.159329927533132,Sig Down
3.091496420436276e-11,0.5534246647858976,0.662,0.508,7.721630609323687e-7,HS3ST4,6.112290978180702,Sig Up
3.437942990540994e-11,1.71791052299695,0.183,0.061,8.586950207474241e-7,NRXN3,6.06616105540591,Sig Up
3.727062415780403e-11,0.7262291776349883,0.383,0.21,9.309083795894714e-7,CPED1,6.031093060368544,Sig Up
3.811795693196229e-11,0.5463850466060096,0.672,0.49,9.520722102896221e-7,SLC8A1,6.021330111131268,Sig Up
3.827609522393423e-11,0.6539270534344017,0.501,0.319,9.560220304082052e-7,AC074327.1,6.019532099800805,Sig Up
4.518266929934146e-11,1.2996138979143081,0.288,0.14,1.1285275310896516e-6,CTNNA3,5.947487841588903,Sig Up
5.378308741949057e-11,1.3270015747573745,0.215,0.083,1.343340174476616e-6,FRMD5,5.8718139968689655,Sig Up
6.451721059605718e-11,1.0791192302323651,0.322,0.168,1.6114463690577201e-6,LPCAT2,5.792784143772419,Sig Up
6.866642354533873e-11,0.68515661714021725,0.555,0.402,1.7150812608919254e-6,KANSL1,5.765715298174626,Sig Up
6.908594157290747e-11,0.57362117128157,0.716,0.548,1.7255595626665098e-6,SFMBT2,5.763070045186788,Sig Up
9.155990575416715e-11,0.8199008038623079,0.508,0.359,2.2868917660218328e-6,SDCCAG8,5.6407543891894,Sig Up
1.061712556201699e-10,-2.4273606407534563,0.026,0.111,2.6518394516249835e-6,KANK3,5.576452772644327,Sig Down
1.5967626779196674e-10,0.43737310584648803,0.682,0.534,3.988234140639954e-6,ZEB2,5.39921935311791,Sig Up
1.6407480865493001e-10,1.4432256477771175,0.225,0.094,4.098096495774187e-6,ST18,5.387417819705233,Sig Up
2.400989963007033e-10,-1.2510667598472203,0.137,0.267,5.996952630602666e-6,GALNT18,5.222069381602294,Sig Down
2.744574577049362e-10,0.5021256081161725,0.692,0.534,6.855123921096192e-6,DOCK8,5.16398468999747,Sig Up
2.965328614262487e-10,1.1720196224155295,0.244,0.107,7.406501279843413e-6,MSR1,5.130386897781778,Sig Up
3.612500852293761e-10,1.531517336360494,0.215,0.09,9.022943378774127e-6,ERBB4,5.044651767930258,Sig Up
3.8179856531816446e-10,-1.445967970335257,0.078,0.191,9.536182765951793e-6,YBX3,5.020625434042207,Sig Down
4.051646325429325e-10,-1.6961339554086765,0.048,0.144,1.0119797027024826e-5,RIPOR2,4.994828198062139,Sig Down
4.1181951776840434e-10,-1.2719620062379757,0.131,0.256,1.0286016095301435e-5,LDLRAD3,4.987752800441224,Sig Down
4.2035346230289306e-10,-2.2171772854708043,0.026,0.107,1.049916842793936e-5,SULF2,4.978845097259485,Sig Down
4.455286211260748e-10,0.5035123883244714,0.666,0.49,1.1127968369865971e-5,FHIT,4.953584117452763,Sig Up
5.243865479529783e-10,1.5923947173605306,0.187,0.071,1.309760280822154e-5,APOE,4.882808183918911,Sig Up
6.177179716286236e-10,0.8277401066994492,0.472,0.308,1.5428741777368132e-5,IPCEF1,4.8116694894538075,Sig Up
6.703148807465458e-10,0.41055713609654276,0.744,0.598,1.6742454776406475e-5,MAML2,4.776180865477262,Sig Up
7.948834226605051e-10,-1.3175434982215934,0.08,0.191,1.9853803247791436e-5,RBMS3,4.70215628631577,Sig Down
9.88203991397552e-10,1.4857947477633577,0.172,0.061,2.4682371093136656e-5,GPM6B,4.607613122466894,Sig Up
1.0670685779809328e-9,0.7177975369177421,0.426,0.265,2.6652171872229758e-5,MBP,4.574267394754033,Sig Up
1.1837032491678875e-9,1.1815983917829713,0.249,0.116,2.9565356054466325e-5,NCAM2,4.529216886441339,Sig Up
1.250514144998029e-9,1.147742949053053,0.234,0.106,3.1234091799615774e-5,SNCA,4.505371117608137,Sig Up
1.4138700860630392e-9,2.2797241040187375,0.108,0.023,3.531423313959653e-5,QDPR,4.452050220160588,Sig Up
1.4412962945151528e-9,1.4728466170594703,0.275,0.14,3.599925754810497e-5,GLDN,4.443706456068438,Sig Up
1.4944822963583581e-9,-0.7232306373203037,0.165,0.305,3.732768431614271e-5,EBF1,4.427968951405471,Sig Down
2.2427115974005834e-9,2.450254752526466,0.101,0.019,5.601620756827437e-5,CLEC5A,4.251686297296174,Sig Up
2.9683819459756293e-9,0.7155584474184646,0.44,0.277,7.41412758646333e-5,SKAP2,4.129939944659271,Sig Up
3.054939278104356e-9,0.9743591398242165,0.249,0.118,7.63032183492125e-5,SOCS6,4.117457143803615,Sig Up
3.681340485466319e-9,-1.4605796067044174,0.052,0.144,9.194884130549225e-5,AC092957.1,4.036453739158928,Sig Down
3.957618266670933e-9,0.5948290504691474,0.508,0.338,9.88494314466399e-5,NAV3,4.005025824279465,Sig Up
4.294080200893851e-9,-1.05342170176769,0.131,0.253,1.0725324117772571e-4,EPAS1,3.969589574627324,Sig Down
4.366883709923354e-9,1.1219034199818334,0.242,0.116,1.0907165442275561e-4,KHDRBS3,3.962288099340632,Sig Up
5.75731931974638e-9,-1.8126094045093257,0.036,0.118,1.4380056464930534e-4,HES4,3.8422394086430107,Sig Down
6.243764309168244e-9,1.732296460072544,0.143,0.047,1.5595050115009521e-4,TTLL7,3.807013225290478,Sig Up
7.151829837270241e-9,2.027225894675581,0.103,0.023,1.786312538454988e-4,ZNF804A,3.748042553369361,Sig Up
7.713697272168645e-9,1.374440684766623,0.21,0.094,1.9266501676695624e-4,LRP1B,3.7151971353929465,Sig Up
7.772194019553814e-9,0.7368511150802037,0.396,0.253,1.941260900263956e-4,TANC2,3.71191609267423,Sig Up
8.167401589639758e-9,-1.1430728800128187,0.127,0.243,2.0399718950443225e-4,ARHGAP29,3.6903758158639275,Sig Down
8.376369392669686e-9,-1.3579889808395404,0.07,0.17,2.0921657832071076e-4,ISYNA1,3.679403904948466,Sig Down
1.0096654005954646e-8,0.5198979245446522,0.529,0.362,2.521841271067292e-4,GAB2,3.598282252128121,Sig Up
1.1558860702269112e-8,1.103523261342281,0.318,0.187,2.887056637605756e-4,NPAS3,3.539544696147553,Sig Up
1.4512633993231857e-8,0.6841100640735258,0.411,0.258,3.624820592489521e-4,ARHGAP22,3.4407134836088407,Sig Up
1.5897442214856887e-8,0.4753996389930797,0.609,0.456,3.9707041420048046e-4,FMNL2,3.4011324711032063,Sig Up
1.5982864192277354e-8,1.3805656821605115,0.147,0.05,3.992039989305115e-4,TMEM144,3.3988051169218507,Sig Up
1.7696340182457363e-8,-2.030188523877907,0.031,0.106,4.4200148873723756e-4,COL4A1,3.354576267869735,Sig Down
1.901681910459788e-8,1.202029826135046,0.196,0.087,4.749830907755413e-4,NCAM1,3.3233218508247937,Sig Up
2.0807770149698313e-8,0.5789290950446415,0.642,0.516,5.197156750290148e-4,RUNX1,3.2842341843202174,Sig Up
2.1838486633214018e-8,0.5397885959079294,0.629,0.497,5.454598806377865e-4,SLC9A9,3.263237186887513,Sig Up
2.71456393944897e-8,0.7912510750879462,0.402,0.262,6.780166351561692e-4,DLG2,3.1687596505755593,Sig Up
2.7815062857595995e-8,1.146737788383653,0.212,0.101,6.947368249941751e-4,AC007262.2,3.158179680443477,Sig Up
3.265449272911939e-8,1.497094082156453,0.178,0.076,8.15611264895215e-4,PTPRD,3.088516784551517,Sig Up
3.39278603453508e-8,-1.0267239168030595,0.114,0.222,8.474161678458269e-4,PTH1R,3.071903254355275,Sig Down
3.5242333775651796e-8,1.6216823542291054,0.139,0.049,8.80247770714455e-4,PEX5L,3.055395066135809,Sig Up
4.032927703015981e-8,0.8622389287158946,0.167,0.066,0.0010073043523823016,ANK3,2.9968392895361498,Sig Up
4.575358575376529e-8,0.45414013346050064,0.727,0.626,0.0011427873113717957,GNAQ,2.942034590333226,Sig Up
4.627227656714462e-8,0.435675707199922,0.638,0.475,0.0011557426518175712,SORL1,2.9371388591143894,Sig Up
5.044875278820336e-8,1.0644297632125008,0.167,0.068,0.0012600584983909553,SPOCK1,2.899609292232711,Sig Up
5.219742252073669e-8,-1.4958544001688847,0.087,0.182,0.0013037350223004402,KSR1,2.884810667842218,Sig Down
6.638033191854712e-8,1.4196229847262392,0.151,0.057,0.0016579815503295515,TPCN1,2.7804203064966315,Sig Up
6.954875054790058e-8,-1.1373754897220705,0.128,0.237,0.0017371191424349127,SLC7A5,2.7601703939146875,Sig Down
7.328117917114338e-8,0.698105447413512,0.447,0.317,0.0018303440121576484,MAN2A1,2.737467277187151,Sig Up
8.014394731945911e-8,1.4903944634276085,0.162,0.068,0.0020017553721981304,TRIM2,2.6985889972842,Sig Up
9.073077472007394e-8,1.451258855836828,0.196,0.094,0.0022661825601832867,NAALADL2,2.644705106967504,Sig Up
9.762960193261937e-8,0.4290116359302485,0.602,0.452,0.002438494567471034,JAZF1,2.612878207601626,Sig Up
9.867441950997965e-8,1.5192825357219322,0.141,0.052,0.002464590976100762,ANKS1B,2.6082551459859022,Sig Up
1.1532771654742192e-7,-1.384512242339293,0.079,0.17,0.0028805403762049574,CEP112,2.540526032938715,Sig Down
1.327078494231274e-7,0.46653152314142865,0.661,0.513,0.003314643955041453,EPB41L2,2.479563114820375,Sig Up
1.4480612906850027e-7,-0.525860489905523,0.163,0.286,0.0036168226857439313,COBLL1,2.4416727819463047,Sig Down
1.7100794056447187e-7,0.9605100077941772,0.177,0.076,0.004271265331478814,HTRA1,2.3694434493135326,Sig Up
1.803024594434514e-7,1.7585997308635424,0.109,0.033,0.0045034145295190856,LINC00609,2.3464580753340063,Sig Up
1.8465838647327223e-7,1.8694420238995184,0.101,0.028,0.004612212518942921,LRRC4C,2.3360906897386133,Sig Up
1.9242652006647354e-7,-1.2401811332038624,0.085,0.177,0.00480623719170031,ANO2,2.3181948002186115,Sig Down
2.0975706696980796e-7,0.8589697582318392,0.227,0.116,0.005239102261704894,DLEU7-AS1,2.2807431245028633,Sig Up
2.1118714810669159e-7,-1.209100742405719,0.048,0.125,0.005274821398260836,CFH,2.277792240686748,Sig Down
2.1352413494936655e-7,-1.4060412383527634,0.074,0.161,0.005333192318630328,ECE1,2.2730127550731796,Sig Down
2.2442536004133344e-7,0.31433282763741666,0.807,0.733,0.005605472217752386,QKI,2.25138779557113,Sig Up
2.5115130849994643e-7,0.6331955662030517,0.381,0.248,0.006273006232403162,SPTLC2,2.2025242809790124,Sig Up
2.60428587132007e-7,-1.4208099643494063,0.074,0.159,0.0065047248207961384,NPAS2,2.186771071329546,Sig Down
2.8814059241504335e-7,0.3572754129889786,0.741,0.619,0.007196887576750538,FP236383.1,2.1428552814139694,Sig Up
2.9078442268588155e-7,1.508330601076361,0.172,0.076,0.007262922525425264,NRXN1,2.1388885884917443,Sig Up
2.948506412330034e-7,1.1509494251125618,0.307,0.194,0.007364484466076725,LSAMP,2.1328576495510867,Sig Up
3.1148687115969194e-7,-0.888310394674757,0.171,0.282,0.007780007580955626,ESYT2,2.1090199798270732,Sig Down
3.4221457220855265e-7,0.5106649717226013,0.387,0.253,0.00854749337005302,PDE4B,2.0681612273960073,Sig Up
4.396381237116203e-7,-1.1386589014657003,0.119,0.218,0.01098084141594514,CALD1,1.9593643804413723,Sig Down
4.433745529162776e-7,-1.0575819714946126,0.119,0.218,0.011074166208189866,HIVEP2,1.9556889626050122,Sig Down
4.527050741379723e-7,-0.4334795489141203,0.108,0.213,0.011307214636744134,THSD4,1.946644363851882,Sig Down
4.666812254216987e-7,0.6048144876731589,0.555,0.437,0.011656296967357769,IMMP2L,1.9334393965810768,Sig Up
4.6684256664219185e-7,-1.498013823291367,0.05,0.125,0.011660326787022026,LIMS2,1.9332892780665685,Sig Down
4.840061059057341e-7,-0.7094222067827367,0.288,0.406,0.01208902050720752,PITPNC1,1.917608885702302,Sig Down
5.262067694376254e-7,-0.6861426531808424,0.138,0.248,0.01314306648024357,PAM,1.8813032953487636,Sig Down
5.506313858401146e-7,0.4572768011907522,0.602,0.463,0.013753120124128541,TBXAS1,1.8615987637266547,Sig Up
5.797245993179227e-7,0.8766897940635816,0.24,0.132,0.014479781317163756,RYR1,1.8392379970799102,Sig Up
6.053184912331778e-7,-0.7072419018439298,0.2,0.317,0.015119039955531082,LHFPL6,1.8204757852404114,Sig Down
6.262771652865075e-7,-1.3828634306665175,0.128,0.225,0.0156425247573611,PDE7B,1.805693148993765,Sig Down
7.34083866674871e-7,0.6557978749488351,0.335,0.211,0.018335212737938252,OSBPL3,1.7367140466863793,Sig Up
7.373427509092231e-7,0.8392230914695632,0.212,0.107,0.018416609889459666,RNF150,1.7347903112620096,Sig Up
7.984553187035507e-7,-1.075986273757772,0.045,0.118,0.019943018495258587,OSMR,1.7002091079791288,Sig Down
7.997563191477826e-7,-0.5987051433092174,0.097,0.191,0.019975513583354164,WWTR1,1.6995020458788344,Sig Down
8.902553383687593e-7,0.42029125425312097,0.612,0.468,0.022235907586436503,FGD4,1.6529451395796946,Sig Up
9.131310343058794e-7,-0.9627024661037988,0.185,0.293,0.022807273843857948,CNOT6L,1.641926622891944,Sig Down
9.857514722696973e-7,1.2478325333907079,0.127,0.049,0.024621114522880228,C1QA,1.6086922917710158,Sig Up
1.0368902927955633e-6,1.0978405895199506,0.215,0.114,0.025898408843154787,NRG3,1.5867269174579448,Sig Up
1.0695847313201226e-6,1.385458547059993,0.122,0.045,0.026715017834182703,LMCD1-AS1,1.5732445315583894,Sig Up
1.1349535850120253e-6,-1.5524500083886175,0.041,0.109,0.028347735692845356,GGT5,1.5474816251441146,Sig Down
1.1586033746465273e-6,-0.9711549188463904,0.084,0.172,0.028938436488546312,LEF1,1.5385249370296925,Sig Down
1.195365369993631e-6,0.9830190347219668,0.167,0.076,0.02985664084633092,MAP7,1.5249590560874546,Sig Up
1.255450509136756e-6,0.7584458527784663,0.21,0.107,0.031357387366708754,CADM1,1.5036601290070113,Sig Up
1.2634982342425365e-6,1.0641415306930855,0.183,0.09,0.031558395396675834,ENTPD1-AS1,1.5008850868341446,Sig Up
1.4087622890168124e-6,1.0092836628372368,0.177,0.087,0.03518665569277293,ZNF618,1.4536220086179057,Sig Up
1.4466113343551616e-6,-0.7761378819540456,0.279,0.386,0.036132011298188875,DLC1,1.4421078626392085,Sig Down
1.5703062950366466e-6,-0.7021399492995707,0.113,0.21,0.039221540331130324,PPFIBP1,1.406475354467975,Sig Down
1.576106427747329e-6,-1.0773965360591724,0.08,0.165,0.039366410245845036,EPB41L4A,1.4048741859590834,Sig Down
1.5798618884068133e-6,-1.4965040350850223,0.078,0.159,0.03946021038673698,AFF3,1.4038406035857192,Sig Down
1.5823018015205188e-6,0.7295731798487888,0.329,0.21,0.039521152096578,CPQ,1.4031704036113974,Sig Up
1.6991898263238882e-6,-0.9029188520432595,0.107,0.199,0.042440664292091757,CEMIP2,1.372217827029604,Sig Down
1.8695126047359664e-6,-1.1574769462943624,0.085,0.168,0.046694816328490235,ARHGAP42,1.3307313285320692,Sig Down
1.91868677796629e-6,0.6534327495936294,0.573,0.459,0.04792303965326402,DPYD,1.319455643398943,Sig Up
2.033744789341837e-6,0.36594348418096656,0.528,0.388,0.05079684360339106,SH3RF3,1.2941632729172303,Not sig
2.0610573948412865e-6,-0.5927815134423634,0.104,0.196,0.051479030550950815,VWF,1.2883696402901235,Not sig
2.1112871650490266e-6,0.4101032409228762,0.462,0.317,0.05273361952142954,ATP8B4,1.277912418612865,Not sig
2.1527023096384015e-6,0.4455502616239091,0.715,0.641,0.053768045587838355,TCF12,1.269475749385691,Not sig
2.1537218829474794e-6,0.7751620760869853,0.2,0.102,0.053793511470379196,ANOS1,1.269270105421929,Not sig
2.1932954654204136e-6,-0.5060116494235676,0.152,0.255,0.05478194083980567,PLEKHG1,1.2613625854247659,Not sig
2.2222797223826893e-6,-1.0252428330193784,0.062,0.137,0.05550588062595243,GRM8,1.2556610026771884,Not sig
2.281590363005741e-6,-0.9667918860535938,0.078,0.159,0.05698728249679439,SVIL,1.2442220523573821,Not sig
2.4792126920374484e-6,1.0374108045806802,0.178,0.088,0.06192329540901935,SPOCK3,1.2081459396011633,Not sig
2.5372276152361087e-6,-1.5698570428508896,0.04,0.104,0.06337233414575229,TFPI,1.1981002965365657,Not sig
2.6158663325997146e-6,1.4878698611185313,0.104,0.036,0.06533649338934307,KIRREL3,1.1848441778269854,Not sig
2.8589232830443885e-6,0.8087560641082829,0.16,0.073,0.0714073268405997,TM6SF1,1.1462572245937175,Not sig
2.8589751808712863e-6,0.7908036754726486,0.285,0.179,0.07140862309262212,NCKAP5,1.1462493409490577,Not sig
3.0092748544846204e-06,-1.220717550270248,0.054,0.125,0.07516265804046236,TSPAN9,1.1239978699779287,Not sig
3.035747314323749e-6,-1.4539778203125873,0.039,0.102,0.07582386066986428,AC007952.4,1.120194106681769,Not sig
3.2048310818494734e-06,-0.6370002395642604,0.142,0.239,0.0800470659313543,ATP10A,1.0966545822103333,Not sig
3.2914768422209467e-6,-1.0687505201156355,0.069,0.146,0.08221121708815259,PDE10A,1.0850689222758634,Not sig
3.3226785522747344e-6,0.8501432778804544,0.216,0.118,0.08299054220016604,KCNK13,1.0809713980374018,Not sig
3.353759458870069e-6,-0.9421042969150051,0.151,0.244,0.08376685000419772,PDZD2,1.0769278156011304,Not sig
3.4946827274497744e-6,1.122114979061803,0.162,0.078,0.08728669048351302,VSIG4,1.0590519726773893,Not sig
3.631544003121673e-6,0.5666654737162837,0.324,0.203,0.09070507456597002,DSCAM,1.0423684153175292,Not sig
3.7089043589889877e-6,0.5137906312323333,0.513,0.38,0.09263730417446794,LHFPL2,1.0332140917771309,Not sig
3.853571836283164e-6,-1.0623631409381966,0.112,0.201,0.09625066375484458,ETS1,1.0165962668680604,Not sig
4.111974592698162e-6,1.05697053787195,0.168,0.083,0.10270478940182198,CARMIL1,0.9884093036054103,Not sig
4.295717460417903e-6,-1.8659310773504738,0.043,0.106,0.10729413500885795,TSHZ2,0.9694240171105146,Not sig
4.486581004956321e-6,-1.1645595543556981,0.085,0.165,0.11206133376079402,TRERF1,0.9505442128384138,Not sig
4.605667673228567e-6,1.2186929939621505,0.137,0.061,0.11503576147422993,CDH20,0.9391671283716998,Not sig
4.682518410393677e-6,0.33244294940844643,0.808,0.688,0.11695526233640288,FRMD4A,0.9319802325786786,Not sig
4.71192972463039e-6,1.0346427839509849,0.207,0.116,0.11768986873209326,ATF7IP2,0.9292609215501503,Not sig
4.76666288133357e-6,-0.7564978722966833,0.195,0.293,0.11905693878706858,DOCK9,0.9242452882967437,Not sig
4.906385125389646e-6,-1.200487914995346,0.074,0.151,0.12254678127685718,ITGA1,0.9116980911198371,Not sig
4.961567385025769e-6,1.386294996198591,0.127,0.054,0.12392506857578864,LINC02328,0.9068408320994032,Not sig
5.140212277280631e-6,0.8009618410795205,0.23,0.133,0.12838708204963833,MACROD2,0.8914786715692775,Not sig
5.55842706159361e-6,1.140968095217993,0.161,0.078,0.13883283271742358,AC008691.1,0.85750781499212,Not sig
5.612771286904962e-6,1.334014959748446,0.143,0.066,0.14019018843302522,PPARG,0.8532823805099078,Not sig
5.714923311434393e-6,0.8191384755906841,0.258,0.156,0.14274163954969682,RASGEF1C,0.8454493191855299,Not sig
5.8704993198242415e-6,0.6305090570334029,0.307,0.199,0.14662746151125008,FMNL3,0.8337846840884866,Not sig
6.559427006819893e-6,-0.8815541771907729,0.107,0.192,0.16383480834934047,ITIH5,0.7855938225509242,Not sig
6.67047321597488e-6,-1.1000720418913956,0.106,0.187,0.16660840951540457,COLEC12,0.7783030814768779,Not sig
6.671565542886898e-6,0.4651034899900357,0.51,0.393,0.16663569256468605,ATXN1,0.7782319691738846,Not sig
6.8940122403306e-6,-1.2197781452461829,0.093,0.173,0.1721917437267374,TMEM163,0.763987675994329,Not sig
7.145601751734274e-6,-1.6081247918825605,0.048,0.111,0.17847569495306698,JAG1,0.7484209182995009,Not sig
7.216953909774436e-6,1.2000756530183758,0.19,0.104,0.1802578578044361,CTNND2,0.744105794421436,Not sig
7.549424010840041e-6,-1.0604894724409661,0.153,0.241,0.1885619635187517,MKL2,0.7245459080987141,Not sig
7.62234109728441e-6,0.36258726843625677,0.443,0.315,0.1903832135868727,SRGAP2C,0.7203713467497558,Not sig
7.772137495583005e-6,-0.45859498294666645,0.452,0.549,0.19412467822717672,UTRN,0.7119192511308797,Not sig
7.911935340589799e-6,0.7254504338610401,0.242,0.144,0.1976164090019114,CHSY3,0.7041769967771909,Not sig
8.456688651626646e-6,0.4323689154124768,0.548,0.43,0.21122271245167876,KCNQ3,0.6752593846131731,Not sig
8.93276672906177e-6,-0.7369843180410505,0.111,0.199,0.22311371459177584,RBPMS,0.6514737332192286,Not sig
9.032448162378003e-6,0.5618525159576753,0.417,0.298,0.2256034577517154,MTHFD1L,0.6466542483456907,Not sig
9.136256769278676e-6,0.8156305090195488,0.232,0.135,0.22819628532627348,OSBPL1A,0.6416914294858678,Not sig
9.155725735157028e-6,0.4412612156030171,0.513,0.388,0.2286825616870171,MAP4K4,0.6407669514922909,Not sig
9.579806591646506e-6,0.42518469462706854,0.563,0.449,0.23927482923955476,DIAPH2,0.6211029850360522,Not sig
9.60447840948383e-6,0.7664200133932717,0.2,0.107,0.23989105723367762,SGK1,0.619985941554707,Not sig
1.0156874450414084e-5,0.7258012380013301,0.362,0.256,0.2536882531479926,MAGI2,0.5956996420061665,Not sig
1.1679148163762785e-5,-1.3788066187122514,0.092,0.166,0.2917100836863031,TNS1,0.5350485581472859,Not sig
1.2476826085084072e-5,-1.3453711936168664,0.072,0.14,0.31163368512714484,RHOJ,0.5063556046767548,Not sig
1.4183015203902385e-5,0.3514533193925846,0.573,0.456,0.3542491707478699,BMP2K,0.45069115770730717,Not sig
1.4923870207433123e-5,-1.247505105537634,0.063,0.13,0.3727535061710571,RPGR,0.4285782628217652,Not sig
1.5432104112641804e-5,1.1266061106784875,0.183,0.101,0.38544766442145434,GPM6A,0.4140345815454763,Not sig
1.6039584030001976e-5,0.5526170485273121,0.313,0.203,0.40062069031735936,CSF1R,0.3972666250408997,Not sig
1.7988129387792575e-5,1.7983369721441285,0.103,0.042,0.44928950771889514,SLAIN1,0.34747372339004357,Not sig
1.888652683901049e-5,0.6754264785673931,0.403,0.296,0.471728780857965,PRKN,0.3263076260089333,Not sig
1.9306820560625298e-5,0.7064996835398342,0.229,0.133,0.48222645714273804,LRRC37A3,0.3167489659289298,Not sig
2.049067320241264e-5,0.4547031288035961,0.489,0.366,0.5117955445766605,KCNMA1,0.2909034991721496,Not sig
2.1559946538704002e-5,0.766210531475666,0.264,0.166,0.5385027846972099,ADGRB3,0.2688120465433347,Not sig
2.3140358955203962e-5,-1.151901251290203,0.084,0.156,0.5779767456241294,ERG,0.23808963467684996,Not sig
2.4886950589223512e-5,0.6190209147752413,0.196,0.107,0.6216013648670357,TFEC,0.20648804061388065,Not sig
2.518342208168691e-5,1.8358498815500917,0.102,0.042,0.6290063333342939,TRPM3,0.20134498171166498,Not sig
2.6442263511672195e-5,-0.7925615711778531,0.196,0.288,0.6604484157310364,SYNE1,0.18016109725948293,Not sig
2.6997658903676686e-5,-1.0077269070923758,0.082,0.154,0.6743205264371326,ST8SIA6,0.17113362012063313,Not sig
2.757051378517923e-5,-1.1387315205088444,0.077,0.146,0.6886287228124216,PARP9,0.16201486676235566,Not sig
2.8379915813491076e-5,0.53790166935262,0.369,0.26,0.7088451572735666,GPHN,0.1494486233303265,Not sig
3.12789504341277e-5,0.6737044428105081,0.263,0.168,0.7812543449932077,LY86,0.10720755428617026,Not sig
3.182928396241814e-5,0.7154823396044303,0.27,0.175,0.7950000255293178,LRRK1,0.09963285739731377,Not sig
3.211807103729272e-5,-0.9834645623449001,0.062,0.127,0.8022130602984603,FOSL2,0.09571027183656858,Not sig
3.351491073939244e-5,-0.9426898172096767,0.078,0.147,0.837101925537805,DOCK6,0.07722165908723172,Not sig
3.540650772688229e-5,1.1973273595412113,0.109,0.047,0.884348343494339,RCBTB2,0.053376633337286775,Not sig
3.557790896121535e-5,-0.7602500885325592,0.099,0.177,0.8886294321242758,TMTC1,0.05127930667304256,Not sig
3.5920993286180034e-5,0.7324642125904246,0.265,0.172,0.8971986493089187,SCFD2,0.04711138889883906,Not sig
3.5943286061853734e-5,0.5227116890429069,0.398,0.295,0.8977554559669207,MIR99AHG,0.04684194683778236,Not sig
3.685142186535577e-5,-1.1737722589159576,0.059,0.121,0.9204379639309911,PDGFRB,0.036005476937642444,Not sig
3.918373346259001e-5,0.5401711150336916,0.293,0.192,0.9786921106951106,DOCK5,0.009353912544933483,Not sig
3.935550296203142e-5,-0.6048214380429762,0.224,0.321,0.9829823974826587,RBMS1,0.00745425912065798,Not sig
3.9694635204210076e-5,-0.8115807803896725,0.137,0.222,0.991452903495555,PECAM1,0.0037279110479795773,Not sig
4.166120750990848e-5,0.33985872956661645,0.609,0.508,1,TBC1D5,-0,Not sig
4.214753397664504e-5,0.9264630522448214,0.209,0.127,1,TBC1D16,-0,Not sig
4.723904674207123e-5,1.024071144937778,0.185,0.107,1,UNC5C,-0,Not sig
4.7780744548979395e-5,0.8185454229612404,0.21,0.127,1,LAT2,-0,Not sig
4.8044426155208096e-5,0.3878082383734758,0.5,0.393,1,RAD51B,-0,Not sig
4.9308100479614995e-5,-1.3004106470999721,0.099,0.168,1,MIR4435-2HG,-0,Not sig
4.9311514462463166e-5,-1.0683417871639704,0.046,0.104,1,DDIT4,-0,Not sig
4.968577025651907e-5,0.8892497894762569,0.114,0.05,1,DNAJC6,-0,Not sig
5.018912679240444e-5,-0.6708294790452665,0.215,0.307,1,STAT3,-0,Not sig
5.154503055422157e-5,-1.1178127383682464,0.08,0.147,1,LIMK2,-0,Not sig
5.400923433715576e-5,0.2846534556961897,0.803,0.719,1,FOXN3,-0,Not sig
5.489368927407246e-5,0.8193731584030792,0.126,0.059,1,TAL1,-0,Not sig
5.6127404627346555e-5,-1.158431447789026,0.062,0.123,1,ADGRE2,-0,Not sig
5.710537502935111e-5,-0.9896433907290572,0.182,0.265,1,FYN,-0,Not sig
5.816265724699585e-5,0.8501768619611286,0.207,0.125,1,MITF,-0,Not sig
6.003366972417911e-5,0.42980477496134784,0.519,0.423,1,EXOC4,-0,Not sig
6.0441870374940767e-5,-0.9797932065584638,0.063,0.125,1,COL4A2,-0,Not sig
6.465293579013187e-5,0.47400769790899333,0.29,0.192,1,CTTNBP2,-0,Not sig
6.577817547506505e-5,0.5341208065001741,0.335,0.234,1,FOXP2,-0,Not sig
6.715268846321016e-5,0.8367120741956862,0.128,0.061,1,LAMP2,-0,Not sig
6.763678004893612e-5,0.46298556408626246,0.183,0.102,1,CACNA1D,-0,Not sig
7.062496212928495e-5,1.3656850079413236,0.111,0.05,1,NLGN1,-0,Not sig
7.094859162087897e-5,-0.9745394373363506,0.075,0.14,1,LDB2,-0,Not sig
7.216360403673282e-5,0.42787725241927355,0.244,0.154,1,TRPM2,-0,Not sig
7.30640562607764e-5,-1.4060050971479627,0.085,0.151,1,PDE3A,-0,Not sig
7.335385704536782e-5,0.6300045537286973,0.225,0.137,1,GAREM1,-0,Not sig
7.392625256450238e-5,-1.097044613059254,0.053,0.111,1,NFKBIA,-0,Not sig
7.633005885333556e-5,-0.5669534574240049,0.187,0.274,1,HIF1A,-0,Not sig
7.675028943437188e-5,0.5620952005388173,0.285,0.191,1,SPECC1,-0,Not sig
7.927909398888434e-5,-0.4635804767166385,0.298,0.392,1,TACC1,-0,Not sig
8.230234110799329e-5,-1.28239082814192,0.085,0.151,1,GRB10,-0,Not sig
8.302879041267938e-5,0.9624667073627768,0.16,0.088,1,EDIL3,-0,Not sig
8.455729436669306e-5,-1.2040878675278552,0.094,0.159,1,NTRK3,-0,Not sig
8.61807309563991e-5,0.8970150243008215,0.147,0.078,1,ARL5A,-0,Not sig
8.866817219063432e-5,-0.4937668529115822,0.376,0.456,1,RAPGEF1,-0,Not sig
9.213833152819066e-5,-1.2826066432474996,0.068,0.128,1,HLA-B,-0,Not sig
9.498924094803637e-5,0.8497817954441023,0.196,0.116,1,LPAR1,-0,Not sig
9.56221238268837e-5,-1.112411796860397,0.084,0.149,1,GRAMD2B,-0,Not sig
9.605023026509276e-5,1.1384466755775802,0.147,0.08,1,GCNT2,-0,Not sig
9.64470079975129e-5,1.7506306990577394,0.103,0.047,1,TPRG1,-0,Not sig
9.65056395815231e-5,-1.6387198861726602,0.055,0.113,1,RRBP1,-0,Not sig
9.71474332505368e-5,-0.9582352865508972,0.102,0.172,1,FRMD3,-0,Not sig
9.827679003952714e-5,-1.2697042845346422,0.059,0.116,1,PGGHG,-0,Not sig
1.0173070560134203e-4,-1.081604110157224,0.07,0.132,1,DENND2A,-0,Not sig
1.0854829011623666e-4,1.1265636805548063,0.121,0.059,1,IQCJ-SCHIP1,-0,Not sig
1.0880115212258825e-4,0.5996740070548768,0.229,0.144,1,GRAMD1B,-0,Not sig
1.0991202306567407e-4,0.5083955232077477,0.259,0.17,1,SAMSN1,-0,Not sig
1.1365004323751399e-4,-0.8281304352680718,0.168,0.248,1,NXN,-0,Not sig
1.1562666565088459e-4,0.7732911388205627,0.152,0.081,1,ANXA4,-0,Not sig
1.1733625716299453e-4,-1.107254962277947,0.158,0.231,1,SGIP1,-0,Not sig
1.1796213642550393e-4,-0.5908653933609256,0.273,0.362,1,PTPRM,-0,Not sig
1.1993466483554559e-4,0.7371892757558312,0.222,0.14,1,LAPTM5,-0,Not sig
1.2196363326082146e-4,0.6719087141661451,0.183,0.106,1,FCGBP,-0,Not sig
1.2638628187711413e-4,0.992828132916405,0.104,0.047,1,ZNF100,-0,Not sig
1.2781612954785397e-4,-0.34739312937722655,0.384,0.49,1,PTPRG,-0,Not sig
1.286392238848378e-4,-1.1376584894628237,0.064,0.123,1,RPS11,-0,Not sig
1.3234653286481858e-4,1.3009822016691641,0.101,0.045,1,ZNF536,-0,Not sig
1.326668144432362e-4,-1.2529380893566997,0.054,0.109,1,NECTIN2,-0,Not sig
1.333584968476052e-4,-0.9421387967477548,0.088,0.154,1,DGKH,-0,Not sig
1.356379957667754e-4,0.4660730390379244,0.327,0.229,1,CLASP2,-0,Not sig
1.3613801578012702e-4,0.6089458614944825,0.258,0.17,1,ITM2B,-0,Not sig
1.3685513487911001e-4,0.5332933528851151,0.285,0.192,1,GNAS,-0,Not sig
1.3725434954023103e-4,-0.9032446362348105,0.094,0.161,1,BCL6,-0,Not sig
1.413015011278876e-4,0.8040652511841373,0.253,0.17,1,ALCAM,-0,Not sig
1.505299089937593e-4,0.5142595026803503,0.265,0.18,1,PSAP,-0,Not sig
1.5108084851090447e-4,-0.5881974294112313,0.251,0.336,1,TJP1,-0,Not sig
1.5293459049066236e-4,-0.9583732248324885,0.085,0.151,1,PXN,-0,Not sig
1.5375313171914982e-4,-1.3529120508033743,0.068,0.128,1,TFRC,-0,Not sig
1.5491973449824245e-4,0.15998198748144965,0.873,0.769,1,LRMDA,-0,Not sig
1.5566362277427782e-4,-1.130585806416935,0.074,0.135,1,RPL28,-0,Not sig
1.587897900303616e-4,0.16419863957035918,0.683,0.575,1,MEF2C,-0,Not sig
1.5886084622688526e-4,0.9301976522363702,0.102,0.045,1,CD84,-0,Not sig
1.631556982930509e-4,0.5738923053008305,0.337,0.246,1,NHSL1,-0,Not sig
1.699058936109723e-4,0.5111943130388579,0.325,0.232,1,SEPT7,-0,Not sig
1.7109678363533135e-4,0.6853447331914575,0.261,0.177,1,FAM135A,-0,Not sig
1.8527752099656416e-4,0.6123222144543125,0.215,0.137,1,ZNRF2,-0,Not sig
1.8664628230114047e-4,-0.9261138657022159,0.057,0.113,1,COL18A1,-0,Not sig
1.8816361544744375e-4,-0.6233645899919977,0.155,0.232,1,RBFOX2,-0,Not sig
1.885264274033074e-4,-0.782292673543487,0.107,0.175,1,PLCB4,-0,Not sig
1.901829425217974e-4,-0.7603789064859414,0.09,0.158,1,MYRIP,-0,Not sig
1.9184978361994748e-4,-0.7704047720670201,0.078,0.142,1,DACH1,-0,Not sig
1.9248173234210944e-4,-0.8906454521904466,0.114,0.184,1,CCAR1,-0,Not sig
1.927984721216921e-4,0.5730618996695123,0.315,0.225,1,CDK6,-0,Not sig
1.928974608244569e-4,0.7738777988124279,0.204,0.127,1,PDGFC,-0,Not sig
1.9639181151915903e-4,-0.5271713542971412,0.221,0.315,1,LINGO1,-0,Not sig
2.0126030169317593e-4,0.8500972084505136,0.137,0.073,1,IL18,-0,Not sig
2.0158080533958764e-4,-0.7662916322056891,0.162,0.239,1,SETBP1,-0,Not sig
2.0323938157566624e-4,-0.9617611511239461,0.09,0.154,1,RBM17,-0,Not sig
2.072306162387506e-4,-0.6041763380116985,0.176,0.255,1,PLCB1,-0,Not sig
2.1667162366146035e-4,-0.4898482560786872,0.183,0.265,1,SASH1,-0,Not sig
2.1761087741120464e-4,-0.555865995050834,0.192,0.276,1,SRRM2,-0,Not sig
2.2007987015399858e-4,0.42900520644462237,0.285,0.192,1,FAM149A,-0,Not sig
2.3194138984938739e-4,-0.6374560355485541,0.196,0.277,1,PRKG1,-0,Not sig
2.364886477305715e-4,-0.8461875704474745,0.157,0.232,1,BNIP3L,-0,Not sig
2.478444569061981e-4,0.6070146313139302,0.263,0.179,1,TMTC2,-0,Not sig
2.541837008795885e-4,0.5840925468236173,0.216,0.137,1,MYO5A,-0,Not sig
2.599584014656452e-4,-0.7181536931180281,0.207,0.282,1,ARHGEF12,-0,Not sig
2.6006306452730645e-4,-0.9144284703029708,0.09,0.154,1,IGFBP7,-0,Not sig
2.626469652637916e-4,-1.2459051620180681,0.068,0.123,1,IFITM3,-0,Not sig
2.667871628805356e-4,0.3395430780283739,0.638,0.539,1,APBB1IP,-0,Not sig
2.68460346481988e-4,0.5112523683869745,0.327,0.234,1,PLCL1,-0,Not sig
2.7412965175905804e-4,0.39072444717875277,0.455,0.359,1,ATG7,-0,Not sig
2.8752038365511303e-4,-1.2324214582033535,0.053,0.104,1,ZNRF1,-0,Not sig
2.987639173570526e-4,0.7584067735695805,0.247,0.172,1,ANK2,-0,Not sig
3.061238453687294e-4,-0.7088038550679827,0.173,0.246,1,ASXL1,-0,Not sig
3.1799770214177033e-4,0.3283769505588947,0.705,0.612,1,PICALM,-0,Not sig
3.3202339444918526e-4,0.7094675066125727,0.168,0.099,1,ZNF518A,-0,Not sig
3.38001371863868e-4,-1.0636997858857604,0.053,0.104,1,PODXL,-0,Not sig
3.4491325808189876e-4,0.4152599482336443,0.426,0.329,1,MARCH1,-0,Not sig
3.467452733914413e-4,-0.9670855130812716,0.053,0.104,1,BHLHE40,-0,Not sig
3.469856423041756e-4,-0.9229804942984254,0.059,0.113,1,PTTG1IP,-0,Not sig
3.49991827786997e-4,0.32624971638561506,0.546,0.463,1,PTPRJ,-0,Not sig
3.586963561461645e-4,-0.8610821526767437,0.095,0.159,1,RAPGEF4,-0,Not sig
3.6024887259212537e-4,-0.8602669054011282,0.098,0.159,1,MIA2,-0,Not sig
3.619346698548507e-4,0.9584218471820463,0.121,0.062,1,P3H2,-0,Not sig
3.6584788683874684e-4,0.6300062774407289,0.172,0.102,1,AC009690.1,-0,Not sig
3.776726534189141e-4,0.8133399789977119,0.187,0.118,1,SIL1,-0,Not sig
3.802115825073607e-4,0.6857708224233395,0.166,0.097,1,LINC01094,-0,Not sig
3.8344591984983985e-4,0.6216902662464121,0.291,0.206,1,TIAM1,-0,Not sig
3.888922730223776e-4,0.847933531641824,0.191,0.121,1,DPP10,-0,Not sig
3.945983042291809e-4,0.720101766083476,0.149,0.085,1,SNX2,-0,Not sig
4.006501183777741e-4,-0.6985755515033618,0.119,0.187,1,STK39,-0,Not sig
4.150682388636166e-4,-0.8540986748078765,0.103,0.166,1,CTDSPL2,-0,Not sig
4.334759811643635e-4,0.5351793662791995,0.274,0.191,1,SGK3,-0,Not sig
4.3973980076231255e-4,0.5499827536228966,0.148,0.083,1,ATP8A1,-0,Not sig
4.542494099469549e-4,-0.905038701545048,0.08,0.139,1,GCC2,-0,Not sig
4.5655847504509666e-4,0.7626489370443071,0.185,0.114,1,OGFRL1,-0,Not sig
4.5743077120050617e-4,0.4621626955945084,0.247,0.166,1,TPK1,-0,Not sig
4.622900983222e-4,-0.4815273033681422,0.239,0.324,1,RAP1B,-0,Not sig
4.631640205808931e-4,0.6095159993704281,0.231,0.156,1,FNIP2,-0,Not sig
4.6367288867235347e-4,0.612695715139471,0.284,0.203,1,GMDS,-0,Not sig
4.6588989899096277e-4,0.8688267967608283,0.138,0.078,1,FOXN2,-0,Not sig
4.6881302870689255e-4,-0.642180451222138,0.144,0.217,1,IL4R,-0,Not sig
4.68887341942633e-4,0.513446902823488,0.283,0.198,1,MEF2C-AS1,-0,Not sig
4.7795952377073156e-4,-0.7665505844845583,0.07,0.127,1,ADGRL2,-0,Not sig
4.808427276087039e-4,0.19266953632321293,0.693,0.626,1,ITPR2,-0,Not sig
4.833994820416821e-4,0.5234400208555795,0.241,0.161,1,BLNK,-0,Not sig
4.974164453601261e-4,0.5956046932791303,0.212,0.137,1,SPIN1,-0,Not sig
4.975462996452877e-4,1.0169209420904552,0.21,0.139,1,CTNNA2,-0,Not sig
5.011334437212677e-4,-0.7872915042954967,0.064,0.118,1,CARMN,-0,Not sig
5.475266073690327e-4,-0.8572954960326217,0.058,0.109,1,DNAJC15,-0,Not sig
5.490138151220049e-4,0.6610346391438647,0.118,0.061,1,THRB,-0,Not sig
5.509994500779931e-4,-1.2310462841957228,0.079,0.133,1,THSD7A,-0,Not sig
5.88995016053954e-4,-0.7969702676025001,0.175,0.241,1,PFKFB3,-0,Not sig
6.02097515872134e-4,1.0230949820192772,0.106,0.054,1,TLR5,-0,Not sig
6.24658675117834e-4,-0.3682852358572235,0.144,0.217,1,ABCB1,-0,Not sig
6.443980159146743e-4,0.8419526398838586,0.128,0.071,1,SLC27A1,-0,Not sig
6.452558995474948e-4,-0.416080062237858,0.351,0.43,1,PTK2,-0,Not sig
6.538416149546051e-4,0.513853178184015,0.229,0.151,1,PHF14,-0,Not sig
6.647222756624343e-4,-0.7563072689225838,0.163,0.236,1,CBLB,-0,Not sig
6.692819505432349e-4,-1.1631690813562683,0.055,0.104,1,CERK,-0,Not sig
6.734400308678404e-4,-0.8450557239466069,0.114,0.177,1,RASGRF2,-0,Not sig
6.970287667875601e-4,0.6749749117300023,0.226,0.153,1,BICD1,-0,Not sig
7.02303563334761e-4,-0.5602343172993782,0.246,0.326,1,PARD3,-0,Not sig
7.079813979475138e-4,-1.0060504789713844,0.062,0.113,1,NOTCH3,-0,Not sig
7.175696453436126e-4,-0.7755696420086815,0.202,0.272,1,CHSY1,-0,Not sig
7.328611936927963e-4,0.8806976369634425,0.119,0.064,1,LINC01141,-0,Not sig
7.377905588855314e-4,-0.30211473239554554,0.263,0.35,1,SEC14L1,-0,Not sig
7.383153775066395e-4,0.3409082577616913,0.657,0.567,1,FOXP1,-0,Not sig
7.417728431550647e-4,-0.8131681469602987,0.152,0.218,1,SLC11A1,-0,Not sig
7.431646263514428e-4,0.382408777565578,0.349,0.255,1,MT-ND4,-0,Not sig
7.448755252518372e-4,-0.6293762545176806,0.217,0.291,1,PCNX1,-0,Not sig
7.718768314570372e-4,-0.3102122109988774,0.492,0.579,1,AKT3,-0,Not sig
7.830948740374069e-4,0.8945310662599115,0.129,0.073,1,PRUNE2,-0,Not sig
7.937109354483775e-4,-1.0983816764874241,0.082,0.135,1,KIF5B,-0,Not sig
7.981110870603336e-4,0.6305305778421656,0.173,0.107,1,CMTM7,-0,Not sig
7.99269725162002e-4,0.904353383979069,0.109,0.057,1,MAST3,-0,Not sig
8.090879618507804e-4,0.7883913845298745,0.103,0.052,1,B3GNT5,-0,Not sig
8.183461603625206e-4,-0.5553276479744973,0.31,0.383,1,KMT2E,-0,Not sig
8.198206061123256e-4,-0.804774670338338,0.09,0.147,1,TMSB10,-0,Not sig
8.34252597808848e-4,0.38815882526120826,0.265,0.185,1,TLR2,-0,Not sig
8.344814018220314e-4,-0.8829667879668659,0.083,0.139,1,SEPT9,-0,Not sig
8.377489718826858e-4,-0.7154508616841481,0.151,0.218,1,XRN2,-0,Not sig
8.505046491400215e-4,0.6857754992584196,0.112,0.059,1,SCD5,-0,Not sig
8.572814132926309e-4,0.42620407080642475,0.366,0.284,1,DST,-0,Not sig
8.644824359774633e-4,-0.6888148363772763,0.097,0.156,1,B4GALT5,-0,Not sig
8.670857653133939e-4,0.38703489037785355,0.269,0.184,1,DPYSL2,-0,Not sig
8.978363450935603e-4,0.3935012201816467,0.21,0.137,1,MARCH3,-0,Not sig
9.104050058056581e-4,0.41279088351267923,0.317,0.227,1,C6orf62,-0,Not sig
9.320710052451401e-4,1.1127535585885944,0.109,0.059,1,C1QTNF3-AMACR,-0,Not sig
9.328572135797433e-4,0.4327788605053746,0.317,0.237,1,SENP6,-0,Not sig
9.465723598996932e-4,0.6086876301987179,0.165,0.101,1,ASPH,-0,Not sig
9.536487921896954e-4,0.5547566571367876,0.24,0.166,1,IL13RA1,-0,Not sig
9.641061844008324e-4,0.5975541685750196,0.216,0.146,1,IFNGR1,-0,Not sig
9.686914355492828e-4,-0.973702206768172,0.074,0.127,1,SLC19A1,-0,Not sig
9.68892100272302e-4,-1.1575258819432932,0.062,0.109,1,CPT1A,-0,Not sig
9.724710282334461e-4,-0.8024144375481859,0.068,0.12,1,HLA-A,-0,Not sig
9.74562771992551e-4,0.1692362478813667,0.758,0.679,1,CHST11,-0,Not sig
9.78440798734065e-4,0.5521504265525523,0.183,0.118,1,ST3GAL6,-0,Not sig
9.95250704329759e-4,0.37996842370393047,0.46,0.367,1,NCK2,-0,Not sig
0.0010425745899704769,-1.0782059450685535,0.055,0.102,1,BCR,-0,Not sig
0.0010719885807558044,-0.8194966190641649,0.08,0.133,1,DNAJC7,-0,Not sig
0.0011286544225729807,-0.7926150814895716,0.079,0.132,1,ZFPM2,-0,Not sig
0.001136999656847466,0.5041004837805108,0.314,0.231,1,SLC4A7,-0,Not sig
0.0011434962822388772,0.4063927734234818,0.188,0.12,1,PGM5,-0,Not sig
0.0011519618162288317,-1.1835793599381814,0.055,0.101,1,PLSCR4,-0,Not sig
0.0011759612165800522,1.0062193406425024,0.111,0.061,1,SLC38A10,-0,Not sig
0.0011985927063063373,-0.6854720956509917,0.087,0.142,1,CRTC3,-0,Not sig
0.001200060370636487,-0.7756032951000854,0.104,0.163,1,ARHGAP10,-0,Not sig
0.0012102851342437348,0.5999749665141051,0.212,0.142,1,CPVL,-0,Not sig
0.001281279380024498,0.987151498314839,0.128,0.075,1,IQCB1,-0,Not sig
0.001284718186081602,-0.900246438961738,0.148,0.21,1,DNAJC1,-0,Not sig
0.001293308051578127,-0.7040228316423894,0.06,0.109,1,CASC15,-0,Not sig
0.0012939615177812909,0.7557227464921124,0.21,0.146,1,LRRK2,-0,Not sig
0.0013188235284036193,0.7085768183936546,0.192,0.125,1,AIG1,-0,Not sig
0.0013299814542588604,0.20521887157572039,0.795,0.698,1,SSH2,-0,Not sig
0.0013513686564347433,0.983896141210411,0.132,0.078,1,OTUD7A,-0,Not sig
0.001374361186591518,0.637470250858327,0.126,0.071,1,ZNF280D,-0,Not sig
0.0013908877402810755,-0.45580769455922976,0.383,0.461,1,PRKCA,-0,Not sig
0.0014149617679583921,0.5169390904921584,0.139,0.081,1,GARNL3,-0,Not sig
0.001438861892054473,0.7751932717951132,0.116,0.064,1,SERTAD2,-0,Not sig
0.0014735983716572274,-0.8902994343411703,0.106,0.163,1,IQGAP2,-0,Not sig
0.001540344795651765,-0.5812236605335663,0.124,0.187,1,PARVB,-0,Not sig
0.001546879490830937,0.4185664001121978,0.27,0.192,1,DNM3,-0,Not sig
0.0015710409273539904,-0.8947409856723,0.122,0.18,1,PDZRN3,-0,Not sig
0.0015752799520060512,0.6549125977755675,0.172,0.111,1,SEL1L,-0,Not sig
0.0015801143145286307,-1.0290690861868572,0.06,0.106,1,NHS,-0,Not sig
0.0015923645021711542,0.44738736141935154,0.245,0.17,1,MUC20-OT1,-0,Not sig
0.0015935573679088074,-0.9058300721522314,0.063,0.111,1,CCDC85A,-0,Not sig
0.001601554102038642,-0.771408225435392,0.122,0.18,1,ZMIZ1,-0,Not sig
0.0016100608589194568,0.5963410360747278,0.221,0.154,1,AC006978.2,-0,Not sig
0.0016251683164245586,0.7701083820977486,0.202,0.14,1,PLA2G4A,-0,Not sig
0.0016359357760160052,-0.8525070691522902,0.075,0.125,1,IQSEC1,-0,Not sig
0.0016369643336107014,0.5569049558060373,0.155,0.095,1,P2RX7,-0,Not sig
0.0016567258813540533,0.5822960493509391,0.131,0.076,1,CNTNAP2,-0,Not sig
0.0016599081261700545,-0.7087816984909472,0.165,0.232,1,LAMA2,-0,Not sig
0.0016730174439674589,0.6275185608411262,0.183,0.121,1,NUAK1,-0,Not sig
0.0016741611109253546,-0.7764188842176636,0.082,0.133,1,RTN1,-0,Not sig
0.0017371964703443267,0.2107112854002966,0.376,0.286,1,ADAM28,-0,Not sig
0.0017424355404505674,0.902865992142905,0.118,0.068,1,MTMR10,-0,Not sig
0.0017514304628631584,-0.6890411971895897,0.132,0.194,1,TBC1D8,-0,Not sig
0.0017653362016485528,-1.0232399531152339,0.077,0.127,1,ANKRD28,-0,Not sig
0.001809024319822342,-0.552312539879289,0.23,0.298,1,ZEB1,-0,Not sig
0.0018815818660533478,0.5680420434510585,0.143,0.087,1,ZMAT3,-0,Not sig
0.0019067865067746053,0.4993236602610287,0.171,0.109,1,VASH1,-0,Not sig
0.002014358488811233,0.31069905788662533,0.466,0.388,1,SNX29,-0,Not sig
0.002038136158862209,0.1789960243091291,0.519,0.435,1,DOCK2,-0,Not sig
0.002040665985770676,-0.8034587914318441,0.17,0.232,1,PLPP1,-0,Not sig
0.0020470220489291185,-0.802923252012072,0.063,0.109,1,CDYL2,-0,Not sig
0.0020627289808801018,0.580166328444866,0.119,0.068,1,NEO1,-0,Not sig
0.002064370613046878,0.40546776369962334,0.333,0.255,1,CCDC91,-0,Not sig
0.0020941538430207813,-0.2426756231477576,0.353,0.447,1,RORA,-0,Not sig
0.0021304051151531077,-0.7331774359353207,0.119,0.175,1,C2CD2,-0,Not sig
0.002155541050316179,-0.8009907578460109,0.094,0.147,1,RNF24,-0,Not sig
0.0021722477282341422,0.40571811719463247,0.309,0.234,1,CCDC88A,-0,Not sig
0.0022291302529123353,-0.6708564414180045,0.133,0.192,1,GBE1,-0,Not sig
0.0022634941232097983,0.7427686425233956,0.144,0.09,1,MLXIPL,-0,Not sig
0.0022670418058013666,-0.7646075518226207,0.281,0.352,1,ACTB,-0,Not sig
0.0022686914731312466,0.6491938744638561,0.195,0.135,1,TMEM156,-0,Not sig
0.002299543692735644,0.3838775149003222,0.296,0.22,1,SUCLG2,-0,Not sig
0.002317858604913858,0.7804531935978287,0.117,0.068,1,KCTD12,-0,Not sig
0.002341087836163669,-0.8564123419063665,0.116,0.17,1,NPTN,-0,Not sig
0.002377840780248807,0.8531969265666237,0.118,0.069,1,ABCC5,-0,Not sig
0.0023878374496563016,0.5466983436344779,0.231,0.165,1,KCNIP1,-0,Not sig
0.0024645732199490697,0.7397339767450408,0.134,0.081,1,ITGAX,-0,Not sig
0.0024919795710924555,0.32720664502551444,0.293,0.217,1,WDFY2,-0,Not sig
0.002585458324001944,0.6365492288392609,0.113,0.064,1,DPH6-DT,-0,Not sig
0.0026152010551489403,-0.659621274191484,0.123,0.18,1,ST3GAL1,-0,Not sig
0.0026266125724561016,-0.7000663300647693,0.142,0.201,1,CADPS2,-0,Not sig
0.002650654156727823,-0.4061092474900514,0.469,0.532,1,ARL15,-0,Not sig
0.0026921341054347114,0.4378192664931482,0.279,0.205,1,AC244021.1,-0,Not sig
0.0027024329359931075,-0.9102865603248353,0.094,0.146,1,PGK1,-0,Not sig
0.002733518620552246,0.520827453780973,0.27,0.205,1,VPS8,-0,Not sig
0.00273783125609792,-0.546266064575458,0.069,0.116,1,CCSER1,-0,Not sig
0.002746419043643315,0.7042259776673576,0.237,0.177,1,MIR646HG,-0,Not sig
0.00277107800076767,0.3273482486054342,0.333,0.251,1,PIK3R1,-0,Not sig
0.002851073202151208,0.5879084299491766,0.167,0.109,1,SPRED2,-0,Not sig
0.0028716757992958454,0.40330393087053595,0.278,0.205,1,CPM,-0,Not sig
0.0029428300005234055,-1.0110578518190536,0.074,0.12,1,WDR60,-0,Not sig
0.002974548067940558,-0.5851621231036166,0.073,0.12,1,CMTM8,-0,Not sig
0.0030175637238057163,-0.4069575236976153,0.253,0.317,1,PNISR,-0,Not sig
0.0030320119169116888,-0.4661041405587576,0.196,0.26,1,DOCK1,-0,Not sig
0.003132046149972014,0.2664243128209254,0.389,0.305,1,ADK,-0,Not sig
0.003166081045592122,0.6381402168269746,0.142,0.088,1,HECTD2,-0,Not sig
0.0032211360742066884,0.46394428285772504,0.144,0.09,1,CHPT1,-0,Not sig
0.0032387145592640263,0.36590507948124484,0.361,0.286,1,CEP170,-0,Not sig
0.003267257648805176,-0.41859376158192774,0.221,0.288,1,NEK7,-0,Not sig
0.003273974497607634,0.35655357997446435,0.575,0.522,1,WWOX,-0,Not sig
0.0034373043606496807,-0.3851969233175152,0.225,0.295,1,INSR,-0,Not sig
0.0034441691436439222,0.4467776004650985,0.153,0.097,1,DOCK3,-0,Not sig
0.003520514170763317,0.5348207791748615,0.142,0.088,1,SCIN,-0,Not sig
0.0035641065203959495,-0.3295344097009698,0.347,0.416,1,ASAP1,-0,Not sig
0.0035802720779422783,0.3566445951641834,0.133,0.081,1,ABHD2,-0,Not sig
0.0036049065220181238,0.8281886052836744,0.103,0.059,1,XRRA1,-0,Not sig
0.0036290230141732146,-1.2163948107139608,0.06,0.102,1,CLTA,-0,Not sig
0.0036840023563913665,0.5320798351983786,0.163,0.107,1,ATG4C,-0,Not sig
0.0037751728708196697,0.3395784544589868,0.274,0.199,1,GSN,-0,Not sig
0.00379218534246414,0.5153622497808124,0.176,0.118,1,ELP4,-0,Not sig
0.003805491919252586,0.5311799654928815,0.26,0.198,1,SMURF2,-0,Not sig
0.0038408165563371148,0.7558361221414254,0.283,0.225,1,MYO1E,-0,Not sig
0.0038466806344879694,0.4895646130331602,0.151,0.097,1,PILRA,-0,Not sig
0.003890902971432412,-0.8759724203847099,0.088,0.135,1,MAP3K20,-0,Not sig
0.0039162945397179325,0.6970832855529443,0.123,0.075,1,LIPA,-0,Not sig
0.0039419568505046,0.6791069823455478,0.106,0.061,1,AKAP11,-0,Not sig
0.003962990795894799,0.6262448818544131,0.152,0.099,1,ADCY7,-0,Not sig
0.003993868915695398,0.3792579496899966,0.261,0.192,1,SAMD4A,-0,Not sig
0.004003745750836742,-0.7936345232292557,0.106,0.156,1,PRICKLE2,-0,Not sig
0.004102349823949701,0.16276996833582968,0.485,0.402,1,PIP4K2A,-0,Not sig
0.004153278464145077,-0.5027932143002276,0.108,0.163,1,RASSF1,-0,Not sig
0.00416393565571767,0.7529855434647369,0.156,0.104,1,PDE4DIP,-0,Not sig
0.0041654666083100565,-0.692543188153708,0.112,0.165,1,MCTP1,-0,Not sig
0.004238472280244449,0.6498808344137604,0.157,0.104,1,WDR20,-0,Not sig
0.0042732974047513805,0.3011357700348356,0.32,0.241,1,SYK,-0,Not sig
0.004275065289211271,-0.524698725583425,0.124,0.18,1,SPARCL1,-0,Not sig
0.004285236038304154,-0.5019542350342421,0.222,0.282,1,ARHGEF7,-0,Not sig
0.004293902501241136,0.7268287372596886,0.129,0.081,1,DNAJB2,-0,Not sig
0.004313688317449964,-0.4161592899105562,0.211,0.279,1,ADIPOR2,-0,Not sig
0.004428890299824171,0.48584483778273335,0.249,0.184,1,AHCYL2,-0,Not sig
0.004540934156312176,0.26981944614167497,0.261,0.189,1,LPAR6,-0,Not sig
0.004578310258097784,0.4041753498216608,0.178,0.12,1,SEMA4D,-0,Not sig
0.004610437381123544,-0.7335053141440758,0.092,0.139,1,FTH1,-0,Not sig
0.004652863934860758,0.6247152695332301,0.121,0.073,1,FAM69A,-0,Not sig
0.0046730210882414795,0.5957048228102505,0.172,0.118,1,PLD1,-0,Not sig
0.004716464436754442,0.4940035253148556,0.244,0.18,1,TMEM117,-0,Not sig
0.004725721277506005,0.4803049342752066,0.161,0.107,1,RTN3,-0,Not sig
0.004782701448187375,0.4900475033267975,0.329,0.263,1,CCNH,-0,Not sig
0.004786730113044921,-0.8423632611660581,0.097,0.144,1,EGFR,-0,Not sig
0.00480816698259505,0.5473827441310298,0.103,0.059,1,ENOX1,-0,Not sig
0.00485423365105439,0.49321055876380515,0.273,0.208,1,TTC7A,-0,Not sig
0.0048615767003439645,-0.5473456652764612,0.197,0.258,1,RPL13,-0,Not sig
0.004923015242883286,-0.4021419397145922,0.334,0.4,1,WAC,-0,Not sig
0.005020251024840952,-0.7668084924088172,0.079,0.125,1,SLC6A12,-0,Not sig
0.005025851589516129,0.49472214972419365,0.18,0.123,1,BIN1,-0,Not sig
0.005107247688428218,0.5695032444345423,0.21,0.149,1,GAS7,-0,Not sig
0.005113416895108495,-0.4212133365588726,0.302,0.367,1,UBR5,-0,Not sig
0.005155122335362268,1.0532054762583143,0.108,0.066,1,AL034397.3,-0,Not sig
0.005159651805550838,-0.7323044655121977,0.075,0.12,1,AHNAK,-0,Not sig
0.005227011913956124,1.0928773287341347,0.106,0.064,1,PRKD1,-0,Not sig
0.005251803413925224,0.24744426112797924,0.271,0.201,1,LCORL,-0,Not sig
0.005280397323564873,-0.6505094517672729,0.116,0.168,1,KALRN,-0,Not sig
0.005387405986390013,0.5129167287030915,0.2,0.142,1,KLF7,-0,Not sig
0.005391087909106037,-0.2824093150452289,0.54,0.586,1,TCF4,-0,Not sig
0.005467278601020628,0.6754707989471096,0.16,0.107,1,TMEM161B-AS1,-0,Not sig
0.005489566015122314,0.6357131185774844,0.112,0.068,1,CTSZ,-0,Not sig
0.005584275152482648,0.5833500836845502,0.18,0.125,1,ARHGEF6,-0,Not sig
0.005585546182416582,-0.6494503481146425,0.114,0.165,1,AKAP8L,-0,Not sig
0.0056249034891499615,1.2324372483543973,0.122,0.078,1,SLC1A2,-0,Not sig
0.0056285433932610155,-0.678512073403881,0.153,0.208,1,PARP14,-0,Not sig
0.005648804800868191,0.4697591726915008,0.161,0.107,1,ADAP2,-0,Not sig
0.0056592609701788385,-0.5489977473586867,0.22,0.279,1,ITCH,-0,Not sig
0.005660321358205537,0.7971053805847531,0.119,0.075,1,PMS1,-0,Not sig
0.005744569198608579,0.4604569771608502,0.131,0.081,1,CMKLR1,-0,Not sig
0.005755940877589017,-0.4993400686588727,0.187,0.246,1,UBE2H,-0,Not sig
0.005759817461112088,0.4715974679255549,0.141,0.09,1,MICU3,-0,Not sig
0.005761854318336849,0.5434767302768264,0.187,0.13,1,ARHGAP32,-0,Not sig
0.005812697191527515,0.3333827694042557,0.431,0.357,1,OXR1,-0,Not sig
0.005904216112029741,0.47633753777894383,0.322,0.26,1,C20orf194,-0,Not sig
0.005971425929215163,0.5067245682610337,0.142,0.092,1,TLR1,-0,Not sig
0.005991107831742985,-0.4774990952129019,0.31,0.367,1,BTBD9,-0,Not sig
0.006015601241933793,0.8590856881965788,0.107,0.064,1,STAMBPL1,-0,Not sig
0.006024937863894676,0.4868549912675837,0.241,0.177,1,NPL,-0,Not sig
0.006041442725941656,0.476413084711899,0.198,0.14,1,ZDHHC21,-0,Not sig
0.0061587523826909804,-0.44266324661192424,0.201,0.26,1,JAK1,-0,Not sig
0.006257201026956214,-0.7767640779498293,0.069,0.111,1,RPS9,-0,Not sig
0.006263012832006798,0.20788380575455734,0.343,0.265,1,COG5,-0,Not sig
0.006270566759550669,0.5101863693783413,0.108,0.064,1,C15orf41,-0,Not sig
0.006286951641009789,-0.31670662883543566,0.425,0.478,1,SBF2,-0,Not sig
0.006289450790255569,0.6526119211501651,0.109,0.066,1,TMOD2,-0,Not sig
0.00630013294800389,0.5690754285677209,0.16,0.107,1,SEC63,-0,Not sig
0.0063688947339560174,0.6948749635661268,0.116,0.071,1,DDB2,-0,Not sig
0.006389425173178818,-0.5334435838540414,0.232,0.291,1,HERC2,-0,Not sig
0.006422020754614449,0.190629838929268,0.304,0.229,1,NFATC2,-0,Not sig
0.006446291818872642,-0.8610829438759187,0.064,0.104,1,NCALD,-0,Not sig
0.00653505306809812,0.28371665887586195,0.405,0.322,1,ABCC4,-0,Not sig
0.00655687483615887,-0.5075792230970348,0.418,0.468,1,SPIDR,-0,Not sig
0.006574111450246109,0.23839887012308636,0.276,0.203,1,EVI5,-0,Not sig
0.006574669409810911,-0.6880726305049762,0.088,0.133,1,PABPN1,-0,Not sig
0.006733610984812109,0.5054220524189361,0.187,0.132,1,TET3,-0,Not sig
0.006842293054853622,-0.4491239559286978,0.142,0.199,1,TSC22D1,-0,Not sig
0.0068503026085752075,-0.6806835635721468,0.126,0.175,1,CPNE8,-0,Not sig
0.006855051883485299,-0.3203103364608946,0.217,0.284,1,NEBL,-0,Not sig
0.006884164289352575,0.8860000343209113,0.103,0.062,1,TAPT1,-0,Not sig
0.00691570022235009,0.3687324566959821,0.201,0.142,1,HIBCH,-0,Not sig
0.006959537564078511,-0.579234217275923,0.171,0.227,1,RLF,-0,Not sig
0.007015372789497703,0.22016038237892954,0.283,0.211,1,PRKAG2,-0,Not sig
0.0070266544431827815,0.2667473801577036,0.251,0.184,1,MT-ND2,-0,Not sig
0.007038760313520384,0.4871145868342168,0.2,0.146,1,RTTN,-0,Not sig
0.0071341655960403235,0.4817778758317197,0.234,0.177,1,ITPR1,-0,Not sig
0.007423976891893426,0.2126814735932706,0.207,0.147,1,GALNT10,-0,Not sig
0.007431718237054709,0.3293932358834697,0.497,0.418,1,VTI1A,-0,Not sig
0.007529308495548521,0.9257664637276185,0.109,0.068,1,ADGRV1,-0,Not sig
0.007678114999753084,-1.0102417041091214,0.098,0.14,1,GLUL,-0,Not sig
0.007779659963309363,-0.7435243842527317,0.083,0.127,1,RELL1,-0,Not sig
0.007848687714048588,-0.6005190381595383,0.095,0.142,1,SLC16A3,-0,Not sig
0.007851980684865069,-1.0278196732268505,0.068,0.107,1,TMEM132C,-0,Not sig
0.007853207861469511,0.547959007835999,0.195,0.142,1,SPATA5,-0,Not sig
0.007858052476350432,0.7274395501327932,0.132,0.087,1,SFXN5,-0,Not sig
0.007888537241848239,0.95106172264708,0.102,0.062,1,CD163L1,-0,Not sig
0.007890971784199053,-0.4475004091317123,0.21,0.269,1,UBAC2,-0,Not sig
0.007962803036704486,0.49806341556982503,0.211,0.156,1,TMCC3,-0,Not sig
0.00805813612635789,0.486173490111773,0.119,0.075,1,DEF6,-0,Not sig
0.008060567159817116,0.2649423117925225,0.45,0.38,1,CHD9,-0,Not sig
0.008140875602626357,-0.541101311250144,0.151,0.203,1,LMBR1,-0,Not sig
0.008157709519831108,-0.7216888857072249,0.087,0.13,1,SYMPK,-0,Not sig
0.008186715786558846,0.5278122001209057,0.204,0.149,1,PHACTR1,-0,Not sig
0.008187034727554084,0.49095783500716506,0.16,0.109,1,SLX4IP,-0,Not sig
0.008217939432219594,-0.8052653620007415,0.085,0.128,1,HNRNPL,-0,Not sig
0.008273038753795427,0.31349777910592325,0.396,0.326,1,FBXO11,-0,Not sig
0.008292754189448253,0.38311784138040883,0.217,0.156,1,COMMD1,-0,Not sig
0.008460310508138533,-0.8713998766277975,0.064,0.102,1,SLC12A7,-0,Not sig
0.00847928497366418,-0.3625227764755138,0.177,0.234,1,PTPN12,-0,Not sig
0.008538126406898125,-0.7183806850076189,0.067,0.106,1,SLC30A10,-0,Not sig
0.008570750319589903,-0.7175318442246599,0.067,0.106,1,ARFGAP3,-0,Not sig
0.008601295415931727,0.4143026063394967,0.107,0.066,1,RBFOX1,-0,Not sig
0.008694031054441017,0.589446557240428,0.148,0.101,1,CBR4,-0,Not sig
0.00873116789715614,0.4955836767796544,0.261,0.201,1,SPATA6,-0,Not sig
0.00878366930095099,0.45602777570915154,0.107,0.064,1,DOPEY2,-0,Not sig
0.008840285020252548,-0.67739833688627,0.07,0.111,1,DGKB,-0,Not sig
0.008849293060484337,0.2881778479578121,0.433,0.36,1,CDKAL1,-0,Not sig
0.00887570897651465,0.6347108241029654,0.153,0.106,1,ADGRG1,-0,Not sig
0.008944972694273178,-0.20905887528361,0.155,0.21,1,CRIM1,-0,Not sig
0.008960444687847539,0.5019983499870597,0.177,0.125,1,ZNF846,-0,Not sig
0.008974115819272984,-0.6333106188293347,0.112,0.159,1,CLK1,-0,Not sig
0.008982375601845047,0.23775390968339583,0.622,0.553,1,FAM49B,-0,Not sig
0.009159176098365713,-0.8087783444479723,0.085,0.127,1,ZFYVE28,-0,Not sig
0.00919149653696458,-0.38821901671700765,0.318,0.373,1,SRPK2,-0,Not sig
0.009227009348747806,-0.4553688530074267,0.094,0.14,1,UNC13B,-0,Not sig
0.009242214680237235,0.4737116283595461,0.113,0.069,1,BHLHE41,-0,Not sig
0.009342016249730413,-0.6742449628203406,0.192,0.244,1,RNF144B,-0,Not sig
0.009398794068197991,-0.6088679771771712,0.07,0.111,1,TSC22D3,-0,Not sig
0.00940263877530811,-0.39343579071432244,0.139,0.194,1,GATAD2A,-0,Not sig
0.009466198139634303,0.342480902681765,0.369,0.3,1,TGFBR2,-0,Not sig
0.009568612450927844,0.49645346428668197,0.114,0.071,1,CALM1,-0,Not sig
0.009608522874227119,-0.5739983737562933,0.247,0.298,1,PDS5B,-0,Not sig
0.009746256580673462,-0.367821439941038,0.162,0.217,1,IQGAP1,-0,Not sig
0.009786140937923965,-0.48970678872612516,0.151,0.205,1,ETS2,-0,Not sig
0.009795438302438312,0.41223243689032274,0.192,0.139,1,ACBD6,-0,Not sig
0.009841804175028966,0.6955925965380119,0.102,0.062,1,AL158071.4,-0,Not sig
0.009896639152584026,0.2531880161051858,0.495,0.423,1,FYB1,-0,Not sig
0.009905700036082968,-0.15914857834468776,0.253,0.326,1,SOX5,-0,Not sig
0.009959649490322468,-0.6449421846077734,0.085,0.128,1,MGRN1,-0,Not sig
0.009967106732904124,-0.772210661021651,0.109,0.154,1,TPT1,-0,Not sig
0.01000089662895995,0.28919726940265766,0.339,0.27,1,STARD13,-0,Not sig
0.010076252726562485,0.5538341840644552,0.129,0.085,1,AC025569.1,-0,Not sig
0.010085655212190613,0.5593080148345035,0.139,0.094,1,ATG16L2,-0,Not sig
0.010136911790593143,-0.4205117188151133,0.286,0.34,1,BABAM2,-0,Not sig
0.010226709473195048,-0.3886786963455793,0.313,0.366,1,PHF21A,-0,Not sig
0.010460258931912197,0.4756333998411347,0.148,0.101,1,ETV5,-0,Not sig
0.010599857254327298,-0.49450528093429225,0.186,0.241,1,GLIS3,-0,Not sig
0.010612427148472929,-0.45763428917619886,0.284,0.336,1,PDE8A,-0,Not sig
0.010783226101758548,-0.7996146731121796,0.085,0.127,1,TRIP11,-0,Not sig
0.010845887996860693,0.18716276152776645,0.726,0.652,1,ARHGAP26,-0,Not sig
0.010877445881688241,-0.5572231619759729,0.143,0.192,1,EPN2,-0,Not sig
0.010964328913988882,-0.6074951789969752,0.074,0.114,1,PKM,-0,Not sig
0.011042639185162169,0.654534062220755,0.108,0.068,1,ANKAR,-0,Not sig
0.011046240288050345,0.5596383239201933,0.177,0.128,1,TNPO1,-0,Not sig
0.011067457894179058,0.780475893564289,0.103,0.064,1,LAMP1,-0,Not sig
0.011118661276901934,-0.586101166920441,0.18,0.227,1,KDM5A,-0,Not sig
0.011178826342398888,-0.6474039397330817,0.127,0.173,1,EVA1C,-0,Not sig
0.011278818266764612,-0.4282437830878664,0.098,0.144,1,UBA2,-0,Not sig
0.011324868502408417,-0.6970451704528495,0.098,0.14,1,NCOA6,-0,Not sig
0.011386573566807648,-0.7749298369126805,0.083,0.123,1,TMEM123,-0,Not sig
0.01145816511765923,-0.24373902569538486,0.128,0.18,1,ANO6,-0,Not sig
0.011479298747383512,0.39964938889241797,0.258,0.198,1,PHC2,-0,Not sig
0.011495264194350744,0.27715827481299815,0.448,0.38,1,SH3KBP1,-0,Not sig
0.011596576414623699,0.40571483584764967,0.25,0.192,1,ADNP,-0,Not sig
0.011815404084552674,-0.5108834758750418,0.206,0.26,1,FOXO1,-0,Not sig
0.011832299398335121,-0.44383282848163264,0.265,0.322,1,PTPRK,-0,Not sig
0.01184810770010775,-0.7367288053276013,0.068,0.106,1,ZIC1,-0,Not sig
0.011872032549084687,0.16354566000993942,0.284,0.217,1,ZNF652,-0,Not sig
0.011911478176106076,0.29601117801009935,0.32,0.258,1,SETD5,-0,Not sig
0.012070088529696963,-0.8113616749060052,0.161,0.211,1,SON,-0,Not sig
0.012260988846991776,0.5295620419334431,0.142,0.097,1,SNX27,-0,Not sig
0.012300011951218591,-1.2413626060320015,0.073,0.109,1,VAV3,-0,Not sig
0.012356598896323075,0.3162673332849153,0.381,0.317,1,VPS13C,-0,Not sig
0.012429934155995677,-0.924741662380069,0.079,0.118,1,MRC1,-0,Not sig
0.012886093228217427,0.6440423217030334,0.149,0.104,1,ST7,-0,Not sig
0.012899087156068967,0.5828383436541009,0.142,0.099,1,SNX24,-0,Not sig
0.012989937022496803,-0.5524649112395396,0.07,0.109,1,CABIN1,-0,Not sig
0.013095763025017857,0.37638648576252276,0.193,0.14,1,ARFIP1,-0,Not sig
0.01315887934482989,0.5905437388622254,0.126,0.083,1,HERPUD1,-0,Not sig
0.0131853842597751,-0.11196015982919238,0.151,0.21,1,XIST,-0,Not sig
0.013207862734772407,0.4935449944859245,0.193,0.144,1,AC118549.1,-0,Not sig
0.013255505358791159,-0.6189061295164068,0.157,0.205,1,NSD3,-0,Not sig
0.013258682813792777,0.24914635899321147,0.21,0.153,1,KAT2B,-0,Not sig
0.013392913879669895,0.16152324851021227,0.461,0.392,1,RBM47,-0,Not sig
0.013488460550512492,0.413253028962859,0.114,0.073,1,ZNF718,-0,Not sig
0.01352340362683797,0.6253740310889917,0.127,0.085,1,KLHDC10,-0,Not sig
0.013538036176425496,0.368726827105307,0.236,0.179,1,ABHD3,-0,Not sig
0.013547451416429315,0.25768551647954885,0.399,0.34,1,ZNF609,-0,Not sig
0.013581374968385124,0.4733884476716238,0.185,0.133,1,CD86,-0,Not sig
0.013595644322650202,0.530809722312311,0.157,0.111,1,KIAA0930,-0,Not sig
0.013701530443519135,0.13895725943644965,0.348,0.272,1,ATP2C1,-0,Not sig
0.013743610577290712,0.27659131842645046,0.187,0.133,1,SYT17,-0,Not sig
0.013770235587612577,0.5655072985012017,0.177,0.13,1,GPD2,-0,Not sig
0.013771159767305523,0.5466005898644078,0.137,0.094,1,VPS45,-0,Not sig
0.013881049381028849,0.7021865695548802,0.116,0.076,1,FAM193B,-0,Not sig
0.013993498184440147,0.5945042593859249,0.188,0.14,1,DNAJC3,-0,Not sig
0.01404166044715334,-0.6344369113431426,0.094,0.135,1,VCL,-0,Not sig
0.014264197178293239,0.6110187061144116,0.162,0.118,1,HDLBP,-0,Not sig
0.014285386106870189,0.3939940626850327,0.219,0.165,1,TRAF3IP2-AS1,-0,Not sig
0.014287552851480112,0.3633061245873188,0.32,0.262,1,GAB1,-0,Not sig
0.014445341414092669,0.3073206792277877,0.138,0.092,1,GALNT11,-0,Not sig
0.014586017230128435,-0.4479374691090605,0.192,0.246,1,MIR29B2CHG,-0,Not sig
0.014633626043473381,-0.41956617136716734,0.168,0.218,1,OGA,-0,Not sig
0.014837667308284588,0.13337192655552732,0.526,0.458,1,DISC1,-0,Not sig
0.014919398858785675,-0.5934693733075762,0.082,0.121,1,EEPD1,-0,Not sig
0.01519904991089593,0.2411241877856236,0.564,0.516,1,UBE2E2,-0,Not sig
0.015214914958372504,0.3438781885017732,0.279,0.222,1,KLHL5,-0,Not sig
0.015304386796689594,-0.6128962207767495,0.067,0.102,1,YAP1,-0,Not sig
0.015558279732236842,0.3964839891581964,0.116,0.075,1,CX3CR1,-0,Not sig
0.015586247028804333,0.41225454266218564,0.185,0.135,1,CD53,-0,Not sig
0.015781034406950476,0.3833948055435127,0.19,0.139,1,DNAJC13,-0,Not sig
0.015807869983312177,-1.089669165571843,0.07,0.106,1,BTG1,-0,Not sig
0.01594057427688895,0.4753898170136249,0.156,0.111,1,USP9Y,-0,Not sig
0.016159512314749738,0.25747037003965656,0.25,0.189,1,POU2F1,-0,Not sig
0.016250086777971545,-0.5162128996312985,0.24,0.288,1,NKTR,-0,Not sig
0.01625740404074847,-1.1435051753896128,0.072,0.107,1,SERF2,-0,Not sig
0.016322776836775396,0.5430045060739571,0.124,0.083,1,CFDP1,-0,Not sig
0.016338941345276758,0.3394087368377998,0.368,0.308,1,SPP1,-0,Not sig
0.01650240326458126,0.25978857916275455,0.378,0.314,1,ATM,-0,Not sig
0.01654242307886064,0.5158340516032889,0.108,0.069,1,KIZ,-0,Not sig
0.016585255544993103,0.23906685021265572,0.172,0.121,1,PPFIA1,-0,Not sig
0.016649284070119865,0.13106192008566975,0.848,0.776,1,CELF2,-0,Not sig
0.016652793820209313,-0.7432349903184754,0.163,0.206,1,CASK,-0,Not sig
0.016762269290789795,-0.3358135785204448,0.196,0.25,1,SPTBN1,-0,Not sig
0.01677999050372552,-0.8210304815049883,0.069,0.104,1,ADGRL4,-0,Not sig
0.016817956563927865,0.43364601857289187,0.265,0.208,1,PHLPP1,-0,Not sig
0.016880216767682303,0.28985149834500884,0.112,0.071,1,NEK10,-0,Not sig
0.016991866762497622,-0.5862440303128631,0.117,0.159,1,SNX25,-0,Not sig
0.017048128565428065,-0.6643566256125049,0.167,0.211,1,RNF145,-0,Not sig
0.017108074621920565,-0.8248875505809656,0.072,0.109,1,TERF2IP,-0,Not sig
0.017125126037916504,0.27875891230417005,0.338,0.27,1,MERTK,-0,Not sig
0.01730977473805825,-0.7367983578503301,0.137,0.182,1,UBC,-0,Not sig
0.017381989795701634,0.2840105181639012,0.24,0.184,1,SKI,-0,Not sig
0.017388389356142543,0.14836537037533004,0.624,0.549,1,ABR,-0,Not sig
0.01746263919935024,0.24083842350625928,0.264,0.203,1,SAMD12,-0,Not sig
0.017504478155735703,-0.2873464916884121,0.196,0.246,1,RASA2,-0,Not sig
0.017592613319669718,-0.5153599308807787,0.101,0.142,1,SORBS2,-0,Not sig
0.017684154252781806,0.47392718717995486,0.245,0.192,1,EPC1,-0,Not sig
0.0178400351322928,0.4005082618149045,0.186,0.137,1,BCKDHB,-0,Not sig
0.017925447378362623,0.29269052075945423,0.196,0.144,1,BICRAL,-0,Not sig
0.017946096995397905,-0.3656567742334338,0.554,0.581,1,ST6GALNAC3,-0,Not sig
0.017986017618145434,-0.45978401193867224,0.273,0.321,1,KAT6A,-0,Not sig
0.01812070913595988,0.17896799474366087,0.358,0.302,1,FOXO3,-0,Not sig
0.018354494324600627,-0.5001013285148194,0.082,0.12,1,RUNX1T1,-0,Not sig
0.018415961126739617,0.26393849753421916,0.391,0.343,1,FNDC3B,-0,Not sig
0.018507339821551724,-0.5886172730416535,0.082,0.12,1,KPNA6,-0,Not sig
0.01850980552609131,-0.6691719445676629,0.08,0.118,1,CCNL1,-0,Not sig
0.01878971340410363,0.731861596690905,0.102,0.066,1,PTPN18,-0,Not sig
0.019030402688088543,-0.7121692371519348,0.068,0.102,1,MYO1B,-0,Not sig
0.019088183936911557,-0.48759421636604505,0.172,0.22,1,XRN1,-0,Not sig
0.019177807566287917,0.4034545666364623,0.141,0.097,1,TTC14,-0,Not sig
0.019191450437608337,0.6073509441145584,0.118,0.08,1,PAXBP1,-0,Not sig
0.01929689947686366,0.4576664284418687,0.136,0.094,1,AC027097.2,-0,Not sig
0.01952395742359846,0.2774359669920674,0.232,0.175,1,KCNQ1,-0,Not sig
0.019546461220021474,0.45648727051385335,0.167,0.121,1,RFX7,-0,Not sig
0.019651682598293873,-0.48455728786857666,0.201,0.25,1,ROCK2,-0,Not sig
0.019813767900935718,0.24283379812088368,0.447,0.381,1,SLCO2B1,-0,Not sig
0.019863736701436978,-0.3034666807897082,0.202,0.255,1,CCSER2,-0,Not sig
0.020054855248110497,0.34006756495105317,0.234,0.175,1,PADI2,-0,Not sig
0.02008954489903245,0.4507768051649278,0.182,0.135,1,LINC00278,-0,Not sig
0.02013525137484323,-0.31887393877261005,0.275,0.329,1,PAFAH1B1,-0,Not sig
0.02016389575055366,0.32981029153287056,0.209,0.158,1,AXL,-0,Not sig
0.020198606853130754,0.2971828480391795,0.136,0.094,1,PLAGL1,-0,Not sig
0.02021859738843249,0.6523146928850243,0.102,0.066,1,NDUFAF6,-0,Not sig
0.020393899733848853,-0.5417649766498043,0.132,0.177,1,GAPVD1,-0,Not sig
0.020693743495172643,0.32133417593257263,0.173,0.127,1,SMC5,-0,Not sig
0.021011664912194642,-0.5900610181747415,0.112,0.153,1,RASA3,-0,Not sig
0.021077967093462942,0.5626807236220213,0.131,0.09,1,PARVG,-0,Not sig
0.02113159532375406,0.3985119386940055,0.195,0.147,1,ATRN,-0,Not sig
0.021527362480892365,-0.4141694035836627,0.173,0.222,1,SRGN,-0,Not sig
0.021621041062923393,-0.39845466731583756,0.136,0.182,1,ARFGEF2,-0,Not sig
0.02197542280412702,-0.5455600638591311,0.261,0.314,1,PDE4D,-0,Not sig
0.022226761849372677,-0.7724297778119081,0.134,0.175,1,HSPB1,-0,Not sig
0.022252623730794133,0.605360431466968,0.106,0.069,1,TECPR2,-0,Not sig
0.0223543476775961,-0.7176156617172513,0.107,0.146,1,COL5A3,-0,Not sig
0.02235931422573916,0.246135745995543,0.212,0.159,1,APPL2,-0,Not sig
0.02243849032925782,-0.4669465388921956,0.104,0.144,1,TIMP3,-0,Not sig
0.0228516861145969,-0.4719978451184842,0.109,0.151,1,BAZ1A,-0,Not sig
0.022906143567219085,0.5290958385758,0.263,0.213,1,USP53,-0,Not sig
0.022907978679981227,0.2880885786346632,0.323,0.265,1,TTC17,-0,Not sig
0.023142277642095616,-0.6593781615638752,0.104,0.142,1,CHIC2,-0,Not sig
0.02316585598957113,0.29978291882724495,0.245,0.189,1,MANBA,-0,Not sig
0.023373150840757997,0.3259312854260077,0.245,0.191,1,ST8SIA4,-0,Not sig
0.02343947045667134,0.4080431766498168,0.201,0.153,1,CHKA,-0,Not sig
0.02362228276563284,0.18938101779148964,0.682,0.646,1,ZBTB20,-0,Not sig
0.02391920856537707,-0.514895978942941,0.144,0.189,1,PIP5K1A,-0,Not sig
0.02392657157025099,0.2183103066838652,0.48,0.416,1,MYCBP2,-0,Not sig
0.024095485979549837,-0.7961953276692485,0.074,0.109,1,MACO1,-0,Not sig
0.024181337066417924,-0.5402899208567186,0.119,0.159,1,UACA,-0,Not sig
0.024345779739375493,-0.8948856438325222,0.079,0.113,1,CACHD1,-0,Not sig
0.024395195458145655,-0.7718641333392458,0.078,0.113,1,LILRB1,-0,Not sig
0.024407828750670418,0.46275517119020904,0.146,0.104,1,KCMF1,-0,Not sig
0.02478291329917901,0.28336505387834676,0.211,0.158,1,TAPT1-AS1,-0,Not sig
0.02485601955869653,0.5183724037708414,0.215,0.17,1,MSRA,-0,Not sig
0.024934909488010158,0.5530555099712363,0.111,0.075,1,SIRPA,-0,Not sig
0.024938865272986027,0.7041725041368467,0.106,0.071,1,RARS2,-0,Not sig
0.02502939491386535,-0.47736708431893415,0.092,0.13,1,WDFY1,-0,Not sig
0.025157518133560035,-0.6006090072427168,0.097,0.135,1,RFTN1,-0,Not sig
0.02517879147042683,0.2963618046897636,0.204,0.154,1,CCDC50,-0,Not sig
0.02518550921338745,0.22363592132369314,0.612,0.562,1,ZSWIM6,-0,Not sig
0.02531018113857402,-0.4066554585219521,0.097,0.137,1,ARID4A,-0,Not sig
0.025356111055042395,0.31276240425781876,0.276,0.222,1,GTDC1,-0,Not sig
0.025700378465780094,-0.8469548191725,0.073,0.106,1,CSNK1D,-0,Not sig
0.025872729401848784,-0.7522375563934363,0.079,0.113,1,PITPNM2,-0,Not sig
0.025909585394473886,0.35269874058704587,0.107,0.069,1,FGGY,-0,Not sig
0.025984829874711783,-0.41153151471146376,0.195,0.243,1,REV3L,-0,Not sig
0.026043562773111706,0.29673977958647324,0.309,0.253,1,ARHGAP6,-0,Not sig
0.026259979779571972,0.6144633509394196,0.113,0.076,1,ASTN2,-0,Not sig
0.02668558057796515,-0.4435452117362806,0.207,0.255,1,TBC1D14,-0,Not sig
0.026744071586551114,-0.4560472150447289,0.106,0.146,1,FNBP4,-0,Not sig
0.026852042094483934,-0.3186766382219164,0.188,0.237,1,ARFGEF1,-0,Not sig
0.027047396507737256,0.7874843649953549,0.114,0.08,1,DCLK2,-0,Not sig
0.027132774601670222,0.6674952783022412,0.106,0.071,1,METTL9,-0,Not sig
0.02739928709413988,-0.630638040347782,0.134,0.175,1,STK38,-0,Not sig
0.0278931671497473,-0.713137749452335,0.206,0.248,1,AGFG1,-0,Not sig
0.028041334639534884,0.4647075354212867,0.123,0.085,1,BTBD1,-0,Not sig
0.02804557671491434,-0.3310795845243193,0.299,0.341,1,BMPR2,-0,Not sig
0.028389587607245585,-0.5442842532414722,0.216,0.258,1,MYOF,-0,Not sig
0.02840377142237711,-0.5838280911178806,0.068,0.101,1,PDK3,-0,Not sig
0.02843068172643739,0.4951284516931937,0.121,0.083,1,EIF2B3,-0,Not sig
0.028460795645540892,-0.1156169357139879,0.132,0.177,1,MAST4,-0,Not sig
0.028865149809481662,-0.37503407425643664,0.176,0.224,1,CCDC26,-0,Not sig
0.028877137429409477,-0.4540156186862334,0.121,0.161,1,PPP4R3A,-0,Not sig
0.028962890969194254,-0.3287799593270446,0.153,0.199,1,TRPC4AP,-0,Not sig
0.029020856185104894,0.23584076441591773,0.304,0.246,1,ZNF710,-0,Not sig
0.0294637455577463,-0.45904059162452326,0.216,0.262,1,KTN1,-0,Not sig
0.02960564005845026,-0.4269172460336297,0.249,0.289,1,TAOK1,-0,Not sig
0.02970157791671489,-0.3452060116221101,0.075,0.109,1,PPM1D,-0,Not sig
0.030048051056084667,0.32107705768129424,0.347,0.295,1,GALNT2,-0,Not sig
0.030255026523156637,0.17182991462718622,0.342,0.279,1,AP3B1,-0,Not sig
0.030291731467917284,0.35989789807361294,0.284,0.236,1,TRIP12,-0,Not sig
0.03036567896640525,-0.5022646997309281,0.107,0.146,1,JAK3,-0,Not sig
0.030372526641785965,-0.6940959834897297,0.074,0.107,1,RPL35,-0,Not sig
0.030810222261633487,0.5798844454983885,0.134,0.097,1,SLC7A6,-0,Not sig
0.030895822084367777,0.3824133919814059,0.276,0.229,1,NUTM2A-AS1,-0,Not sig
0.03113570616303834,-0.5445622361556851,0.09,0.127,1,ZSWIM5,-0,Not sig
0.031312006565179865,0.46010683108773337,0.139,0.101,1,SUFU,-0,Not sig
0.03132214062300622,0.16138197086215755,0.342,0.282,1,MYO1F,-0,Not sig
0.032206784816236365,0.24835934525877068,0.27,0.218,1,ATXN10,-0,Not sig
0.03249575868292249,0.6414628678529081,0.124,0.088,1,USO1,-0,Not sig
0.03250099220547605,-0.5755087870943925,0.107,0.144,1,KPNA4,-0,Not sig
0.03251641757197243,0.5724017253278385,0.124,0.088,1,CMC1,-0,Not sig
0.0326548819857347,0.18171575883841395,0.29,0.232,1,FARS2,-0,Not sig
0.03277416681335744,-0.4066983608639503,0.25,0.298,1,MAGI1,-0,Not sig
0.032938158587503985,-0.23401385077194137,0.288,0.334,1,PRKCH,-0,Not sig
0.03295432853780279,0.22377787441272412,0.312,0.253,1,L3MBTL4,-0,Not sig
0.03330177174100072,-0.4483736338156682,0.099,0.137,1,EMB,-0,Not sig
0.033454546383210305,-0.601480014321156,0.084,0.118,1,CYBA,-0,Not sig
0.03359286015500836,-0.5143014737833002,0.127,0.166,1,MIS18BP1,-0,Not sig
0.033638569993137024,0.5454153718349873,0.146,0.107,1,TANGO6,-0,Not sig
0.0336672617901714,-0.6251662569238455,0.073,0.106,1,RNF10,-0,Not sig
0.033696352369461176,0.14245564126825738,0.275,0.218,1,MT-ATP6,-0,Not sig
0.0337405967839875,0.3104009063357739,0.206,0.161,1,WDR33,-0,Not sig
0.03390083145656588,0.41548547397772884,0.201,0.156,1,SNRNP70,-0,Not sig
0.034013982364316964,-0.6071964752559003,0.119,0.156,1,SP110,-0,Not sig
0.034155265818997464,-0.39895766317613734,0.224,0.272,1,MTUS1,-0,Not sig
0.03421033863559176,0.20895420828850497,0.245,0.194,1,KIF16B,-0,Not sig
0.03472838102684354,-0.42198915009427895,0.219,0.267,1,SORBS1,-0,Not sig
0.03483528031105169,0.4011441958641959,0.193,0.151,1,DNMT3A,-0,Not sig
0.03489201037406122,-0.4804764015150281,0.09,0.125,1,SNTB1,-0,Not sig
0.03514002201182445,0.4031557324020153,0.178,0.137,1,E2F3,-0,Not sig
0.035301569133579395,-0.5531507187287745,0.109,0.147,1,TMEM51,-0,Not sig
0.03555279705234963,0.18502548112606187,0.212,0.165,1,NBEA,-0,Not sig
0.0357127666092904,0.3891067893063169,0.291,0.241,1,ACYP2,-0,Not sig
0.03576184741312897,0.42002591481256235,0.121,0.085,1,TOM1L2,-0,Not sig
0.03585228855501518,0.21076855685171203,0.178,0.133,1,CDC14B,-0,Not sig
0.035872334230254835,-0.4644961229295469,0.181,0.22,1,MYH9,-0,Not sig
0.035930794840392175,-0.24102767507357248,0.543,0.57,1,ETV6,-0,Not sig
0.03593173501159529,0.10854116625426058,0.148,0.194,1,ATP1B3,-0,Not sig
0.03606952123371161,0.5989057240111331,0.148,0.111,1,DMD,-0,Not sig
0.036095809129508126,0.3702924101762889,0.168,0.127,1,RUBCNL,-0,Not sig
0.036146187494344506,0.20378745744877858,0.43,0.374,1,LRCH1,-0,Not sig
0.03616578591121007,-0.45495110404631756,0.143,0.184,1,SMG6,-0,Not sig
0.03623832695795384,-0.35253774760927326,0.19,0.236,1,STRN3,-0,Not sig
0.03627675767170534,-0.5424578116480268,0.177,0.217,1,KLF12,-0,Not sig
0.03628710973097732,-0.43256709875264066,0.254,0.295,1,RNF149,-0,Not sig
0.03631591712217828,-0.626900606429415,0.102,0.139,1,ADCY9,-0,Not sig
0.03637838546945046,0.49559092162101326,0.219,0.177,1,SLC25A13,-0,Not sig
0.036414029962608105,0.36805679268557845,0.197,0.153,1,MT-CYB,-0,Not sig
0.036563407508399176,-0.2809421626350441,0.188,0.234,1,UST,-0,Not sig
0.03686533606079706,0.5886290320327198,0.109,0.076,1,SLF2,-0,Not sig
0.036935432199201715,0.41026259148671923,0.114,0.08,1,GALNT7,-0,Not sig
0.03695921011094371,0.5300813588651186,0.133,0.097,1,QSER1,-0,Not sig
0.036983537249806735,-0.34164798204018076,0.153,0.194,1,PAK2,-0,Not sig
0.037501678671343054,-0.45579251460003,0.185,0.225,1,UBE2D2,-0,Not sig
0.03756254174796731,0.40421063872869345,0.187,0.146,1,WASHC4,-0,Not sig
0.037571510453308754,-0.5950252393789656,0.089,0.123,1,PRPF40A,-0,Not sig
0.03793005512545205,0.3606018263794477,0.141,0.102,1,EIF3H,-0,Not sig
0.038121490657621465,0.2975111200205871,0.231,0.184,1,ACER3,-0,Not sig
0.038350903575642,0.48453006645719787,0.104,0.071,1,FAM107B,-0,Not sig
0.03910234046948201,0.19342637492526205,0.201,0.154,1,STAB1,-0,Not sig
0.03913685709022173,-0.6896008744062893,0.07,0.101,1,SH3GL1,-0,Not sig
0.0392781631283784,-0.5279809492510513,0.095,0.13,1,TTC7B,-0,Not sig
0.040040718215625826,0.16462624269501092,0.392,0.334,1,FER,-0,Not sig
0.0400822197027444,0.6211189479512211,0.101,0.069,1,MIR222HG,-0,Not sig
0.04052522304720984,-0.45971455094077995,0.172,0.215,1,SERINC5,-0,Not sig
0.040617730978015264,0.5505827734306458,0.101,0.069,1,CSPP1,-0,Not sig
0.040642532416484786,0.17921602038322795,0.123,0.087,1,GALK2,-0,Not sig
0.040980993543236637,0.12850189426128455,0.642,0.6,1,ST6GAL1,-0,Not sig
0.041089522681452724,0.5652060071163806,0.101,0.069,1,ARHGAP27,-0,Not sig
0.04117743067725369,-0.3398862859113514,0.293,0.34,1,KDM2A,-0,Not sig
0.04122088648005821,0.19716250633681898,0.27,0.218,1,BBS9,-0,Not sig
0.04167959094207524,-0.34472566388051384,0.227,0.272,1,APBB2,-0,Not sig
0.041874198158577874,0.4420343476162328,0.18,0.14,1,RPTOR,-0,Not sig
0.04204956414689612,-0.4877934330147148,0.102,0.137,1,CECR2,-0,Not sig
0.04216346204040707,-0.4173540060004808,0.193,0.236,1,TUT4,-0,Not sig
0.042172527868173784,0.24796464154588305,0.183,0.14,1,HSD17B12,-0,Not sig
0.04245737935845192,-0.5767055414484196,0.149,0.185,1,HCK,-0,Not sig
0.04263082789425433,0.2269123334369345,0.173,0.13,1,GLCCI1,-0,Not sig
0.04265756261755622,0.33156787165076906,0.241,0.196,1,UTY,-0,Not sig
0.04276920242499239,-0.6299370439165748,0.242,0.281,1,TCF7L2,-0,Not sig
0.043208527042637355,0.39175171166875944,0.182,0.142,1,SERPINB6,-0,Not sig
0.04353319520408935,0.17684543682688725,0.451,0.393,1,ERBIN,-0,Not sig
0.043910880502487364,-0.6610109869874115,0.102,0.135,1,TBC1D19,-0,Not sig
0.04436515707308021,0.2707466107080583,0.421,0.367,1,RASAL2,-0,Not sig
0.04482263157115427,0.35451486370703245,0.122,0.087,1,NLGN4Y,-0,Not sig
0.0450485702393052,0.1805942399735303,0.253,0.201,1,FUT8,-0,Not sig
0.04523239953483521,-0.24715990954448763,0.239,0.286,1,ATP11A,-0,Not sig
0.045501229121402996,-0.7833672462592856,0.072,0.101,1,INPP5B,-0,Not sig
0.0460291004124346,-0.3811636251606969,0.307,0.348,1,ARID4B,-0,Not sig
0.0461773440328818,0.37805472898320214,0.285,0.239,1,SORT1,-0,Not sig
0.04629900027504827,0.2805610742195071,0.106,0.073,1,CD81,-0,Not sig
0.04646436102059424,0.40714537571976417,0.102,0.071,1,AC092691.1,-0,Not sig
0.046486567027546506,0.2760772849860971,0.147,0.109,1,CDC42SE1,-0,Not sig
0.04655189102553677,-0.6659428655044992,0.151,0.185,1,SEPT2,-0,Not sig
0.04660845575391243,0.33909933353054755,0.188,0.147,1,HCLS1,-0,Not sig
0.04694909367385522,-0.4791171565038109,0.185,0.222,1,PTGES3,-0,Not sig
0.04700954496259902,-0.36830659124016996,0.25,0.293,1,SAT1,-0,Not sig
0.04703484106261375,0.33583821924812574,0.381,0.334,1,TAB2,-0,Not sig
0.04713144082294838,0.5042937083143262,0.128,0.094,1,JDP2,-0,Not sig
0.04719306986229573,0.25479167535066916,0.265,0.215,1,ZDHHC14,-0,Not sig
0.04720457411356556,0.4631104295345869,0.155,0.12,1,FEZ2,-0,Not sig
0.04740916725201802,0.2828180640991813,0.146,0.107,1,MFSD1,-0,Not sig
0.04757562554313557,0.3372255797905246,0.214,0.172,1,RSRC1,-0,Not sig
0.04789409849991595,0.3110269056595738,0.173,0.133,1,SPATS2L,-0,Not sig
0.04791728000800737,-0.8887556392656109,0.114,0.147,1,TFDP2,-0,Not sig
0.04792166439175173,-0.49385980394415313,0.133,0.17,1,B2M,-0,Not sig
0.047985279986994325,-0.3786928826080116,0.239,0.279,1,TNKS,-0,Not sig
0.048231051035070915,0.19943883160369513,0.183,0.14,1,PRIM2,-0,Not sig
0.04848367955454088,0.3198717181656332,0.128,0.094,1,SLC12A6,-0,Not sig
0.04884045682083014,0.5227456413802468,0.119,0.087,1,ULK2,-0,Not sig
0.04916085312283451,-0.6020064181156837,0.126,0.159,1,ZBTB46,-0,Not sig
0.049534430120270874,0.1852729135407203,0.111,0.078,1,MAT2A,-0,Not sig
0.04957759386173005,0.3940753907949419,0.173,0.133,1,TMEM65,-0,Not sig
0.04993240897911007,0.19850168802804458,0.275,0.227,1,FNBP1,-0,Not sig
0.0500177094850006,-0.4294132806035913,0.177,0.215,1,SLMAP,-0,Not sig
0.05014888508840138,0.28103404813675115,0.177,0.137,1,ARHGAP35,-0,Not sig
0.05064192207399018,0.2533920459843837,0.156,0.118,1,RASSF4,-0,Not sig
0.05076502353533298,0.3096742618086257,0.234,0.189,1,IL17RA,-0,Not sig
0.050827879122631654,-0.3036027010114205,0.072,0.102,1,SCAMP1,-0,Not sig
0.050965376305033984,0.23182506762555163,0.103,0.071,1,SLC15A2,-0,Not sig
0.05114860784232167,0.5089502231605574,0.134,0.101,1,RPS6KA1,-0,Not sig
0.05157517844417906,0.26299704787037026,0.396,0.348,1,FAF1,-0,Not sig
0.05159298240496488,0.36918115920341865,0.19,0.149,1,LONP2,-0,Not sig
0.05218948745348522,-0.4396884528496856,0.206,0.248,1,HIPK3,-0,Not sig
0.05220482345140733,0.48226299489470026,0.127,0.094,1,EPS15L1,-0,Not sig
0.05221645768977031,-0.38657850917215575,0.111,0.146,1,CGNL1,-0,Not sig
0.05262356515911797,-0.5896030016327971,0.258,0.295,1,HSP90AA1,-0,Not sig
0.05266651478539719,0.37423304034939897,0.16,0.123,1,LINC01004,-0,Not sig
0.052877577541400926,0.5062709790718153,0.127,0.094,1,FKBP15,-0,Not sig
0.05299751740575185,-0.3741568579530057,0.362,0.385,1,ZFP36L1,-0,Not sig
0.053418107109121656,0.2739640851605427,0.275,0.232,1,ASCC3,-0,Not sig
0.05349033526639257,-0.320670791508023,0.131,0.168,1,RALY,-0,Not sig
0.053880405464135396,-0.3548209892551473,0.111,0.146,1,FAM110B,-0,Not sig
0.05403076277171096,-0.34596988053034256,0.102,0.135,1,AC008014.1,-0,Not sig
0.05421674803177674,0.20901785927120087,0.139,0.102,1,DAAM1,-0,Not sig
0.054278932989620304,0.34417155303906644,0.195,0.154,1,CHD6,-0,Not sig
0.054548886739638126,-0.37430726758475724,0.103,0.137,1,LITAF,-0,Not sig
0.05457250740738591,-0.4314160681915722,0.077,0.107,1,PIP5K1C,-0,Not sig
0.054577707642697176,0.38467050855306506,0.108,0.076,1,SLC35F5,-0,Not sig
0.05507699036977727,0.21559551353614992,0.204,0.159,1,KIDINS220,-0,Not sig
0.05616783718124677,-0.4465585811121492,0.117,0.153,1,NUP153,-0,Not sig
0.05625789640862157,0.48845769303061676,0.133,0.101,1,APAF1,-0,Not sig
0.056277104009708166,-0.35587125248300033,0.278,0.315,1,BBX,-0,Not sig
0.05692632744770826,-0.26829492309234193,0.126,0.163,1,UBA6,-0,Not sig
0.057141747279583745,0.36726742822501096,0.168,0.132,1,NUCKS1,-0,Not sig
0.057322793914818905,0.47079024664123803,0.121,0.088,1,PIGN,-0,Not sig
0.05772353666266177,0.20146255554405657,0.284,0.234,1,PCNX2,-0,Not sig
0.057999974399356564,-0.604287040708309,0.082,0.111,1,SAMD8,-0,Not sig
0.058052350941941784,-0.3456753302882,0.103,0.137,1,UBR4,-0,Not sig
0.05839008270606482,0.5282144606305246,0.126,0.094,1,COLGALT1,-0,Not sig
0.059056660872769305,0.24050378785718513,0.144,0.109,1,VPS50,-0,Not sig
0.05936322773025994,-0.3497070264269275,0.143,0.182,1,CLIP1,-0,Not sig
0.059603548119781385,0.3647734473875688,0.133,0.099,1,HSPBAP1,-0,Not sig
0.059762032533411814,-0.5486808445355952,0.137,0.173,1,IRF2,-0,Not sig
0.06005762715750095,0.30223936157179043,0.246,0.203,1,STK4,-0,Not sig
0.060662849916298694,-0.7064069948271494,0.085,0.114,1,HIVEP1,-0,Not sig
0.06094720117118539,0.5098183806248178,0.142,0.109,1,PXK,-0,Not sig
0.061003431964110795,0.2794332058700828,0.348,0.3,1,RHBDF2,-0,Not sig
0.06101809459846149,-0.6314309670274506,0.108,0.139,1,KPNB1,-0,Not sig
0.0612520414732793,0.2735276260657321,0.197,0.158,1,ATP6V0A1,-0,Not sig
0.06126070189160445,-0.4664088036967934,0.075,0.104,1,GAPDH,-0,Not sig
0.06135820265325161,-0.27768955555511254,0.075,0.104,1,MAP2,-0,Not sig
0.061361605276621795,0.346256754566346,0.123,0.09,1,ACSS1,-0,Not sig
0.0614764216885779,-0.5572941250841155,0.085,0.114,1,RGL3,-0,Not sig
0.061498601785404707,0.2359294139064474,0.317,0.262,1,PIK3R5,-0,Not sig
0.06160845087016779,0.11031444615901265,0.729,0.679,1,MBNL1,-0,Not sig
0.06165971564706371,-0.568918595978339,0.073,0.101,1,ARF1,-0,Not sig
0.06250514727906767,0.28236631548665025,0.266,0.22,1,CAB39,-0,Not sig
0.062978512804433,-0.4783550666805802,0.098,0.13,1,NGLY1,-0,Not sig
0.0631622501458448,-0.9006152362650665,0.087,0.116,1,RPL8,-0,Not sig
0.06332975733446121,0.27403292797404055,0.34,0.291,1,ARHGAP21,-0,Not sig
0.06345102078903421,-0.8084964310484869,0.074,0.101,1,SSFA2,-0,Not sig
0.06350868704909972,-0.3661811378792732,0.214,0.255,1,RBM39,-0,Not sig
0.063524774063438455,0.2993365801878123,0.298,0.256,1,SPPL3,-0,Not sig
0.06405708008796669,0.33633612365805,0.314,0.274,1,TMCC1,-0,Not sig
0.06424235643558462,-0.6117572485592577,0.075,0.102,1,SEC11A,-0,Not sig
0.06425272142095569,-0.4092802808684726,0.094,0.127,1,YY1AP1,-0,Not sig
0.06426666939849897,0.5986005988512402,0.143,0.111,1,USP54,-0,Not sig
0.06489801943132965,0.1547238783568219,0.247,0.203,1,NRIP1,-0,Not sig
0.06563520733358129,0.2264022510231185,0.303,0.258,1,TMEM165,-0,Not sig
0.06574640086626966,-0.6263406192852004,0.152,0.185,1,GNAI2,-0,Not sig
0.06609423048940359,0.3962797825426241,0.124,0.092,1,AC097376.2,-0,Not sig
0.0661675022392081,-0.3790481026759458,0.226,0.265,1,IGF1R,-0,Not sig
0.06627879808641157,-0.27406798215190575,0.133,0.17,1,MAP3K8,-0,Not sig
0.06635910261809984,-0.3865435089521101,0.245,0.284,1,XKR6,-0,Not sig
0.06655856423716619,-0.3787028273895934,0.435,0.461,1,CCNY,-0,Not sig
0.06663019579723604,-0.6693144554740377,0.106,0.135,1,MXI1,-0,Not sig
0.066875998385735,-0.6659826835732956,0.109,0.139,1,ABI2,-0,Not sig
0.06741102173332054,-0.4794279887038131,0.155,0.189,1,HNRNPM,-0,Not sig
0.0674468759773515,-0.4733516507777773,0.119,0.151,1,CNOT1,-0,Not sig
0.06754804154597485,0.23385249517776274,0.296,0.251,1,NR3C1,-0,Not sig
0.06765174497085767,-0.5669594132797283,0.103,0.133,1,UPF2,-0,Not sig
0.06765294406479971,-0.2606344181829887,0.401,0.435,1,ANKRD11,-0,Not sig
0.06778170932400578,0.4827420640867174,0.114,0.085,1,ZNF706,-0,Not sig
0.06841647893991139,0.4816348107221187,0.114,0.085,1,PCNX4,-0,Not sig
0.06864904639819451,0.5821682292416837,0.124,0.094,1,ARMH4,-0,Not sig
0.06961197686902958,-0.3939694703466965,0.217,0.251,1,SSH1,-0,Not sig
0.06975042423028224,0.34168128791999874,0.166,0.13,1,IRS2,-0,Not sig
0.0698164165143019,0.22807931265410297,0.265,0.22,1,TTC3,-0,Not sig
0.06981885607168535,0.28077706336631314,0.225,0.184,1,PDSS2,-0,Not sig
0.070052682713751,0.32775856041027174,0.204,0.165,1,RAPH1,-0,Not sig
0.07012985603842473,0.24317965813415449,0.167,0.13,1,ASXL2,-0,Not sig
0.07030447998220453,-0.33782153734651155,0.083,0.113,1,N4BP2L1,-0,Not sig
0.07103080344696212,-0.5993538714950937,0.112,0.142,1,MCC,-0,Not sig
0.07105827394716628,0.15308922417794513,0.474,0.421,1,SMAP2,-0,Not sig
0.07138828773737506,0.18650831010889693,0.101,0.071,1,SPAST,-0,Not sig
0.07169396832143714,-0.4782415874113578,0.084,0.113,1,WDR44,-0,Not sig
0.07171635774515314,0.3982588733174054,0.117,0.087,1,CTSS,-0,Not sig
0.07181299384024405,0.22439912425000352,0.173,0.137,1,SLC2A5,-0,Not sig
0.07248361722019121,-0.5030218005391601,0.084,0.113,1,TPM1,-0,Not sig
0.072757080113773,-0.3330922571464129,0.162,0.201,1,MPRIP,-0,Not sig
0.07291360696819445,-0.4379932255653655,0.074,0.102,1,KLF9,-0,Not sig
0.07317094284389308,-0.4367150826185753,0.104,0.135,1,BAZ1B,-0,Not sig
0.07359214765060167,0.37788995749993487,0.152,0.12,1,SPOPL,-0,Not sig
0.07367927020786666,0.23832521736287915,0.256,0.217,1,STX7,-0,Not sig
0.07373885237162214,0.36563796842274787,0.167,0.132,1,NCOA7,-0,Not sig
0.07396077954861145,-0.6616387345791479,0.088,0.116,1,DIAPH1,-0,Not sig
0.07431373669612792,0.4295098465280308,0.111,0.081,1,TTC27,-0,Not sig
0.07582592341803664,0.2453430561265011,0.219,0.179,1,C9orf3,-0,Not sig
0.07604714386883764,-0.35427219069443744,0.083,0.113,1,KCNT2,-0,Not sig
0.07649037216771738,0.33178101745885336,0.137,0.104,1,DMXL2,-0,Not sig
0.07650780416456007,-0.3583664427698754,0.187,0.225,1,ATP1A2,-0,Not sig
0.0765362791808572,-0.4252749056936216,0.106,0.135,1,CLIC4,-0,Not sig
0.07654638664310029,-0.33589002085595343,0.149,0.184,1,SLC38A2,-0,Not sig
0.076558409233266,-0.5637785707366599,0.102,0.13,1,INO80D,-0,Not sig
0.07678643746811088,-0.4665932381012334,0.082,0.109,1,DDHD1,-0,Not sig
0.0772163649750462,0.33385957246523806,0.101,0.073,1,FANCL,-0,Not sig
0.07726922556976133,0.27873862663062804,0.162,0.127,1,URI1,-0,Not sig
0.07761014089548593,0.5190262840214335,0.118,0.088,1,AGPS,-0,Not sig
0.07783826484150654,0.1777985090303229,0.52,0.452,1,INPP5D,-0,Not sig
0.07794384875436465,0.1442239294215537,0.328,0.276,1,RPS6KA3,-0,Not sig
0.07838077411905699,0.40807466603697806,0.231,0.194,1,SMAD2,-0,Not sig
0.0784606340472461,0.300833980885431,0.133,0.101,1,ULK4,-0,Not sig
0.07863551520909039,-0.35912971485660505,0.247,0.286,1,CEP350,-0,Not sig
0.07868426405527316,-0.41410239871395726,0.172,0.208,1,ACTN4,-0,Not sig
0.07930758182867,-0.272192866029378,0.153,0.189,1,CHD1,-0,Not sig
0.07982026290739332,-0.48261351138388076,0.111,0.14,1,EHBP1L1,-0,Not sig
0.07988201695019302,-0.6774247303147073,0.084,0.111,1,SEPT11,-0,Not sig
0.07989126906979754,-0.4680111498832195,0.089,0.118,1,ELP3,-0,Not sig
0.08026722357526259,0.1845802284209519,0.387,0.341,1,MAP3K5,-0,Not sig
0.08073326397437816,0.5605199812449486,0.118,0.09,1,TRIM38,-0,Not sig
0.08078276772470491,-0.47895992918713926,0.095,0.125,1,ITGA6,-0,Not sig
0.08089520104996357,-0.30487772281144165,0.099,0.13,1,PABPC4,-0,Not sig
0.08091197629229906,-0.565773638266502,0.097,0.125,1,MYO10,-0,Not sig
0.08175923992685256,0.30337403719422795,0.128,0.097,1,NUP214,-0,Not sig
0.08176254058468067,0.5236245878075926,0.106,0.078,1,PPIP5K2,-0,Not sig
0.08177658135952603,0.12005131732419608,0.133,0.101,1,OSTF1,-0,Not sig
0.0819655239596904,0.8621861966795499,0.111,0.085,1,SHLD2,-0,Not sig
0.08230888820118402,0.23935170208366374,0.181,0.144,1,KIAA1468,-0,Not sig
0.08251608775239819,-0.5681841609178582,0.074,0.101,1,ARID5A,-0,Not sig
0.08287759854213633,-0.38883718021027547,0.188,0.222,1,CERS6,-0,Not sig
0.08313075125788269,-0.32923001205303204,0.094,0.125,1,PFKL,-0,Not sig
0.08339332895527753,-0.49457772460805205,0.156,0.189,1,NBEAL1,-0,Not sig
0.08373042218300959,0.18033350313420993,0.143,0.109,1,CDK5RAP2,-0,Not sig
0.08408214260341118,-0.9775269705260643,0.09,0.116,1,EEF1A1,-0,Not sig
0.08427388633566898,0.35052348205638406,0.104,0.076,1,MAN1C1,-0,Not sig
0.08453652523383823,-0.622268477010093,0.085,0.113,1,FAM126B,-0,Not sig
0.08461228023489217,0.3873334458659359,0.129,0.099,1,MDM2,-0,Not sig
0.08475194418077944,-0.34978526859620673,0.075,0.102,1,VPS13A,-0,Not sig
0.08521876160727813,-0.6753291901539857,0.075,0.101,1,SRSF3,-0,Not sig
0.08579905180662446,0.3383648578651188,0.124,0.094,1,NDRG2,-0,Not sig
0.08601145040374489,0.3438545098481705,0.114,0.085,1,NFYC,-0,Not sig
0.08609486879570549,0.45734028337577237,0.117,0.088,1,FAM126A,-0,Not sig
0.08650995321809928,0.3141600565829912,0.167,0.132,1,AC087564.1,-0,Not sig
0.08705555691467506,0.4119763913843578,0.161,0.128,1,TBCA,-0,Not sig
0.08735861809553237,-0.39398790949568424,0.082,0.109,1,GON4L,-0,Not sig
0.08741919655548727,0.2497188078996142,0.276,0.236,1,FUS,-0,Not sig
0.08764670964443153,0.306692640108311,0.253,0.213,1,MS4A6A,-0,Not sig
0.08768055198655801,0.4371757764261651,0.173,0.14,1,MAPK8,-0,Not sig
0.08835210819254846,0.3999825295526933,0.102,0.075,1,UHRF1BP1,-0,Not sig
0.0885764310105888,0.36546042676805524,0.247,0.21,1,GMDS-DT,-0,Not sig
0.08870408149805643,0.36361839176621547,0.138,0.107,1,PARN,-0,Not sig
0.08880625967976048,-0.5020768219533224,0.083,0.109,1,DENND5B,-0,Not sig
0.08909266502830614,0.47578503027268026,0.104,0.078,1,MINK1,-0,Not sig
0.08935536298684833,0.32874485862591984,0.266,0.229,1,SUPT3H,-0,Not sig
0.08936584533189952,0.1935772500318837,0.134,0.102,1,AL365273.2,-0,Not sig
0.08964881487413107,0.2898298712673344,0.108,0.08,1,GOLIM4,-0,Not sig
0.09032482567795908,-0.2975563556670755,0.16,0.194,1,GRK5,-0,Not sig
0.09139492650319544,0.26588883618044556,0.177,0.144,1,CBFB,-0,Not sig
0.09162482776101775,-0.5569178215143266,0.131,0.161,1,SNX6,-0,Not sig
0.09185045043054618,0.30166335314286674,0.201,0.166,1,XRCC5,-0,Not sig
0.09192138048254436,0.10258990924153544,0.472,0.421,1,MGAT4A,-0,Not sig
0.09199960093567987,0.3088281744122736,0.217,0.18,1,GNB4,-0,Not sig
0.09225557192190426,0.349890004245336,0.188,0.156,1,KIAA1328,-0,Not sig
0.09263332512015675,-0.3595114750297834,0.224,0.256,1,VOPP1,-0,Not sig
0.09284498962152024,0.27853193606411564,0.206,0.168,1,PBX3,-0,Not sig
0.09301438243796091,-0.26800463236688343,0.187,0.225,1,PTPN2,-0,Not sig
0.09311728447146914,0.22370461785950657,0.256,0.217,1,DTNB,-0,Not sig
0.09379498617291138,-0.3935491163460302,0.133,0.165,1,PITPNB,-0,Not sig
0.09380610769274259,0.28853941071026573,0.151,0.118,1,SRGAP3,-0,Not sig
0.09405411385073681,0.26758036256273865,0.216,0.177,1,EXT1,-0,Not sig
0.09474408308697597,0.3126024688751237,0.126,0.095,1,ARRB2,-0,Not sig
0.09515163244977966,0.3575701315895745,0.127,0.097,1,TCF20,-0,Not sig
0.09517641044939183,0.18352083032412692,0.392,0.34,1,EXOC6B,-0,Not sig
0.09525325338671234,0.11043583976255356,0.392,0.338,1,RNF130,-0,Not sig
0.09559694305271127,0.26047349202081926,0.132,0.101,1,FGD2,-0,Not sig
0.09654549120153057,-0.5653865552888349,0.094,0.121,1,ARHGEF3,-0,Not sig
0.09658669076346124,0.17705599738572575,0.249,0.21,1,HP1BP3,-0,Not sig
0.09690819450842252,-0.2517743622641705,0.087,0.114,1,SPG7,-0,Not sig
0.09693352246226257,-0.29512736508196064,0.08,0.107,1,MAP3K14,-0,Not sig
0.09769026470867606,-0.40276032411135865,0.097,0.125,1,NCKAP1,-0,Not sig
0.09780654964177134,0.3432924726045028,0.128,0.099,1,ITGAM,-0,Not sig
0.09798854879453926,0.47662909996001446,0.104,0.078,1,DAGLB,-0,Not sig
0.09815767170840473,0.24276036518234267,0.214,0.179,1,CMSS1,-0,Not sig
0.09826245502775284,-0.24316406643733712,0.364,0.397,1,ERC1,-0,Not sig
0.09836656759702217,-0.2976020911327877,0.087,0.114,1,WNT2B,-0,Not sig
0.0986756705050922,-0.4354847803711186,0.253,0.286,1,HNRNPU,-0,Not sig
0.09906371655171593,-0.3960832332213219,0.152,0.184,1,MAGI3,-0,Not sig
0.09941265158516462,-0.16377399952978733,0.372,0.412,1,PTEN,-0,Not sig
0.09948649436334642,-0.56902595127727,0.084,0.109,1,SBNO1,-0,Not sig
0.09983861344604708,0.23816417920082011,0.162,0.13,1,PJA2,-0,Not sig
0.09999468090020466,0.269031258035427,0.123,0.094,1,TBC1D9,-0,Not sig
0.10012533464495614,0.11557415404952424,0.122,0.092,1,DCTN4,-0,Not sig
0.10019147406679489,-0.5784113343164521,0.077,0.101,1,TOX,-0,Not sig
0.10051456885695015,0.2620822657081694,0.121,0.092,1,HNRNPK,-0,Not sig
0.10064784496338154,-0.233273841640405,0.16,0.194,1,SLC22A23,-0,Not sig
0.10096077583011366,-0.45567638241024877,0.141,0.17,1,AFDN,-0,Not sig
0.1011906678709889,-0.21112794514188526,0.308,0.347,1,NFAT5,-0,Not sig
0.1014889573479643,0.2057756767205714,0.171,0.135,1,ATP2A2,-0,Not sig
0.10184952106965323,0.28330970870650973,0.205,0.168,1,MT-ND1,-0,Not sig
0.10206180628885138,0.25699073116659843,0.241,0.203,1,ARAP2,-0,Not sig
0.10220988147849983,-0.5322381881066813,0.121,0.149,1,SRSF4,-0,Not sig
0.10251716923498377,0.17487275377663175,0.156,0.123,1,FUBP1,-0,Not sig
0.10256178633617795,0.14890608754974588,0.338,0.295,1,USP6NL,-0,Not sig
0.10299077899399794,-0.646100104853742,0.078,0.102,1,TGFBR3,-0,Not sig
0.10340011099414265,-0.2302336582802056,0.371,0.404,1,MSI2,-0,Not sig
0.10348101599181252,0.3632077478164319,0.153,0.123,1,PPHLN1,-0,Not sig
0.1034986427245272,0.3398263421851603,0.129,0.101,1,RAB12,-0,Not sig
0.10352402525677193,-0.28124074137601096,0.25,0.289,1,SMCHD1,-0,Not sig
0.10359181623653264,-0.2670903563302769,0.237,0.272,1,NFATC3,-0,Not sig
0.10366936892121698,-0.5165419338913043,0.143,0.172,1,ABCA1,-0,Not sig
0.10422306783791438,-0.1620142579834845,0.078,0.104,1,SLC7A1,-0,Not sig
0.10442416913422178,0.2771718320512746,0.273,0.234,1,IGSF21,-0,Not sig
0.10444010214939808,0.33872311558834534,0.196,0.163,1,MDM4,-0,Not sig
0.10478352496745257,-0.24038713726289185,0.421,0.458,1,CUX1,-0,Not sig
0.10486469713938919,0.13436410826653988,0.251,0.208,1,RCSD1,-0,Not sig
0.10515759370930539,0.1518213101326451,0.239,0.198,1,MCF2L,-0,Not sig
0.1054525413379923,0.20919331006947406,0.195,0.159,1,AP1B1,-0,Not sig
0.10582268080475936,0.5555066197536154,0.114,0.088,1,MAP1B,-0,Not sig
0.10611766393451388,-0.37246635567209185,0.158,0.189,1,FCHO2,-0,Not sig
0.10663235347830784,0.6713749721384453,0.132,0.106,1,HLCS,-0,Not sig
0.10803546876914873,0.24244510110273887,0.268,0.224,1,MVB12B,-0,Not sig
0.10820415001342577,-0.4297456406829844,0.079,0.104,1,SLC38A11,-0,Not sig
0.10885382023171998,-0.5595589118343992,0.112,0.139,1,SSBP3,-0,Not sig
0.10938006654153141,-0.391159735549541,0.147,0.179,1,BTAF1,-0,Not sig
0.10957520557902271,0.33007451535386656,0.123,0.095,1,WBP1L,-0,Not sig
0.10959804583606836,0.37011288059958475,0.112,0.085,1,RBM14-RBM4,-0,Not sig
0.10974243941660831,-0.36557669332469667,0.206,0.237,1,SIK2,-0,Not sig
0.1098370119930701,-0.430731065885707,0.126,0.153,1,ELOVL5,-0,Not sig
0.11010980271383046,-0.3947292361728796,0.087,0.113,1,KDM3A,-0,Not sig
0.1112476547822881,-0.3750659428116777,0.128,0.158,1,ZFC3H1,-0,Not sig
0.1114733945930341,-0.5970166454544963,0.133,0.161,1,UGCG,-0,Not sig
0.11163309393508203,0.1721867743374983,0.204,0.168,1,MKNK1,-0,Not sig
0.11168749227269202,0.25425313778528114,0.152,0.121,1,ERP44,-0,Not sig
0.11189144021361927,0.38646457192686856,0.131,0.102,1,SNAP23,-0,Not sig
0.11191586161342508,-0.38751944613666583,0.082,0.107,1,NR2F2-AS1,-0,Not sig
0.11202909387935656,-0.16300715983927638,0.489,0.527,1,AUTS2,-0,Not sig
0.11211790184682069,0.26080618464335764,0.144,0.114,1,TTN-AS1,-0,Not sig
0.11217617160220218,-0.46289419558461936,0.119,0.146,1,PCED1B,-0,Not sig
0.11257720127209142,0.3723428339174891,0.205,0.172,1,COL4A3BP,-0,Not sig
0.11328614515112825,-0.39507173048785255,0.122,0.151,1,PIK3C2A,-0,Not sig
0.11364514144816477,-0.2590103283779377,0.181,0.213,1,KIF13A,-0,Not sig
0.11388867598261199,-0.3894234196081524,0.144,0.175,1,MYO6,-0,Not sig
0.1141286668627567,0.33018921503697296,0.224,0.192,1,DIP2A,-0,Not sig
0.11421778745102402,-0.4499983429175014,0.104,0.132,1,GGNBP2,-0,Not sig
0.11450284475339349,-0.3673020095485766,0.124,0.154,1,ZNF83,-0,Not sig
0.11507803368576339,-0.34771240540881765,0.193,0.224,1,ATAD2B,-0,Not sig
0.11572617673805659,0.289464666209613,0.302,0.267,1,RASA1,-0,Not sig
0.11591879503831314,-0.3822890301023857,0.144,0.173,1,SESN3,-0,Not sig
0.11595576390348834,0.13256421242229943,0.325,0.277,1,WDR70,-0,Not sig
0.11627879936531622,0.379735421550506,0.144,0.116,1,GAB3,-0,Not sig
0.11685257003252511,0.22084178177975983,0.142,0.113,1,RNASEH2B,-0,Not sig
0.1170857717823138,0.19788762190153253,0.133,0.104,1,AHI1,-0,Not sig
0.11794425102678399,-0.21683869052364324,0.205,0.241,1,CTNNB1,-0,Not sig
0.11855056364321316,0.36637943705156606,0.146,0.118,1,KDM3B,-0,Not sig
0.11871758897209952,-0.41787913811035293,0.141,0.17,1,FAM193A,-0,Not sig
0.1189679398300351,-0.568118814561025,0.139,0.166,1,BCL2L1,-0,Not sig
0.11956310432681783,-0.3257636133631956,0.19,0.222,1,SMG1,-0,Not sig
0.12101594485223077,0.10344032674755396,0.111,0.083,1,KANK1,-0,Not sig
0.12174866835100553,0.1775617283761921,0.123,0.095,1,ARHGEF10L,-0,Not sig
0.1220536441286304,0.462791733085258,0.165,0.135,1,STT3B,-0,Not sig
0.122798770592005,-0.308920272263836,0.201,0.232,1,DNAJC5,-0,Not sig
0.12302867743707363,-0.4123875976101135,0.083,0.107,1,FBXO28,-0,Not sig
0.124115570675997,0.4380472911066882,0.104,0.08,1,ORC4,-0,Not sig
0.12433606849828718,0.2281096542970834,0.176,0.144,1,UBE4B,-0,Not sig
0.12457058924825673,0.14139609444172896,0.278,0.237,1,UMAD1,-0,Not sig
0.12485290130876907,-0.31117816965663536,0.222,0.256,1,TMEM131,-0,Not sig
0.12504739864218656,0.1846775149066323,0.119,0.092,1,CD163,-0,Not sig
0.12534125568855592,-0.5599908697742265,0.109,0.133,1,MRPS6,-0,Not sig
0.12543064608329282,-0.24335183381116132,0.23,0.265,1,USP32,-0,Not sig
0.1256584556320129,0.10999175646761539,0.322,0.276,1,SLC39A11,-0,Not sig
0.12623468271333452,0.35998624183170097,0.138,0.111,1,RCOR3,-0,Not sig
0.12636491795406257,0.33546991936502785,0.101,0.076,1,MEGF9,-0,Not sig
0.1265193095157086,-0.26581654923411135,0.187,0.218,1,DENND4C,-0,Not sig
0.1274532439115233,0.12029080734268083,0.168,0.133,1,ABHD12,-0,Not sig
0.12764970708406034,-0.4932238591597816,0.122,0.147,1,PCGF5,-0,Not sig
0.1278323615963897,-0.880111920959749,0.118,0.14,1,MLLT3,-0,Not sig
0.12785631011724632,-0.26036126173126994,0.165,0.196,1,RSRP1,-0,Not sig
0.12831179968522047,0.4049137109503941,0.17,0.142,1,NCKAP1L,-0,Not sig
0.12952715458041597,0.30448770339272074,0.138,0.109,1,MIR34AHG,-0,Not sig
0.12969539159413523,0.3429611926140024,0.239,0.208,1,ZHX2,-0,Not sig
0.12976514394531405,-0.21420245831545126,0.136,0.166,1,STX12,-0,Not sig
0.13014922834491235,-0.5801714949275042,0.098,0.123,1,PTPN1,-0,Not sig
0.13032925763372127,0.15486329183513403,0.347,0.308,1,SUSD6,-0,Not sig
0.1305488690117822,0.11626556668150778,0.124,0.095,1,TMEM260,-0,Not sig
0.13068294912232584,0.2921527654203547,0.152,0.123,1,SNX1,-0,Not sig
0.1310547806299116,0.18440426397760667,0.319,0.281,1,TNRC6A,-0,Not sig
0.13174656796027298,0.3266612985133408,0.232,0.201,1,SMURF1,-0,Not sig
0.1320040633158704,-0.4074123836131078,0.127,0.154,1,RYK,-0,Not sig
0.13215650381597688,0.23158165780940676,0.349,0.312,1,SPRED1,-0,Not sig
0.1323353062153538,0.1260976433629848,0.281,0.239,1,RNF13,-0,Not sig
0.13260909219958553,0.2366232887100983,0.156,0.127,1,NUDCD3,-0,Not sig
0.1329078071889017,0.3012264345167091,0.143,0.114,1,LEPR,-0,Not sig
0.13303846917953532,-0.42307883954414816,0.103,0.128,1,HSD17B4,-0,Not sig
0.1337380600624071,0.19972030973990074,0.263,0.227,1,TET2,-0,Not sig
0.13382479898384694,-0.5051178459239365,0.101,0.125,1,ZDHHC17,-0,Not sig
0.13388708422325268,0.2887313023733918,0.107,0.081,1,ARMCX4,-0,Not sig
0.1345726262063292,0.3175978977481986,0.178,0.149,1,CPSF6,-0,Not sig
0.134782505323754,0.3355515878997486,0.126,0.099,1,CACNA2D1,-0,Not sig
0.13487644494503293,0.31435159847289607,0.149,0.121,1,KMT5B,-0,Not sig
0.13549798692874096,-0.3841084592171621,0.109,0.135,1,MSL2,-0,Not sig
0.13640983095840897,-0.24625838037963976,0.098,0.125,1,PPP2R2D,-0,Not sig
0.13662249925785047,0.45811074050661915,0.129,0.104,1,FAM208A,-0,Not sig
0.1373214159986848,0.3178655952631704,0.155,0.127,1,ZNF800,-0,Not sig
0.13869001669924957,0.2954704391306201,0.165,0.135,1,IL1RAP,-0,Not sig
0.1390765683203617,0.1271644470019746,0.335,0.295,1,CDK13,-0,Not sig
0.13937525060599554,-0.3424753035741679,0.212,0.243,1,TSPAN14,-0,Not sig
0.1396257178179356,-0.16974666531697435,0.3,0.34,1,CFLAR,-0,Not sig
0.13969061065447394,0.46247347081004225,0.119,0.095,1,INTS10,-0,Not sig
0.1402431279352905,0.3423261042685364,0.121,0.095,1,RBBP6,-0,Not sig
0.14033517073242754,-0.2293909846226847,0.198,0.232,1,MYO9A,-0,Not sig
0.14057399023804465,0.39196078170899185,0.106,0.081,1,PTK2B,-0,Not sig
0.14124850049355694,0.24542464992687918,0.102,0.078,1,HERC3,-0,Not sig
0.1412802168413288,-0.40258205401745567,0.102,0.127,1,USP22,-0,Not sig
0.14143735973015828,0.11939667938266996,0.192,0.158,1,RGS12,-0,Not sig
0.14166930506385295,-0.9456272246980607,0.102,0.125,1,NMT1,-0,Not sig
0.1430750932704132,0.1687352741327795,0.126,0.099,1,NT5DC1,-0,Not sig
0.14329901945105036,-0.43530506535180635,0.093,0.116,1,CPE,-0,Not sig
0.14332898553193923,0.16438865823308646,0.293,0.253,1,SETX,-0,Not sig
0.14334960622151585,0.293276119343297,0.133,0.106,1,DGLUCY,-0,Not sig
0.14368940246218448,0.23372239513582324,0.126,0.099,1,HIBADH,-0,Not sig
0.14462920984003091,-0.6213839214705248,0.083,0.104,1,HPCAL1,-0,Not sig
0.14493025580162922,0.2755463555687052,0.141,0.114,1,PIK3CB,-0,Not sig
0.1449793668062654,-0.2840664188448727,0.348,0.38,1,CCND3,-0,Not sig
0.1467531798163398,-0.3112238340079242,0.122,0.149,1,SMG7,-0,Not sig
0.14692162122136185,0.11161833033409208,0.33,0.289,1,PHIP,-0,Not sig
0.14755732729690865,0.3401122879061244,0.124,0.101,1,UBE2E3,-0,Not sig
0.1478514025735436,0.2752098806800226,0.205,0.173,1,RNF111,-0,Not sig
0.14829417850158125,-0.13836051614454847,0.207,0.239,1,GPC5,-0,Not sig
0.14881722710623496,0.1825289176039092,0.152,0.123,1,GALNT1,-0,Not sig
0.1509429779208308,0.2860367327584879,0.16,0.132,1,DDX10,-0,Not sig
0.15122227579650674,0.33103009815967444,0.234,0.205,1,PHKB,-0,Not sig
0.15221740095380018,0.3814793667423291,0.175,0.147,1,ANP32A,-0,Not sig
0.15318047239263458,-0.39010254896517044,0.098,0.121,1,LUZP1,-0,Not sig
0.1537192698049791,-0.41274346191294264,0.134,0.161,1,NEDD9,-0,Not sig
0.1542874538917285,0.16556601781327618,0.166,0.135,1,CD74,-0,Not sig
0.15477951668413165,-0.4763919026223683,0.151,0.175,1,NFIB,-0,Not sig
0.15504054294067063,-0.5119143004019227,0.109,0.133,1,GDI2,-0,Not sig
0.15533607574993108,0.11610217089606456,0.575,0.525,1,FCHSD2,-0,Not sig
0.1568661336407519,0.2661769843404873,0.216,0.184,1,GPRIN3,-0,Not sig
0.15786900349709448,0.3067040652032643,0.138,0.113,1,ANKFY1,-0,Not sig
0.1578916437493067,0.14078237170040697,0.197,0.163,1,AEBP2,-0,Not sig
0.15793933984015848,-0.2872495269502523,0.107,0.132,1,ABHD18,-0,Not sig
0.1579606092385981,0.28793585673224553,0.18,0.151,1,ABL2,-0,Not sig
0.15840471284585303,0.19333862414970948,0.173,0.144,1,MGA,-0,Not sig
0.1585899368879467,0.20330806564940063,0.114,0.09,1,NAA25,-0,Not sig
0.15900484331497247,0.2783599634880039,0.143,0.118,1,STRBP,-0,Not sig
0.15940646415246124,-0.2618252582798519,0.152,0.18,1,STK10,-0,Not sig
0.15972479138171525,0.2722730885228749,0.183,0.153,1,TRIM33,-0,Not sig
0.1597598050328765,-0.10669275026742397,0.588,0.61,1,LPP,-0,Not sig
0.16011454342390535,0.12532575852983552,0.72,0.678,1,FKBP5,-0,Not sig
0.16014370789686286,-0.12555807879768666,0.137,0.166,1,SOS2,-0,Not sig
0.16025852467648455,-0.3908430026190474,0.079,0.101,1,MT2A,-0,Not sig
0.16079278112400913,0.16982735026012266,0.128,0.102,1,STX18,-0,Not sig
0.16195582258784244,-0.2551852938784246,0.153,0.182,1,PLEKHA5,-0,Not sig
0.16244376458287102,0.27836463774424614,0.155,0.128,1,PDE1C,-0,Not sig
0.16252737640026999,-0.23979373189850461,0.312,0.341,1,CSNK1A1,-0,Not sig
0.16358506087263663,0.30944964853969426,0.116,0.092,1,DHX15,-0,Not sig
0.16459891316631806,-0.6175547862380546,0.084,0.104,1,PRPF38B,-0,Not sig
0.16480494733817658,-0.27978523154694446,0.099,0.123,1,GSPT1,-0,Not sig
0.16542329872196704,0.16345332621390174,0.234,0.203,1,TLE4,-0,Not sig
0.16571219325783143,0.31891127163463956,0.101,0.078,1,SOGA1,-0,Not sig
0.16592409834265998,0.2455347651649481,0.117,0.094,1,GLUD1,-0,Not sig
0.1665288210492806,0.10968905321209399,0.219,0.185,1,TRIM44,-0,Not sig
0.1671710255783894,0.1801179818046712,0.191,0.161,1,LINC02232,-0,Not sig
0.16770209497659538,-0.31403544628883096,0.139,0.165,1,STRN,-0,Not sig
0.16991427935324843,-0.30543737124875575,0.088,0.111,1,CALCOCO2,-0,Not sig
0.1701258884267832,-0.17908740073315155,0.23,0.194,1,RNF220,-0,Not sig
0.1701481935832931,-0.21427666659272404,0.52,0.536,1,TBC1D22A,-0,Not sig
0.1704420850886672,-0.39260450625346316,0.082,0.102,1,MYSM1,-0,Not sig
0.17082037547998397,0.31615686798937026,0.121,0.097,1,SH3TC1,-0,Not sig
0.17148582954536523,0.22728898459956348,0.205,0.173,1,PSME4,-0,Not sig
0.1718252845221465,0.21606467283001576,0.122,0.097,1,SGPP1,-0,Not sig
0.17215814546883468,-0.2872186978493678,0.333,0.354,1,NUMB,-0,Not sig
0.17281728195566323,-0.36560263903890533,0.227,0.253,1,PACSIN2,-0,Not sig
0.17325246001172967,-0.1459252247330246,0.16,0.191,1,KLF6,-0,Not sig
0.17373753813297146,-0.3436551405616197,0.202,0.229,1,UBR2,-0,Not sig
0.17413522152052577,-0.16419613889009943,0.182,0.215,1,FAM120A,-0,Not sig
0.1750581842891758,-0.1715510471049837,0.097,0.121,1,AATF,-0,Not sig
0.1758884191942866,0.43450198567865983,0.119,0.097,1,SLC25A29,-0,Not sig
0.17600187707234233,0.35191105501806924,0.147,0.123,1,PARP4,-0,Not sig
0.17611906635637306,0.287375056991493,0.173,0.147,1,ACACA,-0,Not sig
0.17620124540870455,0.14919699589624252,0.153,0.125,1,ATG10,-0,Not sig
0.1762610878530482,-0.24662031761730074,0.211,0.241,1,TNFRSF1B,-0,Not sig
0.17710080613092968,-0.27356211929205143,0.25,0.277,1,PPP2R5C,-0,Not sig
0.17744028921404725,0.1089818894512008,0.16,0.13,1,PPP1R21,-0,Not sig
0.17801833715520265,-0.5551271016599546,0.09,0.111,1,SAFB,-0,Not sig
0.1780677189615857,-0.2938193783168972,0.175,0.201,1,CDC42BPA,-0,Not sig
0.17869190553357292,0.26495131091386126,0.212,0.184,1,KIF1B,-0,Not sig
0.17981566285102743,0.2602924051898552,0.338,0.3,1,COMMD10,-0,Not sig
0.18003644261818758,0.1659364786711579,0.177,0.147,1,NFKB1,-0,Not sig
0.18047765889731954,-0.18389060459740225,0.384,0.412,1,RBM6,-0,Not sig
0.181190787929111,-0.1205363710911862,0.582,0.603,1,AC016831.7,-0,Not sig
0.18387932285955447,-0.18883670273926279,0.31,0.345,1,TRAPPC9,-0,Not sig
0.18397175495337417,0.19673213028209238,0.132,0.107,1,CNNM2,-0,Not sig
0.1840883373224895,-0.3442340256622743,0.08,0.101,1,HBP1,-0,Not sig
0.1851765502748723,-0.27912106063426545,0.137,0.163,1,TMOD3,-0,Not sig
0.185365522137265,-0.4228886347942695,0.085,0.106,1,UBE2Z,-0,Not sig
0.18562442747723829,0.10876539583424183,0.201,0.17,1,LCP2,-0,Not sig
0.18593750084932573,0.36771301594235334,0.104,0.083,1,USP40,-0,Not sig
0.1866265936916983,0.16022493082805678,0.161,0.133,1,PACS2,-0,Not sig
0.18704826299142943,0.2864386109633834,0.161,0.135,1,VSIR,-0,Not sig
0.1872002468149777,0.5163707629207642,0.121,0.099,1,PLXNA2,-0,Not sig
0.18749939581038555,-0.38529588301968154,0.222,0.246,1,EP300,-0,Not sig
0.18767276581211367,-0.3799983953233127,0.134,0.158,1,ZRANB2,-0,Not sig
0.18798104546359898,0.10466992856880575,0.484,0.44,1,FLI1,-0,Not sig
0.18856382767203986,0.2534985761768166,0.166,0.139,1,NUP98,-0,Not sig
0.18899364075100472,-0.6254292840019386,0.087,0.106,1,DEK,-0,Not sig
0.18992137476362794,0.2679416791366216,0.188,0.161,1,ZMYND11,-0,Not sig
0.19015679940003352,-0.5871870760696979,0.09,0.109,1,HSPA4,-0,Not sig
0.19069703638067012,-0.2713265593784808,0.182,0.21,1,KMT2A,-0,Not sig
0.19247591317127183,0.3290958405927791,0.209,0.18,1,CDC73,-0,Not sig
0.19279400223067472,0.10000967206750766,0.237,0.203,1,A2M,-0,Not sig
0.1930212201891733,0.41168612258257314,0.124,0.102,1,ATP6V0E1,-0,Not sig
0.19327423171322772,0.24718446345187886,0.114,0.092,1,LRPPRC,-0,Not sig
0.1938629244702115,0.12329117952329316,0.204,0.173,1,BMPR1A,-0,Not sig
0.19400599956910058,-0.42894748568246066,0.084,0.104,1,HPS3,-0,Not sig
0.19484101208782242,0.1865967335514498,0.261,0.231,1,IL6ST,-0,Not sig
0.19486420511095734,-0.29416514122728143,0.204,0.229,1,HIPK2,-0,Not sig
0.19572806884711677,-0.14687568082261482,0.492,0.52,1,MACF1,-0,Not sig
0.19645276950471727,-0.27769551451765107,0.19,0.215,1,AFF4,-0,Not sig
0.19725003221129916,-0.3340339614079949,0.153,0.177,1,UBR1,-0,Not sig
0.19743609579908059,-0.24011943778720068,0.256,0.282,1,NSD1,-0,Not sig
0.1979746066694666,-0.40039246533152884,0.18,0.201,1,CASC4,-0,Not sig
0.19801749996538184,0.19509383056222274,0.222,0.191,1,IFNGR2,-0,Not sig
0.1986462680037061,0.10214333700992961,0.5,0.463,1,DIP2B,-0,Not sig
0.19922171728770655,-0.14116907848196392,0.264,0.295,1,VPS13D,-0,Not sig
0.19926447418857796,-0.32069949139309495,0.332,0.352,1,UBE2D3,-0,Not sig
0.20096610321563402,0.24018322911757783,0.193,0.168,1,PPP1R12B,-0,Not sig
0.20113275446914225,-0.1355856090388916,0.554,0.584,1,JMJD1C,-0,Not sig
0.20114524698053943,-0.28928346108134984,0.093,0.114,1,CPPED1,-0,Not sig
0.20202561963052634,-0.26472536750754067,0.083,0.104,1,C16orf72,-0,Not sig
0.20225215777292954,-0.23843358984198515,0.188,0.213,1,TAF3,-0,Not sig
0.20266152236014467,-0.36188117565679456,0.152,0.175,1,THOC2,-0,Not sig
0.2033501335804462,-0.3358988009009523,0.129,0.153,1,PLSCR1,-0,Not sig
0.2037819196935825,0.44773430454378943,0.104,0.085,1,GOSR1,-0,Not sig
0.20381622903445434,-0.16336495342857899,0.099,0.121,1,SLC6A1,-0,Not sig
0.20404312314836115,-0.260237707317197,0.129,0.153,1,EEA1,-0,Not sig
0.20488827391782183,0.20447519289387345,0.134,0.111,1,EP400,-0,Not sig
0.20496937261960974,-0.3404677299786918,0.138,0.163,1,EGLN1,-0,Not sig
0.20544707396103717,-0.39408834354546834,0.104,0.125,1,SLC16A1-AS1,-0,Not sig
0.20579706563380928,-0.3199963528568107,0.113,0.135,1,NPIPB5,-0,Not sig
0.20599716642806837,-0.5055043220900889,0.088,0.107,1,DHRS3,-0,Not sig
0.20710987124301658,-0.3752807068759542,0.133,0.154,1,TRAPPC8,-0,Not sig
0.20722882771662596,0.15713626114801116,0.205,0.173,1,CACNA1A,-0,Not sig
0.20763354865168324,0.1908945339035063,0.112,0.09,1,CBWD5,-0,Not sig
0.20829658719357924,-0.36039539230490625,0.167,0.191,1,RABGAP1,-0,Not sig
0.20832976716677734,-0.40190214402330676,0.106,0.127,1,MMP24OS,-0,Not sig
0.20841527934437737,0.3169828357364661,0.107,0.087,1,AHCYL1,-0,Not sig
0.20868343984983684,0.25136739548548404,0.162,0.137,1,STXBP5,-0,Not sig
0.21013051798162222,-0.13054285384600572,0.112,0.135,1,MAX,-0,Not sig
0.21030674894651807,0.13338253957040982,0.114,0.092,1,BIN2,-0,Not sig
0.21065058327821126,0.1857837754821361,0.312,0.279,1,TNRC18,-0,Not sig
0.21077914359930836,0.1355291060650696,0.114,0.092,1,EFCAB13,-0,Not sig
0.2124565936403906,-0.38038519057711734,0.111,0.088,1,HSP90B1,-0,Not sig
0.2128290300200405,0.26711525305933237,0.116,0.094,1,NDUFAF2,-0,Not sig
0.2130195011802712,0.40064362656091623,0.181,0.158,1,EXOC2,-0,Not sig
0.21320501014038404,0.15398975389456138,0.348,0.315,1,DYM,-0,Not sig
0.213557832320683,-0.28130496784937975,0.196,0.22,1,LSM14A,-0,Not sig
0.21366230605177658,-0.41876809130654497,0.128,0.149,1,WWP1,-0,Not sig
0.21385836115126897,0.6324368384869923,0.173,0.154,1,NTM,-0,Not sig
0.2139608903420337,0.1489749980352395,0.25,0.217,1,CNOT4,-0,Not sig
0.2147924219735363,0.22176279629618034,0.193,0.166,1,TLN2,-0,Not sig
0.21482224251461277,-0.32367042029497783,0.171,0.194,1,FOXJ3,-0,Not sig
0.21514310554998148,0.18056601932572158,0.168,0.144,1,SRSF11,-0,Not sig
0.21579007006640813,-0.2796372369597787,0.157,0.182,1,TCF25,-0,Not sig
0.21640130265031554,0.19228443142242957,0.196,0.17,1,GPATCH2L,-0,Not sig
0.21654084660124456,0.21864882323457024,0.269,0.239,1,SCAF11,-0,Not sig
0.21660936307389012,0.12233717811689426,0.165,0.139,1,WDPCP,-0,Not sig
0.2167814816708528,-0.4062814508924082,0.26,0.282,1,HIVEP3,-0,Not sig
0.2169550101313915,0.19872594417035372,0.263,0.232,1,CDK19,-0,Not sig
0.21699648037448035,-0.5396146503229171,0.134,0.154,1,CRK,-0,Not sig
0.2170232942427326,0.1583311814995132,0.191,0.163,1,PRMT2,-0,Not sig
0.21757824226283956,0.24929218360037364,0.281,0.25,1,SNX13,-0,Not sig
0.2176198096983082,-0.7504669819559412,0.107,0.127,1,GNA12,-0,Not sig
0.2182960542519062,0.23672666094948402,0.273,0.246,1,BRAF,-0,Not sig
0.21850848129550712,0.3629594217238887,0.111,0.09,1,OTULINL,-0,Not sig
0.2190908359158188,0.15418388670764188,0.104,0.083,1,NEK6,-0,Not sig
0.2196408846051373,-0.815030993065603,0.128,0.146,1,YWHAE,-0,Not sig
0.2197272625771891,0.3469198608370923,0.108,0.088,1,UBQLN1,-0,Not sig
0.21998695277540878,-0.196399703730454,0.092,0.113,1,CYP20A1,-0,Not sig
0.22051996912245267,0.15847739070944833,0.217,0.189,1,WDFY4,-0,Not sig
0.2211888914489156,0.18280847313048287,0.401,0.366,1,FAM172A,-0,Not sig
0.22259739077208102,-0.8210660292100236,0.114,0.135,1,TXNRD1,-0,Not sig
0.22478402905221534,0.11311758587993248,0.334,0.298,1,RIN3,-0,Not sig
0.22513561928793693,-0.3319073972793191,0.082,0.101,1,SREK1,-0,Not sig
0.2260136237313028,-0.25032245479359716,0.16,0.182,1,TNFAIP8,-0,Not sig
0.22643670931956622,-0.31068556906724304,0.104,0.125,1,SESTD1,-0,Not sig
0.22670540049713553,0.13187622202185748,0.131,0.107,1,ERI3,-0,Not sig
0.2274788031346935,0.10079504693802299,0.441,0.404,1,BAZ2B,-0,Not sig
0.22799387523060782,0.21894336289387362,0.185,0.159,1,KIF13B,-0,Not sig
0.22849239585697886,0.11947010385620582,0.237,0.206,1,USP24,-0,Not sig
0.22868051541486772,0.10535529310225633,0.279,0.248,1,ARIH1,-0,Not sig
0.228799548224485,0.24970113370761557,0.111,0.09,1,STXBP3,-0,Not sig
0.22961069605718273,0.38068854005722974,0.128,0.107,1,OPHN1,-0,Not sig
0.22970853690553694,0.17516861399568767,0.106,0.085,1,NDUFS4,-0,Not sig
0.23085959627739347,-0.2452560220892499,0.258,0.286,1,CDC42SE2,-0,Not sig
0.23144775390480474,0.2026449104164244,0.215,0.187,1,BTRC,-0,Not sig
0.23190922562185007,-0.2450437680976354,0.205,0.231,1,RNF115,-0,Not sig
0.2321662338546684,-0.11893438447119853,0.171,0.142,1,SYTL3,-0,Not sig
0.23313448021544678,-0.23245362372991618,0.49,0.494,1,CMIP,-0,Not sig
0.23314681075064278,0.13405773732165582,0.227,0.199,1,ZNF207,-0,Not sig
0.23478324785924629,0.26732298294894075,0.147,0.125,1,PIK3C3,-0,Not sig
0.2353154872246436,0.16148623840194176,0.192,0.166,1,SFPQ,-0,Not sig
0.23621652826463915,-0.5081592438560742,0.098,0.116,1,DIDO1,-0,Not sig
0.23842591136231575,0.16929861768339327,0.107,0.087,1,GLCE,-0,Not sig
0.239511229865971,0.10710430353058548,0.126,0.104,1,ZNF516,-0,Not sig
0.24201196009256776,0.1685959615682151,0.227,0.201,1,TFCP2,-0,Not sig
0.24208425897855917,-0.5807593368669822,0.095,0.113,1,KCTD8,-0,Not sig
0.24381825090233578,-0.40589984205572216,0.098,0.116,1,CWF19L2,-0,Not sig
0.24392766891727352,-0.330048730412262,0.172,0.194,1,KIAA0232,-0,Not sig
0.24396855947202944,0.13033136707492954,0.242,0.21,1,HDAC8,-0,Not sig
0.24580039967119038,0.32684365831980267,0.206,0.184,1,CTTNBP2NL,-0,Not sig
0.24654047379285035,-0.5183901695361409,0.165,0.185,1,HECTD4,-0,Not sig
0.2468833513935464,0.34329396498818343,0.132,0.113,1,MYO1D,-0,Not sig
0.24767170569035737,-0.32277467318733055,0.18,0.201,1,LARGE1,-0,Not sig
0.24800336786702806,0.2002890371315938,0.152,0.13,1,ADAM17,-0,Not sig
0.24817392254839996,-0.3313333921991596,0.109,0.13,1,LEMD3,-0,Not sig
0.2482444029485554,-0.7381568029314232,0.09,0.106,1,ABCB7,-0,Not sig
0.24890297977707126,0.308141636852431,0.113,0.094,1,NUBPL,-0,Not sig
0.2491313289536724,0.20584934828867307,0.195,0.168,1,SH3RF1,-0,Not sig
0.2497507865078758,0.2544037808811733,0.172,0.149,1,HECTD1,-0,Not sig
0.2499633291783332,-0.485833510353978,0.112,0.13,1,YEATS2,-0,Not sig
0.250024835783272,-0.2300349136011195,0.254,0.277,1,IFI16,-0,Not sig
0.25052570891346326,0.241019904145521,0.255,0.231,1,RIN2,-0,Not sig
0.2516894622644233,-0.2656956616313255,0.335,0.354,1,GNB1,-0,Not sig
0.25183831182343547,0.24820664083309252,0.16,0.137,1,SHOC2,-0,Not sig
0.25190504860488555,0.2476865650086283,0.117,0.097,1,EXOC5,-0,Not sig
0.2519755903685893,0.21844040174223123,0.268,0.241,1,PRKCE,-0,Not sig
0.2519779389746766,-0.1989229306783824,0.217,0.239,1,MT-CO1,-0,Not sig
0.2523893404166158,-0.2846622626532598,0.111,0.13,1,FMNL1,-0,Not sig
0.25350422319063265,-0.3338917557789077,0.094,0.113,1,YIPF4,-0,Not sig
0.2543323632795341,-0.229379485710957,0.132,0.154,1,TMEM131L,-0,Not sig
0.25508198519822706,-0.8509897246225746,0.103,0.12,1,DDX3X,-0,Not sig
0.2552793937261301,-0.3636533829919826,0.157,0.177,1,SREBF2,-0,Not sig
0.25618430710343953,-0.2573253953978907,0.236,0.256,1,ADD1,-0,Not sig
0.25667715114088907,0.2496234625543139,0.128,0.107,1,ANKRD36,-0,Not sig
0.25676595949018105,-0.26000410166693033,0.089,0.107,1,CDK14,-0,Not sig
0.25686603719398754,-0.24211592738202725,0.123,0.144,1,ZNF124,-0,Not sig
0.2569358892483512,0.24890937100518573,0.107,0.088,1,ANAPC1,-0,Not sig
0.25852890378305043,-0.30882777106258874,0.122,0.14,1,MTREX,-0,Not sig
0.2590291651463044,-0.3013931301784929,0.143,0.165,1,KHDRBS1,-0,Not sig
0.25907131767033326,0.1055313947720542,0.357,0.341,1,TRPS1,-0,Not sig
0.2602922904550995,0.3241413622414526,0.122,0.102,1,POM121C,-0,Not sig
0.26059664921245135,0.15555895046714463,0.383,0.354,1,COP1,-0,Not sig
0.26106475847605226,0.15362228394914898,0.126,0.106,1,CWC27,-0,Not sig
0.26258753716200467,-0.19281970497258305,0.392,0.407,1,ZNF638,-0,Not sig
0.2626764574223868,-0.4089695035700625,0.103,0.121,1,PRPF4B,-0,Not sig
0.26358444762311933,-0.3533954140512767,0.312,0.322,1,RASSF8,-0,Not sig
0.2636487768674362,0.2238732454986745,0.129,0.109,1,SOAT1,-0,Not sig
0.2639201635664719,0.2631985992688888,0.153,0.132,1,ATR,-0,Not sig
0.26422528750439533,-0.4290596132891581,0.175,0.194,1,ITGAV,-0,Not sig
0.2649846210527721,0.35752949343005686,0.168,0.149,1,AUH,-0,Not sig
0.265132610577147,-0.2555819011131315,0.165,0.187,1,PPM1L,-0,Not sig
0.26523985638377046,-0.20417286101029347,0.104,0.125,1,UHRF2,-0,Not sig
0.26702793622086735,-0.2844997605869566,0.109,0.128,1,LARP4,-0,Not sig
0.2671263308308675,-0.2391865019794046,0.161,0.184,1,RHOA,-0,Not sig
0.2680168269313978,-0.4456665017097822,0.129,0.147,1,SLC23A2,-0,Not sig
0.2697364705358913,-0.4954671990041303,0.087,0.102,1,TANGO2,-0,Not sig
0.26977605842103525,-0.42138827045036586,0.143,0.161,1,TIMM23B,-0,Not sig
0.2707345728126381,-0.1387945423935918,0.171,0.142,1,RB1CC1,-0,Not sig
0.2710020256729895,-0.2669375486855664,0.162,0.182,1,NAP1L1,-0,Not sig
0.2716827153442654,-0.4138734390009624,0.116,0.133,1,GOLPH3,-0,Not sig
0.27171931635245916,-0.13633981051212718,0.324,0.35,1,DENND3,-0,Not sig
0.27178811396557084,0.1797552314173237,0.132,0.111,1,C6orf106,-0,Not sig
0.2721160951428598,0.24985918626805018,0.111,0.092,1,ZNF654,-0,Not sig
0.27273610009705845,-0.3124109387507561,0.329,0.35,1,RPS6KA2,-0,Not sig
0.27303858092591415,0.4714672204477175,0.165,0.146,1,MAPK10,-0,Not sig
0.27332231386038575,-0.6533296633447683,0.099,0.116,1,SERBP1,-0,Not sig
0.27337891297474237,-0.2197801092751826,0.084,0.102,1,PLEC,-0,Not sig
0.27411972453308764,-0.21122162602859063,0.171,0.194,1,INTS6,-0,Not sig
0.2745528616325605,0.2762798179643576,0.132,0.113,1,CORO1C,-0,Not sig
0.2746593354374525,0.2655267029432924,0.173,0.153,1,CIRBP,-0,Not sig
0.2759907282240409,-0.2954707413674533,0.092,0.109,1,UBA3,-0,Not sig
0.27636335054244376,-0.20500358254315335,0.113,0.133,1,TMEM135,-0,Not sig
0.27735994165488154,0.16434645719079394,0.134,0.114,1,SUZ12,-0,Not sig
0.27754613759541646,-0.38996273805935233,0.107,0.125,1,PRAM1,-0,Not sig
0.2783250451123133,-0.3548609012086932,0.141,0.159,1,PRR14L,-0,Not sig
0.2787662663902229,0.21287668300893925,0.21,0.187,1,PHACTR2,-0,Not sig
0.27899169811869556,-0.22572099184708194,0.227,0.248,1,SCAPER,-0,Not sig
0.2792178691797888,-0.3203323403090127,0.141,0.161,1,SNRK,-0,Not sig
0.2792614225212732,-0.4303289909732187,0.107,0.125,1,AKNA,-0,Not sig
0.2795400195536804,0.2636633197549477,0.127,0.107,1,ZNF254,-0,Not sig
0.279687056001362,0.36903903550437467,0.107,0.09,1,BST2,-0,Not sig
0.27972327202785724,-0.4036207829212539,0.134,0.153,1,XYLT1,-0,Not sig
0.27983512130039184,-0.44066923156035587,0.173,0.189,1,SCARB1,-0,Not sig
0.2806907347588049,0.1649076569605742,0.16,0.139,1,SEM1,-0,Not sig
0.28072231761495614,-0.30156863193946615,0.155,0.173,1,SPG11,-0,Not sig
0.2813161763148538,0.16444678947536584,0.24,0.21,1,RNF216,-0,Not sig
0.28259707304365744,0.21908436317347446,0.197,0.177,1,FAR1,-0,Not sig
0.28316630407790516,-0.22866505794200465,0.178,0.201,1,VAPA,-0,Not sig
0.2833033711386863,-0.2475232254294808,0.274,0.295,1,RAB1A,-0,Not sig
0.28378155979824216,0.23954392443885036,0.104,0.087,1,KIAA1147,-0,Not sig
0.28454260610308124,0.34000191180637884,0.312,0.298,1,SUMF1,-0,Not sig
0.28466392238876714,-0.21552332504041605,0.129,0.151,1,RBMS2,-0,Not sig
0.28486932868627524,0.3675867460316821,0.103,0.087,1,ZBTB44,-0,Not sig
0.28564794471433896,-0.19344304871142448,0.274,0.293,1,TRAK1,-0,Not sig
0.2874179449137227,-0.2711170008200723,0.209,0.227,1,USP47,-0,Not sig
0.28748802441915067,-0.44213569223186133,0.146,0.165,1,MPZL1,-0,Not sig
0.28797168014371155,0.16219232306932008,0.157,0.137,1,TRAPPC10,-0,Not sig
0.28825879741741794,0.2457373869289503,0.111,0.092,1,AF117829.1,-0,Not sig
0.28837873509149126,-0.13428369715896027,0.433,0.44,1,ASH1L,-0,Not sig
0.28846752035037226,0.1174266814583278,0.309,0.281,1,ZNF407,-0,Not sig
0.2908173971202922,-0.22651942140356668,0.133,0.153,1,KIAA0319L,-0,Not sig
0.291196393429688,0.10314955493689915,0.122,0.102,1,ATP6V1H,-0,Not sig
0.29161067237432153,-0.29662960127516436,0.157,0.177,1,MECP2,-0,Not sig
0.2923972888575694,0.4200450075797857,0.126,0.109,1,OGDH,-0,Not sig
0.2926701889006633,0.3196244838571883,0.122,0.104,1,FGFR1OP2,-0,Not sig
0.29380145754683396,0.1617569913484791,0.212,0.187,1,RPS6KC1,-0,Not sig
0.2942969940754712,0.3521472245660465,0.142,0.125,1,SERGEF,-0,Not sig
0.2944294435431936,-0.34104264555826336,0.19,0.21,1,HIP1,-0,Not sig
0.29547458126848697,0.13111650943147274,0.148,0.127,1,BANP,-0,Not sig
0.2976560774228884,-0.5168379908400742,0.092,0.107,1,SELENOW,-0,Not sig
0.2993278692937077,0.16149808262907506,0.236,0.265,1,GRID2,-0,Not sig
0.29943086066407626,-0.2755472940621828,0.239,0.258,1,MAP4,-0,Not sig
0.3015798157451988,0.11335901893217881,0.112,0.094,1,DCUN1D1,-0,Not sig
0.30161233994980885,-0.19101101660270148,0.136,0.156,1,FAM214A,-0,Not sig
0.30179208552921866,-0.3531926574689839,0.204,0.22,1,PELI2,-0,Not sig
0.30277525507439057,0.1754628071551222,0.133,0.114,1,KPNA3,-0,Not sig
0.30289452128714567,0.21059913148277298,0.126,0.107,1,AC027644.4,-0,Not sig
0.304273966778137,0.14529918761746052,0.229,0.206,1,RAB3GAP1,-0,Not sig
0.30462201306983405,-0.31860197984406036,0.108,0.125,1,MPDZ,-0,Not sig
0.30509364059324134,-0.47179044695023886,0.094,0.109,1,LATS1,-0,Not sig
0.3050948769628844,0.1303366347180237,0.139,0.12,1,RALGAPB,-0,Not sig
0.30511549571593083,0.2802245916209514,0.141,0.123,1,UBE2G1,-0,Not sig
0.30574079445900004,0.17595366512731436,0.146,0.127,1,MARK2,-0,Not sig
0.30727131981480627,0.14915507694718727,0.127,0.107,1,LPGAT1,-0,Not sig
0.30855253736151705,-0.17930339596182598,0.173,0.192,1,RPRD2,-0,Not sig
0.3085551334676249,0.13903318557378963,0.227,0.203,1,TOP1,-0,Not sig
0.3094081226857956,0.3450895410698005,0.108,0.092,1,RAD23B,-0,Not sig
0.3098678998190564,0.11283641690375501,0.148,0.128,1,SF3B1,-0,Not sig
0.31030354129753396,0.10871838289603841,0.143,0.123,1,TIMP2,-0,Not sig
0.31309616914387495,-0.26410685047614657,0.158,0.177,1,PIAS2,-0,Not sig
0.3141846538965337,-0.28135141461282265,0.318,0.336,1,CTBP2,-0,Not sig
0.31711439383475964,0.12549862909528287,0.207,0.185,1,NRF1,-0,Not sig
0.31719342221764607,-0.4347267213430103,0.106,0.121,1,BCLAF1,-0,Not sig
0.31729318013638674,-0.29243039581298014,0.151,0.17,1,AGO4,-0,Not sig
0.3175989313157457,0.11730974225850477,0.217,0.191,1,PKD2,-0,Not sig
0.31763347759769583,0.14511688222937624,0.178,0.156,1,METTL15,-0,Not sig
0.31878514354756665,0.14215598279910935,0.162,0.142,1,MBTD1,-0,Not sig
0.3191024867697722,-0.24841586541622918,0.144,0.165,1,GNA13,-0,Not sig
0.31971936070546764,-0.2640028137646083,0.16,0.177,1,STK24,-0,Not sig
0.3198014475711728,0.1996930451818062,0.219,0.199,1,ANKIB1,-0,Not sig
0.3198708228904251,0.23690705884999397,0.152,0.133,1,DYNC1H1,-0,Not sig
0.32046163813486866,0.17089277912712522,0.118,0.101,1,DAP3,-0,Not sig
0.3206658170168874,0.1749484555831774,0.132,0.114,1,VRK2,-0,Not sig
0.32123472872917214,0.25056106584344284,0.172,0.153,1,SCLT1,-0,Not sig
0.32126707418001804,0.22442158553123767,0.112,0.095,1,CTSC,-0,Not sig
0.32155245066218235,0.18770438396808026,0.138,0.12,1,ATP2B4,-0,Not sig
0.32157863776609696,0.25315254860971204,0.157,0.139,1,UBE2G2,-0,Not sig
0.3225107875204115,-0.19164927100746038,0.095,0.113,1,TCERG1,-0,Not sig
0.3227600751045849,-0.15633886869729174,0.334,0.357,1,ANKRD12,-0,Not sig
0.3227811853662089,-0.20648888711179714,0.122,0.139,1,TAF1,-0,Not sig
0.3243492068668524,-0.23490560643004432,0.394,0.406,1,EPS8,-0,Not sig
0.324730837412233,-0.3933190886113025,0.089,0.104,1,TPM3,-0,Not sig
0.3249478412012052,-0.2732858009655811,0.157,0.175,1,PIK3CD,-0,Not sig
0.3250172867889417,-0.3532486526191288,0.139,0.154,1,ENSA,-0,Not sig
0.3255172710903442,-0.18788060168331022,0.131,0.149,1,PIKFYVE,-0,Not sig
0.32563163149762986,-0.16127338835418437,0.455,0.456,1,RABGAP1L,-0,Not sig
0.32596900179161914,0.17459198409428356,0.279,0.262,1,PLCL2,-0,Not sig
0.3260341427066166,0.12102361717649412,0.142,0.123,1,DCP2,-0,Not sig
0.3264251350931005,-0.24143243420370653,0.163,0.184,1,CREBRF,-0,Not sig
0.3265073366145581,-0.3608267085630769,0.095,0.111,1,HNRNPR,-0,Not sig
0.3269127958296547,0.106213613562568,0.106,0.088,1,TUBGCP3,-0,Not sig
0.3276381769214364,0.2665287890484917,0.134,0.118,1,TPP2,-0,Not sig
0.328830191438759,-0.2546491070216886,0.09,0.106,1,BID,-0,Not sig
0.32912647973068027,0.19836388286582152,0.181,0.161,1,TIAM2,-0,Not sig
0.3295369408621096,-0.255472357458376,0.119,0.135,1,NIN,-0,Not sig
0.33229192849532985,-0.17455485527529768,0.155,0.173,1,SWAP70,-0,Not sig
0.3330739892277904,0.16835032561124605,0.101,0.085,1,ZNF431,-0,Not sig
0.33332218529440144,-0.315164391170482,0.22,0.234,1,PHC3,-0,Not sig
0.3344409487299377,-0.333211656231919,0.123,0.139,1,DENND6A,-0,Not sig
0.3350042971832235,0.27037528273754896,0.104,0.088,1,DHX36,-0,Not sig
0.33554937340744406,-0.32704460951993714,0.143,0.159,1,SYNRG,-0,Not sig
0.33785879568945576,-0.38646558391765917,0.089,0.104,1,TMEM87B,-0,Not sig
0.3383114149510695,0.24514746863894443,0.126,0.109,1,SLC38A9,-0,Not sig
0.33874276477853016,0.12374255754764563,0.256,0.231,1,LPIN2,-0,Not sig
0.3389089600099074,-0.4196586635014371,0.167,0.182,1,STAU2,-0,Not sig
0.3392384337390396,0.3036114381007523,0.118,0.102,1,RIF1,-0,Not sig
0.33942848041948326,-0.5599961669084367,0.155,0.166,1,CARD11,-0,Not sig
0.33975729586073916,0.24053058159123997,0.186,0.166,1,CRADD,-0,Not sig
0.34106908881524073,0.13288816045072038,0.216,0.194,1,AGO3,-0,Not sig
0.34375259580715384,-0.19409894363612534,0.23,0.25,1,PAPOLA,-0,Not sig
0.3443882536113341,0.142740492197422,0.107,0.09,1,TMBIM6,-0,Not sig
0.344999645657292,0.27088177805808666,0.129,0.113,1,TRAPPC12,-0,Not sig
0.3463547359897873,0.1000646661775948,0.343,0.315,1,EPS15,-0,Not sig
0.3478494332342562,0.19668264208387823,0.107,0.09,1,ASAH1,-0,Not sig
0.3536487056271888,0.16861162867396762,0.202,0.184,1,VPS53,-0,Not sig
0.3541094911810931,-0.20559649473001151,0.116,0.132,1,SENP5,-0,Not sig
0.3559558909306704,-0.21244097512160473,0.089,0.104,1,FLOT1,-0,Not sig
0.356833509533431,0.27697088898995464,0.123,0.107,1,ZNF277,-0,Not sig
0.3571186329505106,-0.2818241886188068,0.117,0.132,1,PIP5K1B,-0,Not sig
0.3575803403370653,0.19375390386375507,0.129,0.113,1,IWS1,-0,Not sig
0.3580054193044824,-0.20370072516705795,0.195,0.213,1,FBXL7,-0,Not sig
0.36043928890266597,0.33935704526246746,0.122,0.107,1,CACNB2,-0,Not sig
0.36055565820866914,-0.1548272264365229,0.165,0.184,1,HIF3A,-0,Not sig
0.3610436524797429,-0.2070799824086359,0.158,0.175,1,PBX1,-0,Not sig
0.36524954461643283,-0.15716976260098026,0.229,0.244,1,ZFAND6,-0,Not sig
0.3665400049535413,-0.3301365229898974,0.094,0.107,1,RABL6,-0,Not sig
0.3672474089764344,0.1960176556126745,0.122,0.106,1,TTC37,-0,Not sig
0.3689434341350936,-0.14110695902849413,0.211,0.234,1,SIPA1L2,-0,Not sig
0.36914658103197145,0.1945498668029664,0.102,0.087,1,KLHL6,-0,Not sig
0.3692635737597199,0.16516328016464032,0.222,0.203,1,FARP1,-0,Not sig
0.3704634264013888,-0.17720794548370744,0.17,0.187,1,NPEPPS,-0,Not sig
0.37077436076283704,0.12548166712751563,0.158,0.14,1,XPO6,-0,Not sig
0.37112174854291813,-0.572603155019995,0.094,0.106,1,MAST2,-0,Not sig
0.3718410037343259,0.31658649333616173,0.157,0.142,1,MAPK14,-0,Not sig
0.3724845819361165,-0.2087686750380301,0.16,0.175,1,CUL1,-0,Not sig
0.3726807696580043,-0.18574670284423367,0.18,0.201,1,MARCH6,-0,Not sig
0.3740204904287635,0.19834466796043332,0.116,0.101,1,WTAP,-0,Not sig
0.3748776255588788,-0.2883655749602664,0.185,0.199,1,AKAP9,-0,Not sig
0.3758997507321374,-0.2180442977476016,0.198,0.217,1,GLG1,-0,Not sig
0.37593955601981327,0.27458074747412087,0.116,0.101,1,AP3S1,-0,Not sig
0.3760047639103926,-0.30496376332207614,0.111,0.125,1,CYLD,-0,Not sig
0.3774852498358138,0.1101417168421861,0.232,0.211,1,NFIC,-0,Not sig
0.3778164597397943,-0.3344993684782436,0.266,0.279,1,FAM13A,-0,Not sig
0.3787291795191511,0.2083235822962567,0.141,0.125,1,CNTLN,-0,Not sig
0.381479371456618,0.23956344286493958,0.124,0.109,1,SRBD1,-0,Not sig
0.38337996006179365,0.21308118990476194,0.106,0.092,1,NNT,-0,Not sig
0.38437294591009374,0.16227763487582236,0.221,0.201,1,RNF38,-0,Not sig
0.3850763974702144,-0.28562435289040145,0.168,0.184,1,FAM208B,-0,Not sig
0.38574837986588956,0.2629102898627412,0.155,0.139,1,VPS35L,-0,Not sig
0.3890027385886466,-0.4970838143575002,0.131,0.144,1,POM121,-0,Not sig
0.3898172819800953,-0.24691975395614552,0.166,0.184,1,CAPZA1,-0,Not sig
0.3904641594005305,-0.33290141216747227,0.16,0.172,1,KIAA1551,-0,Not sig
0.39054954108283607,-0.14144873443279704,0.108,0.123,1,SRSF5,-0,Not sig
0.3918593160482366,-0.18757371386126567,0.108,0.123,1,STAT6,-0,Not sig
0.3921571894099679,-0.27844958105773154,0.106,0.12,1,FRS2,-0,Not sig
0.3942458638439554,-0.4340433119307092,0.142,0.156,1,RAB8B,-0,Not sig
0.39652851712330994,0.10569363628185505,0.107,0.092,1,PHYKPL,-0,Not sig
0.3970223097422148,0.11074921165817048,0.139,0.123,1,CNTRL,-0,Not sig
0.3983670208688131,-0.3017322139739679,0.148,0.163,1,SP3,-0,Not sig
0.3987717044453442,-0.5141867911738199,0.099,0.111,1,CDK12,-0,Not sig
0.3990485796201138,-0.20990529961946347,0.118,0.133,1,KLC1,-0,Not sig
0.40097760176827424,0.11856283218754604,0.246,0.227,1,PBRM1,-0,Not sig
0.4011515682363602,0.12475238665894373,0.116,0.101,1,CERS4,-0,Not sig
0.40131571286830614,-0.19241099785925686,0.156,0.172,1,PPP3CC,-0,Not sig
0.4021050795391939,-0.12912724377268203,0.123,0.139,1,ACIN1,-0,Not sig
0.4022574280433961,0.12904898176535295,0.187,0.17,1,ARRB1,-0,Not sig
0.4026621165023981,-0.15459999684417047,0.324,0.338,1,CAMK2D,-0,Not sig
0.40339898274225866,0.13576076352063549,0.108,0.094,1,GLB1,-0,Not sig
0.403875651379608,0.386055006933425,0.166,0.153,1,TGFB1,-0,Not sig
0.4039639424953415,-0.20528233987348316,0.095,0.109,1,ADAMTS10,-0,Not sig
0.40445095139942505,-0.31380892667620175,0.088,0.101,1,EIF3A,-0,Not sig
0.40456560714448236,0.12585380605198138,0.206,0.185,1,RABEP1,-0,Not sig
0.40575337072275613,0.36641967673903425,0.113,0.101,1,TMLHE,-0,Not sig
0.4061219831605363,-0.2762234848458315,0.107,0.121,1,TAPBP,-0,Not sig
0.40723643550932287,-0.6324353930188464,0.236,0.208,1,DDX5,-0,Not sig
0.4090573425437326,-0.21820108094993407,0.161,0.177,1,XAF1,-0,Not sig
0.4097375585559092,-0.14179471053936465,0.204,0.222,1,FBXW11,-0,Not sig
0.4100859207986356,-0.33428921589171545,0.134,0.147,1,ARL8B,-0,Not sig
0.4104650435756567,0.15696574720526615,0.122,0.107,1,PANK2,-0,Not sig
0.41179871816611957,0.20328810375279976,0.107,0.094,1,MALT1,-0,Not sig
0.41405366628998375,-0.22361811092496348,0.095,0.109,1,CTNNBL1,-0,Not sig
0.41564491314218416,0.16258396724439628,0.241,0.224,1,SCAF8,-0,Not sig
0.41610188054575353,-0.24005322051605926,0.175,0.189,1,CHD2,-0,Not sig
0.4164437545106198,-0.1251228037685559,0.43,0.445,1,AFF1,-0,Not sig
0.41721163167660996,0.157673019491823,0.237,0.218,1,AC245297.3,-0,Not sig
0.41800177464193167,-0.5941523348745028,0.119,0.133,1,TMSB4X,-0,Not sig
0.41893928741869313,-0.13090222200624368,0.122,0.137,1,TYW1,-0,Not sig
0.4189795829049588,-0.26199288972798285,0.183,0.198,1,DCAF5,-0,Not sig
0.4198790783284376,0.11456160175994756,0.232,0.211,1,CSF2RA,-0,Not sig
0.4218227179504398,-0.3031866095049547,0.149,0.163,1,PPM1B,-0,Not sig
0.42330296725921174,0.1377937246360882,0.142,0.127,1,PRKAR2A,-0,Not sig
0.42361234175976653,-0.32326559175466535,0.119,0.132,1,YPEL2,-0,Not sig
0.42361603595578823,0.23396898530326185,0.126,0.113,1,RPRD1A,-0,Not sig
0.4265154543067284,-0.1548944111859258,0.089,0.102,1,TIAL1,-0,Not sig
0.42652716228870696,-0.20132332227191768,0.122,0.135,1,RANBP2,-0,Not sig
0.428317347616909,-0.2790248314061976,0.176,0.189,1,ALOX5,-0,Not sig
0.42866591212525673,0.1499776864052369,0.127,0.113,1,PCSK5,-0,Not sig
0.4295961465248413,-0.2577458814026554,0.173,0.187,1,CDC27,-0,Not sig
0.4299104137055596,0.10030711091920652,0.142,0.127,1,DCAF10,-0,Not sig
0.4309427821627527,-0.1975815822049678,0.222,0.241,1,INPP4A,-0,Not sig
0.4311668429581932,0.19269354348862677,0.27,0.256,1,PRRC2B,-0,Not sig
0.4323591313263223,0.29019623559881225,0.167,0.151,1,SMAP1,-0,Not sig
0.4327606605870531,-0.31797623896034843,0.259,0.269,1,GPATCH8,-0,Not sig
0.4329777054289091,-0.2759457504247269,0.162,0.175,1,SPEN,-0,Not sig
0.43324719074801654,-0.5777296877232884,0.187,0.166,1,ARHGAP5,-0,Not sig
0.433541415266124,-0.21945796542131013,0.152,0.166,1,STAT5B,-0,Not sig
0.43412278683243594,-0.18328592843094232,0.131,0.146,1,NAA15,-0,Not sig
0.4341419703287148,0.13812016256441195,0.337,0.321,1,TBC1D1,-0,Not sig
0.434176375356866,-0.3074562263063169,0.092,0.104,1,CD99,-0,Not sig
0.43430273333958797,0.26206204666016364,0.129,0.116,1,NEK1,-0,Not sig
0.43690402684361523,0.17525287433658676,0.116,0.102,1,EYA3,-0,Not sig
0.44049355863021294,-0.4466400142524636,0.111,0.121,1,MIER1,-0,Not sig
0.44102337628731275,-0.13721999108351723,0.143,0.158,1,DOCK7,-0,Not sig
0.44248479064500157,-0.2678303145266947,0.255,0.265,1,GPBP1,-0,Not sig
0.4424901286130753,-0.11166312123614441,0.106,0.12,1,OXSR1,-0,Not sig
0.44284099063011695,-0.19217055391839621,0.283,0.296,1,ATF6,-0,Not sig
0.44317116298870324,-0.1455595557373816,0.113,0.097,1,PPP4R3B,-0,Not sig
0.4439381592260145,0.11693708525515989,0.212,0.192,1,MAP2K5,-0,Not sig
0.44498932638348276,-0.2552316257981688,0.186,0.198,1,AKAP10,-0,Not sig
0.4450982498518139,-0.30460166670238464,0.09,0.102,1,ZRANB1,-0,Not sig
0.4453811214581699,0.33001831294538486,0.116,0.104,1,ENOX2,-0,Not sig
0.446170722748804,-0.1342917841961484,0.212,0.187,1,ZC3HAV1,-0,Not sig
0.44905382028387164,0.2027549232489565,0.251,0.239,1,PTBP2,-0,Not sig
0.4496888620172226,-0.16691853051623662,0.32,0.334,1,SIPA1L1,-0,Not sig
0.45064657349312554,-0.1905640570910364,0.138,0.153,1,FAM222B,-0,Not sig
0.4523975944740612,0.1132885507331976,0.124,0.111,1,C1GALT1,-0,Not sig
0.45258635215448245,-0.21543529379073678,0.128,0.14,1,SEPT6,-0,Not sig
0.4529827602435365,-0.13556985439868632,0.088,0.101,1,PNPLA6,-0,Not sig
0.4533071611137264,-0.1342562289136458,0.117,0.132,1,PTPN14,-0,Not sig
0.4537069526949033,0.11979488505770677,0.116,0.102,1,ZXDC,-0,Not sig
0.4543015358490134,0.14275909528266706,0.133,0.12,1,SNX30,-0,Not sig
0.4547545672055248,-0.27993644051373034,0.104,0.116,1,RNF217,-0,Not sig
0.4571942317030683,-0.22723937276241069,0.133,0.146,1,SLC12A2,-0,Not sig
0.4573674191631076,-0.13743976192753493,0.26,0.272,1,JARID2,-0,Not sig
0.45859093290951397,0.18581652287033568,0.212,0.199,1,ANKRD10,-0,Not sig
0.45896583011938874,0.2624882803358236,0.109,0.097,1,ANKRD13D,-0,Not sig
0.46048031323247574,0.19850463864966383,0.182,0.168,1,USP25,-0,Not sig
0.460560723484726,-0.296544377031412,0.177,0.189,1,ACTR3,-0,Not sig
0.46100711399831745,-0.18199674726771078,0.106,0.118,1,NOL10,-0,Not sig
0.4634102334105955,-0.2685776379558845,0.089,0.101,1,MED15,-0,Not sig
0.46375516338712014,0.19061811503419213,0.153,0.14,1,POLK,-0,Not sig
0.4637881902252981,0.15693963305193032,0.102,0.09,1,SH3BP2,-0,Not sig
0.46417310567984255,-0.27946069430201836,0.122,0.133,1,PDCD4,-0,Not sig
0.46671373585291637,-0.2677411759195969,0.108,0.12,1,MLLT6,-0,Not sig
0.46691368886002166,0.10797226605193733,0.214,0.199,1,JPX,-0,Not sig
0.46711947873296583,-0.20880823371330304,0.29,0.3,1,RALGAPA1,-0,Not sig
0.4678842758280617,-0.20755635485088464,0.147,0.161,1,TUT7,-0,Not sig
0.4689837978682031,-0.42365098712631566,0.093,0.104,1,HEG1,-0,Not sig
0.46947231261512073,0.1096386454160877,0.165,0.151,1,ANO10,-0,Not sig
0.47217244216397036,-0.311342836021021,0.187,0.196,1,R3HDM1,-0,Not sig
0.4750908051414515,-0.10359620300208217,0.141,0.154,1,YAF2,-0,Not sig
0.47615872008767196,0.2543958775559151,0.112,0.101,1,RPAP2,-0,Not sig
0.4761731897551299,0.13051496207247604,0.123,0.111,1,SERPINB9,-0,Not sig
0.4761750696236959,0.13912125566148736,0.206,0.189,1,EHBP1,-0,Not sig
0.47746868558823086,-0.10296282343596311,0.119,0.133,1,CDC42BPB,-0,Not sig
0.4775656731139127,-0.18649817402170477,0.161,0.175,1,IGF2R,-0,Not sig
0.4784175346776711,-0.1497365426064634,0.147,0.159,1,RAP1GAP2,-0,Not sig
0.4797918622191027,-0.14709978656552555,0.121,0.106,1,TMEM245,-0,Not sig
0.47984412134270693,-0.1798677195622882,0.405,0.412,1,KDM4C,-0,Not sig
0.4801158304457956,-0.47843463737600334,0.237,0.244,1,RBPJ,-0,Not sig
0.48072324511126013,0.1534418315549545,0.17,0.156,1,UGGT2,-0,Not sig
0.48081665580258487,-0.2196634851022854,0.21,0.225,1,ALPK1,-0,Not sig
0.4811100809623545,-0.2741368075260194,0.129,0.14,1,HSP90AB1,-0,Not sig
0.48150361906772304,0.15189399982378304,0.168,0.154,1,DDX6,-0,Not sig
0.4833045076312738,-0.3169180889326988,0.109,0.12,1,NLRP1,-0,Not sig
0.48379241007234147,0.16606671790999794,0.224,0.21,1,XPO1,-0,Not sig
0.48426311648283,-0.37922936644070276,0.107,0.118,1,UBAP2,-0,Not sig
0.4858341883193911,-0.48278096995192,0.099,0.109,1,NHLRC2,-0,Not sig
0.4860695810763214,0.14615280913997541,0.16,0.146,1,HOOK3,-0,Not sig
0.48733513510356963,-0.10871286486767984,0.119,0.133,1,SDCBP,-0,Not sig
0.4883870060497614,-0.44858485764572587,0.17,0.18,1,YWHAZ,-0,Not sig
0.4885587657838507,0.2231777880634809,0.126,0.114,1,MAVS,-0,Not sig
0.4889841485517719,-0.22908232746688717,0.279,0.284,1,NEDD4L,-0,Not sig
0.4901917798900919,-0.1388688019360087,0.443,0.442,1,USP34,-0,Not sig
0.4907201278952268,-0.21201821031274126,0.245,0.258,1,PRKCB,-0,Not sig
0.49110580113104696,0.1350692058193187,0.152,0.14,1,ZNF721,-0,Not sig
0.49469762228067804,-0.14574836692824267,0.101,0.113,1,TTC19,-0,Not sig
0.4949318932225411,-0.2453060814217642,0.094,0.106,1,RAB11FIP3,-0,Not sig
0.49662457922860526,0.13188922618311044,0.141,0.128,1,FNBP1L,-0,Not sig
0.4972107100944938,-0.20710282769926658,0.278,0.291,1,PEAK1,-0,Not sig
0.4980550587173642,-0.143871980638497,0.102,0.088,1,CABLES1,-0,Not sig
0.49905795728056096,-0.15772723599855346,0.118,0.13,1,VEZT,-0,Not sig
0.4998541362994514,-0.1638881437354056,0.279,0.256,1,ACSL1,-0,Not sig
0.5029436661950246,-0.1260181384487995,0.148,0.163,1,HLA-E,-0,Not sig
0.5030077646468685,-0.29933633044752117,0.206,0.218,1,PABPC1,-0,Not sig
0.5051965872369328,-0.36244376781216503,0.109,0.12,1,LMBRD1,-0,Not sig
0.5061597094088246,-0.12827351148649857,0.338,0.347,1,CAPZB,-0,Not sig
0.5063193414083474,-0.1961817733692298,0.121,0.132,1,TOP2B,-0,Not sig
0.5064770002597718,-0.26199802395480454,0.099,0.109,1,NDUFS1,-0,Not sig
0.5065968202443056,-0.10955520906495933,0.093,0.104,1,CD58,-0,Not sig
0.5074893772579706,0.22942560962330888,0.141,0.13,1,PTAR1,-0,Not sig
0.5100651014718698,-0.17667484128416766,0.207,0.22,1,SPAG9,-0,Not sig
0.5105019340451685,0.106839936444868,0.133,0.149,1,C22orf34,-0,Not sig
0.5129032880623086,0.12218136609644367,0.103,0.092,1,YY1,-0,Not sig
0.5132512491716557,0.10132389803906748,0.102,0.114,1,ZNF780B,-0,Not sig
0.5147876974380203,-0.21989285553034704,0.112,0.123,1,CLASRP,-0,Not sig
0.5156800332277125,0.2539595194442438,0.104,0.094,1,CRYBG3,-0,Not sig
0.5192429329013364,-0.22097276163644958,0.101,0.111,1,GRAMD1A,-0,Not sig
0.5193730342728318,-0.24636194695317037,0.109,0.12,1,PCF11,-0,Not sig
0.523325919020851,-0.29592146899648375,0.31,0.315,1,DENND4A,-0,Not sig
0.5262344404111298,-0.3187016805583935,0.098,0.107,1,WRN,-0,Not sig
0.5274780164783515,-0.15529967738260664,0.148,0.161,1,THRAP3,-0,Not sig
0.5277707207683489,-0.2666278269302075,0.132,0.142,1,ZNF91,-0,Not sig
0.5286701616778151,-0.1039907768358439,0.271,0.284,1,WIPF1,-0,Not sig
0.5290306571042251,-0.26885911756095693,0.374,0.38,1,PDE3B,-0,Not sig
0.5296203794343417,-0.1959882721725612,0.099,0.109,1,NBPF19,-0,Not sig
0.5296680706668805,0.10665452338211288,0.097,0.109,1,ZFX,-0,Not sig
0.5311593448621577,-0.10475124663926971,0.535,0.542,1,RERE,-0,Not sig
0.5313124480176925,-0.3364200735563938,0.146,0.154,1,ACSL3,-0,Not sig
0.5316647456867349,-0.196157635081595,0.221,0.232,1,MON2,-0,Not sig
0.532632706908019,0.26360572663855353,0.126,0.116,1,HACE1,-0,Not sig
0.5356279255294745,-0.3425473601249204,0.104,0.092,1,PURA,-0,Not sig
0.5363605619852903,0.36601348427319713,0.111,0.102,1,EPG5,-0,Not sig
0.5366037501446166,0.10101824591057929,0.327,0.31,1,FBXL17,-0,Not sig
0.5372497936338466,-0.38499515969845044,0.092,0.101,1,SNX14,-0,Not sig
0.5402684193135349,-0.20075822883846506,0.143,0.154,1,TBL1X,-0,Not sig
0.5424521451259476,-0.21234714349616796,0.108,0.095,1,BMT2,-0,Not sig
0.5438981260225284,-0.32508506311368446,0.162,0.172,1,WAPL,-0,Not sig
0.5444757894652991,0.19432877934868825,0.16,0.149,1,SPIRE1,-0,Not sig
0.5463840876702655,0.20195818730909365,0.198,0.189,1,PARD3B,-0,Not sig
0.5478717721755249,0.13861713510661383,0.136,0.125,1,B4GALT1,-0,Not sig
0.5481985785213189,0.10558552819086287,0.121,0.109,1,LRIG1,-0,Not sig
0.549628116131138,-0.10977484847918015,0.099,0.109,1,MTM1,-0,Not sig
0.5500547232884156,-0.3175377809954088,0.122,0.13,1,PPP4R2,-0,Not sig
0.5506380126651451,-0.18445784833455336,0.216,0.224,1,ZMYND8,-0,Not sig
0.5543035640428717,-0.1373534247697848,0.131,0.118,1,COTL1,-0,Not sig
0.5601504913023336,-0.2109957505538492,0.092,0.101,1,GIGYF1,-0,Not sig
0.5623133500637283,0.1768724901002347,0.108,0.099,1,DCUN1D4,-0,Not sig
0.5624098088600391,0.1339303967310952,0.153,0.142,1,ZCCHC2,-0,Not sig
0.5625489873536296,-0.266432711206889,0.114,0.123,1,MICU2,-0,Not sig
0.5625842311366518,-0.10894235049046756,0.092,0.102,1,ATG4B,-0,Not sig
0.5627567205710859,-0.1302000560399619,0.098,0.107,1,SLAIN2,-0,Not sig
0.5632161278960199,-0.27741160439962465,0.095,0.104,1,EIF3E,-0,Not sig
0.5636446576018891,-0.38997328166457773,0.099,0.107,1,SFT2D2,-0,Not sig
0.5640773021626564,-0.14393058208373488,0.241,0.253,1,RAB7A,-0,Not sig
0.5682094748216137,-0.1288397539660382,0.249,0.26,1,EPB41L3,-0,Not sig
0.5687329012128284,-0.11427252395836518,0.128,0.114,1,NDFIP1,-0,Not sig
0.5706099258518271,-0.11770563396424572,0.187,0.201,1,PHACTR4,-0,Not sig
0.5709407328684315,-0.31214752440795474,0.094,0.102,1,DNM1L,-0,Not sig
0.5730453463101493,-0.17188328856671609,0.302,0.308,1,ELF2,-0,Not sig
0.5732789015551181,-0.23363841048166267,0.182,0.191,1,ACTR2,-0,Not sig
0.5748465079593335,-0.347573269618415,0.126,0.133,1,N4BP1,-0,Not sig
0.5753948307868999,-0.25130563286977015,0.177,0.185,1,STIM1,-0,Not sig
0.5758793004116525,-0.13250346416001013,0.141,0.153,1,ABLIM1,-0,Not sig
0.5783081178756653,-0.12147035117449057,0.196,0.205,1,TXNIP,-0,Not sig
0.580647867548098,0.1306238436410026,0.107,0.097,1,UBXN4,-0,Not sig
0.5814205781062962,-0.5098289513679881,0.099,0.106,1,CDR2,-0,Not sig
0.5821302086060218,0.10939728586258216,0.108,0.099,1,ARAP1,-0,Not sig
0.5847375266266717,-0.103410203864986,0.21,0.22,1,MAP4K3,-0,Not sig
0.5863325757595108,-0.14744128523965502,0.107,0.116,1,NRP1,-0,Not sig
0.5880637710087551,0.19306630603481406,0.119,0.111,1,TBC1D15,-0,Not sig
0.5956323893358855,0.11562299179267163,0.101,0.092,1,RHBDD1,-0,Not sig
0.5964144360680302,-0.20437606905344397,0.109,0.118,1,EEFSEC,-0,Not sig
0.5971452255696648,-0.10831025001510258,0.149,0.137,1,SETD3,-0,Not sig
0.5981901043681103,-0.10415398170496692,0.128,0.116,1,ADD3,-0,Not sig
0.5984542620476518,0.14099686415784785,0.151,0.142,1,TNIK,-0,Not sig
0.6014522904228498,0.1456570428901135,0.144,0.135,1,KLHL24,-0,Not sig
0.60299790354221,-0.16437532982716085,0.206,0.211,1,XPR1,-0,Not sig
0.6034668694103611,-0.4154042260454005,0.093,0.101,1,UBXN7,-0,Not sig
0.605574339098198,-0.15970507627724118,0.198,0.206,1,OSBPL8,-0,Not sig
0.6087847700723998,-0.18943445847557622,0.136,0.146,1,NR2C2,-0,Not sig
0.6091701437573709,-0.17558957185506727,0.101,0.109,1,CCDC93,-0,Not sig
0.6100703489826307,0.15984864876413324,0.123,0.114,1,HNRNPH3,-0,Not sig
0.6105623111279573,-0.1880168272872671,0.29,0.296,1,ZMYM2,-0,Not sig
0.6118686259850259,-0.26862470917827386,0.16,0.166,1,CCM2,-0,Not sig
0.6132497730833208,0.19886101447826143,0.128,0.12,1,ARHGAP18,-0,Not sig
0.6154575778771323,-0.20465487473606242,0.103,0.111,1,BDP1,-0,Not sig
0.6174221606790473,-0.24803326992690788,0.144,0.153,1,RNF19A,-0,Not sig
0.6174630626540388,-0.5128370283669808,0.099,0.106,1,AMD1,-0,Not sig
0.6181066107390447,0.10816839657123833,0.319,0.305,1,FTO,-0,Not sig
0.6218054545340919,-0.18653510337562562,0.153,0.163,1,HUWE1,-0,Not sig
0.6220827691476444,-0.20056807007115077,0.111,0.118,1,MTA3,-0,Not sig
0.6222122314368246,-0.10612016573969951,0.143,0.153,1,WDR37,-0,Not sig
0.6232448469533722,-0.1320880287778029,0.18,0.189,1,SLCO3A1,-0,Not sig
0.624627792024732,-0.14576653670710937,0.162,0.17,1,TTTY14,-0,Not sig
0.6263192524011705,-0.2688042930528367,0.273,0.279,1,P4HA1,-0,Not sig
0.6264012641170909,-0.25985835284846553,0.127,0.135,1,NAA16,-0,Not sig
0.6334919171167629,-0.10396852355593578,0.098,0.106,1,PTBP1,-0,Not sig
0.6339336926394674,-0.2268805795569268,0.113,0.102,1,LINC01684,-0,Not sig
0.6343198815025116,-0.16155052237573742,0.255,0.26,1,LENG8,-0,Not sig
0.6347565601803277,-0.2516271453717944,0.224,0.231,1,RICTOR,-0,Not sig
0.6358967311237573,0.15880363022928046,0.2,0.191,1,STAG2,-0,Not sig
0.6368175073811222,-0.12208940710642313,0.192,0.203,1,USP9X,-0,Not sig
0.6370571251363553,-0.14703006692537562,0.099,0.107,1,POLA1,-0,Not sig
0.6373863550581156,0.131271742744891,0.111,0.102,1,CSNK2A1,-0,Not sig
0.6398574578242914,-0.12667431860245726,0.221,0.203,1,ABI1,-0,Not sig
0.6409163595679269,-0.43644664923213705,0.117,0.121,1,CSDE1,-0,Not sig
0.6413463021783242,-0.17874080277980825,0.123,0.13,1,HK1,-0,Not sig
0.6425836085245579,0.15044159859247086,0.157,0.149,1,REL,-0,Not sig
0.6430277674177352,-0.15175679841961875,0.177,0.163,1,VPS54,-0,Not sig
0.644543469124774,-0.18680531803506883,0.24,0.248,1,CHST15,-0,Not sig
0.6445824363319954,-0.20487727259245275,0.133,0.14,1,NAV1,-0,Not sig
0.6469473078474843,-0.1849911660315512,0.101,0.092,1,SNX3,-0,Not sig
0.6473028748948482,-0.17739856306874158,0.227,0.234,1,RNF213,-0,Not sig
0.647855679315749,-0.11359487686680803,0.16,0.168,1,NEMF,-0,Not sig
0.6482553716532117,-0.1384461086829818,0.407,0.376,1,PTPRC,-0,Not sig
0.6485256218382591,-0.3740322373786301,0.104,0.111,1,SLC30A7,-0,Not sig
0.6496060081310078,-0.17688113476017256,0.102,0.109,1,RNF169,-0,Not sig
0.6504802378166135,-0.13062214273922507,0.093,0.101,1,ADAR,-0,Not sig
0.6512434505425979,-0.13324804511153443,0.127,0.135,1,NPC1,-0,Not sig
0.6532056381188579,-0.14779472118079268,0.123,0.13,1,KIAA0355,-0,Not sig
0.6539704271464064,-0.18610443992479953,0.178,0.165,1,SLA,-0,Not sig
0.6550897452121889,0.18094762024658329,0.173,0.166,1,ALG13,-0,Not sig
0.6554109402338837,0.10763094564153414,0.116,0.107,1,RAPGEF3,-0,Not sig
0.6557678743842179,0.16755287035852884,0.136,0.128,1,PRKX,-0,Not sig
0.6568659224985499,-0.18864675487949176,0.117,0.106,1,ADAMTSL2,-0,Not sig
0.6598256128719273,-0.14509935634518079,0.186,0.194,1,MAP3K3,-0,Not sig
0.6614595368743343,-0.3700480963771702,0.214,0.222,1,EPB41,-0,Not sig
0.6618546602175945,-0.4262456571025775,0.123,0.13,1,PTMA,-0,Not sig
0.6618961942663351,-0.38342170025353184,0.279,0.269,1,SLC25A37,-0,Not sig
0.6628469020266734,-0.1012040412699281,0.156,0.161,1,RAPGEF5,-0,Not sig
0.6642789915862766,-0.10214407372575685,0.177,0.166,1,MAN1A2,-0,Not sig
0.664933417495891,-0.3086219870046705,0.366,0.359,1,RAPGEF2,-0,Not sig
0.6676285072570337,0.32573276645305715,0.167,0.163,1,ATE1,-0,Not sig
0.6681825774422309,-0.35806225100438566,0.138,0.144,1,MGMT,-0,Not sig
0.668648944877074,-0.1376088327452445,0.167,0.154,1,ZNF131,-0,Not sig
0.6692316193876363,-0.16167445521036794,0.343,0.345,1,UVRAG,-0,Not sig
0.6775441760063572,-0.16409447209519623,0.193,0.201,1,SLTM,-0,Not sig
0.6775591521866804,0.2334697922827355,0.102,0.095,1,PEX14,-0,Not sig
0.6803220170400407,-0.15290341341829694,0.141,0.147,1,ATP2B1,-0,Not sig
0.6812007729077442,-0.10579177276690133,0.209,0.215,1,ATP9B,-0,Not sig
0.6813259865418685,0.17599757673515692,0.204,0.198,1,PPP2R5E,-0,Not sig
0.6823230861036287,-0.16299797726638393,0.129,0.135,1,AP1G1,-0,Not sig
0.6837997846726886,-0.2914813389834366,0.109,0.114,1,GSE1,-0,Not sig
0.6840795272712665,-0.2076541006063008,0.128,0.133,1,CSF3R,-0,Not sig
0.6875287186171476,-0.1405999857726814,0.109,0.116,1,ASCC1,-0,Not sig
0.6890875188580372,-0.37266291236370047,0.138,0.142,1,CDC14A,-0,Not sig
0.6912256290835466,-0.20680406850130195,0.231,0.236,1,RC3H1,-0,Not sig
0.6916392072320519,-0.15747565133960162,0.295,0.276,1,EHMT1,-0,Not sig
0.6930747652232212,-0.11410372965560822,0.225,0.234,1,PPARD,-0,Not sig
0.6934017092281396,0.11330033042094945,0.293,0.289,1,MT-CO2,-0,Not sig
0.6948890328094313,0.14541745427247788,0.166,0.159,1,ECPAS,-0,Not sig
0.6957144602127989,-0.1634073445503687,0.134,0.125,1,TNRC6C,-0,Not sig
0.6958172761519423,-0.15063480515689798,0.212,0.217,1,BTBD7,-0,Not sig
0.7007688120170754,-0.19688793176489833,0.133,0.14,1,TM9SF3,-0,Not sig
0.7027946668279692,-0.1158234181205362,0.398,0.397,1,ELL2,-0,Not sig
0.7034986649007773,0.17920809664525927,0.132,0.127,1,KPNA1,-0,Not sig
0.7038272023878918,0.10716559587481778,0.146,0.139,1,YTHDC2,-0,Not sig
0.7056728148963325,0.15551732202184276,0.119,0.113,1,HECA,-0,Not sig
0.7103506575638976,0.21867422782534987,0.123,0.118,1,COPA,-0,Not sig
0.7104097306406709,-0.17042946588107144,0.095,0.101,1,AC116366.3,-0,Not sig
0.7105064282043756,0.23023614254877067,0.106,0.101,1,NSMAF,-0,Not sig
0.7107470353865062,-0.20851850137745764,0.152,0.14,1,CEP192,-0,Not sig
0.7134266601538288,-0.19016333153514886,0.131,0.135,1,AC013394.1,-0,Not sig
0.7155818464695562,-0.22771848508772152,0.132,0.137,1,TTLL5,-0,Not sig
0.7160445676356207,-0.25308095555650967,0.41,0.411,1,AOAH,-0,Not sig
0.7160934744032749,-0.10253124631345356,0.202,0.192,1,APP,-0,Not sig
0.7165953022649459,-0.12261491958629622,0.328,0.307,1,TNS3,-0,Not sig
0.717246569987007,-0.27265595122992675,0.101,0.106,1,ATP6V0B,-0,Not sig
0.7181027777596705,-0.2402997800096197,0.095,0.101,1,SPI1,-0,Not sig
0.7190999711566958,-0.17221365399381194,0.265,0.269,1,CYTH1,-0,Not sig
0.7195950609878652,-0.11869035588171452,0.101,0.106,1,CPLANE1,-0,Not sig
0.7231510099206321,-0.11865910133353497,0.143,0.151,1,WDR26,-0,Not sig
0.7263784138093455,-0.338353308404283,0.141,0.142,1,PRKRIP1,-0,Not sig
0.727002979917998,0.13592018530694094,0.101,0.095,1,ATXN3,-0,Not sig
0.7297934017569381,-0.30383381891899475,0.128,0.132,1,MBD2,-0,Not sig
0.7317541262371273,-0.15531698336850863,0.304,0.288,1,HERC1,-0,Not sig
0.7325727928676371,-0.14294497667607065,0.43,0.421,1,SMYD3,-0,Not sig
0.7355778452972861,0.1250625729347954,0.139,0.133,1,KYNU,-0,Not sig
0.7362782809365216,-0.11619253181243588,0.123,0.128,1,NAP1L4,-0,Not sig
0.7371027049940335,-0.23150046788881595,0.178,0.165,1,PRDM2,-0,Not sig
0.7384608951554221,-0.11437871512109021,0.451,0.447,1,KMT2C,-0,Not sig
0.7404528057028401,-0.10853815523231088,0.106,0.099,1,CEPT1,-0,Not sig
0.7414219747243078,-0.12433896503163144,0.108,0.101,1,DPP8,-0,Not sig
0.7425696824771251,-0.1172389240307885,0.172,0.179,1,PKP4,-0,Not sig
0.7434508898020546,-0.2847142037931416,0.291,0.27,1,PARP8,-0,Not sig
0.7443503769605511,-0.10581927999939217,0.117,0.109,1,USP48,-0,Not sig
0.7462180543656738,-0.16755724435148356,0.104,0.097,1,USP12,-0,Not sig
0.748506552693375,-0.1936861707218206,0.152,0.142,1,ZBTB1,-0,Not sig
0.7486074301079377,-0.15779339694729744,0.19,0.194,1,RANBP9,-0,Not sig
0.7519155223858033,-0.2580190389580592,0.265,0.27,1,HNRNPC,-0,Not sig
0.7523213549198684,-0.12860534046339023,0.226,0.232,1,HNRNPH1,-0,Not sig
0.752379233594329,-0.48740538057552846,0.101,0.104,1,CHD8,-0,Not sig
0.7535358040456451,-0.2637077558353379,0.106,0.109,1,FBXL4,-0,Not sig
0.7562544847164264,-0.17042000288881343,0.219,0.22,1,DCAF6,-0,Not sig
0.7569364240094517,-0.31737248560933884,0.172,0.175,1,OSBPL9,-0,Not sig
0.7571139175273521,0.15460331521757364,0.103,0.099,1,DCAF7,-0,Not sig
0.7598746695140688,-0.1923034840815222,0.134,0.139,1,NBDY,-0,Not sig
0.7609051937386646,-0.2809518875110047,0.119,0.123,1,U2SURP,-0,Not sig
0.7613763048779904,0.11909274694341178,0.124,0.12,1,ATF2,-0,Not sig
0.7633605233820874,-0.1841094749547041,0.137,0.144,1,CDC42,-0,Not sig
0.7672351646996631,-0.12251451685823667,0.244,0.232,1,UBE2E1,-0,Not sig
0.7700326606707251,-0.12396601021189113,0.2,0.205,1,SAMHD1,-0,Not sig
0.7756900346923254,-0.21751949524271655,0.101,0.094,1,EXOC1,-0,Not sig
0.7779978884714078,-0.1722045370695129,0.16,0.165,1,LRMP,-0,Not sig
0.7785850233533331,-0.14327450313671874,0.147,0.151,1,PCBP2,-0,Not sig
0.7801799906974682,-0.16825540283439638,0.126,0.118,1,HAVCR2,-0,Not sig
0.7817706010487946,-0.16518352405503656,0.196,0.198,1,AMBRA1,-0,Not sig
0.7823319981688359,-0.2093896111959601,0.275,0.255,1,POU2F2,-0,Not sig
0.7843623980940193,0.11213729624583535,0.147,0.144,1,EPSTI1,-0,Not sig
0.7853160741304407,-0.18363843788290413,0.113,0.116,1,GOLGB1,-0,Not sig
0.7900387868146372,-0.1425384078874088,0.196,0.185,1,MAP4K5,-0,Not sig
0.7908846846537634,-0.13123466531619926,0.109,0.104,1,IVNS1ABP,-0,Not sig
0.7950303826816313,-0.1253679029696384,0.259,0.258,1,CREBBP,-0,Not sig
0.7951091247608869,-0.11583853675633005,0.132,0.137,1,ZNF106,-0,Not sig
0.7975649192167678,0.1285546127352526,0.144,0.14,1,CD2AP,-0,Not sig
0.8032620111084583,-0.14471534534795727,0.128,0.132,1,INPP4B,-0,Not sig
0.8039537648851143,-0.1540976877502096,0.236,0.241,1,GATAD2B,-0,Not sig
0.8059873361746259,0.17609759043551412,0.121,0.116,1,GNAI3,-0,Not sig
0.8062397283394741,-0.28937143158406475,0.107,0.109,1,IP6K1,-0,Not sig
0.8074296374468233,-0.10628976611620122,0.299,0.298,1,PELI1,-0,Not sig
0.8100863359438795,0.18766466558433048,0.129,0.137,1,ME2,-0,Not sig
0.811383770047532,-0.10727690857755928,0.146,0.14,1,PREX2,-0,Not sig
0.8133378120905587,-0.10065252219078213,0.224,0.227,1,NR3C2,-0,Not sig
0.8182947194523793,-0.15196182946299083,0.109,0.113,1,EWSR1,-0,Not sig
0.8185479875128969,-0.20936685411258327,0.3,0.298,1,GRB2,-0,Not sig
0.8190320531011541,-0.13061924331954564,0.118,0.121,1,SEC31A,-0,Not sig
0.819376899852613,-0.10521683021050118,0.113,0.107,1,CTIF,-0,Not sig
0.81959579763325,-0.14446105364099848,0.196,0.196,1,CLIP2,-0,Not sig
0.8231907432831536,0.21238688016801777,0.138,0.137,1,PRKD3,-0,Not sig
0.8232373083363542,-0.22033865755915744,0.146,0.147,1,RAF1,-0,Not sig
0.8235108829864322,-0.10698905560666283,0.237,0.239,1,GIGYF2,-0,Not sig
0.8284545721560397,-0.37914523029485897,0.139,0.14,1,AGO2,-0,Not sig
0.8328825269713429,-0.1216016875475322,0.155,0.147,1,PRKDC,-0,Not sig
0.8372403285849964,0.10012138235153545,0.161,0.158,1,WWP2,-0,Not sig
0.8408222979055937,-0.17737446739680096,0.153,0.154,1,DEPTOR,-0,Not sig
0.8417026477239291,0.128304817043434,0.137,0.135,1,PDE7A,-0,Not sig
0.8424278557074415,-0.13093750743296176,0.118,0.113,1,ZZEF1,-0,Not sig
0.8433057359688407,-0.21459455011143946,0.204,0.194,1,CLTC,-0,Not sig
0.84340777058254,-0.23198014990700644,0.144,0.139,1,MAPRE2,-0,Not sig
0.8435574811690647,-0.10744401025808648,0.261,0.248,1,UBR3,-0,Not sig
0.8460119236189919,0.1626035702293196,0.2,0.199,1,ADGRL3,-0,Not sig
0.8463232240321916,-0.19192359798866132,0.155,0.156,1,AFTPH,-0,Not sig
0.8474049731345217,-0.1830448066070356,0.136,0.137,1,RHOQ,-0,Not sig
0.849579660849053,-0.10645465142243804,0.18,0.182,1,PCMTD1,-0,Not sig
0.8523972933984819,-0.21659290730453606,0.111,0.106,1,PAK1,-0,Not sig
0.8545885261383663,-0.10451103614520224,0.137,0.139,1,ZFYVE16,-0,Not sig
0.8555403039743213,-0.12412823917182958,0.153,0.154,1,MOB3B,-0,Not sig
0.8600542806553608,-0.1836791249128773,0.24,0.237,1,GLS,-0,Not sig
0.8604457408561463,-0.11660518809737541,0.191,0.182,1,UBL3,-0,Not sig
0.8607049267652251,-0.3033227634251458,0.103,0.104,1,ADAM9,-0,Not sig
0.8640239430705836,-0.23235064221729596,0.156,0.158,1,RYBP,-0,Not sig
0.8663864862505622,-0.13475679822233003,0.124,0.12,1,CPEB2,-0,Not sig
0.8687571596687415,-0.16496591224869706,0.17,0.163,1,DIS3L2,-0,Not sig
0.8688873248603739,-0.10759391923265182,0.205,0.206,1,TULP4,-0,Not sig
0.8701245171910591,-0.23174468878383453,0.146,0.147,1,MIRLET7BHG,-0,Not sig
0.8715432615569461,-0.6069951663639247,0.106,0.106,1,BASP1,-0,Not sig
0.8721073238430753,-0.19458114544760957,0.122,0.123,1,STIM2,-0,Not sig
0.8743436674169299,-0.1282108742000969,0.224,0.225,1,MSN,-0,Not sig
0.8777601650000403,-0.11984366094130461,0.142,0.144,1,FBXO34,-0,Not sig
0.8851881180804024,-0.14023631325414865,0.201,0.203,1,GPCPD1,-0,Not sig
0.8876544040728584,0.14404615806062832,0.136,0.133,1,STAU1,-0,Not sig
0.887865417525637,-0.11963041624063098,0.171,0.172,1,ATXN7L1,-0,Not sig
0.8892350909531181,-0.14543751704346075,0.621,0.605,1,ZFHX3,-0,Not sig
0.8919160930020609,-0.22390572426551336,0.147,0.14,1,CARD8,-0,Not sig
0.8924587575920501,-0.15067586008421674,0.158,0.158,1,LRRFIP2,-0,Not sig
0.8943840323427045,-0.12275161534225221,0.124,0.12,1,RGS10,-0,Not sig
0.8949036691780707,-0.11550853595089938,0.237,0.239,1,ARMH3,-0,Not sig
0.8952533368562514,0.1256314953074145,0.109,0.107,1,REEP3,-0,Not sig
0.8958477119376534,-0.17479033487148699,0.309,0.302,1,GOLGA4,-0,Not sig
0.8964698375209853,-0.17851912471772202,0.109,0.111,1,MGAT1,-0,Not sig
0.8972450735003439,-0.1368872494286738,0.136,0.132,1,RBMX,-0,Not sig
0.8985730209883537,-0.1418552920977516,0.212,0.211,1,DICER1,-0,Not sig
0.8988624486418058,-0.2748053473155652,0.143,0.137,1,ZNF451,-0,Not sig
0.9021627737488469,-0.18207976557084368,0.113,0.109,1,RAB28,-0,Not sig
0.9025517738977707,-0.211853284599953,0.139,0.137,1,TSPAN5,-0,Not sig
0.9124947429726121,-0.11446885379644944,0.158,0.158,1,ANKH,-0,Not sig
0.9155068037359698,-0.1146835970987031,0.117,0.114,1,TNPO3,-0,Not sig
0.9160009556240317,0.23415291924440287,0.106,0.106,1,FLOT2,-0,Not sig
0.9165555222501612,-0.20858739156019407,0.119,0.114,1,DOPEY1,-0,Not sig
0.9173817056233532,-0.13393507271191668,0.124,0.125,1,MOSMO,-0,Not sig
0.9185275906470111,-0.20066184356590766,0.166,0.163,1,NRDC,-0,Not sig
0.9194218070791433,0.10482836949163332,0.146,0.149,1,ATP13A3,-0,Not sig
0.9197555891190213,-0.3661700448969117,0.107,0.102,1,MAP3K7,-0,Not sig
0.9227193253945346,-0.15717601762286182,0.134,0.135,1,ARIH2,-0,Not sig
0.9230459505394889,-0.34934687163761513,0.119,0.118,1,TENT4B,-0,Not sig
0.9237034153514267,-0.14683177183774776,0.162,0.158,1,MORC3,-0,Not sig
0.9256460201847468,0.20574110426750286,0.136,0.137,1,ATL2,-0,Not sig
0.9270349539907459,-0.20691226204014487,0.101,0.101,1,IRF3,-0,Not sig
0.9274248972842744,-0.12768329564375058,0.107,0.107,1,WDR41,-0,Not sig
0.9277676702451687,-0.2597607776899749,0.111,0.107,1,PTPN4,-0,Not sig
0.9280760937141038,-0.21099488646011388,0.131,0.13,1,TNKS2,-0,Not sig
0.9306776254041326,-0.2259735950968979,0.132,0.13,1,C11orf49,-0,Not sig
0.9334535353216639,-0.3107268899696956,0.103,0.102,1,HM13,-0,Not sig
0.9340277902530256,-0.2752751515021825,0.264,0.253,1,HNRNPA2B1,-0,Not sig
0.934724157142572,-0.11133448119355638,0.354,0.345,1,PAG1,-0,Not sig
0.9430672382080741,-0.15291575198553287,0.153,0.154,1,RBM25,-0,Not sig
0.9448376602907631,-0.1550586133142775,0.104,0.104,1,XPO4,-0,Not sig
0.9463855087168285,-0.13163991727810342,0.142,0.142,1,SHPRH,-0,Not sig
0.9485285432840631,0.17156280279336356,0.111,0.111,1,ARNT,-0,Not sig
0.9510036877895477,-0.25833805883642463,0.103,0.101,1,AC008050.1,-0,Not sig
0.9514915785413118,-0.23607144438867553,0.112,0.111,1,CYB5R4,-0,Not sig
0.9560342905981951,-0.2117905284805974,0.109,0.109,1,ACVR1,-0,Not sig
0.9580424243184394,-0.11805113414542401,0.299,0.293,1,ZNF292,-0,Not sig
0.961942271481824,-0.1286205634403541,0.304,0.295,1,BPTF,-0,Not sig
0.9713652573090207,-0.15543715649585446,0.104,0.104,1,KLF3,-0,Not sig
0.9717535404765113,-0.12309319600618363,0.27,0.263,1,PPP6R2,-0,Not sig
0.9718537758458131,-0.10518553125780028,0.121,0.12,1,GAK,-0,Not sig
0.9756697927211159,-0.17905878065671865,0.162,0.159,1,PSMA1,-0,Not sig
0.9780032612068945,-0.12275662637331075,0.104,0.104,1,BAZ2A,-0,Not sig
0.978099288183339,-0.12763503406282206,0.114,0.114,1,HTT,-0,Not sig
0.9818996395861438,-0.15486293618470848,0.226,0.22,1,DENND5A,-0,Not sig
0.9824328304691622,-0.1119469342002215,0.219,0.213,1,NCOR2,-0,Not sig
0.9825997893235849,0.27120723156534243,0.141,0.144,1,FAR2,-0,Not sig
0.9927695304522779,-0.15344138913045224,0.204,0.198,1,ETNK1,-0,Not sig
0.9950812942398052,-0.1024115962173715,0.402,0.39,1,N4BP2L2,-0,Not sig
0.9953275789741716,-0.15113187794165395,0.146,0.144,1,FBXL5,-0,Not sig
0.997326792295421,-0.26023020903805494,0.117,0.114,1,CUL5,-0,Not sig
1,-0.1732351184990285,0.205,0.201,1,MAP3K2,-0,Not sig
